kolektor_id,karya_id,peringkat,skor,alasan,strategi,model_version,dihitung_pada
1796add4-4e28-52d8-8d47-236c91bfbb59,88258c73-bb7b-51e8-824e-bc2ca0b939b8,1,0.8296150169041251,"[""seniman_naik_daun"", ""pernah_beli_seniman"", ""karya_baru""]",model,klasifikasi-v1,2026-10-05T15:16:10Z
1796add4-4e28-52d8-8d47-236c91bfbb59,b82ffac4-9b18-5129-bb4f-76d6267ef825,2,0.7223623314949014,"[""harga_sesuai"", ""seniman_naik_daun"", ""pernah_beli_seniman""]",model,klasifikasi-v1,2026-10-05T15:16:10Z
1796add4-4e28-52d8-8d47-236c91bfbb59,79e25e0d-2c04-5f90-9130-3f1d94125223,3,0.7113560167407296,"[""seniman_naik_daun"", ""pernah_beli_seniman"", ""karya_baru""]",model,klasifikasi-v1,2026-10-05T15:16:10Z
1796add4-4e28-52d8-8d47-236c91bfbb59,df002552-8f03-5997-b452-e24a915621dd,4,0.7042042038351958,"[""seniman_naik_daun"", ""pernah_beli_seniman""]",model,klasifikasi-v1,2026-10-05T15:16:10Z
1796add4-4e28-52d8-8d47-236c91bfbb59,0bc9d34a-7f95-5dee-beb4-55f3af9b97c9,5,0.7035931072567964,"[""seniman_naik_daun"", ""pernah_beli_seniman""]",model,klasifikasi-v1,2026-10-05T15:16:10Z
1796add4-4e28-52d8-8d47-236c91bfbb59,1af0200c-a8bf-593f-8cb6-4f759b5f5ac1,6,0.6880889689543791,"[""seniman_naik_daun"", ""pernah_beli_seniman""]",model,klasifikasi-v1,2026-10-05T15:16:10Z
1796add4-4e28-52d8-8d47-236c91bfbb59,e4e1ce05-e95f-55ae-95fd-b46c0e364e4d,7,0.6634821765967598,"[""harga_sesuai"", ""seniman_naik_daun"", ""pernah_beli_seniman""]",model,klasifikasi-v1,2026-10-05T15:16:10Z
1796add4-4e28-52d8-8d47-236c91bfbb59,231b14d2-2e75-5193-9c40-949b484944ca,8,0.6586961335177745,"[""seniman_naik_daun"", ""pernah_beli_seniman""]",model,klasifikasi-v1,2026-10-05T15:16:10Z
1796add4-4e28-52d8-8d47-236c91bfbb59,8856b1b5-28c4-536b-9a51-9ff06bfdbd80,9,0.6394025858401519,"[""seniman_naik_daun"", ""pernah_beli_seniman""]",model,klasifikasi-v1,2026-10-05T15:16:10Z
1796add4-4e28-52d8-8d47-236c91bfbb59,0931aca3-ffbb-57aa-b84e-284c01f774f1,10,0.6355462971836516,"[""seniman_naik_daun"", ""pernah_beli_seniman""]",model,klasifikasi-v1,2026-10-05T15:16:10Z
1796add4-4e28-52d8-8d47-236c91bfbb59,6a9a552c-870e-5cd3-b409-273d6c5865eb,11,0.6311360313001212,"[""seniman_naik_daun"", ""pernah_beli_seniman""]",model,klasifikasi-v1,2026-10-05T15:16:10Z
1796add4-4e28-52d8-8d47-236c91bfbb59,c5d03f92-aa6d-5593-928e-3b2857ad1853,12,0.6290717073277746,"[""gaya_favorit"", ""pernah_beli_seniman""]",model,klasifikasi-v1,2026-10-05T15:16:10Z
1796add4-4e28-52d8-8d47-236c91bfbb59,07d19c93-c674-54cb-9448-012eb1b60c3f,13,0.5978210576286201,"[""seniman_naik_daun"", ""pernah_beli_seniman""]",model,klasifikasi-v1,2026-10-05T15:16:10Z
1796add4-4e28-52d8-8d47-236c91bfbb59,854f6550-ae71-509e-859c-39396df1a99e,14,0.5925930346882975,"[""seniman_naik_daun"", ""pernah_beli_seniman""]",model,klasifikasi-v1,2026-10-05T15:16:10Z
1796add4-4e28-52d8-8d47-236c91bfbb59,04393ef2-a47c-5658-89fa-61d255a593b4,15,0.560993683082939,"[""seniman_naik_daun"", ""pernah_beli_seniman""]",model,klasifikasi-v1,2026-10-05T15:16:10Z
1796add4-4e28-52d8-8d47-236c91bfbb59,ab4a3c71-9387-56bc-a801-1beeee2639d7,16,0.5576247067626577,"[""harga_sesuai"", ""gaya_ramai""]",model,klasifikasi-v1,2026-10-05T15:16:10Z
1796add4-4e28-52d8-8d47-236c91bfbb59,5a1a4eef-6e5c-5c41-a684-b8d3c8592d61,17,0.5424104413921885,"[""seniman_naik_daun"", ""pernah_beli_seniman""]",model,klasifikasi-v1,2026-10-05T15:16:10Z
1796add4-4e28-52d8-8d47-236c91bfbb59,f01a7b2c-1e11-597c-afeb-96705f31b4d5,18,0.5411633639622098,"[""gaya_ramai"", ""pernah_beli_seniman""]",model,klasifikasi-v1,2026-10-05T15:16:10Z
1796add4-4e28-52d8-8d47-236c91bfbb59,0e102d63-ff8f-5e6b-bbdc-2a5d6e668cb1,19,0.5292741589113404,[],model,klasifikasi-v1,2026-10-05T15:16:10Z
1796add4-4e28-52d8-8d47-236c91bfbb59,866197c9-41b8-58ae-af14-976c6a847c11,20,0.5271891835301556,"[""gaya_ramai""]",model,klasifikasi-v1,2026-10-05T15:16:10Z
78313e7d-68ff-5703-9245-2cfaee6439ed,79e25e0d-2c04-5f90-9130-3f1d94125223,1,0.8388082464762775,"[""gaya_favorit"", ""seniman_naik_daun"", ""pernah_beli_seniman"", ""karya_baru""]",model,klasifikasi-v1,2026-10-05T15:16:10Z
78313e7d-68ff-5703-9245-2cfaee6439ed,88258c73-bb7b-51e8-824e-bc2ca0b939b8,2,0.792528440886328,"[""gaya_favorit"", ""harga_sesuai"", ""seniman_naik_daun"", ""pernah_beli_seniman"", ""karya_baru""]",model,klasifikasi-v1,2026-10-05T15:16:10Z
78313e7d-68ff-5703-9245-2cfaee6439ed,07d19c93-c674-54cb-9448-012eb1b60c3f,3,0.758377156710879,"[""gaya_favorit"", ""seniman_naik_daun"", ""pernah_beli_seniman""]",model,klasifikasi-v1,2026-10-05T15:16:10Z
78313e7d-68ff-5703-9245-2cfaee6439ed,df002552-8f03-5997-b452-e24a915621dd,4,0.7534482695693936,"[""gaya_favorit"", ""harga_sesuai"", ""seniman_naik_daun"", ""pernah_beli_seniman""]",model,klasifikasi-v1,2026-10-05T15:16:10Z
78313e7d-68ff-5703-9245-2cfaee6439ed,0bc9d34a-7f95-5dee-beb4-55f3af9b97c9,5,0.7459081778743137,"[""gaya_favorit"", ""harga_sesuai"", ""seniman_naik_daun"", ""pernah_beli_seniman""]",model,klasifikasi-v1,2026-10-05T15:16:10Z
78313e7d-68ff-5703-9245-2cfaee6439ed,2d399fc1-c809-5c2a-bdaa-6e69cefe5fb1,6,0.7267879684987472,"[""gaya_favorit"", ""seniman_naik_daun"", ""pernah_beli_seniman""]",model,klasifikasi-v1,2026-10-05T15:16:10Z
78313e7d-68ff-5703-9245-2cfaee6439ed,1af0200c-a8bf-593f-8cb6-4f759b5f5ac1,7,0.7247846721837867,"[""gaya_favorit"", ""harga_sesuai"", ""seniman_naik_daun"", ""pernah_beli_seniman""]",model,klasifikasi-v1,2026-10-05T15:16:10Z
78313e7d-68ff-5703-9245-2cfaee6439ed,0931aca3-ffbb-57aa-b84e-284c01f774f1,8,0.7025699835086326,"[""gaya_favorit"", ""harga_sesuai"", ""seniman_naik_daun"", ""pernah_beli_seniman""]",model,klasifikasi-v1,2026-10-05T15:16:10Z
78313e7d-68ff-5703-9245-2cfaee6439ed,231b14d2-2e75-5193-9c40-949b484944ca,9,0.6973287628835502,"[""gaya_favorit"", ""harga_sesuai"", ""seniman_naik_daun"", ""pernah_beli_seniman""]",model,klasifikasi-v1,2026-10-05T15:16:10Z
78313e7d-68ff-5703-9245-2cfaee6439ed,8856b1b5-28c4-536b-9a51-9ff06bfdbd80,10,0.6905311782107428,"[""gaya_favorit"", ""harga_sesuai"", ""seniman_naik_daun"", ""pernah_beli_seniman""]",model,klasifikasi-v1,2026-10-05T15:16:10Z
78313e7d-68ff-5703-9245-2cfaee6439ed,94afa8d0-6fca-5820-9dfe-5fb67fd9b665,11,0.6855050842207959,"[""gaya_favorit"", ""seniman_naik_daun"", ""pernah_beli_seniman""]",model,klasifikasi-v1,2026-10-05T15:16:10Z
78313e7d-68ff-5703-9245-2cfaee6439ed,6a9a552c-870e-5cd3-b409-273d6c5865eb,12,0.685004261355059,"[""gaya_favorit"", ""harga_sesuai"", ""seniman_naik_daun"", ""pernah_beli_seniman""]",model,klasifikasi-v1,2026-10-05T15:16:10Z
78313e7d-68ff-5703-9245-2cfaee6439ed,8d8c6d42-894a-5d83-a68b-c458ead32750,13,0.6667321637647428,"[""gaya_favorit"", ""seniman_naik_daun"", ""pernah_beli_seniman""]",model,klasifikasi-v1,2026-10-05T15:16:10Z
78313e7d-68ff-5703-9245-2cfaee6439ed,854f6550-ae71-509e-859c-39396df1a99e,14,0.6633314617197301,"[""gaya_favorit"", ""harga_sesuai"", ""seniman_naik_daun"", ""pernah_beli_seniman""]",model,klasifikasi-v1,2026-10-05T15:16:10Z
78313e7d-68ff-5703-9245-2cfaee6439ed,e4e1ce05-e95f-55ae-95fd-b46c0e364e4d,15,0.6548887106687715,"[""gaya_favorit"", ""harga_sesuai"", ""seniman_naik_daun"", ""pernah_beli_seniman""]",model,klasifikasi-v1,2026-10-05T15:16:10Z
78313e7d-68ff-5703-9245-2cfaee6439ed,04393ef2-a47c-5658-89fa-61d255a593b4,16,0.628656867441824,"[""gaya_favorit"", ""harga_sesuai"", ""seniman_naik_daun"", ""pernah_beli_seniman""]",model,klasifikasi-v1,2026-10-05T15:16:10Z
78313e7d-68ff-5703-9245-2cfaee6439ed,2c540a0c-a2ff-5f37-ba88-a5ad28626312,17,0.6127991209711978,"[""gaya_favorit"", ""gaya_ramai""]",model,klasifikasi-v1,2026-10-05T15:16:10Z
78313e7d-68ff-5703-9245-2cfaee6439ed,5a1a4eef-6e5c-5c41-a684-b8d3c8592d61,18,0.5826864414015637,"[""gaya_favorit"", ""harga_sesuai"", ""seniman_naik_daun"", ""pernah_beli_seniman""]",model,klasifikasi-v1,2026-10-05T15:16:10Z
78313e7d-68ff-5703-9245-2cfaee6439ed,830ff9e5-41a2-5091-9bf2-1d5c5b9826f9,19,0.545750626095916,"[""gaya_favorit"", ""harga_sesuai"", ""gaya_ramai"", ""pernah_beli_seniman""]",model,klasifikasi-v1,2026-10-05T15:16:10Z
78313e7d-68ff-5703-9245-2cfaee6439ed,a8ac835e-5aad-57f7-aa47-99b583d02392,20,0.5327711920840383,"[""seniman_naik_daun"", ""pernah_beli_seniman""]",model,klasifikasi-v1,2026-10-05T15:16:10Z
9f622511-dc95-5f40-932f-4084d772d648,79e25e0d-2c04-5f90-9130-3f1d94125223,1,0.8151855688341814,"[""seniman_naik_daun"", ""pernah_beli_seniman"", ""karya_baru""]",model,klasifikasi-v1,2026-10-05T15:16:10Z
9f622511-dc95-5f40-932f-4084d772d648,88258c73-bb7b-51e8-824e-bc2ca0b939b8,2,0.7704796266895537,"[""seniman_naik_daun"", ""pernah_beli_seniman"", ""karya_baru""]",model,klasifikasi-v1,2026-10-05T15:16:10Z
9f622511-dc95-5f40-932f-4084d772d648,df002552-8f03-5997-b452-e24a915621dd,3,0.7635608044306685,"[""seniman_naik_daun"", ""pernah_beli_seniman""]",model,klasifikasi-v1,2026-10-05T15:16:10Z
9f622511-dc95-5f40-932f-4084d772d648,0bc9d34a-7f95-5dee-beb4-55f3af9b97c9,4,0.7441856043371924,"[""harga_sesuai"", ""seniman_naik_daun"", ""pernah_beli_seniman""]",model,klasifikasi-v1,2026-10-05T15:16:10Z
9f622511-dc95-5f40-932f-4084d772d648,1af0200c-a8bf-593f-8cb6-4f759b5f5ac1,5,0.7402566902849405,"[""harga_sesuai"", ""seniman_naik_daun"", ""pernah_beli_seniman""]",model,klasifikasi-v1,2026-10-05T15:16:10Z
9f622511-dc95-5f40-932f-4084d772d648,e4e1ce05-e95f-55ae-95fd-b46c0e364e4d,6,0.7246813057397647,"[""harga_sesuai"", ""seniman_naik_daun"", ""pernah_beli_seniman""]",model,klasifikasi-v1,2026-10-05T15:16:10Z
9f622511-dc95-5f40-932f-4084d772d648,231b14d2-2e75-5193-9c40-949b484944ca,7,0.7137346585036511,"[""harga_sesuai"", ""seniman_naik_daun"", ""pernah_beli_seniman""]",model,klasifikasi-v1,2026-10-05T15:16:10Z
9f622511-dc95-5f40-932f-4084d772d648,07d19c93-c674-54cb-9448-012eb1b60c3f,8,0.7103470017786623,"[""seniman_naik_daun"", ""pernah_beli_seniman""]",model,klasifikasi-v1,2026-10-05T15:16:10Z
9f622511-dc95-5f40-932f-4084d772d648,6a9a552c-870e-5cd3-b409-273d6c5865eb,9,0.7043396097352012,"[""seniman_naik_daun"", ""pernah_beli_seniman""]",model,klasifikasi-v1,2026-10-05T15:16:10Z
9f622511-dc95-5f40-932f-4084d772d648,0931aca3-ffbb-57aa-b84e-284c01f774f1,10,0.7004899463747315,"[""seniman_naik_daun"", ""pernah_beli_seniman""]",model,klasifikasi-v1,2026-10-05T15:16:10Z
9f622511-dc95-5f40-932f-4084d772d648,8856b1b5-28c4-536b-9a51-9ff06bfdbd80,11,0.6996722014261165,"[""seniman_naik_daun"", ""pernah_beli_seniman""]",model,klasifikasi-v1,2026-10-05T15:16:10Z
9f622511-dc95-5f40-932f-4084d772d648,224ba711-c5ff-581d-be53-1872a1df84ca,12,0.6665894363183592,"[""gaya_favorit"", ""harga_sesuai"", ""seniman_naik_daun"", ""pernah_beli_seniman""]",model,klasifikasi-v1,2026-10-05T15:16:10Z
9f622511-dc95-5f40-932f-4084d772d648,854f6550-ae71-509e-859c-39396df1a99e,13,0.6552480885663532,"[""seniman_naik_daun"", ""pernah_beli_seniman""]",model,klasifikasi-v1,2026-10-05T15:16:10Z
9f622511-dc95-5f40-932f-4084d772d648,04393ef2-a47c-5658-89fa-61d255a593b4,14,0.6315198333889923,"[""seniman_naik_daun"", ""pernah_beli_seniman""]",model,klasifikasi-v1,2026-10-05T15:16:10Z
9f622511-dc95-5f40-932f-4084d772d648,a8ac835e-5aad-57f7-aa47-99b583d02392,15,0.6281871596344298,"[""gaya_favorit"", ""seniman_naik_daun"", ""pernah_beli_seniman""]",model,klasifikasi-v1,2026-10-05T15:16:10Z
9f622511-dc95-5f40-932f-4084d772d648,2d399fc1-c809-5c2a-bdaa-6e69cefe5fb1,16,0.6163766038227483,"[""seniman_naik_daun"", ""pernah_beli_seniman""]",model,klasifikasi-v1,2026-10-05T15:16:10Z
9f622511-dc95-5f40-932f-4084d772d648,b82ffac4-9b18-5129-bb4f-76d6267ef825,17,0.6094736562709177,"[""seniman_naik_daun"", ""pernah_beli_seniman""]",model,klasifikasi-v1,2026-10-05T15:16:10Z
9f622511-dc95-5f40-932f-4084d772d648,016679fd-f015-5c7e-b41e-f69d95c9d91a,18,0.599380798631527,"[""gaya_favorit"", ""seniman_naik_daun"", ""pernah_beli_seniman""]",model,klasifikasi-v1,2026-10-05T15:16:10Z
9f622511-dc95-5f40-932f-4084d772d648,5a1a4eef-6e5c-5c41-a684-b8d3c8592d61,19,0.5955583609434842,"[""harga_sesuai"", ""seniman_naik_daun"", ""pernah_beli_seniman""]",model,klasifikasi-v1,2026-10-05T15:16:10Z
9f622511-dc95-5f40-932f-4084d772d648,94afa8d0-6fca-5820-9dfe-5fb67fd9b665,20,0.5878557735420904,"[""seniman_naik_daun"", ""pernah_beli_seniman""]",model,klasifikasi-v1,2026-10-05T15:16:10Z
87c5ecb9-dcb5-5270-9095-84661e8899cd,19b131db-ca02-5bed-b3f6-a8c0b19d8461,1,0.6627134716708638,"[""gaya_favorit"", ""gaya_ramai""]",model,klasifikasi-v1,2026-10-05T15:16:10Z
87c5ecb9-dcb5-5270-9095-84661e8899cd,6ab910ee-99bd-5039-9bf7-2e6828f994a7,2,0.6484817218511661,"[""gaya_favorit"", ""harga_sesuai"", ""gaya_ramai"", ""pernah_beli_seniman""]",model,klasifikasi-v1,2026-10-05T15:16:10Z
87c5ecb9-dcb5-5270-9095-84661e8899cd,f01a7b2c-1e11-597c-afeb-96705f31b4d5,3,0.6418561420892654,"[""gaya_favorit"", ""harga_sesuai"", ""gaya_ramai"", ""pernah_beli_seniman""]",model,klasifikasi-v1,2026-10-05T15:16:10Z
87c5ecb9-dcb5-5270-9095-84661e8899cd,3d61eac2-6d83-5347-9d59-799ac69edc5a,4,0.6370020933503825,"[""gaya_favorit"", ""pernah_beli_seniman""]",model,klasifikasi-v1,2026-10-05T15:16:10Z
87c5ecb9-dcb5-5270-9095-84661e8899cd,653fc4b1-75f3-5eac-afe6-586c962be798,5,0.6306539934964124,"[""gaya_favorit"", ""pernah_beli_seniman""]",model,klasifikasi-v1,2026-10-05T15:16:10Z
87c5ecb9-dcb5-5270-9095-84661e8899cd,8a247c64-cda5-5c99-9be2-94998d4b1275,6,0.620715090634293,"[""gaya_favorit"", ""harga_sesuai"", ""pernah_beli_seniman""]",model,klasifikasi-v1,2026-10-05T15:16:10Z
87c5ecb9-dcb5-5270-9095-84661e8899cd,7ed552db-962e-5e78-a1a4-2d32fefa1f0c,7,0.6148244443248755,"[""gaya_favorit"", ""harga_sesuai"", ""pernah_beli_seniman""]",model,klasifikasi-v1,2026-10-05T15:16:10Z
87c5ecb9-dcb5-5270-9095-84661e8899cd,a724961d-392c-586e-9da5-8e9342c6fd29,8,0.5848659658255995,"[""karya_baru""]",model,klasifikasi-v1,2026-10-05T15:16:10Z
87c5ecb9-dcb5-5270-9095-84661e8899cd,6f5c741f-0fc0-523d-80e7-bce5940b7e1c,9,0.5613755191264941,"[""harga_sesuai""]",model,klasifikasi-v1,2026-10-05T15:16:10Z
87c5ecb9-dcb5-5270-9095-84661e8899cd,6fa02afc-54a1-5e3b-a9b8-477cfb40791d,10,0.5393443217398974,"[""gaya_favorit"", ""pernah_beli_seniman""]",model,klasifikasi-v1,2026-10-05T15:16:10Z
87c5ecb9-dcb5-5270-9095-84661e8899cd,07a581f5-4b2e-5999-bbd7-4405da0a3973,11,0.5364021553479099,"[""gaya_favorit"", ""gaya_ramai"", ""pernah_beli_seniman""]",model,klasifikasi-v1,2026-10-05T15:16:10Z
87c5ecb9-dcb5-5270-9095-84661e8899cd,2693b62a-7ed0-56ef-a511-0bb356e0e009,12,0.5292423750227324,"[""gaya_favorit"", ""harga_sesuai"", ""pernah_beli_seniman""]",model,klasifikasi-v1,2026-10-05T15:16:10Z
87c5ecb9-dcb5-5270-9095-84661e8899cd,a6c80043-8c7f-50af-b91c-091f153d3eba,13,0.5245964868392519,"[""gaya_favorit"", ""pernah_beli_seniman""]",model,klasifikasi-v1,2026-10-05T15:16:10Z
87c5ecb9-dcb5-5270-9095-84661e8899cd,103c76e9-4997-5b31-92e1-e92276b6b167,14,0.5159755040323426,"[""gaya_favorit"", ""gaya_ramai"", ""pernah_beli_seniman""]",model,klasifikasi-v1,2026-10-05T15:16:10Z
87c5ecb9-dcb5-5270-9095-84661e8899cd,556ac5bd-b36f-5124-8750-d92fefc82d2d,15,0.5114182018682865,"[""harga_sesuai"", ""karya_baru""]",model,klasifikasi-v1,2026-10-05T15:16:10Z
87c5ecb9-dcb5-5270-9095-84661e8899cd,80d6863c-4309-5881-81cd-79e0a6aa59a3,16,0.5105348802872375,"[""harga_sesuai""]",model,klasifikasi-v1,2026-10-05T15:16:10Z
87c5ecb9-dcb5-5270-9095-84661e8899cd,ab56a64c-b79d-5092-8002-0652f839ad06,17,0.5027672825024477,"[""gaya_favorit"", ""pernah_beli_seniman""]",model,klasifikasi-v1,2026-10-05T15:16:10Z
87c5ecb9-dcb5-5270-9095-84661e8899cd,16545722-15c8-55bc-b78b-f46c0496a505,18,0.5027464588681874,"[""gaya_favorit"", ""pernah_beli_seniman""]",model,klasifikasi-v1,2026-10-05T15:16:10Z
87c5ecb9-dcb5-5270-9095-84661e8899cd,1c18f330-e3a0-5c45-8b4a-4340319c6f6b,19,0.5000485900788268,"[""gaya_favorit"", ""pernah_beli_seniman""]",model,klasifikasi-v1,2026-10-05T15:16:10Z
87c5ecb9-dcb5-5270-9095-84661e8899cd,ded10c02-e3db-542d-8ff2-e0ab8c159069,20,0.4993901705859732,[],model,klasifikasi-v1,2026-10-05T15:16:10Z
e3718b03-db4a-553e-b46c-45f57caa0061,2dc1a3d9-2af8-5aef-95bb-4580395395bd,1,0.8256644707022576,"[""gaya_favorit"", ""harga_sesuai"", ""gaya_ramai"", ""pernah_beli_seniman""]",model,klasifikasi-v1,2026-10-05T15:16:10Z
e3718b03-db4a-553e-b46c-45f57caa0061,3f8dedef-81a9-5162-9bf4-59f3eb4eb26b,2,0.8229541886112373,"[""gaya_favorit"", ""harga_sesuai"", ""gaya_ramai"", ""pernah_beli_seniman""]",model,klasifikasi-v1,2026-10-05T15:16:10Z
e3718b03-db4a-553e-b46c-45f57caa0061,9349bf99-62dc-596c-915f-6594321c44de,3,0.8216077041549747,"[""gaya_favorit"", ""harga_sesuai"", ""gaya_ramai"", ""pernah_beli_seniman""]",model,klasifikasi-v1,2026-10-05T15:16:10Z
e3718b03-db4a-553e-b46c-45f57caa0061,3dbbe20e-9781-5936-bae9-c1cfacd61a09,4,0.8216077041549747,"[""gaya_favorit"", ""harga_sesuai"", ""gaya_ramai"", ""pernah_beli_seniman""]",model,klasifikasi-v1,2026-10-05T15:16:10Z
e3718b03-db4a-553e-b46c-45f57caa0061,af387163-4059-5c28-add7-46500bfd3add,5,0.820405866244485,"[""gaya_favorit"", ""harga_sesuai"", ""gaya_ramai"", ""pernah_beli_seniman""]",model,klasifikasi-v1,2026-10-05T15:16:10Z
e3718b03-db4a-553e-b46c-45f57caa0061,8cb05ef6-4cf2-5ee6-9061-2889d32eed8b,6,0.8165211590131782,"[""gaya_favorit"", ""harga_sesuai"", ""gaya_ramai"", ""pernah_beli_seniman""]",model,klasifikasi-v1,2026-10-05T15:16:10Z
e3718b03-db4a-553e-b46c-45f57caa0061,da1e02a9-b5b0-5dd8-b213-4302c25d95f9,7,0.8165211590131782,"[""gaya_favorit"", ""harga_sesuai"", ""gaya_ramai"", ""pernah_beli_seniman""]",model,klasifikasi-v1,2026-10-05T15:16:10Z
e3718b03-db4a-553e-b46c-45f57caa0061,087419b7-5d7b-53df-aa0f-1e80f02a0377,8,0.8165211590131782,"[""gaya_favorit"", ""harga_sesuai"", ""gaya_ramai"", ""pernah_beli_seniman""]",model,klasifikasi-v1,2026-10-05T15:16:10Z
e3718b03-db4a-553e-b46c-45f57caa0061,47ed54a4-6a2e-5276-9603-36c52ea415de,9,0.8123771081650268,"[""gaya_favorit"", ""harga_sesuai"", ""gaya_ramai"", ""pernah_beli_seniman""]",model,klasifikasi-v1,2026-10-05T15:16:10Z
e3718b03-db4a-553e-b46c-45f57caa0061,daeb60e8-db84-5a23-a92f-401fc4f8c8e9,10,0.8123771081650268,"[""gaya_favorit"", ""harga_sesuai"", ""gaya_ramai"", ""pernah_beli_seniman""]",model,klasifikasi-v1,2026-10-05T15:16:10Z
e3718b03-db4a-553e-b46c-45f57caa0061,cd22a6e8-3391-53f2-9ab1-8174b63d5943,11,0.80935896852098,"[""gaya_favorit"", ""harga_sesuai"", ""gaya_ramai"", ""pernah_beli_seniman""]",model,klasifikasi-v1,2026-10-05T15:16:10Z
e3718b03-db4a-553e-b46c-45f57caa0061,d0932440-31b0-5025-ab5b-f83ac95c2aea,12,0.8082242786211724,"[""gaya_favorit"", ""harga_sesuai"", ""gaya_ramai"", ""pernah_beli_seniman""]",model,klasifikasi-v1,2026-10-05T15:16:10Z
e3718b03-db4a-553e-b46c-45f57caa0061,07425d78-e06e-583d-8083-ee3395fa2d20,13,0.7682155938467234,"[""gaya_favorit"", ""harga_sesuai"", ""gaya_ramai"", ""pernah_beli_seniman""]",model,klasifikasi-v1,2026-10-05T15:16:10Z
e3718b03-db4a-553e-b46c-45f57caa0061,f6b44c7c-4e4b-50a2-8c28-8142c29b9ebd,14,0.7576156128784909,"[""gaya_favorit"", ""gaya_ramai"", ""pernah_beli_seniman""]",model,klasifikasi-v1,2026-10-05T15:16:10Z
e3718b03-db4a-553e-b46c-45f57caa0061,bb245894-5ba5-5e26-b383-95d243655742,15,0.7576156128784909,"[""gaya_favorit"", ""gaya_ramai"", ""pernah_beli_seniman""]",model,klasifikasi-v1,2026-10-05T15:16:10Z
e3718b03-db4a-553e-b46c-45f57caa0061,784f6648-d504-5733-ba76-2d90ce171c97,16,0.7570392797270873,"[""gaya_favorit"", ""harga_sesuai"", ""gaya_ramai"", ""pernah_beli_seniman""]",model,klasifikasi-v1,2026-10-05T15:16:10Z
e3718b03-db4a-553e-b46c-45f57caa0061,76e47ebb-eedd-5be9-b99b-eb0d0d3b84a3,17,0.7398984321719831,"[""gaya_favorit"", ""gaya_ramai"", ""pernah_beli_seniman""]",model,klasifikasi-v1,2026-10-05T15:16:10Z
e3718b03-db4a-553e-b46c-45f57caa0061,2ab1fde1-1a62-502f-936a-dc83e4b3cec1,18,0.7398984321719831,"[""gaya_favorit"", ""gaya_ramai"", ""pernah_beli_seniman""]",model,klasifikasi-v1,2026-10-05T15:16:10Z
e3718b03-db4a-553e-b46c-45f57caa0061,46f320ab-5789-5e3e-90e5-789637dfa100,19,0.7342869211831001,"[""gaya_favorit"", ""harga_sesuai"", ""gaya_ramai"", ""pernah_beli_seniman""]",model,klasifikasi-v1,2026-10-05T15:16:10Z
e3718b03-db4a-553e-b46c-45f57caa0061,18734d52-cdca-5070-bf26-9015a87f5d42,20,0.7278404365681014,"[""gaya_favorit"", ""gaya_ramai"", ""pernah_beli_seniman""]",model,klasifikasi-v1,2026-10-05T15:16:10Z
bbf1bb4d-da5e-5b73-9d8f-a77f234626af,a724961d-392c-586e-9da5-8e9342c6fd29,1,0.6348733143197773,"[""gaya_favorit"", ""harga_sesuai"", ""pernah_beli_seniman"", ""karya_baru""]",model,klasifikasi-v1,2026-10-05T15:16:10Z
bbf1bb4d-da5e-5b73-9d8f-a77f234626af,556ac5bd-b36f-5124-8750-d92fefc82d2d,2,0.6103660162076313,"[""gaya_favorit"", ""pernah_beli_seniman"", ""karya_baru""]",model,klasifikasi-v1,2026-10-05T15:16:10Z
bbf1bb4d-da5e-5b73-9d8f-a77f234626af,88258c73-bb7b-51e8-824e-bc2ca0b939b8,3,0.5923357684332397,"[""seniman_naik_daun"", ""karya_baru""]",model,klasifikasi-v1,2026-10-05T15:16:10Z
bbf1bb4d-da5e-5b73-9d8f-a77f234626af,ab56a64c-b79d-5092-8002-0652f839ad06,4,0.5692688687483084,"[""gaya_favorit"", ""harga_sesuai"", ""pernah_beli_seniman""]",model,klasifikasi-v1,2026-10-05T15:16:10Z
bbf1bb4d-da5e-5b73-9d8f-a77f234626af,ddc6295d-239d-589a-9714-9e4d1b9fb3f9,5,0.564124717287755,"[""gaya_favorit"", ""harga_sesuai"", ""pernah_beli_seniman""]",model,klasifikasi-v1,2026-10-05T15:16:10Z
bbf1bb4d-da5e-5b73-9d8f-a77f234626af,ded10c02-e3db-542d-8ff2-e0ab8c159069,6,0.5632841566065206,"[""harga_sesuai""]",model,klasifikasi-v1,2026-10-05T15:16:10Z
bbf1bb4d-da5e-5b73-9d8f-a77f234626af,3d61eac2-6d83-5347-9d59-799ac69edc5a,7,0.5631653990546956,"[""gaya_favorit"", ""harga_sesuai"", ""pernah_beli_seniman""]",model,klasifikasi-v1,2026-10-05T15:16:10Z
bbf1bb4d-da5e-5b73-9d8f-a77f234626af,af058c54-328b-50b1-aa59-1ed52ef4b398,8,0.5458552024448752,"[""gaya_favorit"", ""harga_sesuai"", ""pernah_beli_seniman""]",model,klasifikasi-v1,2026-10-05T15:16:10Z
bbf1bb4d-da5e-5b73-9d8f-a77f234626af,7ed552db-962e-5e78-a1a4-2d32fefa1f0c,9,0.5456351262205652,"[""gaya_favorit"", ""pernah_beli_seniman""]",model,klasifikasi-v1,2026-10-05T15:16:10Z
bbf1bb4d-da5e-5b73-9d8f-a77f234626af,f60efa69-e980-54e3-9729-e98c5f2fc78f,10,0.5442460471916627,"[""gaya_favorit"", ""pernah_beli_seniman""]",model,klasifikasi-v1,2026-10-05T15:16:10Z
bbf1bb4d-da5e-5b73-9d8f-a77f234626af,376f20b3-cf69-518a-95e4-669f8fe7fe40,11,0.5429207657122626,"[""gaya_favorit"", ""pernah_beli_seniman""]",model,klasifikasi-v1,2026-10-05T15:16:10Z
bbf1bb4d-da5e-5b73-9d8f-a77f234626af,653fc4b1-75f3-5eac-afe6-586c962be798,12,0.5406063371099262,"[""gaya_favorit"", ""pernah_beli_seniman""]",model,klasifikasi-v1,2026-10-05T15:16:10Z
bbf1bb4d-da5e-5b73-9d8f-a77f234626af,300ebf50-b10d-5efa-8722-a252a80b4557,13,0.5342967181436847,"[""gaya_favorit"", ""pernah_beli_seniman""]",model,klasifikasi-v1,2026-10-05T15:16:10Z
bbf1bb4d-da5e-5b73-9d8f-a77f234626af,0242a481-31c2-55aa-92b4-ebebc6011a7c,14,0.5318277060601387,"[""gaya_favorit"", ""harga_sesuai"", ""pernah_beli_seniman""]",model,klasifikasi-v1,2026-10-05T15:16:10Z
bbf1bb4d-da5e-5b73-9d8f-a77f234626af,0e102d63-ff8f-5e6b-bbdc-2a5d6e668cb1,15,0.5252976655872247,[],model,klasifikasi-v1,2026-10-05T15:16:10Z
bbf1bb4d-da5e-5b73-9d8f-a77f234626af,1c18f330-e3a0-5c45-8b4a-4340319c6f6b,16,0.5150856341330577,"[""gaya_favorit"", ""harga_sesuai"", ""pernah_beli_seniman""]",model,klasifikasi-v1,2026-10-05T15:16:10Z
bbf1bb4d-da5e-5b73-9d8f-a77f234626af,b82ffac4-9b18-5129-bb4f-76d6267ef825,17,0.5123591524009784,"[""harga_sesuai"", ""seniman_naik_daun""]",model,klasifikasi-v1,2026-10-05T15:16:10Z
bbf1bb4d-da5e-5b73-9d8f-a77f234626af,16545722-15c8-55bc-b78b-f46c0496a505,18,0.512289126707666,"[""gaya_favorit"", ""harga_sesuai"", ""pernah_beli_seniman""]",model,klasifikasi-v1,2026-10-05T15:16:10Z
bbf1bb4d-da5e-5b73-9d8f-a77f234626af,b93ca27f-2a5c-5964-a7c6-97f8d7bd6529,19,0.51137001349494,"[""gaya_favorit"", ""harga_sesuai"", ""pernah_beli_seniman""]",model,klasifikasi-v1,2026-10-05T15:16:10Z
bbf1bb4d-da5e-5b73-9d8f-a77f234626af,0bc9d34a-7f95-5dee-beb4-55f3af9b97c9,20,0.5102464719087365,"[""seniman_naik_daun""]",model,klasifikasi-v1,2026-10-05T15:16:10Z
f371b0b4-0b9c-573f-9846-46858beb720a,653fc4b1-75f3-5eac-afe6-586c962be798,1,0.8526028300622287,"[""gaya_favorit"", ""pernah_beli_seniman""]",model,klasifikasi-v1,2026-10-05T15:16:10Z
f371b0b4-0b9c-573f-9846-46858beb720a,7ed552db-962e-5e78-a1a4-2d32fefa1f0c,2,0.8501847550471316,"[""gaya_favorit"", ""pernah_beli_seniman""]",model,klasifikasi-v1,2026-10-05T15:16:10Z
f371b0b4-0b9c-573f-9846-46858beb720a,8a247c64-cda5-5c99-9be2-94998d4b1275,3,0.8441350387339015,"[""gaya_favorit"", ""pernah_beli_seniman""]",model,klasifikasi-v1,2026-10-05T15:16:10Z
f371b0b4-0b9c-573f-9846-46858beb720a,a6c80043-8c7f-50af-b91c-091f153d3eba,4,0.8362577582191032,"[""gaya_favorit"", ""pernah_beli_seniman""]",model,klasifikasi-v1,2026-10-05T15:16:10Z
f371b0b4-0b9c-573f-9846-46858beb720a,5ab09023-1f78-582e-83e8-ae95a0e3eec9,5,0.8004930450571638,"[""gaya_favorit"", ""pernah_beli_seniman""]",model,klasifikasi-v1,2026-10-05T15:16:10Z
f371b0b4-0b9c-573f-9846-46858beb720a,2693b62a-7ed0-56ef-a511-0bb356e0e009,6,0.7924870808943836,"[""gaya_favorit"", ""pernah_beli_seniman""]",model,klasifikasi-v1,2026-10-05T15:16:10Z
f371b0b4-0b9c-573f-9846-46858beb720a,3d61eac2-6d83-5347-9d59-799ac69edc5a,7,0.7632011446076674,"[""gaya_favorit"", ""pernah_beli_seniman""]",model,klasifikasi-v1,2026-10-05T15:16:10Z
f371b0b4-0b9c-573f-9846-46858beb720a,e190f16b-1166-5132-9fba-89df2753bcd5,8,0.7183642256325673,"[""gaya_favorit"", ""pernah_beli_seniman""]",model,klasifikasi-v1,2026-10-05T15:16:10Z
f371b0b4-0b9c-573f-9846-46858beb720a,16545722-15c8-55bc-b78b-f46c0496a505,9,0.6847123379387576,"[""gaya_favorit"", ""pernah_beli_seniman""]",model,klasifikasi-v1,2026-10-05T15:16:10Z
f371b0b4-0b9c-573f-9846-46858beb720a,5dc6ab20-8a7a-5cdc-9d46-27d42a77085f,10,0.6719135541324898,"[""gaya_favorit"", ""pernah_beli_seniman""]",model,klasifikasi-v1,2026-10-05T15:16:10Z
f371b0b4-0b9c-573f-9846-46858beb720a,ab56a64c-b79d-5092-8002-0652f839ad06,11,0.6465074795250669,"[""gaya_favorit"", ""pernah_beli_seniman""]",model,klasifikasi-v1,2026-10-05T15:16:10Z
f371b0b4-0b9c-573f-9846-46858beb720a,ded10c02-e3db-542d-8ff2-e0ab8c159069,12,0.5871862444855123,[],model,klasifikasi-v1,2026-10-05T15:16:10Z
f371b0b4-0b9c-573f-9846-46858beb720a,6f5c741f-0fc0-523d-80e7-bce5940b7e1c,13,0.5379151312922488,[],model,klasifikasi-v1,2026-10-05T15:16:10Z
f371b0b4-0b9c-573f-9846-46858beb720a,556ac5bd-b36f-5124-8750-d92fefc82d2d,14,0.5303886558099619,"[""karya_baru""]",model,klasifikasi-v1,2026-10-05T15:16:10Z
f371b0b4-0b9c-573f-9846-46858beb720a,af387163-4059-5c28-add7-46500bfd3add,15,0.5274912212772216,"[""gaya_ramai""]",model,klasifikasi-v1,2026-10-05T15:16:10Z
f371b0b4-0b9c-573f-9846-46858beb720a,2dc1a3d9-2af8-5aef-95bb-4580395395bd,16,0.5263885861955614,"[""gaya_ramai""]",model,klasifikasi-v1,2026-10-05T15:16:10Z
f371b0b4-0b9c-573f-9846-46858beb720a,3f8dedef-81a9-5162-9bf4-59f3eb4eb26b,17,0.5193809220971256,"[""gaya_ramai""]",model,klasifikasi-v1,2026-10-05T15:16:10Z
f371b0b4-0b9c-573f-9846-46858beb720a,1c18f330-e3a0-5c45-8b4a-4340319c6f6b,18,0.5180454707918876,"[""gaya_favorit"", ""pernah_beli_seniman""]",model,klasifikasi-v1,2026-10-05T15:16:10Z
f371b0b4-0b9c-573f-9846-46858beb720a,e296022f-e45c-5909-ac21-2cff0f53e0b2,19,0.5100495736412579,"[""gaya_ramai""]",model,klasifikasi-v1,2026-10-05T15:16:10Z
f371b0b4-0b9c-573f-9846-46858beb720a,d0932440-31b0-5025-ab5b-f83ac95c2aea,20,0.5096537664410618,"[""gaya_ramai""]",model,klasifikasi-v1,2026-10-05T15:16:10Z
5e998efc-04c6-5544-914b-bfe322536fbc,79e25e0d-2c04-5f90-9130-3f1d94125223,1,0.7622241017895975,"[""harga_sesuai"", ""seniman_naik_daun"", ""karya_baru""]",model,klasifikasi-v1,2026-10-05T15:16:10Z
5e998efc-04c6-5544-914b-bfe322536fbc,1fef09ac-2800-5df6-bb4b-93c0c3308a02,2,0.6810145877401362,"[""harga_sesuai"", ""pernah_beli_seniman""]",model,klasifikasi-v1,2026-10-05T15:16:10Z
5e998efc-04c6-5544-914b-bfe322536fbc,987e9b9d-f4c6-5ce1-ac8c-5ef271e2ae33,3,0.6795000877740042,"[""gaya_favorit"", ""harga_sesuai"", ""gaya_ramai"", ""pernah_beli_seniman""]",model,klasifikasi-v1,2026-10-05T15:16:10Z
5e998efc-04c6-5544-914b-bfe322536fbc,0fa48617-95fc-5cfc-84dd-53e4416600eb,4,0.6739898705117824,"[""gaya_favorit"", ""harga_sesuai"", ""gaya_ramai"", ""pernah_beli_seniman""]",model,klasifikasi-v1,2026-10-05T15:16:10Z
5e998efc-04c6-5544-914b-bfe322536fbc,64de7a06-8f63-5e8e-b4c7-532b0a72e424,5,0.6591899432823017,"[""harga_sesuai"", ""pernah_beli_seniman""]",model,klasifikasi-v1,2026-10-05T15:16:10Z
5e998efc-04c6-5544-914b-bfe322536fbc,6cf680b2-63f6-5420-990b-5d58e43b86c3,6,0.6577946616505573,"[""harga_sesuai"", ""pernah_beli_seniman""]",model,klasifikasi-v1,2026-10-05T15:16:10Z
5e998efc-04c6-5544-914b-bfe322536fbc,88258c73-bb7b-51e8-824e-bc2ca0b939b8,7,0.6575926129511078,"[""harga_sesuai"", ""seniman_naik_daun"", ""karya_baru""]",model,klasifikasi-v1,2026-10-05T15:16:10Z
5e998efc-04c6-5544-914b-bfe322536fbc,4ed54522-a110-5365-b35b-4c16d31aa48b,8,0.6555327311739916,"[""harga_sesuai"", ""pernah_beli_seniman""]",model,klasifikasi-v1,2026-10-05T15:16:10Z
5e998efc-04c6-5544-914b-bfe322536fbc,07d19c93-c674-54cb-9448-012eb1b60c3f,9,0.6526036507505885,"[""harga_sesuai"", ""seniman_naik_daun""]",model,klasifikasi-v1,2026-10-05T15:16:10Z
5e998efc-04c6-5544-914b-bfe322536fbc,9c41c05d-b958-5fe0-902f-c466d102b664,10,0.6508601188697384,"[""harga_sesuai"", ""pernah_beli_seniman""]",model,klasifikasi-v1,2026-10-05T15:16:10Z
5e998efc-04c6-5544-914b-bfe322536fbc,a75ec521-369a-5e79-9b6f-f9851164e909,11,0.6508601188697384,"[""harga_sesuai"", ""pernah_beli_seniman""]",model,klasifikasi-v1,2026-10-05T15:16:10Z
5e998efc-04c6-5544-914b-bfe322536fbc,9ee5532a-4517-5110-ae74-b2a3048fea09,12,0.645281159631779,"[""gaya_favorit"", ""harga_sesuai"", ""gaya_ramai"", ""pernah_beli_seniman""]",model,klasifikasi-v1,2026-10-05T15:16:10Z
5e998efc-04c6-5544-914b-bfe322536fbc,2d399fc1-c809-5c2a-bdaa-6e69cefe5fb1,13,0.6328946025952532,"[""harga_sesuai"", ""seniman_naik_daun""]",model,klasifikasi-v1,2026-10-05T15:16:10Z
5e998efc-04c6-5544-914b-bfe322536fbc,1fe5e4ec-a2db-5ef8-a46d-3f8ffa41ebe2,14,0.6257154273454686,"[""karya_baru""]",model,klasifikasi-v1,2026-10-05T15:16:10Z
5e998efc-04c6-5544-914b-bfe322536fbc,6a9a552c-870e-5cd3-b409-273d6c5865eb,15,0.6216445365687959,"[""harga_sesuai"", ""seniman_naik_daun""]",model,klasifikasi-v1,2026-10-05T15:16:10Z
5e998efc-04c6-5544-914b-bfe322536fbc,a8ac835e-5aad-57f7-aa47-99b583d02392,16,0.5974215482610613,"[""harga_sesuai"", ""seniman_naik_daun""]",model,klasifikasi-v1,2026-10-05T15:16:10Z
5e998efc-04c6-5544-914b-bfe322536fbc,8d8c6d42-894a-5d83-a68b-c458ead32750,17,0.5907088272696661,"[""harga_sesuai"", ""seniman_naik_daun""]",model,klasifikasi-v1,2026-10-05T15:16:10Z
5e998efc-04c6-5544-914b-bfe322536fbc,07040069-b09e-5004-ae84-57f3a654f363,18,0.5841414523115231,"[""harga_sesuai"", ""pernah_beli_seniman""]",model,klasifikasi-v1,2026-10-05T15:16:10Z
5e998efc-04c6-5544-914b-bfe322536fbc,a3dfd416-62c6-5cdf-9ee4-e82226d12fdc,19,0.5821904802755985,"[""harga_sesuai""]",model,klasifikasi-v1,2026-10-05T15:16:10Z
5e998efc-04c6-5544-914b-bfe322536fbc,3e47a0b3-d827-5a29-875b-db8a2a91f894,20,0.581874059866219,"[""harga_sesuai"", ""pernah_beli_seniman""]",model,klasifikasi-v1,2026-10-05T15:16:10Z
45eeb1ae-c130-5872-b1d9-8041abc064f6,79e25e0d-2c04-5f90-9130-3f1d94125223,1,0.9427768539631742,"[""gaya_favorit"", ""seniman_naik_daun"", ""pernah_beli_seniman"", ""karya_baru""]",model,klasifikasi-v1,2026-10-05T15:16:10Z
45eeb1ae-c130-5872-b1d9-8041abc064f6,df002552-8f03-5997-b452-e24a915621dd,2,0.9273730775864714,"[""gaya_favorit"", ""seniman_naik_daun"", ""pernah_beli_seniman""]",model,klasifikasi-v1,2026-10-05T15:16:10Z
45eeb1ae-c130-5872-b1d9-8041abc064f6,88258c73-bb7b-51e8-824e-bc2ca0b939b8,3,0.9227224152259411,"[""gaya_favorit"", ""harga_sesuai"", ""seniman_naik_daun"", ""pernah_beli_seniman"", ""karya_baru""]",model,klasifikasi-v1,2026-10-05T15:16:10Z
45eeb1ae-c130-5872-b1d9-8041abc064f6,07d19c93-c674-54cb-9448-012eb1b60c3f,4,0.9085690222826598,"[""gaya_favorit"", ""seniman_naik_daun"", ""pernah_beli_seniman""]",model,klasifikasi-v1,2026-10-05T15:16:10Z
45eeb1ae-c130-5872-b1d9-8041abc064f6,94afa8d0-6fca-5820-9dfe-5fb67fd9b665,5,0.9034155231421473,"[""gaya_favorit"", ""seniman_naik_daun"", ""pernah_beli_seniman""]",model,klasifikasi-v1,2026-10-05T15:16:10Z
45eeb1ae-c130-5872-b1d9-8041abc064f6,8d8c6d42-894a-5d83-a68b-c458ead32750,6,0.897690389524473,"[""gaya_favorit"", ""seniman_naik_daun"", ""pernah_beli_seniman""]",model,klasifikasi-v1,2026-10-05T15:16:10Z
45eeb1ae-c130-5872-b1d9-8041abc064f6,2d399fc1-c809-5c2a-bdaa-6e69cefe5fb1,7,0.8951745219234082,"[""gaya_favorit"", ""seniman_naik_daun"", ""pernah_beli_seniman""]",model,klasifikasi-v1,2026-10-05T15:16:10Z
45eeb1ae-c130-5872-b1d9-8041abc064f6,1af0200c-a8bf-593f-8cb6-4f759b5f5ac1,8,0.8834011414204462,"[""gaya_favorit"", ""seniman_naik_daun"", ""pernah_beli_seniman""]",model,klasifikasi-v1,2026-10-05T15:16:10Z
45eeb1ae-c130-5872-b1d9-8041abc064f6,0931aca3-ffbb-57aa-b84e-284c01f774f1,9,0.8807189870765402,"[""gaya_favorit"", ""seniman_naik_daun"", ""pernah_beli_seniman""]",model,klasifikasi-v1,2026-10-05T15:16:10Z
45eeb1ae-c130-5872-b1d9-8041abc064f6,04393ef2-a47c-5658-89fa-61d255a593b4,10,0.876141822198414,"[""gaya_favorit"", ""seniman_naik_daun"", ""pernah_beli_seniman""]",model,klasifikasi-v1,2026-10-05T15:16:10Z
45eeb1ae-c130-5872-b1d9-8041abc064f6,8856b1b5-28c4-536b-9a51-9ff06bfdbd80,11,0.8746039645192547,"[""gaya_favorit"", ""harga_sesuai"", ""seniman_naik_daun"", ""pernah_beli_seniman""]",model,klasifikasi-v1,2026-10-05T15:16:10Z
45eeb1ae-c130-5872-b1d9-8041abc064f6,0bc9d34a-7f95-5dee-beb4-55f3af9b97c9,12,0.8728919519489081,"[""gaya_favorit"", ""seniman_naik_daun"", ""pernah_beli_seniman""]",model,klasifikasi-v1,2026-10-05T15:16:10Z
45eeb1ae-c130-5872-b1d9-8041abc064f6,854f6550-ae71-509e-859c-39396df1a99e,13,0.8603099042704733,"[""gaya_favorit"", ""harga_sesuai"", ""seniman_naik_daun"", ""pernah_beli_seniman""]",model,klasifikasi-v1,2026-10-05T15:16:10Z
45eeb1ae-c130-5872-b1d9-8041abc064f6,6a9a552c-870e-5cd3-b409-273d6c5865eb,14,0.8597185776257013,"[""gaya_favorit"", ""seniman_naik_daun"", ""pernah_beli_seniman""]",model,klasifikasi-v1,2026-10-05T15:16:10Z
45eeb1ae-c130-5872-b1d9-8041abc064f6,231b14d2-2e75-5193-9c40-949b484944ca,15,0.8579848487622357,"[""gaya_favorit"", ""seniman_naik_daun"", ""pernah_beli_seniman""]",model,klasifikasi-v1,2026-10-05T15:16:10Z
45eeb1ae-c130-5872-b1d9-8041abc064f6,e4e1ce05-e95f-55ae-95fd-b46c0e364e4d,16,0.8562551535721757,"[""gaya_favorit"", ""seniman_naik_daun"", ""pernah_beli_seniman""]",model,klasifikasi-v1,2026-10-05T15:16:10Z
45eeb1ae-c130-5872-b1d9-8041abc064f6,5a1a4eef-6e5c-5c41-a684-b8d3c8592d61,17,0.8136524988384028,"[""gaya_favorit"", ""seniman_naik_daun"", ""pernah_beli_seniman""]",model,klasifikasi-v1,2026-10-05T15:16:10Z
45eeb1ae-c130-5872-b1d9-8041abc064f6,b82ffac4-9b18-5129-bb4f-76d6267ef825,18,0.7054974169837384,"[""gaya_favorit"", ""seniman_naik_daun"", ""pernah_beli_seniman""]",model,klasifikasi-v1,2026-10-05T15:16:10Z
45eeb1ae-c130-5872-b1d9-8041abc064f6,b9dedd53-be7d-57b2-b7f4-3f22a31efa0b,19,0.6255536842580077,"[""gaya_favorit"", ""seniman_naik_daun"", ""pernah_beli_seniman""]",model,klasifikasi-v1,2026-10-05T15:16:10Z
45eeb1ae-c130-5872-b1d9-8041abc064f6,a8ac835e-5aad-57f7-aa47-99b583d02392,20,0.6114051420479212,"[""seniman_naik_daun"", ""pernah_beli_seniman""]",model,klasifikasi-v1,2026-10-05T15:16:10Z
e5e5eb9a-9860-5a17-a97b-9f9dfd82e386,556ac5bd-b36f-5124-8750-d92fefc82d2d,1,0.7200151419431401,"[""harga_sesuai"", ""pernah_beli_seniman"", ""karya_baru""]",model,klasifikasi-v1,2026-10-05T15:16:10Z
e5e5eb9a-9860-5a17-a97b-9f9dfd82e386,a724961d-392c-586e-9da5-8e9342c6fd29,2,0.7149672365048231,"[""pernah_beli_seniman"", ""karya_baru""]",model,klasifikasi-v1,2026-10-05T15:16:10Z
e5e5eb9a-9860-5a17-a97b-9f9dfd82e386,c5d03f92-aa6d-5593-928e-3b2857ad1853,3,0.6844967524789732,"[""gaya_favorit"", ""harga_sesuai"", ""pernah_beli_seniman""]",model,klasifikasi-v1,2026-10-05T15:16:10Z
e5e5eb9a-9860-5a17-a97b-9f9dfd82e386,6ab910ee-99bd-5039-9bf7-2e6828f994a7,4,0.6291229310254273,"[""harga_sesuai"", ""gaya_ramai"", ""pernah_beli_seniman""]",model,klasifikasi-v1,2026-10-05T15:16:10Z
e5e5eb9a-9860-5a17-a97b-9f9dfd82e386,376f20b3-cf69-518a-95e4-669f8fe7fe40,5,0.6219193305877123,"[""harga_sesuai"", ""pernah_beli_seniman""]",model,klasifikasi-v1,2026-10-05T15:16:10Z
e5e5eb9a-9860-5a17-a97b-9f9dfd82e386,6f5c741f-0fc0-523d-80e7-bce5940b7e1c,6,0.6089492778266581,"[""harga_sesuai""]",model,klasifikasi-v1,2026-10-05T15:16:10Z
e5e5eb9a-9860-5a17-a97b-9f9dfd82e386,f60efa69-e980-54e3-9729-e98c5f2fc78f,7,0.6064255104495981,"[""harga_sesuai"", ""pernah_beli_seniman""]",model,klasifikasi-v1,2026-10-05T15:16:10Z
e5e5eb9a-9860-5a17-a97b-9f9dfd82e386,300ebf50-b10d-5efa-8722-a252a80b4557,8,0.5786361631492433,"[""harga_sesuai"", ""pernah_beli_seniman""]",model,klasifikasi-v1,2026-10-05T15:16:10Z
e5e5eb9a-9860-5a17-a97b-9f9dfd82e386,80d6863c-4309-5881-81cd-79e0a6aa59a3,9,0.5780703850902186,"[""harga_sesuai""]",model,klasifikasi-v1,2026-10-05T15:16:10Z
e5e5eb9a-9860-5a17-a97b-9f9dfd82e386,ded10c02-e3db-542d-8ff2-e0ab8c159069,10,0.5758295982904234,[],model,klasifikasi-v1,2026-10-05T15:16:10Z
e5e5eb9a-9860-5a17-a97b-9f9dfd82e386,f01a7b2c-1e11-597c-afeb-96705f31b4d5,11,0.573403434183219,"[""harga_sesuai"", ""gaya_ramai"", ""pernah_beli_seniman""]",model,klasifikasi-v1,2026-10-05T15:16:10Z
e5e5eb9a-9860-5a17-a97b-9f9dfd82e386,866197c9-41b8-58ae-af14-976c6a847c11,12,0.5733924337967686,"[""harga_sesuai"", ""gaya_ramai""]",model,klasifikasi-v1,2026-10-05T15:16:10Z
e5e5eb9a-9860-5a17-a97b-9f9dfd82e386,6fa02afc-54a1-5e3b-a9b8-477cfb40791d,13,0.5707903921827332,"[""harga_sesuai"", ""pernah_beli_seniman""]",model,klasifikasi-v1,2026-10-05T15:16:10Z
e5e5eb9a-9860-5a17-a97b-9f9dfd82e386,0e102d63-ff8f-5e6b-bbdc-2a5d6e668cb1,14,0.5645899208605258,"[""harga_sesuai""]",model,klasifikasi-v1,2026-10-05T15:16:10Z
e5e5eb9a-9860-5a17-a97b-9f9dfd82e386,34f160b0-2ebd-5b4b-abbf-d9e60acd2b35,15,0.5571373322752018,"[""gaya_ramai""]",model,klasifikasi-v1,2026-10-05T15:16:10Z
e5e5eb9a-9860-5a17-a97b-9f9dfd82e386,9bdbffa3-5922-5d4c-a5b3-080cfb23f84c,16,0.547405114542559,"[""gaya_favorit"", ""pernah_beli_seniman""]",model,klasifikasi-v1,2026-10-05T15:16:10Z
e5e5eb9a-9860-5a17-a97b-9f9dfd82e386,e15ac87c-418d-5877-b3de-5f27acd81302,17,0.5434306662646368,"[""harga_sesuai"", ""gaya_ramai""]",model,klasifikasi-v1,2026-10-05T15:16:10Z
e5e5eb9a-9860-5a17-a97b-9f9dfd82e386,af058c54-328b-50b1-aa59-1ed52ef4b398,18,0.5417019596115981,"[""pernah_beli_seniman""]",model,klasifikasi-v1,2026-10-05T15:16:10Z
e5e5eb9a-9860-5a17-a97b-9f9dfd82e386,de0649c2-892b-5173-87f3-b53210592193,19,0.540083465225667,"[""harga_sesuai"", ""gaya_ramai""]",model,klasifikasi-v1,2026-10-05T15:16:10Z
e5e5eb9a-9860-5a17-a97b-9f9dfd82e386,ddc6295d-239d-589a-9714-9e4d1b9fb3f9,20,0.5306741480947549,"[""pernah_beli_seniman""]",model,klasifikasi-v1,2026-10-05T15:16:10Z
788677ac-73c2-5563-a331-b3e7bdad68a9,79e25e0d-2c04-5f90-9130-3f1d94125223,1,0.9356352672752115,"[""gaya_favorit"", ""seniman_naik_daun"", ""pernah_beli_seniman"", ""karya_baru""]",model,klasifikasi-v1,2026-10-05T15:16:10Z
788677ac-73c2-5563-a331-b3e7bdad68a9,88258c73-bb7b-51e8-824e-bc2ca0b939b8,2,0.9224128708850816,"[""gaya_favorit"", ""seniman_naik_daun"", ""pernah_beli_seniman"", ""karya_baru""]",model,klasifikasi-v1,2026-10-05T15:16:10Z
788677ac-73c2-5563-a331-b3e7bdad68a9,df002552-8f03-5997-b452-e24a915621dd,3,0.9022100770440901,"[""gaya_favorit"", ""seniman_naik_daun"", ""pernah_beli_seniman""]",model,klasifikasi-v1,2026-10-05T15:16:10Z
788677ac-73c2-5563-a331-b3e7bdad68a9,07d19c93-c674-54cb-9448-012eb1b60c3f,4,0.8877013409192567,"[""gaya_favorit"", ""seniman_naik_daun"", ""pernah_beli_seniman""]",model,klasifikasi-v1,2026-10-05T15:16:10Z
788677ac-73c2-5563-a331-b3e7bdad68a9,8856b1b5-28c4-536b-9a51-9ff06bfdbd80,5,0.8741279690745287,"[""gaya_favorit"", ""seniman_naik_daun"", ""pernah_beli_seniman""]",model,klasifikasi-v1,2026-10-05T15:16:10Z
788677ac-73c2-5563-a331-b3e7bdad68a9,2d399fc1-c809-5c2a-bdaa-6e69cefe5fb1,6,0.870124186945255,"[""gaya_favorit"", ""seniman_naik_daun"", ""pernah_beli_seniman""]",model,klasifikasi-v1,2026-10-05T15:16:10Z
788677ac-73c2-5563-a331-b3e7bdad68a9,0931aca3-ffbb-57aa-b84e-284c01f774f1,7,0.8590864800726679,"[""gaya_favorit"", ""seniman_naik_daun"", ""pernah_beli_seniman""]",model,klasifikasi-v1,2026-10-05T15:16:10Z
788677ac-73c2-5563-a331-b3e7bdad68a9,8d8c6d42-894a-5d83-a68b-c458ead32750,8,0.8590661417422901,"[""gaya_favorit"", ""seniman_naik_daun"", ""pernah_beli_seniman""]",model,klasifikasi-v1,2026-10-05T15:16:10Z
788677ac-73c2-5563-a331-b3e7bdad68a9,94afa8d0-6fca-5820-9dfe-5fb67fd9b665,9,0.8561712077131398,"[""gaya_favorit"", ""seniman_naik_daun"", ""pernah_beli_seniman""]",model,klasifikasi-v1,2026-10-05T15:16:10Z
788677ac-73c2-5563-a331-b3e7bdad68a9,854f6550-ae71-509e-859c-39396df1a99e,10,0.8535838922973452,"[""gaya_favorit"", ""seniman_naik_daun"", ""pernah_beli_seniman""]",model,klasifikasi-v1,2026-10-05T15:16:10Z
788677ac-73c2-5563-a331-b3e7bdad68a9,0bc9d34a-7f95-5dee-beb4-55f3af9b97c9,11,0.8492683474486222,"[""gaya_favorit"", ""seniman_naik_daun"", ""pernah_beli_seniman""]",model,klasifikasi-v1,2026-10-05T15:16:10Z
788677ac-73c2-5563-a331-b3e7bdad68a9,6a9a552c-870e-5cd3-b409-273d6c5865eb,12,0.8487747143589485,"[""gaya_favorit"", ""seniman_naik_daun"", ""pernah_beli_seniman""]",model,klasifikasi-v1,2026-10-05T15:16:10Z
788677ac-73c2-5563-a331-b3e7bdad68a9,1af0200c-a8bf-593f-8cb6-4f759b5f5ac1,13,0.8386609182415224,"[""gaya_favorit"", ""seniman_naik_daun"", ""pernah_beli_seniman""]",model,klasifikasi-v1,2026-10-05T15:16:10Z
788677ac-73c2-5563-a331-b3e7bdad68a9,04393ef2-a47c-5658-89fa-61d255a593b4,14,0.8257216967562675,"[""gaya_favorit"", ""seniman_naik_daun"", ""pernah_beli_seniman""]",model,klasifikasi-v1,2026-10-05T15:16:10Z
788677ac-73c2-5563-a331-b3e7bdad68a9,231b14d2-2e75-5193-9c40-949b484944ca,15,0.8056378276800267,"[""gaya_favorit"", ""seniman_naik_daun"", ""pernah_beli_seniman""]",model,klasifikasi-v1,2026-10-05T15:16:10Z
788677ac-73c2-5563-a331-b3e7bdad68a9,e4e1ce05-e95f-55ae-95fd-b46c0e364e4d,16,0.7909131996425377,"[""gaya_favorit"", ""seniman_naik_daun"", ""pernah_beli_seniman""]",model,klasifikasi-v1,2026-10-05T15:16:10Z
788677ac-73c2-5563-a331-b3e7bdad68a9,5a1a4eef-6e5c-5c41-a684-b8d3c8592d61,17,0.743981546909514,"[""gaya_favorit"", ""seniman_naik_daun"", ""pernah_beli_seniman""]",model,klasifikasi-v1,2026-10-05T15:16:10Z
788677ac-73c2-5563-a331-b3e7bdad68a9,f303778e-fffb-5010-a42b-73c993e4ecc0,18,0.6252353338737823,"[""gaya_favorit""]",model,klasifikasi-v1,2026-10-05T15:16:10Z
788677ac-73c2-5563-a331-b3e7bdad68a9,b9dedd53-be7d-57b2-b7f4-3f22a31efa0b,19,0.6034178621984365,"[""gaya_favorit"", ""seniman_naik_daun"", ""pernah_beli_seniman""]",model,klasifikasi-v1,2026-10-05T15:16:10Z
788677ac-73c2-5563-a331-b3e7bdad68a9,b0a47c6b-e49a-54f4-b8f4-8742e75228de,20,0.6008959277555618,"[""gaya_favorit""]",model,klasifikasi-v1,2026-10-05T15:16:10Z
0d183f9b-5c2d-50cd-a21b-7a4ff5175951,a724961d-392c-586e-9da5-8e9342c6fd29,1,0.6905943137395129,"[""pernah_beli_seniman"", ""karya_baru""]",model,klasifikasi-v1,2026-10-05T15:16:10Z
0d183f9b-5c2d-50cd-a21b-7a4ff5175951,0bc9d34a-7f95-5dee-beb4-55f3af9b97c9,2,0.6441379806090287,"[""seniman_naik_daun""]",model,klasifikasi-v1,2026-10-05T15:16:10Z
0d183f9b-5c2d-50cd-a21b-7a4ff5175951,ad22fc44-1c65-50c5-be50-d2e1c3bbdc50,3,0.600709821608179,"[""gaya_favorit"", ""gaya_ramai""]",model,klasifikasi-v1,2026-10-05T15:16:10Z
0d183f9b-5c2d-50cd-a21b-7a4ff5175951,ddc6295d-239d-589a-9714-9e4d1b9fb3f9,4,0.6000812074317777,"[""pernah_beli_seniman""]",model,klasifikasi-v1,2026-10-05T15:16:10Z
0d183f9b-5c2d-50cd-a21b-7a4ff5175951,6668aaa3-cf17-5996-8538-ab41cc230eab,5,0.587913306642986,"[""gaya_favorit"", ""gaya_ramai"", ""pernah_beli_seniman""]",model,klasifikasi-v1,2026-10-05T15:16:10Z
0d183f9b-5c2d-50cd-a21b-7a4ff5175951,320bd1ba-15dc-57a0-8b9b-ca2f0b67eb8a,6,0.5760215838637409,"[""gaya_favorit"", ""gaya_ramai""]",model,klasifikasi-v1,2026-10-05T15:16:10Z
0d183f9b-5c2d-50cd-a21b-7a4ff5175951,21d58bce-aee7-5c2c-9757-2101e0911a9e,7,0.5742062245859014,[],model,klasifikasi-v1,2026-10-05T15:16:10Z
0d183f9b-5c2d-50cd-a21b-7a4ff5175951,ded10c02-e3db-542d-8ff2-e0ab8c159069,8,0.5712430807959745,"[""harga_sesuai""]",model,klasifikasi-v1,2026-10-05T15:16:10Z
0d183f9b-5c2d-50cd-a21b-7a4ff5175951,1af0200c-a8bf-593f-8cb6-4f759b5f5ac1,9,0.571058829487428,"[""seniman_naik_daun""]",model,klasifikasi-v1,2026-10-05T15:16:10Z
0d183f9b-5c2d-50cd-a21b-7a4ff5175951,0242a481-31c2-55aa-92b4-ebebc6011a7c,10,0.5679781599858337,"[""pernah_beli_seniman""]",model,klasifikasi-v1,2026-10-05T15:16:10Z
0d183f9b-5c2d-50cd-a21b-7a4ff5175951,46f27d0f-be60-514a-93e6-8f28a761a005,11,0.5600728386720126,"[""gaya_favorit"", ""gaya_ramai""]",model,klasifikasi-v1,2026-10-05T15:16:10Z
0d183f9b-5c2d-50cd-a21b-7a4ff5175951,54fdf259-6487-562b-912f-ac0e1163f187,12,0.5555894041728539,"[""gaya_favorit"", ""gaya_ramai""]",model,klasifikasi-v1,2026-10-05T15:16:10Z
0d183f9b-5c2d-50cd-a21b-7a4ff5175951,224ba711-c5ff-581d-be53-1872a1df84ca,13,0.5513807576205455,"[""seniman_naik_daun""]",model,klasifikasi-v1,2026-10-05T15:16:10Z
0d183f9b-5c2d-50cd-a21b-7a4ff5175951,f01a7b2c-1e11-597c-afeb-96705f31b4d5,14,0.5470660895717618,"[""gaya_favorit"", ""harga_sesuai"", ""gaya_ramai"", ""pernah_beli_seniman""]",model,klasifikasi-v1,2026-10-05T15:16:10Z
0d183f9b-5c2d-50cd-a21b-7a4ff5175951,b93ca27f-2a5c-5964-a7c6-97f8d7bd6529,15,0.5382290221186204,"[""pernah_beli_seniman""]",model,klasifikasi-v1,2026-10-05T15:16:10Z
0d183f9b-5c2d-50cd-a21b-7a4ff5175951,3d61eac2-6d83-5347-9d59-799ac69edc5a,16,0.5363214348970275,"[""harga_sesuai"", ""pernah_beli_seniman""]",model,klasifikasi-v1,2026-10-05T15:16:10Z
0d183f9b-5c2d-50cd-a21b-7a4ff5175951,556ac5bd-b36f-5124-8750-d92fefc82d2d,17,0.5361078659122344,"[""harga_sesuai"", ""pernah_beli_seniman"", ""karya_baru""]",model,klasifikasi-v1,2026-10-05T15:16:10Z
0d183f9b-5c2d-50cd-a21b-7a4ff5175951,665144d1-d237-5681-9c1b-d82ab31ff866,18,0.5317999202804196,"[""pernah_beli_seniman""]",model,klasifikasi-v1,2026-10-05T15:16:10Z
0d183f9b-5c2d-50cd-a21b-7a4ff5175951,300ebf50-b10d-5efa-8722-a252a80b4557,19,0.5284269720336824,"[""harga_sesuai"", ""pernah_beli_seniman""]",model,klasifikasi-v1,2026-10-05T15:16:10Z
0d183f9b-5c2d-50cd-a21b-7a4ff5175951,ab56a64c-b79d-5092-8002-0652f839ad06,20,0.5276645012425916,"[""harga_sesuai"", ""pernah_beli_seniman""]",model,klasifikasi-v1,2026-10-05T15:16:10Z
2018a5c1-d714-585e-bb52-6832118f2741,c5d03f92-aa6d-5593-928e-3b2857ad1853,1,0.8260598543079837,"[""gaya_favorit"", ""harga_sesuai"", ""pernah_beli_seniman""]",model,klasifikasi-v1,2026-10-05T15:16:10Z
2018a5c1-d714-585e-bb52-6832118f2741,6c354900-b80d-56b8-8adc-7a97a366f095,2,0.6948620915190324,"[""gaya_favorit"", ""harga_sesuai"", ""pernah_beli_seniman""]",model,klasifikasi-v1,2026-10-05T15:16:10Z
2018a5c1-d714-585e-bb52-6832118f2741,b82ffac4-9b18-5129-bb4f-76d6267ef825,3,0.6851328161757887,"[""harga_sesuai"", ""seniman_naik_daun"", ""pernah_beli_seniman""]",model,klasifikasi-v1,2026-10-05T15:16:10Z
2018a5c1-d714-585e-bb52-6832118f2741,0bc9d34a-7f95-5dee-beb4-55f3af9b97c9,4,0.6693095960091577,"[""seniman_naik_daun"", ""pernah_beli_seniman""]",model,klasifikasi-v1,2026-10-05T15:16:10Z
2018a5c1-d714-585e-bb52-6832118f2741,4c6861aa-290c-53f1-808e-3e6cbd17a516,5,0.6190939661263613,"[""gaya_favorit"", ""karya_baru""]",model,klasifikasi-v1,2026-10-05T15:16:10Z
2018a5c1-d714-585e-bb52-6832118f2741,88258c73-bb7b-51e8-824e-bc2ca0b939b8,6,0.6117672551027359,"[""seniman_naik_daun"", ""pernah_beli_seniman"", ""karya_baru""]",model,klasifikasi-v1,2026-10-05T15:16:10Z
2018a5c1-d714-585e-bb52-6832118f2741,ded10c02-e3db-542d-8ff2-e0ab8c159069,7,0.60769947129821,"[""harga_sesuai""]",model,klasifikasi-v1,2026-10-05T15:16:10Z
2018a5c1-d714-585e-bb52-6832118f2741,e4e1ce05-e95f-55ae-95fd-b46c0e364e4d,8,0.6059365130634776,"[""seniman_naik_daun"", ""pernah_beli_seniman""]",model,klasifikasi-v1,2026-10-05T15:16:10Z
2018a5c1-d714-585e-bb52-6832118f2741,79e25e0d-2c04-5f90-9130-3f1d94125223,9,0.5727323264481179,"[""seniman_naik_daun"", ""pernah_beli_seniman"", ""karya_baru""]",model,klasifikasi-v1,2026-10-05T15:16:10Z
2018a5c1-d714-585e-bb52-6832118f2741,0e102d63-ff8f-5e6b-bbdc-2a5d6e668cb1,10,0.5688808146795484,"[""harga_sesuai""]",model,klasifikasi-v1,2026-10-05T15:16:10Z
2018a5c1-d714-585e-bb52-6832118f2741,ad125fa1-29b2-52fe-b8e0-9e56468c2476,11,0.5607208134261122,"[""gaya_favorit"", ""seniman_naik_daun""]",model,klasifikasi-v1,2026-10-05T15:16:10Z
2018a5c1-d714-585e-bb52-6832118f2741,1af0200c-a8bf-593f-8cb6-4f759b5f5ac1,12,0.5525251431556593,"[""seniman_naik_daun"", ""pernah_beli_seniman""]",model,klasifikasi-v1,2026-10-05T15:16:10Z
2018a5c1-d714-585e-bb52-6832118f2741,f01a7b2c-1e11-597c-afeb-96705f31b4d5,13,0.5432657896284546,"[""harga_sesuai"", ""gaya_ramai"", ""pernah_beli_seniman""]",model,klasifikasi-v1,2026-10-05T15:16:10Z
2018a5c1-d714-585e-bb52-6832118f2741,6f5c741f-0fc0-523d-80e7-bce5940b7e1c,14,0.525579298233917,"[""harga_sesuai""]",model,klasifikasi-v1,2026-10-05T15:16:10Z
2018a5c1-d714-585e-bb52-6832118f2741,231b14d2-2e75-5193-9c40-949b484944ca,15,0.5192823265014385,"[""seniman_naik_daun"", ""pernah_beli_seniman""]",model,klasifikasi-v1,2026-10-05T15:16:10Z
2018a5c1-d714-585e-bb52-6832118f2741,1b284f0a-4933-57f5-a5d9-d38488a7227c,16,0.5183915766489655,"[""harga_sesuai""]",model,klasifikasi-v1,2026-10-05T15:16:10Z
2018a5c1-d714-585e-bb52-6832118f2741,3d61eac2-6d83-5347-9d59-799ac69edc5a,17,0.49605725470850415,"[""harga_sesuai""]",model,klasifikasi-v1,2026-10-05T15:16:10Z
2018a5c1-d714-585e-bb52-6832118f2741,556ac5bd-b36f-5124-8750-d92fefc82d2d,18,0.4859792585015431,"[""harga_sesuai"", ""karya_baru""]",model,klasifikasi-v1,2026-10-05T15:16:10Z
2018a5c1-d714-585e-bb52-6832118f2741,a724961d-392c-586e-9da5-8e9342c6fd29,19,0.4787401473941813,"[""karya_baru""]",model,klasifikasi-v1,2026-10-05T15:16:10Z
2018a5c1-d714-585e-bb52-6832118f2741,80d6863c-4309-5881-81cd-79e0a6aa59a3,20,0.4771425321834951,"[""harga_sesuai""]",model,klasifikasi-v1,2026-10-05T15:16:10Z
1abd8d19-9a49-5833-aba9-6f3a70b537f2,79e25e0d-2c04-5f90-9130-3f1d94125223,1,0.828811075765032,"[""harga_sesuai"", ""seniman_naik_daun"", ""pernah_beli_seniman"", ""karya_baru""]",model,klasifikasi-v1,2026-10-05T15:16:10Z
1abd8d19-9a49-5833-aba9-6f3a70b537f2,a8ac835e-5aad-57f7-aa47-99b583d02392,2,0.7619499880810643,"[""gaya_favorit"", ""harga_sesuai"", ""seniman_naik_daun"", ""pernah_beli_seniman""]",model,klasifikasi-v1,2026-10-05T15:16:10Z
1abd8d19-9a49-5833-aba9-6f3a70b537f2,07d19c93-c674-54cb-9448-012eb1b60c3f,3,0.75042880333021,"[""harga_sesuai"", ""seniman_naik_daun"", ""pernah_beli_seniman""]",model,klasifikasi-v1,2026-10-05T15:16:10Z
1abd8d19-9a49-5833-aba9-6f3a70b537f2,88258c73-bb7b-51e8-824e-bc2ca0b939b8,4,0.7395081692886781,"[""harga_sesuai"", ""seniman_naik_daun"", ""pernah_beli_seniman"", ""karya_baru""]",model,klasifikasi-v1,2026-10-05T15:16:10Z
1abd8d19-9a49-5833-aba9-6f3a70b537f2,0931aca3-ffbb-57aa-b84e-284c01f774f1,5,0.7129373514273478,"[""harga_sesuai"", ""seniman_naik_daun"", ""pernah_beli_seniman""]",model,klasifikasi-v1,2026-10-05T15:16:10Z
1abd8d19-9a49-5833-aba9-6f3a70b537f2,6a9a552c-870e-5cd3-b409-273d6c5865eb,6,0.7121589665421311,"[""harga_sesuai"", ""seniman_naik_daun"", ""pernah_beli_seniman""]",model,klasifikasi-v1,2026-10-05T15:16:10Z
1abd8d19-9a49-5833-aba9-6f3a70b537f2,2d399fc1-c809-5c2a-bdaa-6e69cefe5fb1,7,0.7110622821316487,"[""harga_sesuai"", ""seniman_naik_daun"", ""pernah_beli_seniman""]",model,klasifikasi-v1,2026-10-05T15:16:10Z
1abd8d19-9a49-5833-aba9-6f3a70b537f2,94afa8d0-6fca-5820-9dfe-5fb67fd9b665,8,0.6907606393691188,"[""harga_sesuai"", ""seniman_naik_daun"", ""pernah_beli_seniman""]",model,klasifikasi-v1,2026-10-05T15:16:10Z
1abd8d19-9a49-5833-aba9-6f3a70b537f2,d08e8450-729f-5c84-b7fb-cbf19ed311d1,9,0.6824548801885002,"[""gaya_favorit"", ""harga_sesuai"", ""seniman_naik_daun"", ""pernah_beli_seniman""]",model,klasifikasi-v1,2026-10-05T15:16:10Z
1abd8d19-9a49-5833-aba9-6f3a70b537f2,8d8c6d42-894a-5d83-a68b-c458ead32750,10,0.6715690809389386,"[""harga_sesuai"", ""seniman_naik_daun"", ""pernah_beli_seniman""]",model,klasifikasi-v1,2026-10-05T15:16:10Z
1abd8d19-9a49-5833-aba9-6f3a70b537f2,df002552-8f03-5997-b452-e24a915621dd,11,0.6651218676753329,"[""harga_sesuai"", ""seniman_naik_daun"", ""pernah_beli_seniman""]",model,klasifikasi-v1,2026-10-05T15:16:10Z
1abd8d19-9a49-5833-aba9-6f3a70b537f2,b116070e-6e10-5b4c-8bc1-f41ce97a6883,12,0.6633365524188812,"[""gaya_favorit"", ""harga_sesuai"", ""seniman_naik_daun"", ""pernah_beli_seniman"", ""karya_baru""]",model,klasifikasi-v1,2026-10-05T15:16:10Z
1abd8d19-9a49-5833-aba9-6f3a70b537f2,8856b1b5-28c4-536b-9a51-9ff06bfdbd80,13,0.6633211638700576,"[""harga_sesuai"", ""seniman_naik_daun"", ""pernah_beli_seniman""]",model,klasifikasi-v1,2026-10-05T15:16:10Z
1abd8d19-9a49-5833-aba9-6f3a70b537f2,224ba711-c5ff-581d-be53-1872a1df84ca,14,0.6509258477529858,"[""gaya_favorit"", ""seniman_naik_daun"", ""pernah_beli_seniman""]",model,klasifikasi-v1,2026-10-05T15:16:10Z
1abd8d19-9a49-5833-aba9-6f3a70b537f2,04393ef2-a47c-5658-89fa-61d255a593b4,15,0.6402814853803903,"[""harga_sesuai"", ""seniman_naik_daun"", ""pernah_beli_seniman""]",model,klasifikasi-v1,2026-10-05T15:16:10Z
1abd8d19-9a49-5833-aba9-6f3a70b537f2,016679fd-f015-5c7e-b41e-f69d95c9d91a,16,0.6379760794032293,"[""gaya_favorit"", ""harga_sesuai"", ""seniman_naik_daun"", ""pernah_beli_seniman""]",model,klasifikasi-v1,2026-10-05T15:16:10Z
1abd8d19-9a49-5833-aba9-6f3a70b537f2,0bc9d34a-7f95-5dee-beb4-55f3af9b97c9,17,0.6276299269278383,"[""seniman_naik_daun"", ""pernah_beli_seniman""]",model,klasifikasi-v1,2026-10-05T15:16:10Z
1abd8d19-9a49-5833-aba9-6f3a70b537f2,1af0200c-a8bf-593f-8cb6-4f759b5f5ac1,18,0.6190616906268279,"[""seniman_naik_daun"", ""pernah_beli_seniman""]",model,klasifikasi-v1,2026-10-05T15:16:10Z
1abd8d19-9a49-5833-aba9-6f3a70b537f2,854f6550-ae71-509e-859c-39396df1a99e,19,0.6165197257198033,"[""harga_sesuai"", ""seniman_naik_daun"", ""pernah_beli_seniman""]",model,klasifikasi-v1,2026-10-05T15:16:10Z
1abd8d19-9a49-5833-aba9-6f3a70b537f2,16f72504-2d49-5ca7-9355-34533c8b0016,20,0.5857988330013543,"[""gaya_favorit"", ""harga_sesuai"", ""pernah_beli_seniman""]",model,klasifikasi-v1,2026-10-05T15:16:10Z
58f42b9d-4015-51fe-8410-cefbda4f365f,556ac5bd-b36f-5124-8750-d92fefc82d2d,1,0.661692785596578,"[""pernah_beli_seniman"", ""karya_baru""]",model,klasifikasi-v1,2026-10-05T15:16:10Z
58f42b9d-4015-51fe-8410-cefbda4f365f,a724961d-392c-586e-9da5-8e9342c6fd29,2,0.638270034824297,"[""pernah_beli_seniman"", ""karya_baru""]",model,klasifikasi-v1,2026-10-05T15:16:10Z
58f42b9d-4015-51fe-8410-cefbda4f365f,88258c73-bb7b-51e8-824e-bc2ca0b939b8,3,0.6266225394408612,"[""seniman_naik_daun"", ""pernah_beli_seniman"", ""karya_baru""]",model,klasifikasi-v1,2026-10-05T15:16:10Z
58f42b9d-4015-51fe-8410-cefbda4f365f,376f20b3-cf69-518a-95e4-669f8fe7fe40,4,0.6078740293539004,"[""pernah_beli_seniman""]",model,klasifikasi-v1,2026-10-05T15:16:10Z
58f42b9d-4015-51fe-8410-cefbda4f365f,300ebf50-b10d-5efa-8722-a252a80b4557,5,0.6019860669323384,"[""harga_sesuai"", ""pernah_beli_seniman""]",model,klasifikasi-v1,2026-10-05T15:16:10Z
58f42b9d-4015-51fe-8410-cefbda4f365f,1b284f0a-4933-57f5-a5d9-d38488a7227c,6,0.6015358951404096,"[""harga_sesuai"", ""pernah_beli_seniman""]",model,klasifikasi-v1,2026-10-05T15:16:10Z
58f42b9d-4015-51fe-8410-cefbda4f365f,0e102d63-ff8f-5e6b-bbdc-2a5d6e668cb1,7,0.6010228265596995,"[""harga_sesuai"", ""pernah_beli_seniman""]",model,klasifikasi-v1,2026-10-05T15:16:10Z
58f42b9d-4015-51fe-8410-cefbda4f365f,f60efa69-e980-54e3-9729-e98c5f2fc78f,8,0.587164057299083,"[""harga_sesuai"", ""pernah_beli_seniman""]",model,klasifikasi-v1,2026-10-05T15:16:10Z
58f42b9d-4015-51fe-8410-cefbda4f365f,6f5c741f-0fc0-523d-80e7-bce5940b7e1c,9,0.58416857515959,"[""pernah_beli_seniman""]",model,klasifikasi-v1,2026-10-05T15:16:10Z
58f42b9d-4015-51fe-8410-cefbda4f365f,ddc6295d-239d-589a-9714-9e4d1b9fb3f9,10,0.5834046239529369,"[""harga_sesuai"", ""pernah_beli_seniman""]",model,klasifikasi-v1,2026-10-05T15:16:10Z
58f42b9d-4015-51fe-8410-cefbda4f365f,80d6863c-4309-5881-81cd-79e0a6aa59a3,11,0.5782182965031609,"[""pernah_beli_seniman""]",model,klasifikasi-v1,2026-10-05T15:16:10Z
58f42b9d-4015-51fe-8410-cefbda4f365f,ded10c02-e3db-542d-8ff2-e0ab8c159069,12,0.575723752327462,"[""harga_sesuai"", ""pernah_beli_seniman""]",model,klasifikasi-v1,2026-10-05T15:16:10Z
58f42b9d-4015-51fe-8410-cefbda4f365f,b82ffac4-9b18-5129-bb4f-76d6267ef825,13,0.5567541368349558,"[""harga_sesuai"", ""seniman_naik_daun"", ""pernah_beli_seniman""]",model,klasifikasi-v1,2026-10-05T15:16:10Z
58f42b9d-4015-51fe-8410-cefbda4f365f,af058c54-328b-50b1-aa59-1ed52ef4b398,14,0.5549069657996956,"[""harga_sesuai"", ""pernah_beli_seniman""]",model,klasifikasi-v1,2026-10-05T15:16:10Z
58f42b9d-4015-51fe-8410-cefbda4f365f,0bc9d34a-7f95-5dee-beb4-55f3af9b97c9,15,0.5542774399100286,"[""seniman_naik_daun"", ""pernah_beli_seniman""]",model,klasifikasi-v1,2026-10-05T15:16:10Z
58f42b9d-4015-51fe-8410-cefbda4f365f,0242a481-31c2-55aa-92b4-ebebc6011a7c,16,0.5528479717964297,"[""pernah_beli_seniman""]",model,klasifikasi-v1,2026-10-05T15:16:10Z
58f42b9d-4015-51fe-8410-cefbda4f365f,b93ca27f-2a5c-5964-a7c6-97f8d7bd6529,17,0.5460029741017801,"[""harga_sesuai"", ""pernah_beli_seniman""]",model,klasifikasi-v1,2026-10-05T15:16:10Z
58f42b9d-4015-51fe-8410-cefbda4f365f,f01a7b2c-1e11-597c-afeb-96705f31b4d5,18,0.5290268236559088,"[""gaya_favorit"", ""harga_sesuai"", ""gaya_ramai"", ""pernah_beli_seniman""]",model,klasifikasi-v1,2026-10-05T15:16:10Z
58f42b9d-4015-51fe-8410-cefbda4f365f,665144d1-d237-5681-9c1b-d82ab31ff866,19,0.5230379899062451,"[""pernah_beli_seniman""]",model,klasifikasi-v1,2026-10-05T15:16:10Z
58f42b9d-4015-51fe-8410-cefbda4f365f,1af0200c-a8bf-593f-8cb6-4f759b5f5ac1,20,0.5216951570349041,"[""seniman_naik_daun"", ""pernah_beli_seniman""]",model,klasifikasi-v1,2026-10-05T15:16:10Z
7cb4d2fb-3679-51b5-8896-f934faf8254c,88258c73-bb7b-51e8-824e-bc2ca0b939b8,1,0.5912539630632508,"[""seniman_naik_daun"", ""karya_baru""]",model,klasifikasi-v1,2026-10-05T15:16:10Z
7cb4d2fb-3679-51b5-8896-f934faf8254c,0bc9d34a-7f95-5dee-beb4-55f3af9b97c9,2,0.5864419999419747,"[""seniman_naik_daun""]",model,klasifikasi-v1,2026-10-05T15:16:10Z
7cb4d2fb-3679-51b5-8896-f934faf8254c,79e25e0d-2c04-5f90-9130-3f1d94125223,3,0.5787490036866939,"[""seniman_naik_daun"", ""karya_baru""]",model,klasifikasi-v1,2026-10-05T15:16:10Z
7cb4d2fb-3679-51b5-8896-f934faf8254c,21d58bce-aee7-5c2c-9757-2101e0911a9e,4,0.5704846502145535,"[""harga_sesuai"", ""pernah_beli_seniman""]",model,klasifikasi-v1,2026-10-05T15:16:10Z
7cb4d2fb-3679-51b5-8896-f934faf8254c,ded10c02-e3db-542d-8ff2-e0ab8c159069,5,0.5637289273551226,"[""harga_sesuai"", ""pernah_beli_seniman""]",model,klasifikasi-v1,2026-10-05T15:16:10Z
7cb4d2fb-3679-51b5-8896-f934faf8254c,1af0200c-a8bf-593f-8cb6-4f759b5f5ac1,6,0.5565659173406753,"[""harga_sesuai"", ""seniman_naik_daun""]",model,klasifikasi-v1,2026-10-05T15:16:10Z
7cb4d2fb-3679-51b5-8896-f934faf8254c,c5d03f92-aa6d-5593-928e-3b2857ad1853,7,0.5478139506208128,"[""pernah_beli_seniman""]",model,klasifikasi-v1,2026-10-05T15:16:10Z
7cb4d2fb-3679-51b5-8896-f934faf8254c,7ba04b01-9924-5de2-9ea7-9d0e178b5a76,8,0.5400343584139251,"[""harga_sesuai"", ""pernah_beli_seniman""]",model,klasifikasi-v1,2026-10-05T15:16:10Z
7cb4d2fb-3679-51b5-8896-f934faf8254c,231b14d2-2e75-5193-9c40-949b484944ca,9,0.5263963330266315,"[""harga_sesuai"", ""seniman_naik_daun""]",model,klasifikasi-v1,2026-10-05T15:16:10Z
7cb4d2fb-3679-51b5-8896-f934faf8254c,2c540a0c-a2ff-5f37-ba88-a5ad28626312,10,0.5261406651946328,"[""harga_sesuai"", ""gaya_ramai"", ""pernah_beli_seniman""]",model,klasifikasi-v1,2026-10-05T15:16:10Z
7cb4d2fb-3679-51b5-8896-f934faf8254c,e4e1ce05-e95f-55ae-95fd-b46c0e364e4d,11,0.5210377069352629,"[""harga_sesuai"", ""seniman_naik_daun""]",model,klasifikasi-v1,2026-10-05T15:16:10Z
7cb4d2fb-3679-51b5-8896-f934faf8254c,866197c9-41b8-58ae-af14-976c6a847c11,12,0.5152441308838711,"[""gaya_ramai""]",model,klasifikasi-v1,2026-10-05T15:16:10Z
7cb4d2fb-3679-51b5-8896-f934faf8254c,a724961d-392c-586e-9da5-8e9342c6fd29,13,0.5142514674092822,"[""harga_sesuai"", ""pernah_beli_seniman"", ""karya_baru""]",model,klasifikasi-v1,2026-10-05T15:16:10Z
7cb4d2fb-3679-51b5-8896-f934faf8254c,d48d3793-0d94-54bf-8cd8-bd45835a8231,14,0.5093716953243448,"[""harga_sesuai"", ""gaya_ramai"", ""pernah_beli_seniman""]",model,klasifikasi-v1,2026-10-05T15:16:10Z
7cb4d2fb-3679-51b5-8896-f934faf8254c,224ba711-c5ff-581d-be53-1872a1df84ca,15,0.5030406511192617,"[""seniman_naik_daun""]",model,klasifikasi-v1,2026-10-05T15:16:10Z
7cb4d2fb-3679-51b5-8896-f934faf8254c,8856b1b5-28c4-536b-9a51-9ff06bfdbd80,16,0.5009668995698043,"[""seniman_naik_daun""]",model,klasifikasi-v1,2026-10-05T15:16:10Z
7cb4d2fb-3679-51b5-8896-f934faf8254c,f1067009-38fa-5639-9333-76bfb4dff9dc,17,0.4814016969668983,"[""harga_sesuai"", ""gaya_ramai""]",model,klasifikasi-v1,2026-10-05T15:16:10Z
7cb4d2fb-3679-51b5-8896-f934faf8254c,e89190bd-8eed-5643-a0b5-a9131e54c6a9,18,0.48133662866705174,"[""pernah_beli_seniman""]",model,klasifikasi-v1,2026-10-05T15:16:10Z
7cb4d2fb-3679-51b5-8896-f934faf8254c,6668aaa3-cf17-5996-8538-ab41cc230eab,19,0.4791271485144365,"[""gaya_favorit"", ""gaya_ramai"", ""pernah_beli_seniman""]",model,klasifikasi-v1,2026-10-05T15:16:10Z
7cb4d2fb-3679-51b5-8896-f934faf8254c,ad125fa1-29b2-52fe-b8e0-9e56468c2476,20,0.47690684547701223,"[""seniman_naik_daun"", ""pernah_beli_seniman""]",model,klasifikasi-v1,2026-10-05T15:16:10Z
47912d25-6df1-5389-996c-63b4a12b0891,05f320fb-5f39-5107-a07b-43b287844058,1,0.6764723777341453,"[""gaya_favorit"", ""harga_sesuai"", ""gaya_ramai"", ""pernah_beli_seniman""]",model,klasifikasi-v1,2026-10-05T15:16:10Z
47912d25-6df1-5389-996c-63b4a12b0891,2b114701-6eaa-53bb-93f7-b655e90e143d,2,0.6573183775137216,"[""gaya_favorit"", ""harga_sesuai"", ""gaya_ramai"", ""pernah_beli_seniman""]",model,klasifikasi-v1,2026-10-05T15:16:10Z
47912d25-6df1-5389-996c-63b4a12b0891,e15ac87c-418d-5877-b3de-5f27acd81302,3,0.6416691360529612,"[""gaya_favorit"", ""harga_sesuai"", ""gaya_ramai""]",model,klasifikasi-v1,2026-10-05T15:16:10Z
47912d25-6df1-5389-996c-63b4a12b0891,ab4a3c71-9387-56bc-a801-1beeee2639d7,4,0.620151069566332,"[""gaya_favorit"", ""harga_sesuai"", ""gaya_ramai""]",model,klasifikasi-v1,2026-10-05T15:16:10Z
47912d25-6df1-5389-996c-63b4a12b0891,f45cab8f-3561-5397-9eb7-6764db930090,5,0.6106083405106406,"[""gaya_favorit"", ""harga_sesuai"", ""gaya_ramai"", ""pernah_beli_seniman""]",model,klasifikasi-v1,2026-10-05T15:16:10Z
47912d25-6df1-5389-996c-63b4a12b0891,d48d3793-0d94-54bf-8cd8-bd45835a8231,6,0.602305253492119,"[""gaya_favorit"", ""gaya_ramai""]",model,klasifikasi-v1,2026-10-05T15:16:10Z
47912d25-6df1-5389-996c-63b4a12b0891,35761db0-2c06-54dc-bda1-3a407fbac6e6,7,0.5985236364290439,"[""gaya_favorit"", ""harga_sesuai"", ""gaya_ramai"", ""pernah_beli_seniman""]",model,klasifikasi-v1,2026-10-05T15:16:10Z
47912d25-6df1-5389-996c-63b4a12b0891,34be515c-745a-552e-88f7-004446f79132,8,0.5981227373056394,"[""gaya_favorit"", ""gaya_ramai"", ""pernah_beli_seniman""]",model,klasifikasi-v1,2026-10-05T15:16:10Z
47912d25-6df1-5389-996c-63b4a12b0891,866197c9-41b8-58ae-af14-976c6a847c11,9,0.5903164256110313,"[""gaya_favorit"", ""gaya_ramai"", ""pernah_beli_seniman""]",model,klasifikasi-v1,2026-10-05T15:16:10Z
47912d25-6df1-5389-996c-63b4a12b0891,0e102d63-ff8f-5e6b-bbdc-2a5d6e668cb1,10,0.5807770894311662,"[""harga_sesuai""]",model,klasifikasi-v1,2026-10-05T15:16:10Z
47912d25-6df1-5389-996c-63b4a12b0891,63078eef-3a0a-599e-975d-9095328eea7f,11,0.5802406325639573,"[""gaya_favorit"", ""gaya_ramai"", ""pernah_beli_seniman""]",model,klasifikasi-v1,2026-10-05T15:16:10Z
47912d25-6df1-5389-996c-63b4a12b0891,2c540a0c-a2ff-5f37-ba88-a5ad28626312,12,0.5776428465498413,"[""gaya_favorit"", ""harga_sesuai"", ""gaya_ramai""]",model,klasifikasi-v1,2026-10-05T15:16:10Z
47912d25-6df1-5389-996c-63b4a12b0891,c102454b-1487-5e3c-9d31-fa4d7acbe1ec,13,0.577518381023496,"[""gaya_favorit"", ""harga_sesuai"", ""gaya_ramai"", ""pernah_beli_seniman""]",model,klasifikasi-v1,2026-10-05T15:16:10Z
47912d25-6df1-5389-996c-63b4a12b0891,de0649c2-892b-5173-87f3-b53210592193,14,0.5735180142343891,"[""gaya_favorit"", ""harga_sesuai"", ""gaya_ramai"", ""pernah_beli_seniman""]",model,klasifikasi-v1,2026-10-05T15:16:10Z
47912d25-6df1-5389-996c-63b4a12b0891,d68447f6-03c0-5053-9f02-5a417aff794d,15,0.5694728987436886,"[""gaya_favorit"", ""harga_sesuai"", ""gaya_ramai"", ""pernah_beli_seniman""]",model,klasifikasi-v1,2026-10-05T15:16:10Z
47912d25-6df1-5389-996c-63b4a12b0891,d2b19c93-3410-5803-aea2-6ea598e91ef7,16,0.5668939919240398,"[""gaya_favorit"", ""gaya_ramai"", ""pernah_beli_seniman""]",model,klasifikasi-v1,2026-10-05T15:16:10Z
47912d25-6df1-5389-996c-63b4a12b0891,95a307c1-e13a-584e-b5a7-bdb273f5d066,17,0.5569567881370022,"[""gaya_favorit"", ""harga_sesuai"", ""gaya_ramai""]",model,klasifikasi-v1,2026-10-05T15:16:10Z
47912d25-6df1-5389-996c-63b4a12b0891,34f160b0-2ebd-5b4b-abbf-d9e60acd2b35,18,0.5556355474274294,"[""gaya_favorit"", ""gaya_ramai"", ""pernah_beli_seniman""]",model,klasifikasi-v1,2026-10-05T15:16:10Z
47912d25-6df1-5389-996c-63b4a12b0891,f01a7b2c-1e11-597c-afeb-96705f31b4d5,19,0.54941588040079,"[""harga_sesuai"", ""gaya_ramai""]",model,klasifikasi-v1,2026-10-05T15:16:10Z
47912d25-6df1-5389-996c-63b4a12b0891,ded10c02-e3db-542d-8ff2-e0ab8c159069,20,0.549095854935384,"[""harga_sesuai""]",model,klasifikasi-v1,2026-10-05T15:16:10Z
d7b3f6b5-4f95-5afa-9ddf-d6eec94ce96d,88258c73-bb7b-51e8-824e-bc2ca0b939b8,1,0.6882153329185029,"[""harga_sesuai"", ""seniman_naik_daun"", ""karya_baru""]",model,klasifikasi-v1,2026-10-05T15:16:10Z
d7b3f6b5-4f95-5afa-9ddf-d6eec94ce96d,79e25e0d-2c04-5f90-9130-3f1d94125223,2,0.6823250399337294,"[""harga_sesuai"", ""seniman_naik_daun"", ""karya_baru""]",model,klasifikasi-v1,2026-10-05T15:16:10Z
d7b3f6b5-4f95-5afa-9ddf-d6eec94ce96d,8856b1b5-28c4-536b-9a51-9ff06bfdbd80,3,0.6050387818422581,"[""harga_sesuai"", ""seniman_naik_daun""]",model,klasifikasi-v1,2026-10-05T15:16:10Z
d7b3f6b5-4f95-5afa-9ddf-d6eec94ce96d,d1e98d6d-42fd-5209-a1bf-aa4aa0038bcd,4,0.6010992020850033,"[""gaya_favorit"", ""harga_sesuai"", ""pernah_beli_seniman""]",model,klasifikasi-v1,2026-10-05T15:16:10Z
d7b3f6b5-4f95-5afa-9ddf-d6eec94ce96d,df002552-8f03-5997-b452-e24a915621dd,5,0.5982448419353852,"[""harga_sesuai"", ""seniman_naik_daun""]",model,klasifikasi-v1,2026-10-05T15:16:10Z
d7b3f6b5-4f95-5afa-9ddf-d6eec94ce96d,3685e819-9202-5fc3-9d92-9508e15f3dd4,6,0.5899271401322909,"[""gaya_favorit"", ""harga_sesuai""]",model,klasifikasi-v1,2026-10-05T15:16:10Z
d7b3f6b5-4f95-5afa-9ddf-d6eec94ce96d,62029b2c-0128-5358-a814-9ad873809e20,7,0.5899164896365745,"[""gaya_favorit"", ""harga_sesuai"", ""pernah_beli_seniman""]",model,klasifikasi-v1,2026-10-05T15:16:10Z
d7b3f6b5-4f95-5afa-9ddf-d6eec94ce96d,0bc9d34a-7f95-5dee-beb4-55f3af9b97c9,8,0.5706683360631637,"[""seniman_naik_daun""]",model,klasifikasi-v1,2026-10-05T15:16:10Z
d7b3f6b5-4f95-5afa-9ddf-d6eec94ce96d,c631d926-f329-5d37-9122-e63f843fc144,9,0.5622715648314686,"[""gaya_favorit"", ""seniman_naik_daun"", ""pernah_beli_seniman""]",model,klasifikasi-v1,2026-10-05T15:16:10Z
d7b3f6b5-4f95-5afa-9ddf-d6eec94ce96d,07d19c93-c674-54cb-9448-012eb1b60c3f,10,0.5572648958005461,"[""harga_sesuai"", ""seniman_naik_daun""]",model,klasifikasi-v1,2026-10-05T15:16:10Z
d7b3f6b5-4f95-5afa-9ddf-d6eec94ce96d,a8ac835e-5aad-57f7-aa47-99b583d02392,11,0.5437565583249527,"[""seniman_naik_daun""]",model,klasifikasi-v1,2026-10-05T15:16:10Z
d7b3f6b5-4f95-5afa-9ddf-d6eec94ce96d,6a9a552c-870e-5cd3-b409-273d6c5865eb,12,0.5432331919084927,"[""harga_sesuai"", ""seniman_naik_daun""]",model,klasifikasi-v1,2026-10-05T15:16:10Z
d7b3f6b5-4f95-5afa-9ddf-d6eec94ce96d,2d399fc1-c809-5c2a-bdaa-6e69cefe5fb1,13,0.5407830475368473,"[""seniman_naik_daun""]",model,klasifikasi-v1,2026-10-05T15:16:10Z
d7b3f6b5-4f95-5afa-9ddf-d6eec94ce96d,fa66638c-6d00-5064-aa96-646be0045143,14,0.5355790622614106,"[""harga_sesuai""]",model,klasifikasi-v1,2026-10-05T15:16:10Z
d7b3f6b5-4f95-5afa-9ddf-d6eec94ce96d,7f1d56d6-c3e5-5bcd-b2c0-63a7b2514d5c,15,0.5345034849512997,"[""gaya_favorit"", ""seniman_naik_daun"", ""pernah_beli_seniman""]",model,klasifikasi-v1,2026-10-05T15:16:10Z
d7b3f6b5-4f95-5afa-9ddf-d6eec94ce96d,1af0200c-a8bf-593f-8cb6-4f759b5f5ac1,16,0.5288989237384519,"[""seniman_naik_daun""]",model,klasifikasi-v1,2026-10-05T15:16:10Z
d7b3f6b5-4f95-5afa-9ddf-d6eec94ce96d,1fe5e4ec-a2db-5ef8-a46d-3f8ffa41ebe2,17,0.5287593669588978,"[""karya_baru""]",model,klasifikasi-v1,2026-10-05T15:16:10Z
d7b3f6b5-4f95-5afa-9ddf-d6eec94ce96d,49c62221-8e30-57aa-89b1-b313a4f7e5b8,18,0.5240220420048335,[],model,klasifikasi-v1,2026-10-05T15:16:10Z
d7b3f6b5-4f95-5afa-9ddf-d6eec94ce96d,07e92885-0f12-5d71-b8e5-6494136f30b9,19,0.523061819984276,"[""gaya_favorit"", ""pernah_beli_seniman""]",model,klasifikasi-v1,2026-10-05T15:16:10Z
d7b3f6b5-4f95-5afa-9ddf-d6eec94ce96d,3bb00376-90fc-58a2-aac8-e3424711923e,20,0.5210704576511282,"[""gaya_favorit"", ""harga_sesuai"", ""seniman_naik_daun"", ""pernah_beli_seniman""]",model,klasifikasi-v1,2026-10-05T15:16:10Z
c6259694-efa2-59da-af12-3baae1b19e5c,556ac5bd-b36f-5124-8750-d92fefc82d2d,1,0.7589500271847441,"[""harga_sesuai"", ""pernah_beli_seniman"", ""karya_baru""]",model,klasifikasi-v1,2026-10-05T15:16:10Z
c6259694-efa2-59da-af12-3baae1b19e5c,f60efa69-e980-54e3-9729-e98c5f2fc78f,2,0.7246354985338281,"[""harga_sesuai"", ""pernah_beli_seniman""]",model,klasifikasi-v1,2026-10-05T15:16:10Z
c6259694-efa2-59da-af12-3baae1b19e5c,a724961d-392c-586e-9da5-8e9342c6fd29,3,0.7023972729092944,"[""pernah_beli_seniman"", ""karya_baru""]",model,klasifikasi-v1,2026-10-05T15:16:10Z
c6259694-efa2-59da-af12-3baae1b19e5c,c5d03f92-aa6d-5593-928e-3b2857ad1853,4,0.699439487385427,"[""gaya_favorit"", ""harga_sesuai"", ""pernah_beli_seniman""]",model,klasifikasi-v1,2026-10-05T15:16:10Z
c6259694-efa2-59da-af12-3baae1b19e5c,376f20b3-cf69-518a-95e4-669f8fe7fe40,5,0.6994016894085817,"[""harga_sesuai"", ""pernah_beli_seniman""]",model,klasifikasi-v1,2026-10-05T15:16:10Z
c6259694-efa2-59da-af12-3baae1b19e5c,ddc6295d-239d-589a-9714-9e4d1b9fb3f9,6,0.6767333048169359,"[""pernah_beli_seniman""]",model,klasifikasi-v1,2026-10-05T15:16:10Z
c6259694-efa2-59da-af12-3baae1b19e5c,0242a481-31c2-55aa-92b4-ebebc6011a7c,7,0.6552720744592734,"[""pernah_beli_seniman""]",model,klasifikasi-v1,2026-10-05T15:16:10Z
c6259694-efa2-59da-af12-3baae1b19e5c,300ebf50-b10d-5efa-8722-a252a80b4557,8,0.6420017007076289,"[""harga_sesuai"", ""pernah_beli_seniman""]",model,klasifikasi-v1,2026-10-05T15:16:10Z
c6259694-efa2-59da-af12-3baae1b19e5c,6c354900-b80d-56b8-8adc-7a97a366f095,9,0.6227745377599262,"[""gaya_favorit"", ""harga_sesuai"", ""pernah_beli_seniman""]",model,klasifikasi-v1,2026-10-05T15:16:10Z
c6259694-efa2-59da-af12-3baae1b19e5c,af058c54-328b-50b1-aa59-1ed52ef4b398,10,0.6085865063849296,"[""harga_sesuai"", ""pernah_beli_seniman""]",model,klasifikasi-v1,2026-10-05T15:16:10Z
c6259694-efa2-59da-af12-3baae1b19e5c,6ab910ee-99bd-5039-9bf7-2e6828f994a7,11,0.5939486691315058,"[""gaya_favorit"", ""gaya_ramai"", ""pernah_beli_seniman""]",model,klasifikasi-v1,2026-10-05T15:16:10Z
c6259694-efa2-59da-af12-3baae1b19e5c,866197c9-41b8-58ae-af14-976c6a847c11,12,0.5846779207941027,"[""gaya_ramai""]",model,klasifikasi-v1,2026-10-05T15:16:10Z
c6259694-efa2-59da-af12-3baae1b19e5c,b93ca27f-2a5c-5964-a7c6-97f8d7bd6529,13,0.5763754687498938,"[""harga_sesuai"", ""pernah_beli_seniman""]",model,klasifikasi-v1,2026-10-05T15:16:10Z
c6259694-efa2-59da-af12-3baae1b19e5c,79bc3eb9-28b3-57e3-bf83-b1745b6e1891,14,0.5743526701411215,"[""harga_sesuai"", ""gaya_ramai"", ""pernah_beli_seniman""]",model,klasifikasi-v1,2026-10-05T15:16:10Z
c6259694-efa2-59da-af12-3baae1b19e5c,0e102d63-ff8f-5e6b-bbdc-2a5d6e668cb1,15,0.5733609679472946,"[""harga_sesuai"", ""pernah_beli_seniman""]",model,klasifikasi-v1,2026-10-05T15:16:10Z
c6259694-efa2-59da-af12-3baae1b19e5c,f01a7b2c-1e11-597c-afeb-96705f31b4d5,16,0.571941279455085,"[""gaya_favorit"", ""harga_sesuai"", ""gaya_ramai"", ""pernah_beli_seniman""]",model,klasifikasi-v1,2026-10-05T15:16:10Z
c6259694-efa2-59da-af12-3baae1b19e5c,665144d1-d237-5681-9c1b-d82ab31ff866,17,0.5610377878278829,"[""pernah_beli_seniman""]",model,klasifikasi-v1,2026-10-05T15:16:10Z
c6259694-efa2-59da-af12-3baae1b19e5c,ab4a3c71-9387-56bc-a801-1beeee2639d7,18,0.555047651439087,"[""harga_sesuai"", ""gaya_ramai"", ""pernah_beli_seniman""]",model,klasifikasi-v1,2026-10-05T15:16:10Z
c6259694-efa2-59da-af12-3baae1b19e5c,ded10c02-e3db-542d-8ff2-e0ab8c159069,19,0.5494484149382914,"[""harga_sesuai"", ""pernah_beli_seniman""]",model,klasifikasi-v1,2026-10-05T15:16:10Z
c6259694-efa2-59da-af12-3baae1b19e5c,1b284f0a-4933-57f5-a5d9-d38488a7227c,20,0.549118369486875,"[""harga_sesuai"", ""pernah_beli_seniman""]",model,klasifikasi-v1,2026-10-05T15:16:10Z
c1701bf2-a325-587f-9e7b-7fe7e0351aec,1fe5e4ec-a2db-5ef8-a46d-3f8ffa41ebe2,1,0.8914083437474412,"[""gaya_favorit"", ""harga_sesuai"", ""pernah_beli_seniman"", ""karya_baru""]",model,klasifikasi-v1,2026-10-05T15:16:10Z
c1701bf2-a325-587f-9e7b-7fe7e0351aec,796ab8ac-bab7-52b6-9bdd-179cdc5b16a6,2,0.8847365416642188,"[""gaya_favorit"", ""harga_sesuai"", ""pernah_beli_seniman""]",model,klasifikasi-v1,2026-10-05T15:16:10Z
c1701bf2-a325-587f-9e7b-7fe7e0351aec,877d1b33-0a8a-5d9e-814e-1a6760c48d7a,3,0.7891699827661922,"[""gaya_favorit"", ""harga_sesuai"", ""pernah_beli_seniman""]",model,klasifikasi-v1,2026-10-05T15:16:10Z
c1701bf2-a325-587f-9e7b-7fe7e0351aec,3ce28b20-ef82-5f1e-9bf6-80fc312bedf3,4,0.7629537706171154,"[""gaya_favorit"", ""harga_sesuai"", ""pernah_beli_seniman""]",model,klasifikasi-v1,2026-10-05T15:16:10Z
c1701bf2-a325-587f-9e7b-7fe7e0351aec,f303778e-fffb-5010-a42b-73c993e4ecc0,5,0.7622560459119286,"[""harga_sesuai""]",model,klasifikasi-v1,2026-10-05T15:16:10Z
c1701bf2-a325-587f-9e7b-7fe7e0351aec,24317a94-a301-5bfc-81a7-2883eb9dda68,6,0.7569728044308316,"[""gaya_favorit"", ""harga_sesuai"", ""pernah_beli_seniman""]",model,klasifikasi-v1,2026-10-05T15:16:10Z
c1701bf2-a325-587f-9e7b-7fe7e0351aec,6a55b110-41bb-545d-aab3-c99376dafed5,7,0.7541855094796223,"[""gaya_favorit"", ""harga_sesuai"", ""pernah_beli_seniman""]",model,klasifikasi-v1,2026-10-05T15:16:10Z
c1701bf2-a325-587f-9e7b-7fe7e0351aec,6e7f8647-4d69-5697-b99e-494bb7890caf,8,0.7541855094796223,"[""gaya_favorit"", ""harga_sesuai"", ""pernah_beli_seniman""]",model,klasifikasi-v1,2026-10-05T15:16:10Z
c1701bf2-a325-587f-9e7b-7fe7e0351aec,e106e6b9-57ac-565d-9afc-ccbe2195ab79,9,0.7367946657553117,"[""gaya_favorit"", ""pernah_beli_seniman""]",model,klasifikasi-v1,2026-10-05T15:16:10Z
c1701bf2-a325-587f-9e7b-7fe7e0351aec,ce6de445-6dd8-5fe3-bc3b-7011fd44d80b,10,0.7333287152890919,"[""gaya_favorit"", ""harga_sesuai"", ""pernah_beli_seniman""]",model,klasifikasi-v1,2026-10-05T15:16:10Z
c1701bf2-a325-587f-9e7b-7fe7e0351aec,1fed6ddc-0cf3-5652-8cbf-41581bc2834c,11,0.726386719243034,"[""gaya_favorit"", ""pernah_beli_seniman""]",model,klasifikasi-v1,2026-10-05T15:16:10Z
c1701bf2-a325-587f-9e7b-7fe7e0351aec,901372f3-deed-5aa0-81ea-73e63ce8a453,12,0.725640695379796,"[""gaya_favorit"", ""pernah_beli_seniman""]",model,klasifikasi-v1,2026-10-05T15:16:10Z
c1701bf2-a325-587f-9e7b-7fe7e0351aec,deeacde5-7269-5bce-bc8f-9c7480c60aab,13,0.7197482193347688,"[""gaya_favorit"", ""pernah_beli_seniman""]",model,klasifikasi-v1,2026-10-05T15:16:10Z
c1701bf2-a325-587f-9e7b-7fe7e0351aec,b15ba806-6ff3-5049-9e25-adc4256a5b4b,14,0.7170454872763641,"[""gaya_favorit"", ""harga_sesuai"", ""pernah_beli_seniman""]",model,klasifikasi-v1,2026-10-05T15:16:10Z
c1701bf2-a325-587f-9e7b-7fe7e0351aec,c7ad9b49-0ab3-5f56-bc96-86a5cff02449,15,0.7097215501317313,"[""gaya_favorit"", ""pernah_beli_seniman""]",model,klasifikasi-v1,2026-10-05T15:16:10Z
c1701bf2-a325-587f-9e7b-7fe7e0351aec,714f5e59-6e4e-5567-a0b5-ffdf77360b28,16,0.7068617747306797,"[""gaya_favorit"", ""harga_sesuai"", ""pernah_beli_seniman""]",model,klasifikasi-v1,2026-10-05T15:16:10Z
c1701bf2-a325-587f-9e7b-7fe7e0351aec,c6fd4f75-4076-55dc-a2d8-2531a53654d8,17,0.7063349946686079,"[""gaya_favorit"", ""harga_sesuai"", ""pernah_beli_seniman""]",model,klasifikasi-v1,2026-10-05T15:16:10Z
c1701bf2-a325-587f-9e7b-7fe7e0351aec,d45eb7ea-6cc1-5cac-8993-db3628a32cce,18,0.7059290381525246,"[""gaya_favorit"", ""pernah_beli_seniman""]",model,klasifikasi-v1,2026-10-05T15:16:10Z
c1701bf2-a325-587f-9e7b-7fe7e0351aec,8e27e456-742c-55ff-9f7f-2e3336a61858,19,0.7017380335591363,"[""gaya_favorit"", ""pernah_beli_seniman""]",model,klasifikasi-v1,2026-10-05T15:16:10Z
c1701bf2-a325-587f-9e7b-7fe7e0351aec,6f5ddafa-7eee-586a-b4fe-998a0bff1ad4,20,0.6995950206457795,"[""gaya_favorit"", ""pernah_beli_seniman""]",model,klasifikasi-v1,2026-10-05T15:16:10Z
f4866536-8efc-5194-8660-f5dd0e4c35f1,e15ac87c-418d-5877-b3de-5f27acd81302,1,0.7402426277450704,"[""gaya_favorit"", ""harga_sesuai"", ""gaya_ramai""]",model,klasifikasi-v1,2026-10-05T15:16:10Z
f4866536-8efc-5194-8660-f5dd0e4c35f1,ab4a3c71-9387-56bc-a801-1beeee2639d7,2,0.7242280965831408,"[""gaya_favorit"", ""gaya_ramai"", ""pernah_beli_seniman""]",model,klasifikasi-v1,2026-10-05T15:16:10Z
f4866536-8efc-5194-8660-f5dd0e4c35f1,d48d3793-0d94-54bf-8cd8-bd45835a8231,3,0.697580780291979,"[""gaya_favorit"", ""gaya_ramai"", ""pernah_beli_seniman""]",model,klasifikasi-v1,2026-10-05T15:16:10Z
f4866536-8efc-5194-8660-f5dd0e4c35f1,f1067009-38fa-5639-9333-76bfb4dff9dc,4,0.6824739078481259,"[""gaya_favorit"", ""gaya_ramai"", ""pernah_beli_seniman""]",model,klasifikasi-v1,2026-10-05T15:16:10Z
f4866536-8efc-5194-8660-f5dd0e4c35f1,05f320fb-5f39-5107-a07b-43b287844058,5,0.6792569968932495,"[""gaya_favorit"", ""harga_sesuai"", ""gaya_ramai"", ""pernah_beli_seniman""]",model,klasifikasi-v1,2026-10-05T15:16:10Z
f4866536-8efc-5194-8660-f5dd0e4c35f1,c5d03f92-aa6d-5593-928e-3b2857ad1853,6,0.6703737807460624,"[""harga_sesuai"", ""pernah_beli_seniman""]",model,klasifikasi-v1,2026-10-05T15:16:10Z
f4866536-8efc-5194-8660-f5dd0e4c35f1,866197c9-41b8-58ae-af14-976c6a847c11,7,0.6703524521131554,"[""gaya_favorit"", ""gaya_ramai""]",model,klasifikasi-v1,2026-10-05T15:16:10Z
f4866536-8efc-5194-8660-f5dd0e4c35f1,d3a8b338-b612-53d4-9c39-d14ffe191dfa,8,0.6610945172199878,"[""gaya_favorit"", ""harga_sesuai"", ""gaya_ramai""]",model,klasifikasi-v1,2026-10-05T15:16:10Z
f4866536-8efc-5194-8660-f5dd0e4c35f1,2b114701-6eaa-53bb-93f7-b655e90e143d,9,0.6568687232992028,"[""gaya_favorit"", ""gaya_ramai"", ""pernah_beli_seniman""]",model,klasifikasi-v1,2026-10-05T15:16:10Z
f4866536-8efc-5194-8660-f5dd0e4c35f1,95a307c1-e13a-584e-b5a7-bdb273f5d066,10,0.6513102080882888,"[""gaya_favorit"", ""harga_sesuai"", ""gaya_ramai""]",model,klasifikasi-v1,2026-10-05T15:16:10Z
f4866536-8efc-5194-8660-f5dd0e4c35f1,2c540a0c-a2ff-5f37-ba88-a5ad28626312,11,0.6477797104189624,"[""gaya_favorit"", ""gaya_ramai""]",model,klasifikasi-v1,2026-10-05T15:16:10Z
f4866536-8efc-5194-8660-f5dd0e4c35f1,d73cdc1c-14e5-522b-8637-17ed53474690,12,0.6380147619043374,"[""gaya_favorit"", ""harga_sesuai"", ""gaya_ramai""]",model,klasifikasi-v1,2026-10-05T15:16:10Z
f4866536-8efc-5194-8660-f5dd0e4c35f1,1f26c708-fc57-592d-a841-b891c55231bd,13,0.6286663421693868,"[""gaya_favorit"", ""harga_sesuai"", ""gaya_ramai"", ""pernah_beli_seniman""]",model,klasifikasi-v1,2026-10-05T15:16:10Z
f4866536-8efc-5194-8660-f5dd0e4c35f1,139b87ed-7f4a-5de6-a076-69e59c662118,14,0.6261978480338029,"[""gaya_favorit"", ""harga_sesuai"", ""gaya_ramai""]",model,klasifikasi-v1,2026-10-05T15:16:10Z
f4866536-8efc-5194-8660-f5dd0e4c35f1,d0932440-31b0-5025-ab5b-f83ac95c2aea,15,0.6239117715684356,"[""gaya_favorit"", ""gaya_ramai""]",model,klasifikasi-v1,2026-10-05T15:16:10Z
f4866536-8efc-5194-8660-f5dd0e4c35f1,830ff9e5-41a2-5091-9bf2-1d5c5b9826f9,16,0.622244006843009,"[""gaya_favorit"", ""gaya_ramai"", ""pernah_beli_seniman""]",model,klasifikasi-v1,2026-10-05T15:16:10Z
f4866536-8efc-5194-8660-f5dd0e4c35f1,11ac0d17-6dd7-5868-9ad9-cf35bb1dc03f,17,0.6203571441683681,"[""gaya_favorit"", ""harga_sesuai"", ""gaya_ramai""]",model,klasifikasi-v1,2026-10-05T15:16:10Z
f4866536-8efc-5194-8660-f5dd0e4c35f1,bc291b56-8938-597e-8605-5392f5c1e3ce,18,0.6197616050999969,"[""gaya_favorit"", ""harga_sesuai"", ""gaya_ramai"", ""pernah_beli_seniman"", ""karya_baru""]",model,klasifikasi-v1,2026-10-05T15:16:10Z
f4866536-8efc-5194-8660-f5dd0e4c35f1,4988186a-379e-5287-9fdc-d72ba154eb5c,19,0.6175051890375131,"[""gaya_favorit"", ""harga_sesuai"", ""gaya_ramai"", ""pernah_beli_seniman""]",model,klasifikasi-v1,2026-10-05T15:16:10Z
f4866536-8efc-5194-8660-f5dd0e4c35f1,79bc3eb9-28b3-57e3-bf83-b1745b6e1891,20,0.6137639225245126,"[""gaya_favorit"", ""harga_sesuai"", ""gaya_ramai"", ""pernah_beli_seniman""]",model,klasifikasi-v1,2026-10-05T15:16:10Z
a493392b-9bbc-58d0-8311-0ac95fc74fd0,79e25e0d-2c04-5f90-9130-3f1d94125223,1,0.8077030223275666,"[""harga_sesuai"", ""seniman_naik_daun"", ""pernah_beli_seniman"", ""karya_baru""]",model,klasifikasi-v1,2026-10-05T15:16:10Z
a493392b-9bbc-58d0-8311-0ac95fc74fd0,07d19c93-c674-54cb-9448-012eb1b60c3f,2,0.7337459288639383,"[""harga_sesuai"", ""seniman_naik_daun"", ""pernah_beli_seniman""]",model,klasifikasi-v1,2026-10-05T15:16:10Z
a493392b-9bbc-58d0-8311-0ac95fc74fd0,88258c73-bb7b-51e8-824e-bc2ca0b939b8,3,0.7010811872761396,"[""seniman_naik_daun"", ""pernah_beli_seniman"", ""karya_baru""]",model,klasifikasi-v1,2026-10-05T15:16:10Z
a493392b-9bbc-58d0-8311-0ac95fc74fd0,2d399fc1-c809-5c2a-bdaa-6e69cefe5fb1,4,0.7002094862487125,"[""harga_sesuai"", ""seniman_naik_daun"", ""pernah_beli_seniman""]",model,klasifikasi-v1,2026-10-05T15:16:10Z
a493392b-9bbc-58d0-8311-0ac95fc74fd0,94afa8d0-6fca-5820-9dfe-5fb67fd9b665,5,0.6794890122946348,"[""harga_sesuai"", ""seniman_naik_daun"", ""pernah_beli_seniman""]",model,klasifikasi-v1,2026-10-05T15:16:10Z
a493392b-9bbc-58d0-8311-0ac95fc74fd0,8d8c6d42-894a-5d83-a68b-c458ead32750,6,0.6734875935147232,"[""harga_sesuai"", ""seniman_naik_daun"", ""pernah_beli_seniman""]",model,klasifikasi-v1,2026-10-05T15:16:10Z
a493392b-9bbc-58d0-8311-0ac95fc74fd0,0931aca3-ffbb-57aa-b84e-284c01f774f1,7,0.6523912664802164,"[""seniman_naik_daun"", ""pernah_beli_seniman""]",model,klasifikasi-v1,2026-10-05T15:16:10Z
a493392b-9bbc-58d0-8311-0ac95fc74fd0,6a9a552c-870e-5cd3-b409-273d6c5865eb,8,0.6515289530319944,"[""seniman_naik_daun"", ""pernah_beli_seniman""]",model,klasifikasi-v1,2026-10-05T15:16:10Z
a493392b-9bbc-58d0-8311-0ac95fc74fd0,796ab8ac-bab7-52b6-9bdd-179cdc5b16a6,9,0.6435440861145322,"[""pernah_beli_seniman""]",model,klasifikasi-v1,2026-10-05T15:16:10Z
a493392b-9bbc-58d0-8311-0ac95fc74fd0,1fe5e4ec-a2db-5ef8-a46d-3f8ffa41ebe2,10,0.6405345723923904,"[""harga_sesuai"", ""pernah_beli_seniman"", ""karya_baru""]",model,klasifikasi-v1,2026-10-05T15:16:10Z
a493392b-9bbc-58d0-8311-0ac95fc74fd0,df002552-8f03-5997-b452-e24a915621dd,11,0.6392577275219145,"[""seniman_naik_daun"", ""pernah_beli_seniman""]",model,klasifikasi-v1,2026-10-05T15:16:10Z
a493392b-9bbc-58d0-8311-0ac95fc74fd0,9ee5532a-4517-5110-ae74-b2a3048fea09,12,0.6261225289709486,"[""gaya_favorit"", ""harga_sesuai"", ""gaya_ramai"", ""pernah_beli_seniman""]",model,klasifikasi-v1,2026-10-05T15:16:10Z
a493392b-9bbc-58d0-8311-0ac95fc74fd0,8856b1b5-28c4-536b-9a51-9ff06bfdbd80,13,0.6194389827208173,"[""seniman_naik_daun"", ""pernah_beli_seniman""]",model,klasifikasi-v1,2026-10-05T15:16:10Z
a493392b-9bbc-58d0-8311-0ac95fc74fd0,854f6550-ae71-509e-859c-39396df1a99e,14,0.6102056726744733,"[""seniman_naik_daun"", ""pernah_beli_seniman""]",model,klasifikasi-v1,2026-10-05T15:16:10Z
a493392b-9bbc-58d0-8311-0ac95fc74fd0,1fef09ac-2800-5df6-bb4b-93c0c3308a02,15,0.6095962617873059,"[""harga_sesuai"", ""pernah_beli_seniman""]",model,klasifikasi-v1,2026-10-05T15:16:10Z
a493392b-9bbc-58d0-8311-0ac95fc74fd0,f28f1fa4-a714-55f7-a422-42ecc6713090,16,0.5988068967381025,"[""harga_sesuai"", ""pernah_beli_seniman""]",model,klasifikasi-v1,2026-10-05T15:16:10Z
a493392b-9bbc-58d0-8311-0ac95fc74fd0,eb58a587-23fb-5ce1-9617-ef945f2b3473,17,0.594931380782711,"[""harga_sesuai"", ""pernah_beli_seniman""]",model,klasifikasi-v1,2026-10-05T15:16:10Z
a493392b-9bbc-58d0-8311-0ac95fc74fd0,f303778e-fffb-5010-a42b-73c993e4ecc0,18,0.5903456118735736,"[""pernah_beli_seniman""]",model,klasifikasi-v1,2026-10-05T15:16:10Z
a493392b-9bbc-58d0-8311-0ac95fc74fd0,b9dedd53-be7d-57b2-b7f4-3f22a31efa0b,19,0.5903156912390938,"[""harga_sesuai"", ""seniman_naik_daun"", ""pernah_beli_seniman""]",model,klasifikasi-v1,2026-10-05T15:16:10Z
a493392b-9bbc-58d0-8311-0ac95fc74fd0,9d724b79-1052-5cf1-9034-4f1b66c74122,20,0.5856602853243069,"[""harga_sesuai"", ""pernah_beli_seniman""]",model,klasifikasi-v1,2026-10-05T15:16:10Z
b1c9bddf-2355-539f-b671-0d3f392cab36,a8ac835e-5aad-57f7-aa47-99b583d02392,1,0.8155106795829483,"[""gaya_favorit"", ""harga_sesuai"", ""seniman_naik_daun"", ""pernah_beli_seniman""]",model,klasifikasi-v1,2026-10-05T15:16:10Z
b1c9bddf-2355-539f-b671-0d3f392cab36,224ba711-c5ff-581d-be53-1872a1df84ca,2,0.7494500373739623,"[""gaya_favorit"", ""seniman_naik_daun"", ""pernah_beli_seniman""]",model,klasifikasi-v1,2026-10-05T15:16:10Z
b1c9bddf-2355-539f-b671-0d3f392cab36,d08e8450-729f-5c84-b7fb-cbf19ed311d1,3,0.748663002668385,"[""gaya_favorit"", ""harga_sesuai"", ""seniman_naik_daun"", ""pernah_beli_seniman""]",model,klasifikasi-v1,2026-10-05T15:16:10Z
b1c9bddf-2355-539f-b671-0d3f392cab36,016679fd-f015-5c7e-b41e-f69d95c9d91a,4,0.7171085991686728,"[""gaya_favorit"", ""seniman_naik_daun"", ""pernah_beli_seniman""]",model,klasifikasi-v1,2026-10-05T15:16:10Z
b1c9bddf-2355-539f-b671-0d3f392cab36,79e25e0d-2c04-5f90-9130-3f1d94125223,5,0.7112569642024807,"[""harga_sesuai"", ""seniman_naik_daun"", ""pernah_beli_seniman"", ""karya_baru""]",model,klasifikasi-v1,2026-10-05T15:16:10Z
b1c9bddf-2355-539f-b671-0d3f392cab36,b116070e-6e10-5b4c-8bc1-f41ce97a6883,6,0.709042245944148,"[""gaya_favorit"", ""harga_sesuai"", ""seniman_naik_daun"", ""pernah_beli_seniman"", ""karya_baru""]",model,klasifikasi-v1,2026-10-05T15:16:10Z
b1c9bddf-2355-539f-b671-0d3f392cab36,c706bcb6-4b50-5c7c-95b6-cf08cee6e0bd,7,0.6883685561673488,"[""gaya_favorit"", ""harga_sesuai"", ""seniman_naik_daun"", ""pernah_beli_seniman""]",model,klasifikasi-v1,2026-10-05T15:16:10Z
b1c9bddf-2355-539f-b671-0d3f392cab36,88258c73-bb7b-51e8-824e-bc2ca0b939b8,8,0.6373390719520503,"[""seniman_naik_daun"", ""pernah_beli_seniman"", ""karya_baru""]",model,klasifikasi-v1,2026-10-05T15:16:10Z
b1c9bddf-2355-539f-b671-0d3f392cab36,df002552-8f03-5997-b452-e24a915621dd,9,0.6127528032415855,"[""harga_sesuai"", ""seniman_naik_daun"", ""pernah_beli_seniman""]",model,klasifikasi-v1,2026-10-05T15:16:10Z
b1c9bddf-2355-539f-b671-0d3f392cab36,6a9a552c-870e-5cd3-b409-273d6c5865eb,10,0.591405111532014,"[""harga_sesuai"", ""seniman_naik_daun"", ""pernah_beli_seniman""]",model,klasifikasi-v1,2026-10-05T15:16:10Z
b1c9bddf-2355-539f-b671-0d3f392cab36,07d19c93-c674-54cb-9448-012eb1b60c3f,11,0.5907552182225927,"[""harga_sesuai"", ""seniman_naik_daun"", ""pernah_beli_seniman""]",model,klasifikasi-v1,2026-10-05T15:16:10Z
b1c9bddf-2355-539f-b671-0d3f392cab36,16f72504-2d49-5ca7-9355-34533c8b0016,12,0.586256213980651,"[""gaya_favorit"", ""harga_sesuai""]",model,klasifikasi-v1,2026-10-05T15:16:10Z
b1c9bddf-2355-539f-b671-0d3f392cab36,0bc9d34a-7f95-5dee-beb4-55f3af9b97c9,13,0.5839852605173532,"[""seniman_naik_daun"", ""pernah_beli_seniman""]",model,klasifikasi-v1,2026-10-05T15:16:10Z
b1c9bddf-2355-539f-b671-0d3f392cab36,8f923243-748b-5547-b90c-2a220e52c01f,14,0.5774973934459259,"[""gaya_favorit"", ""harga_sesuai""]",model,klasifikasi-v1,2026-10-05T15:16:10Z
b1c9bddf-2355-539f-b671-0d3f392cab36,2d399fc1-c809-5c2a-bdaa-6e69cefe5fb1,15,0.5745683172642383,"[""harga_sesuai"", ""seniman_naik_daun"", ""pernah_beli_seniman""]",model,klasifikasi-v1,2026-10-05T15:16:10Z
b1c9bddf-2355-539f-b671-0d3f392cab36,0931aca3-ffbb-57aa-b84e-284c01f774f1,16,0.5673497840564811,"[""harga_sesuai"", ""seniman_naik_daun"", ""pernah_beli_seniman""]",model,klasifikasi-v1,2026-10-05T15:16:10Z
b1c9bddf-2355-539f-b671-0d3f392cab36,0fa48617-95fc-5cfc-84dd-53e4416600eb,17,0.5588618125582632,"[""gaya_favorit"", ""harga_sesuai"", ""gaya_ramai""]",model,klasifikasi-v1,2026-10-05T15:16:10Z
b1c9bddf-2355-539f-b671-0d3f392cab36,fd36ce1f-b940-538e-8eb0-451813c8566d,18,0.5580396703107798,"[""gaya_favorit"", ""harga_sesuai""]",model,klasifikasi-v1,2026-10-05T15:16:10Z
b1c9bddf-2355-539f-b671-0d3f392cab36,8856b1b5-28c4-536b-9a51-9ff06bfdbd80,19,0.5494749438911163,"[""seniman_naik_daun"", ""pernah_beli_seniman""]",model,klasifikasi-v1,2026-10-05T15:16:10Z
b1c9bddf-2355-539f-b671-0d3f392cab36,987e9b9d-f4c6-5ce1-ac8c-5ef271e2ae33,20,0.5490821724898627,"[""gaya_favorit"", ""harga_sesuai"", ""gaya_ramai""]",model,klasifikasi-v1,2026-10-05T15:16:10Z
31d4f930-e4c5-51da-9bed-84c4ed9e926a,ded10c02-e3db-542d-8ff2-e0ab8c159069,1,0.7485169892814035,"[""harga_sesuai"", ""pernah_beli_seniman""]",model,klasifikasi-v1,2026-10-05T15:16:10Z
31d4f930-e4c5-51da-9bed-84c4ed9e926a,21d58bce-aee7-5c2c-9757-2101e0911a9e,2,0.6783257671120775,"[""harga_sesuai"", ""pernah_beli_seniman""]",model,klasifikasi-v1,2026-10-05T15:16:10Z
31d4f930-e4c5-51da-9bed-84c4ed9e926a,0e102d63-ff8f-5e6b-bbdc-2a5d6e668cb1,3,0.6738050589334055,"[""pernah_beli_seniman""]",model,klasifikasi-v1,2026-10-05T15:16:10Z
31d4f930-e4c5-51da-9bed-84c4ed9e926a,1b284f0a-4933-57f5-a5d9-d38488a7227c,4,0.6716378921526415,"[""harga_sesuai"", ""pernah_beli_seniman""]",model,klasifikasi-v1,2026-10-05T15:16:10Z
31d4f930-e4c5-51da-9bed-84c4ed9e926a,7ba04b01-9924-5de2-9ea7-9d0e178b5a76,5,0.6659866948071105,"[""harga_sesuai"", ""pernah_beli_seniman""]",model,klasifikasi-v1,2026-10-05T15:16:10Z
31d4f930-e4c5-51da-9bed-84c4ed9e926a,80d6863c-4309-5881-81cd-79e0a6aa59a3,6,0.6511425680099078,"[""pernah_beli_seniman""]",model,klasifikasi-v1,2026-10-05T15:16:10Z
31d4f930-e4c5-51da-9bed-84c4ed9e926a,6f5c741f-0fc0-523d-80e7-bce5940b7e1c,7,0.6412415592155891,"[""pernah_beli_seniman""]",model,klasifikasi-v1,2026-10-05T15:16:10Z
31d4f930-e4c5-51da-9bed-84c4ed9e926a,a724961d-392c-586e-9da5-8e9342c6fd29,8,0.6362173860208321,"[""gaya_favorit"", ""harga_sesuai"", ""pernah_beli_seniman"", ""karya_baru""]",model,klasifikasi-v1,2026-10-05T15:16:10Z
31d4f930-e4c5-51da-9bed-84c4ed9e926a,866197c9-41b8-58ae-af14-976c6a847c11,9,0.6299408282462031,"[""gaya_favorit"", ""gaya_ramai""]",model,klasifikasi-v1,2026-10-05T15:16:10Z
31d4f930-e4c5-51da-9bed-84c4ed9e926a,556ac5bd-b36f-5124-8750-d92fefc82d2d,10,0.6256397931929212,"[""gaya_favorit"", ""pernah_beli_seniman"", ""karya_baru""]",model,klasifikasi-v1,2026-10-05T15:16:10Z
31d4f930-e4c5-51da-9bed-84c4ed9e926a,50f3106b-4608-5dec-abd4-f3513db77175,11,0.6185315737148576,"[""pernah_beli_seniman""]",model,klasifikasi-v1,2026-10-05T15:16:10Z
31d4f930-e4c5-51da-9bed-84c4ed9e926a,79e25e0d-2c04-5f90-9130-3f1d94125223,12,0.6116927746709236,"[""seniman_naik_daun"", ""karya_baru""]",model,klasifikasi-v1,2026-10-05T15:16:10Z
31d4f930-e4c5-51da-9bed-84c4ed9e926a,88258c73-bb7b-51e8-824e-bc2ca0b939b8,13,0.6087368268751898,"[""seniman_naik_daun"", ""karya_baru""]",model,klasifikasi-v1,2026-10-05T15:16:10Z
31d4f930-e4c5-51da-9bed-84c4ed9e926a,2c540a0c-a2ff-5f37-ba88-a5ad28626312,14,0.60098131267228,"[""gaya_favorit"", ""harga_sesuai"", ""gaya_ramai"", ""pernah_beli_seniman""]",model,klasifikasi-v1,2026-10-05T15:16:10Z
31d4f930-e4c5-51da-9bed-84c4ed9e926a,ab4a3c71-9387-56bc-a801-1beeee2639d7,15,0.5992792976549892,"[""gaya_favorit"", ""harga_sesuai"", ""gaya_ramai"", ""pernah_beli_seniman""]",model,klasifikasi-v1,2026-10-05T15:16:10Z
31d4f930-e4c5-51da-9bed-84c4ed9e926a,d48d3793-0d94-54bf-8cd8-bd45835a8231,16,0.5872391482916798,"[""gaya_favorit"", ""harga_sesuai"", ""gaya_ramai"", ""pernah_beli_seniman""]",model,klasifikasi-v1,2026-10-05T15:16:10Z
31d4f930-e4c5-51da-9bed-84c4ed9e926a,af058c54-328b-50b1-aa59-1ed52ef4b398,17,0.55978323053447,"[""gaya_favorit"", ""harga_sesuai"", ""pernah_beli_seniman""]",model,klasifikasi-v1,2026-10-05T15:16:10Z
31d4f930-e4c5-51da-9bed-84c4ed9e926a,376f20b3-cf69-518a-95e4-669f8fe7fe40,18,0.5525737175361655,"[""gaya_favorit"", ""pernah_beli_seniman""]",model,klasifikasi-v1,2026-10-05T15:16:10Z
31d4f930-e4c5-51da-9bed-84c4ed9e926a,f1067009-38fa-5639-9333-76bfb4dff9dc,19,0.5461673040678935,"[""gaya_favorit"", ""harga_sesuai"", ""gaya_ramai"", ""pernah_beli_seniman""]",model,klasifikasi-v1,2026-10-05T15:16:10Z
31d4f930-e4c5-51da-9bed-84c4ed9e926a,ddc6295d-239d-589a-9714-9e4d1b9fb3f9,20,0.5414651856263771,"[""gaya_favorit"", ""harga_sesuai"", ""pernah_beli_seniman""]",model,klasifikasi-v1,2026-10-05T15:16:10Z
1adc9f82-4a01-59e0-8c98-354a24559f3e,e15ac87c-418d-5877-b3de-5f27acd81302,1,0.8098152615162083,"[""gaya_favorit"", ""harga_sesuai"", ""gaya_ramai"", ""pernah_beli_seniman""]",model,klasifikasi-v1,2026-10-05T15:16:10Z
1adc9f82-4a01-59e0-8c98-354a24559f3e,ecc1925d-5e66-5cb1-9433-9856fad6a864,2,0.7491850428400061,"[""gaya_favorit"", ""gaya_ramai"", ""pernah_beli_seniman""]",model,klasifikasi-v1,2026-10-05T15:16:10Z
1adc9f82-4a01-59e0-8c98-354a24559f3e,daa8c931-6f28-5aae-87f3-dc9cd4fb7f63,3,0.7316666269000256,"[""gaya_favorit"", ""gaya_ramai"", ""pernah_beli_seniman""]",model,klasifikasi-v1,2026-10-05T15:16:10Z
1adc9f82-4a01-59e0-8c98-354a24559f3e,fe1a1879-a98f-5673-b481-0cff8f509f6b,4,0.717850021301228,"[""gaya_favorit"", ""gaya_ramai"", ""pernah_beli_seniman""]",model,klasifikasi-v1,2026-10-05T15:16:10Z
1adc9f82-4a01-59e0-8c98-354a24559f3e,ab4a3c71-9387-56bc-a801-1beeee2639d7,5,0.7124213909542674,"[""gaya_favorit"", ""harga_sesuai"", ""gaya_ramai"", ""pernah_beli_seniman""]",model,klasifikasi-v1,2026-10-05T15:16:10Z
1adc9f82-4a01-59e0-8c98-354a24559f3e,d48d3793-0d94-54bf-8cd8-bd45835a8231,6,0.7075824992831271,"[""gaya_favorit"", ""gaya_ramai"", ""pernah_beli_seniman""]",model,klasifikasi-v1,2026-10-05T15:16:10Z
1adc9f82-4a01-59e0-8c98-354a24559f3e,1710dd55-8ba2-5707-8232-b4ff654c9e8b,7,0.6992971230606548,"[""gaya_favorit"", ""harga_sesuai"", ""gaya_ramai"", ""pernah_beli_seniman""]",model,klasifikasi-v1,2026-10-05T15:16:10Z
1adc9f82-4a01-59e0-8c98-354a24559f3e,95a307c1-e13a-584e-b5a7-bdb273f5d066,8,0.6986521212527047,"[""gaya_favorit"", ""harga_sesuai"", ""gaya_ramai"", ""pernah_beli_seniman""]",model,klasifikasi-v1,2026-10-05T15:16:10Z
1adc9f82-4a01-59e0-8c98-354a24559f3e,866197c9-41b8-58ae-af14-976c6a847c11,9,0.6894488040360564,"[""gaya_favorit"", ""gaya_ramai""]",model,klasifikasi-v1,2026-10-05T15:16:10Z
1adc9f82-4a01-59e0-8c98-354a24559f3e,02f5c772-6c02-5abb-a41f-f73ab210977c,10,0.6891676165704788,"[""gaya_favorit"", ""gaya_ramai"", ""pernah_beli_seniman""]",model,klasifikasi-v1,2026-10-05T15:16:10Z
1adc9f82-4a01-59e0-8c98-354a24559f3e,f1067009-38fa-5639-9333-76bfb4dff9dc,11,0.6872802461115562,"[""gaya_favorit"", ""gaya_ramai"", ""pernah_beli_seniman""]",model,klasifikasi-v1,2026-10-05T15:16:10Z
1adc9f82-4a01-59e0-8c98-354a24559f3e,d73cdc1c-14e5-522b-8637-17ed53474690,12,0.686292355049852,"[""gaya_favorit"", ""harga_sesuai"", ""gaya_ramai"", ""pernah_beli_seniman""]",model,klasifikasi-v1,2026-10-05T15:16:10Z
1adc9f82-4a01-59e0-8c98-354a24559f3e,dd1ea1ee-96da-5e5b-b582-04814de395d1,13,0.6842619185289865,"[""gaya_favorit"", ""gaya_ramai"", ""pernah_beli_seniman""]",model,klasifikasi-v1,2026-10-05T15:16:10Z
1adc9f82-4a01-59e0-8c98-354a24559f3e,5fb395fb-fce6-5bf5-850f-533ba0346ded,14,0.6842619185289865,"[""gaya_favorit"", ""gaya_ramai"", ""pernah_beli_seniman""]",model,klasifikasi-v1,2026-10-05T15:16:10Z
1adc9f82-4a01-59e0-8c98-354a24559f3e,830ff9e5-41a2-5091-9bf2-1d5c5b9826f9,15,0.678744631272864,"[""gaya_favorit"", ""gaya_ramai"", ""pernah_beli_seniman""]",model,klasifikasi-v1,2026-10-05T15:16:10Z
1adc9f82-4a01-59e0-8c98-354a24559f3e,92f0f5ae-8161-5822-8491-78d40db10478,16,0.6757883311610551,"[""gaya_favorit"", ""gaya_ramai"", ""pernah_beli_seniman""]",model,klasifikasi-v1,2026-10-05T15:16:10Z
1adc9f82-4a01-59e0-8c98-354a24559f3e,eb44d2ea-12dc-577e-8aa5-20be6e0c9098,17,0.6712469230718219,"[""gaya_favorit"", ""harga_sesuai"", ""gaya_ramai"", ""pernah_beli_seniman""]",model,klasifikasi-v1,2026-10-05T15:16:10Z
1adc9f82-4a01-59e0-8c98-354a24559f3e,05f320fb-5f39-5107-a07b-43b287844058,18,0.6706683237010344,"[""gaya_favorit"", ""harga_sesuai"", ""gaya_ramai"", ""pernah_beli_seniman""]",model,klasifikasi-v1,2026-10-05T15:16:10Z
1adc9f82-4a01-59e0-8c98-354a24559f3e,11ac0d17-6dd7-5868-9ad9-cf35bb1dc03f,19,0.6677709229026034,"[""gaya_favorit"", ""harga_sesuai"", ""gaya_ramai"", ""pernah_beli_seniman""]",model,klasifikasi-v1,2026-10-05T15:16:10Z
1adc9f82-4a01-59e0-8c98-354a24559f3e,34f160b0-2ebd-5b4b-abbf-d9e60acd2b35,20,0.6608026559482899,"[""gaya_favorit"", ""gaya_ramai""]",model,klasifikasi-v1,2026-10-05T15:16:10Z
1ce43ec5-d4d8-5876-b70b-a8604b35b51c,ded10c02-e3db-542d-8ff2-e0ab8c159069,1,0.7413430152120255,"[""harga_sesuai"", ""pernah_beli_seniman""]",model,klasifikasi-v1,2026-10-05T15:16:10Z
1ce43ec5-d4d8-5876-b70b-a8604b35b51c,2c540a0c-a2ff-5f37-ba88-a5ad28626312,2,0.6863782805873846,"[""gaya_favorit"", ""harga_sesuai"", ""gaya_ramai""]",model,klasifikasi-v1,2026-10-05T15:16:10Z
1ce43ec5-d4d8-5876-b70b-a8604b35b51c,7ba04b01-9924-5de2-9ea7-9d0e178b5a76,3,0.6753232467303567,"[""harga_sesuai"", ""pernah_beli_seniman""]",model,klasifikasi-v1,2026-10-05T15:16:10Z
1ce43ec5-d4d8-5876-b70b-a8604b35b51c,ab4a3c71-9387-56bc-a801-1beeee2639d7,4,0.6656458776229666,"[""gaya_favorit"", ""harga_sesuai"", ""gaya_ramai"", ""pernah_beli_seniman""]",model,klasifikasi-v1,2026-10-05T15:16:10Z
1ce43ec5-d4d8-5876-b70b-a8604b35b51c,0e102d63-ff8f-5e6b-bbdc-2a5d6e668cb1,5,0.6622206079412917,"[""pernah_beli_seniman""]",model,klasifikasi-v1,2026-10-05T15:16:10Z
1ce43ec5-d4d8-5876-b70b-a8604b35b51c,d48d3793-0d94-54bf-8cd8-bd45835a8231,6,0.6513891299663457,"[""gaya_favorit"", ""harga_sesuai"", ""gaya_ramai"", ""pernah_beli_seniman""]",model,klasifikasi-v1,2026-10-05T15:16:10Z
1ce43ec5-d4d8-5876-b70b-a8604b35b51c,21d58bce-aee7-5c2c-9757-2101e0911a9e,7,0.6465982053677787,"[""pernah_beli_seniman""]",model,klasifikasi-v1,2026-10-05T15:16:10Z
1ce43ec5-d4d8-5876-b70b-a8604b35b51c,1b284f0a-4933-57f5-a5d9-d38488a7227c,8,0.6228678100111987,"[""harga_sesuai"", ""pernah_beli_seniman""]",model,klasifikasi-v1,2026-10-05T15:16:10Z
1ce43ec5-d4d8-5876-b70b-a8604b35b51c,f1067009-38fa-5639-9333-76bfb4dff9dc,9,0.6177425910399811,"[""gaya_favorit"", ""harga_sesuai"", ""gaya_ramai""]",model,klasifikasi-v1,2026-10-05T15:16:10Z
1ce43ec5-d4d8-5876-b70b-a8604b35b51c,57484960-cbe1-544b-94b3-2f911835d343,10,0.6105907922669915,"[""gaya_favorit"", ""gaya_ramai""]",model,klasifikasi-v1,2026-10-05T15:16:10Z
1ce43ec5-d4d8-5876-b70b-a8604b35b51c,866197c9-41b8-58ae-af14-976c6a847c11,11,0.5978276131118555,"[""gaya_favorit"", ""gaya_ramai"", ""pernah_beli_seniman""]",model,klasifikasi-v1,2026-10-05T15:16:10Z
1ce43ec5-d4d8-5876-b70b-a8604b35b51c,e15ac87c-418d-5877-b3de-5f27acd81302,12,0.5904482936124589,"[""gaya_favorit"", ""gaya_ramai""]",model,klasifikasi-v1,2026-10-05T15:16:10Z
1ce43ec5-d4d8-5876-b70b-a8604b35b51c,34f160b0-2ebd-5b4b-abbf-d9e60acd2b35,13,0.5879723217896835,"[""gaya_favorit"", ""gaya_ramai"", ""pernah_beli_seniman""]",model,klasifikasi-v1,2026-10-05T15:16:10Z
1ce43ec5-d4d8-5876-b70b-a8604b35b51c,88258c73-bb7b-51e8-824e-bc2ca0b939b8,14,0.5826481470649896,"[""seniman_naik_daun"", ""pernah_beli_seniman"", ""karya_baru""]",model,klasifikasi-v1,2026-10-05T15:16:10Z
1ce43ec5-d4d8-5876-b70b-a8604b35b51c,3f8e8589-04d2-5dac-97c5-907b7fcd2c76,15,0.5810698688618913,"[""gaya_favorit"", ""gaya_ramai""]",model,klasifikasi-v1,2026-10-05T15:16:10Z
1ce43ec5-d4d8-5876-b70b-a8604b35b51c,1f26c708-fc57-592d-a841-b891c55231bd,16,0.5803790861847378,"[""gaya_favorit"", ""harga_sesuai"", ""gaya_ramai"", ""pernah_beli_seniman""]",model,klasifikasi-v1,2026-10-05T15:16:10Z
1ce43ec5-d4d8-5876-b70b-a8604b35b51c,2b114701-6eaa-53bb-93f7-b655e90e143d,17,0.5786607350080276,"[""gaya_favorit"", ""harga_sesuai"", ""gaya_ramai"", ""pernah_beli_seniman""]",model,klasifikasi-v1,2026-10-05T15:16:10Z
1ce43ec5-d4d8-5876-b70b-a8604b35b51c,50f3106b-4608-5dec-abd4-f3513db77175,18,0.5763316771120918,"[""pernah_beli_seniman""]",model,klasifikasi-v1,2026-10-05T15:16:10Z
1ce43ec5-d4d8-5876-b70b-a8604b35b51c,c102454b-1487-5e3c-9d31-fa4d7acbe1ec,19,0.5672337766667774,"[""gaya_favorit"", ""harga_sesuai"", ""gaya_ramai"", ""pernah_beli_seniman""]",model,klasifikasi-v1,2026-10-05T15:16:10Z
1ce43ec5-d4d8-5876-b70b-a8604b35b51c,139b87ed-7f4a-5de6-a076-69e59c662118,20,0.5655946640855289,"[""gaya_favorit"", ""harga_sesuai"", ""gaya_ramai""]",model,klasifikasi-v1,2026-10-05T15:16:10Z
82c2f17c-35d3-54f1-aebf-a42481a257ca,a724961d-392c-586e-9da5-8e9342c6fd29,1,0.6582239650531292,"[""karya_baru""]",model,klasifikasi-v1,2026-10-05T15:16:10Z
82c2f17c-35d3-54f1-aebf-a42481a257ca,f01a7b2c-1e11-597c-afeb-96705f31b4d5,2,0.6356668552561903,"[""gaya_favorit"", ""harga_sesuai"", ""gaya_ramai""]",model,klasifikasi-v1,2026-10-05T15:16:10Z
82c2f17c-35d3-54f1-aebf-a42481a257ca,6fa02afc-54a1-5e3b-a9b8-477cfb40791d,3,0.6195557907329222,"[""gaya_favorit"", ""harga_sesuai"", ""pernah_beli_seniman""]",model,klasifikasi-v1,2026-10-05T15:16:10Z
82c2f17c-35d3-54f1-aebf-a42481a257ca,19b131db-ca02-5bed-b3f6-a8c0b19d8461,4,0.5964254380779752,"[""gaya_favorit"", ""gaya_ramai""]",model,klasifikasi-v1,2026-10-05T15:16:10Z
82c2f17c-35d3-54f1-aebf-a42481a257ca,6f5c741f-0fc0-523d-80e7-bce5940b7e1c,5,0.5838214670910694,"[""harga_sesuai""]",model,klasifikasi-v1,2026-10-05T15:16:10Z
82c2f17c-35d3-54f1-aebf-a42481a257ca,6ab910ee-99bd-5039-9bf7-2e6828f994a7,6,0.5811643905121283,"[""gaya_favorit"", ""harga_sesuai"", ""gaya_ramai""]",model,klasifikasi-v1,2026-10-05T15:16:10Z
82c2f17c-35d3-54f1-aebf-a42481a257ca,72ddb5bd-c130-58fb-8657-ea12f7cd200f,7,0.5807485616430837,"[""gaya_favorit""]",model,klasifikasi-v1,2026-10-05T15:16:10Z
82c2f17c-35d3-54f1-aebf-a42481a257ca,ded10c02-e3db-542d-8ff2-e0ab8c159069,8,0.5636079693638866,[],model,klasifikasi-v1,2026-10-05T15:16:10Z
82c2f17c-35d3-54f1-aebf-a42481a257ca,0e102d63-ff8f-5e6b-bbdc-2a5d6e668cb1,9,0.5601859567561184,"[""harga_sesuai""]",model,klasifikasi-v1,2026-10-05T15:16:10Z
82c2f17c-35d3-54f1-aebf-a42481a257ca,80d6863c-4309-5881-81cd-79e0a6aa59a3,10,0.5524167818950702,"[""harga_sesuai""]",model,klasifikasi-v1,2026-10-05T15:16:10Z
82c2f17c-35d3-54f1-aebf-a42481a257ca,556ac5bd-b36f-5124-8750-d92fefc82d2d,11,0.5381600126699754,"[""harga_sesuai"", ""karya_baru""]",model,klasifikasi-v1,2026-10-05T15:16:10Z
82c2f17c-35d3-54f1-aebf-a42481a257ca,b470e030-c7e7-53ee-942b-4ed497fbe2ea,12,0.5240364611244833,"[""gaya_favorit"", ""pernah_beli_seniman""]",model,klasifikasi-v1,2026-10-05T15:16:10Z
82c2f17c-35d3-54f1-aebf-a42481a257ca,c5d03f92-aa6d-5593-928e-3b2857ad1853,13,0.49954902205492463,"[""harga_sesuai""]",model,klasifikasi-v1,2026-10-05T15:16:10Z
82c2f17c-35d3-54f1-aebf-a42481a257ca,7ed552db-962e-5e78-a1a4-2d32fefa1f0c,14,0.49889771485869405,"[""harga_sesuai"", ""pernah_beli_seniman""]",model,klasifikasi-v1,2026-10-05T15:16:10Z
82c2f17c-35d3-54f1-aebf-a42481a257ca,103c76e9-4997-5b31-92e1-e92276b6b167,15,0.49676479244046884,"[""gaya_favorit"", ""gaya_ramai"", ""pernah_beli_seniman""]",model,klasifikasi-v1,2026-10-05T15:16:10Z
82c2f17c-35d3-54f1-aebf-a42481a257ca,50f3106b-4608-5dec-abd4-f3513db77175,16,0.4946024439291205,"[""harga_sesuai""]",model,klasifikasi-v1,2026-10-05T15:16:10Z
82c2f17c-35d3-54f1-aebf-a42481a257ca,1b284f0a-4933-57f5-a5d9-d38488a7227c,17,0.4887666550850334,[],model,klasifikasi-v1,2026-10-05T15:16:10Z
82c2f17c-35d3-54f1-aebf-a42481a257ca,ad22fc44-1c65-50c5-be50-d2e1c3bbdc50,18,0.48043820807049,"[""gaya_favorit"", ""gaya_ramai""]",model,klasifikasi-v1,2026-10-05T15:16:10Z
82c2f17c-35d3-54f1-aebf-a42481a257ca,7ba04b01-9924-5de2-9ea7-9d0e178b5a76,19,0.4795326865338545,[],model,klasifikasi-v1,2026-10-05T15:16:10Z
82c2f17c-35d3-54f1-aebf-a42481a257ca,07a581f5-4b2e-5999-bbd7-4405da0a3973,20,0.47283900306599014,"[""gaya_favorit"", ""gaya_ramai""]",model,klasifikasi-v1,2026-10-05T15:16:10Z
edd6e8e8-1db3-5862-adfd-5e605be7c828,88258c73-bb7b-51e8-824e-bc2ca0b939b8,1,0.7549516278471828,"[""seniman_naik_daun"", ""pernah_beli_seniman"", ""karya_baru""]",model,klasifikasi-v1,2026-10-05T15:16:10Z
edd6e8e8-1db3-5862-adfd-5e605be7c828,b82ffac4-9b18-5129-bb4f-76d6267ef825,2,0.7136804725250548,"[""harga_sesuai"", ""seniman_naik_daun"", ""pernah_beli_seniman""]",model,klasifikasi-v1,2026-10-05T15:16:10Z
edd6e8e8-1db3-5862-adfd-5e605be7c828,0bc9d34a-7f95-5dee-beb4-55f3af9b97c9,3,0.7000213587035501,"[""seniman_naik_daun"", ""pernah_beli_seniman""]",model,klasifikasi-v1,2026-10-05T15:16:10Z
edd6e8e8-1db3-5862-adfd-5e605be7c828,1af0200c-a8bf-593f-8cb6-4f759b5f5ac1,4,0.6815066720283024,"[""seniman_naik_daun"", ""pernah_beli_seniman""]",model,klasifikasi-v1,2026-10-05T15:16:10Z
edd6e8e8-1db3-5862-adfd-5e605be7c828,e4e1ce05-e95f-55ae-95fd-b46c0e364e4d,5,0.6802239989005988,"[""seniman_naik_daun"", ""pernah_beli_seniman""]",model,klasifikasi-v1,2026-10-05T15:16:10Z
edd6e8e8-1db3-5862-adfd-5e605be7c828,a724961d-392c-586e-9da5-8e9342c6fd29,6,0.6776826508522468,"[""harga_sesuai"", ""pernah_beli_seniman"", ""karya_baru""]",model,klasifikasi-v1,2026-10-05T15:16:10Z
edd6e8e8-1db3-5862-adfd-5e605be7c828,224ba711-c5ff-581d-be53-1872a1df84ca,7,0.6618811702375256,"[""seniman_naik_daun"", ""pernah_beli_seniman""]",model,klasifikasi-v1,2026-10-05T15:16:10Z
edd6e8e8-1db3-5862-adfd-5e605be7c828,79e25e0d-2c04-5f90-9130-3f1d94125223,8,0.6546046532082597,"[""seniman_naik_daun"", ""pernah_beli_seniman"", ""karya_baru""]",model,klasifikasi-v1,2026-10-05T15:16:10Z
edd6e8e8-1db3-5862-adfd-5e605be7c828,556ac5bd-b36f-5124-8750-d92fefc82d2d,9,0.6542937698767356,"[""pernah_beli_seniman"", ""karya_baru""]",model,klasifikasi-v1,2026-10-05T15:16:10Z
edd6e8e8-1db3-5862-adfd-5e605be7c828,231b14d2-2e75-5193-9c40-949b484944ca,10,0.6518074355812036,"[""seniman_naik_daun"", ""pernah_beli_seniman""]",model,klasifikasi-v1,2026-10-05T15:16:10Z
edd6e8e8-1db3-5862-adfd-5e605be7c828,df002552-8f03-5997-b452-e24a915621dd,11,0.6502323967810346,"[""seniman_naik_daun"", ""pernah_beli_seniman""]",model,klasifikasi-v1,2026-10-05T15:16:10Z
edd6e8e8-1db3-5862-adfd-5e605be7c828,ab56a64c-b79d-5092-8002-0652f839ad06,12,0.6499081297915841,"[""harga_sesuai"", ""pernah_beli_seniman""]",model,klasifikasi-v1,2026-10-05T15:16:10Z
edd6e8e8-1db3-5862-adfd-5e605be7c828,3d61eac2-6d83-5347-9d59-799ac69edc5a,13,0.6296967982354645,"[""harga_sesuai"", ""pernah_beli_seniman""]",model,klasifikasi-v1,2026-10-05T15:16:10Z
edd6e8e8-1db3-5862-adfd-5e605be7c828,1c18f330-e3a0-5c45-8b4a-4340319c6f6b,14,0.6286849113751632,"[""harga_sesuai"", ""pernah_beli_seniman""]",model,klasifikasi-v1,2026-10-05T15:16:10Z
edd6e8e8-1db3-5862-adfd-5e605be7c828,ddc6295d-239d-589a-9714-9e4d1b9fb3f9,15,0.6103171634414029,"[""harga_sesuai"", ""pernah_beli_seniman""]",model,klasifikasi-v1,2026-10-05T15:16:10Z
edd6e8e8-1db3-5862-adfd-5e605be7c828,300ebf50-b10d-5efa-8722-a252a80b4557,16,0.588840834997185,"[""harga_sesuai"", ""pernah_beli_seniman""]",model,klasifikasi-v1,2026-10-05T15:16:10Z
edd6e8e8-1db3-5862-adfd-5e605be7c828,0931aca3-ffbb-57aa-b84e-284c01f774f1,17,0.586675299416232,"[""seniman_naik_daun"", ""pernah_beli_seniman""]",model,klasifikasi-v1,2026-10-05T15:16:10Z
edd6e8e8-1db3-5862-adfd-5e605be7c828,af058c54-328b-50b1-aa59-1ed52ef4b398,18,0.5862459588848024,"[""harga_sesuai"", ""pernah_beli_seniman""]",model,klasifikasi-v1,2026-10-05T15:16:10Z
edd6e8e8-1db3-5862-adfd-5e605be7c828,376f20b3-cf69-518a-95e4-669f8fe7fe40,19,0.5830935517336657,"[""pernah_beli_seniman""]",model,klasifikasi-v1,2026-10-05T15:16:10Z
edd6e8e8-1db3-5862-adfd-5e605be7c828,653fc4b1-75f3-5eac-afe6-586c962be798,20,0.5811246923059301,"[""pernah_beli_seniman""]",model,klasifikasi-v1,2026-10-05T15:16:10Z
fb502761-5596-5e07-ba87-efe51a13fbb9,3d61eac2-6d83-5347-9d59-799ac69edc5a,1,0.641013728373989,"[""harga_sesuai"", ""pernah_beli_seniman""]",model,klasifikasi-v1,2026-10-05T15:16:10Z
fb502761-5596-5e07-ba87-efe51a13fbb9,1b284f0a-4933-57f5-a5d9-d38488a7227c,2,0.6118331125676575,"[""harga_sesuai"", ""pernah_beli_seniman""]",model,klasifikasi-v1,2026-10-05T15:16:10Z
fb502761-5596-5e07-ba87-efe51a13fbb9,0e102d63-ff8f-5e6b-bbdc-2a5d6e668cb1,3,0.6010228265596995,"[""harga_sesuai"", ""pernah_beli_seniman""]",model,klasifikasi-v1,2026-10-05T15:16:10Z
fb502761-5596-5e07-ba87-efe51a13fbb9,6f5c741f-0fc0-523d-80e7-bce5940b7e1c,4,0.58416857515959,"[""harga_sesuai"", ""pernah_beli_seniman""]",model,klasifikasi-v1,2026-10-05T15:16:10Z
fb502761-5596-5e07-ba87-efe51a13fbb9,80d6863c-4309-5881-81cd-79e0a6aa59a3,5,0.5782182965031609,"[""pernah_beli_seniman""]",model,klasifikasi-v1,2026-10-05T15:16:10Z
fb502761-5596-5e07-ba87-efe51a13fbb9,ded10c02-e3db-542d-8ff2-e0ab8c159069,6,0.575723752327462,"[""harga_sesuai"", ""pernah_beli_seniman""]",model,klasifikasi-v1,2026-10-05T15:16:10Z
fb502761-5596-5e07-ba87-efe51a13fbb9,0bc9d34a-7f95-5dee-beb4-55f3af9b97c9,7,0.5661295580509381,"[""seniman_naik_daun""]",model,klasifikasi-v1,2026-10-05T15:16:10Z
fb502761-5596-5e07-ba87-efe51a13fbb9,ab56a64c-b79d-5092-8002-0652f839ad06,8,0.5627063548842629,"[""harga_sesuai"", ""pernah_beli_seniman""]",model,klasifikasi-v1,2026-10-05T15:16:10Z
fb502761-5596-5e07-ba87-efe51a13fbb9,88258c73-bb7b-51e8-824e-bc2ca0b939b8,9,0.5561504811592223,"[""seniman_naik_daun"", ""karya_baru""]",model,klasifikasi-v1,2026-10-05T15:16:10Z
fb502761-5596-5e07-ba87-efe51a13fbb9,1c18f330-e3a0-5c45-8b4a-4340319c6f6b,10,0.5482527286673408,"[""harga_sesuai"", ""pernah_beli_seniman""]",model,klasifikasi-v1,2026-10-05T15:16:10Z
fb502761-5596-5e07-ba87-efe51a13fbb9,7ed552db-962e-5e78-a1a4-2d32fefa1f0c,11,0.5443998918614287,"[""harga_sesuai"", ""pernah_beli_seniman""]",model,klasifikasi-v1,2026-10-05T15:16:10Z
fb502761-5596-5e07-ba87-efe51a13fbb9,16545722-15c8-55bc-b78b-f46c0496a505,12,0.5357221497481606,"[""harga_sesuai"", ""pernah_beli_seniman""]",model,klasifikasi-v1,2026-10-05T15:16:10Z
fb502761-5596-5e07-ba87-efe51a13fbb9,866197c9-41b8-58ae-af14-976c6a847c11,13,0.5246930798471059,"[""gaya_ramai""]",model,klasifikasi-v1,2026-10-05T15:16:10Z
fb502761-5596-5e07-ba87-efe51a13fbb9,b82ffac4-9b18-5129-bb4f-76d6267ef825,14,0.5222227476992481,"[""harga_sesuai"", ""seniman_naik_daun""]",model,klasifikasi-v1,2026-10-05T15:16:10Z
fb502761-5596-5e07-ba87-efe51a13fbb9,50f3106b-4608-5dec-abd4-f3513db77175,15,0.5140996458428219,"[""harga_sesuai"", ""pernah_beli_seniman""]",model,klasifikasi-v1,2026-10-05T15:16:10Z
fb502761-5596-5e07-ba87-efe51a13fbb9,653fc4b1-75f3-5eac-afe6-586c962be798,16,0.5127549252782928,"[""harga_sesuai"", ""pernah_beli_seniman""]",model,klasifikasi-v1,2026-10-05T15:16:10Z
fb502761-5596-5e07-ba87-efe51a13fbb9,556ac5bd-b36f-5124-8750-d92fefc82d2d,17,0.5052929845436173,"[""harga_sesuai"", ""karya_baru""]",model,klasifikasi-v1,2026-10-05T15:16:10Z
fb502761-5596-5e07-ba87-efe51a13fbb9,21d58bce-aee7-5c2c-9757-2101e0911a9e,18,0.5045337331026211,"[""pernah_beli_seniman""]",model,klasifikasi-v1,2026-10-05T15:16:10Z
fb502761-5596-5e07-ba87-efe51a13fbb9,f01a7b2c-1e11-597c-afeb-96705f31b4d5,19,0.4948364749149443,"[""harga_sesuai"", ""gaya_ramai"", ""pernah_beli_seniman""]",model,klasifikasi-v1,2026-10-05T15:16:10Z
fb502761-5596-5e07-ba87-efe51a13fbb9,7ba04b01-9924-5de2-9ea7-9d0e178b5a76,20,0.48129851813625507,"[""pernah_beli_seniman""]",model,klasifikasi-v1,2026-10-05T15:16:10Z
d1b1fdfd-ace1-536a-9c51-d44a0896c9ca,79e25e0d-2c04-5f90-9130-3f1d94125223,1,0.819098975515962,"[""harga_sesuai"", ""seniman_naik_daun"", ""pernah_beli_seniman"", ""karya_baru""]",model,klasifikasi-v1,2026-10-05T15:16:10Z
d1b1fdfd-ace1-536a-9c51-d44a0896c9ca,88258c73-bb7b-51e8-824e-bc2ca0b939b8,2,0.7615993123284718,"[""harga_sesuai"", ""seniman_naik_daun"", ""pernah_beli_seniman"", ""karya_baru""]",model,klasifikasi-v1,2026-10-05T15:16:10Z
d1b1fdfd-ace1-536a-9c51-d44a0896c9ca,df002552-8f03-5997-b452-e24a915621dd,3,0.7412001432457005,"[""harga_sesuai"", ""seniman_naik_daun"", ""pernah_beli_seniman""]",model,klasifikasi-v1,2026-10-05T15:16:10Z
d1b1fdfd-ace1-536a-9c51-d44a0896c9ca,a8ac835e-5aad-57f7-aa47-99b583d02392,4,0.7320740255217962,"[""seniman_naik_daun"", ""pernah_beli_seniman""]",model,klasifikasi-v1,2026-10-05T15:16:10Z
d1b1fdfd-ace1-536a-9c51-d44a0896c9ca,07d19c93-c674-54cb-9448-012eb1b60c3f,5,0.7319758101938088,"[""seniman_naik_daun"", ""pernah_beli_seniman""]",model,klasifikasi-v1,2026-10-05T15:16:10Z
d1b1fdfd-ace1-536a-9c51-d44a0896c9ca,9c41c05d-b958-5fe0-902f-c466d102b664,6,0.7309396624196449,"[""gaya_favorit"", ""pernah_beli_seniman""]",model,klasifikasi-v1,2026-10-05T15:16:10Z
d1b1fdfd-ace1-536a-9c51-d44a0896c9ca,a75ec521-369a-5e79-9b6f-f9851164e909,7,0.7309396624196449,"[""gaya_favorit"", ""pernah_beli_seniman""]",model,klasifikasi-v1,2026-10-05T15:16:10Z
d1b1fdfd-ace1-536a-9c51-d44a0896c9ca,1fef09ac-2800-5df6-bb4b-93c0c3308a02,8,0.7194587481533216,"[""gaya_favorit"", ""pernah_beli_seniman""]",model,klasifikasi-v1,2026-10-05T15:16:10Z
d1b1fdfd-ace1-536a-9c51-d44a0896c9ca,0931aca3-ffbb-57aa-b84e-284c01f774f1,9,0.6909597920049596,"[""harga_sesuai"", ""seniman_naik_daun"", ""pernah_beli_seniman""]",model,klasifikasi-v1,2026-10-05T15:16:10Z
d1b1fdfd-ace1-536a-9c51-d44a0896c9ca,64de7a06-8f63-5e8e-b4c7-532b0a72e424,10,0.6908006502057852,"[""gaya_favorit"", ""pernah_beli_seniman""]",model,klasifikasi-v1,2026-10-05T15:16:10Z
d1b1fdfd-ace1-536a-9c51-d44a0896c9ca,4ed54522-a110-5365-b35b-4c16d31aa48b,11,0.6890396252187957,"[""gaya_favorit"", ""pernah_beli_seniman""]",model,klasifikasi-v1,2026-10-05T15:16:10Z
d1b1fdfd-ace1-536a-9c51-d44a0896c9ca,6cf680b2-63f6-5420-990b-5d58e43b86c3,12,0.6793263362128122,"[""gaya_favorit"", ""pernah_beli_seniman""]",model,klasifikasi-v1,2026-10-05T15:16:10Z
d1b1fdfd-ace1-536a-9c51-d44a0896c9ca,0bc9d34a-7f95-5dee-beb4-55f3af9b97c9,13,0.6780643811753799,"[""harga_sesuai"", ""seniman_naik_daun"", ""pernah_beli_seniman""]",model,klasifikasi-v1,2026-10-05T15:16:10Z
d1b1fdfd-ace1-536a-9c51-d44a0896c9ca,8856b1b5-28c4-536b-9a51-9ff06bfdbd80,14,0.6739631251734991,"[""harga_sesuai"", ""seniman_naik_daun"", ""pernah_beli_seniman""]",model,klasifikasi-v1,2026-10-05T15:16:10Z
d1b1fdfd-ace1-536a-9c51-d44a0896c9ca,2d399fc1-c809-5c2a-bdaa-6e69cefe5fb1,15,0.6678890171490052,"[""seniman_naik_daun"", ""pernah_beli_seniman""]",model,klasifikasi-v1,2026-10-05T15:16:10Z
d1b1fdfd-ace1-536a-9c51-d44a0896c9ca,d08e8450-729f-5c84-b7fb-cbf19ed311d1,16,0.6630222382618904,"[""seniman_naik_daun""]",model,klasifikasi-v1,2026-10-05T15:16:10Z
d1b1fdfd-ace1-536a-9c51-d44a0896c9ca,6a9a552c-870e-5cd3-b409-273d6c5865eb,17,0.6594727750608981,"[""harga_sesuai"", ""seniman_naik_daun"", ""pernah_beli_seniman""]",model,klasifikasi-v1,2026-10-05T15:16:10Z
d1b1fdfd-ace1-536a-9c51-d44a0896c9ca,1af0200c-a8bf-593f-8cb6-4f759b5f5ac1,18,0.6588984176134616,"[""harga_sesuai"", ""seniman_naik_daun"", ""pernah_beli_seniman""]",model,klasifikasi-v1,2026-10-05T15:16:10Z
d1b1fdfd-ace1-536a-9c51-d44a0896c9ca,224ba711-c5ff-581d-be53-1872a1df84ca,19,0.6527537400901,"[""harga_sesuai"", ""seniman_naik_daun"", ""pernah_beli_seniman""]",model,klasifikasi-v1,2026-10-05T15:16:10Z
d1b1fdfd-ace1-536a-9c51-d44a0896c9ca,854f6550-ae71-509e-859c-39396df1a99e,20,0.6509505579184568,"[""harga_sesuai"", ""seniman_naik_daun"", ""pernah_beli_seniman""]",model,klasifikasi-v1,2026-10-05T15:16:10Z
181d5eaa-4366-5aee-8dec-bd0fccfb583a,0e102d63-ff8f-5e6b-bbdc-2a5d6e668cb1,1,0.7677547063505085,"[""harga_sesuai"", ""pernah_beli_seniman""]",model,klasifikasi-v1,2026-10-05T15:16:10Z
181d5eaa-4366-5aee-8dec-bd0fccfb583a,6f5c741f-0fc0-523d-80e7-bce5940b7e1c,2,0.7632322061430558,"[""harga_sesuai"", ""pernah_beli_seniman""]",model,klasifikasi-v1,2026-10-05T15:16:10Z
181d5eaa-4366-5aee-8dec-bd0fccfb583a,e15ac87c-418d-5877-b3de-5f27acd81302,3,0.7372770739544015,"[""gaya_favorit"", ""harga_sesuai"", ""gaya_ramai"", ""pernah_beli_seniman""]",model,klasifikasi-v1,2026-10-05T15:16:10Z
181d5eaa-4366-5aee-8dec-bd0fccfb583a,ded10c02-e3db-542d-8ff2-e0ab8c159069,4,0.7334830613239399,"[""pernah_beli_seniman""]",model,klasifikasi-v1,2026-10-05T15:16:10Z
181d5eaa-4366-5aee-8dec-bd0fccfb583a,50f3106b-4608-5dec-abd4-f3513db77175,5,0.7049456175478229,"[""harga_sesuai"", ""pernah_beli_seniman""]",model,klasifikasi-v1,2026-10-05T15:16:10Z
181d5eaa-4366-5aee-8dec-bd0fccfb583a,80d6863c-4309-5881-81cd-79e0a6aa59a3,6,0.7048219937633099,"[""harga_sesuai"", ""pernah_beli_seniman""]",model,klasifikasi-v1,2026-10-05T15:16:10Z
181d5eaa-4366-5aee-8dec-bd0fccfb583a,ab4a3c71-9387-56bc-a801-1beeee2639d7,7,0.7030638351831126,"[""gaya_favorit"", ""gaya_ramai""]",model,klasifikasi-v1,2026-10-05T15:16:10Z
181d5eaa-4366-5aee-8dec-bd0fccfb583a,1b284f0a-4933-57f5-a5d9-d38488a7227c,8,0.6996573812095683,"[""harga_sesuai"", ""pernah_beli_seniman""]",model,klasifikasi-v1,2026-10-05T15:16:10Z
181d5eaa-4366-5aee-8dec-bd0fccfb583a,d48d3793-0d94-54bf-8cd8-bd45835a8231,9,0.697580780291979,"[""gaya_favorit"", ""gaya_ramai""]",model,klasifikasi-v1,2026-10-05T15:16:10Z
181d5eaa-4366-5aee-8dec-bd0fccfb583a,866197c9-41b8-58ae-af14-976c6a847c11,10,0.6916469779695625,"[""gaya_favorit"", ""gaya_ramai"", ""pernah_beli_seniman""]",model,klasifikasi-v1,2026-10-05T15:16:10Z
181d5eaa-4366-5aee-8dec-bd0fccfb583a,d0932440-31b0-5025-ab5b-f83ac95c2aea,11,0.6704321672311024,"[""gaya_favorit"", ""gaya_ramai"", ""pernah_beli_seniman""]",model,klasifikasi-v1,2026-10-05T15:16:10Z
181d5eaa-4366-5aee-8dec-bd0fccfb583a,05f320fb-5f39-5107-a07b-43b287844058,12,0.6658322921942699,"[""gaya_favorit"", ""harga_sesuai"", ""gaya_ramai""]",model,klasifikasi-v1,2026-10-05T15:16:10Z
181d5eaa-4366-5aee-8dec-bd0fccfb583a,eb44d2ea-12dc-577e-8aa5-20be6e0c9098,13,0.6548848100049801,"[""gaya_favorit"", ""harga_sesuai"", ""gaya_ramai"", ""pernah_beli_seniman""]",model,klasifikasi-v1,2026-10-05T15:16:10Z
181d5eaa-4366-5aee-8dec-bd0fccfb583a,34f160b0-2ebd-5b4b-abbf-d9e60acd2b35,14,0.6465309642352312,"[""gaya_favorit"", ""gaya_ramai"", ""pernah_beli_seniman""]",model,klasifikasi-v1,2026-10-05T15:16:10Z
181d5eaa-4366-5aee-8dec-bd0fccfb583a,d3a8b338-b612-53d4-9c39-d14ffe191dfa,15,0.646174882827475,"[""gaya_favorit"", ""harga_sesuai"", ""gaya_ramai"", ""pernah_beli_seniman""]",model,klasifikasi-v1,2026-10-05T15:16:10Z
181d5eaa-4366-5aee-8dec-bd0fccfb583a,77940c72-1025-5f31-8dff-3763e93c7cf0,16,0.6461024383215251,"[""gaya_favorit"", ""harga_sesuai"", ""gaya_ramai""]",model,klasifikasi-v1,2026-10-05T15:16:10Z
181d5eaa-4366-5aee-8dec-bd0fccfb583a,833169db-d471-58fa-8abf-d93643696f4b,17,0.6436426290529921,"[""gaya_favorit"", ""gaya_ramai"", ""pernah_beli_seniman""]",model,klasifikasi-v1,2026-10-05T15:16:10Z
181d5eaa-4366-5aee-8dec-bd0fccfb583a,2b114701-6eaa-53bb-93f7-b655e90e143d,18,0.6384238783083821,"[""gaya_favorit"", ""gaya_ramai""]",model,klasifikasi-v1,2026-10-05T15:16:10Z
181d5eaa-4366-5aee-8dec-bd0fccfb583a,21d58bce-aee7-5c2c-9757-2101e0911a9e,19,0.6358788976896897,"[""pernah_beli_seniman""]",model,klasifikasi-v1,2026-10-05T15:16:10Z
181d5eaa-4366-5aee-8dec-bd0fccfb583a,d73cdc1c-14e5-522b-8637-17ed53474690,20,0.6344584386265085,"[""gaya_favorit"", ""harga_sesuai"", ""gaya_ramai"", ""pernah_beli_seniman""]",model,klasifikasi-v1,2026-10-05T15:16:10Z
282a5b11-5c97-5686-be7a-dafa471ce36c,c5d03f92-aa6d-5593-928e-3b2857ad1853,1,0.8354150331878523,"[""gaya_favorit"", ""harga_sesuai"", ""pernah_beli_seniman""]",model,klasifikasi-v1,2026-10-05T15:16:10Z
282a5b11-5c97-5686-be7a-dafa471ce36c,6c354900-b80d-56b8-8adc-7a97a366f095,2,0.7195510914768459,"[""gaya_favorit"", ""harga_sesuai"", ""pernah_beli_seniman""]",model,klasifikasi-v1,2026-10-05T15:16:10Z
282a5b11-5c97-5686-be7a-dafa471ce36c,0bc9d34a-7f95-5dee-beb4-55f3af9b97c9,3,0.7055456729586208,"[""seniman_naik_daun""]",model,klasifikasi-v1,2026-10-05T15:16:10Z
282a5b11-5c97-5686-be7a-dafa471ce36c,556ac5bd-b36f-5124-8750-d92fefc82d2d,4,0.6906457960330308,"[""harga_sesuai"", ""pernah_beli_seniman"", ""karya_baru""]",model,klasifikasi-v1,2026-10-05T15:16:10Z
282a5b11-5c97-5686-be7a-dafa471ce36c,a724961d-392c-586e-9da5-8e9342c6fd29,5,0.6771087837133805,"[""pernah_beli_seniman"", ""karya_baru""]",model,klasifikasi-v1,2026-10-05T15:16:10Z
282a5b11-5c97-5686-be7a-dafa471ce36c,b82ffac4-9b18-5129-bb4f-76d6267ef825,6,0.6593779417664561,"[""harga_sesuai"", ""seniman_naik_daun""]",model,klasifikasi-v1,2026-10-05T15:16:10Z
282a5b11-5c97-5686-be7a-dafa471ce36c,4c6861aa-290c-53f1-808e-3e6cbd17a516,7,0.6370423603169244,"[""gaya_favorit"", ""karya_baru""]",model,klasifikasi-v1,2026-10-05T15:16:10Z
282a5b11-5c97-5686-be7a-dafa471ce36c,0e102d63-ff8f-5e6b-bbdc-2a5d6e668cb1,8,0.609578331699876,"[""harga_sesuai""]",model,klasifikasi-v1,2026-10-05T15:16:10Z
282a5b11-5c97-5686-be7a-dafa471ce36c,53d13623-0761-554d-b668-e79215702755,9,0.6046315948421953,"[""gaya_favorit"", ""pernah_beli_seniman""]",model,klasifikasi-v1,2026-10-05T15:16:10Z
282a5b11-5c97-5686-be7a-dafa471ce36c,e4e1ce05-e95f-55ae-95fd-b46c0e364e4d,10,0.5968332185931868,"[""seniman_naik_daun""]",model,klasifikasi-v1,2026-10-05T15:16:10Z
282a5b11-5c97-5686-be7a-dafa471ce36c,ded10c02-e3db-542d-8ff2-e0ab8c159069,11,0.5789083227577513,"[""harga_sesuai""]",model,klasifikasi-v1,2026-10-05T15:16:10Z
282a5b11-5c97-5686-be7a-dafa471ce36c,376f20b3-cf69-518a-95e4-669f8fe7fe40,12,0.5731554037262584,"[""harga_sesuai"", ""pernah_beli_seniman""]",model,klasifikasi-v1,2026-10-05T15:16:10Z
282a5b11-5c97-5686-be7a-dafa471ce36c,6f5c741f-0fc0-523d-80e7-bce5940b7e1c,13,0.5656729796855426,"[""harga_sesuai""]",model,klasifikasi-v1,2026-10-05T15:16:10Z
282a5b11-5c97-5686-be7a-dafa471ce36c,300ebf50-b10d-5efa-8722-a252a80b4557,14,0.5523386752233825,"[""harga_sesuai"", ""pernah_beli_seniman""]",model,klasifikasi-v1,2026-10-05T15:16:10Z
282a5b11-5c97-5686-be7a-dafa471ce36c,f60efa69-e980-54e3-9729-e98c5f2fc78f,15,0.551963282960351,"[""harga_sesuai"", ""pernah_beli_seniman""]",model,klasifikasi-v1,2026-10-05T15:16:10Z
282a5b11-5c97-5686-be7a-dafa471ce36c,af058c54-328b-50b1-aa59-1ed52ef4b398,16,0.5471194665070486,"[""harga_sesuai"", ""pernah_beli_seniman""]",model,klasifikasi-v1,2026-10-05T15:16:10Z
282a5b11-5c97-5686-be7a-dafa471ce36c,ddc6295d-239d-589a-9714-9e4d1b9fb3f9,17,0.5436096895664685,"[""pernah_beli_seniman""]",model,klasifikasi-v1,2026-10-05T15:16:10Z
282a5b11-5c97-5686-be7a-dafa471ce36c,1b284f0a-4933-57f5-a5d9-d38488a7227c,18,0.5428605627855947,"[""harga_sesuai""]",model,klasifikasi-v1,2026-10-05T15:16:10Z
282a5b11-5c97-5686-be7a-dafa471ce36c,80d6863c-4309-5881-81cd-79e0a6aa59a3,19,0.5339919378826434,"[""harga_sesuai""]",model,klasifikasi-v1,2026-10-05T15:16:10Z
282a5b11-5c97-5686-be7a-dafa471ce36c,0242a481-31c2-55aa-92b4-ebebc6011a7c,20,0.5271972683675472,"[""pernah_beli_seniman""]",model,klasifikasi-v1,2026-10-05T15:16:10Z
a2ee3505-1898-5fa4-a468-f5f9c6772028,79e25e0d-2c04-5f90-9130-3f1d94125223,1,0.8396252904422368,"[""harga_sesuai"", ""seniman_naik_daun"", ""pernah_beli_seniman"", ""karya_baru""]",model,klasifikasi-v1,2026-10-05T15:16:10Z
a2ee3505-1898-5fa4-a468-f5f9c6772028,88258c73-bb7b-51e8-824e-bc2ca0b939b8,2,0.7802586193860894,"[""harga_sesuai"", ""seniman_naik_daun"", ""pernah_beli_seniman"", ""karya_baru""]",model,klasifikasi-v1,2026-10-05T15:16:10Z
a2ee3505-1898-5fa4-a468-f5f9c6772028,07d19c93-c674-54cb-9448-012eb1b60c3f,3,0.7610687416003263,"[""seniman_naik_daun"", ""pernah_beli_seniman""]",model,klasifikasi-v1,2026-10-05T15:16:10Z
a2ee3505-1898-5fa4-a468-f5f9c6772028,df002552-8f03-5997-b452-e24a915621dd,4,0.7405837110588783,"[""harga_sesuai"", ""seniman_naik_daun"", ""pernah_beli_seniman""]",model,klasifikasi-v1,2026-10-05T15:16:10Z
a2ee3505-1898-5fa4-a468-f5f9c6772028,2d399fc1-c809-5c2a-bdaa-6e69cefe5fb1,5,0.7297060267662238,"[""seniman_naik_daun"", ""pernah_beli_seniman""]",model,klasifikasi-v1,2026-10-05T15:16:10Z
a2ee3505-1898-5fa4-a468-f5f9c6772028,0bc9d34a-7f95-5dee-beb4-55f3af9b97c9,6,0.7182124910864204,"[""harga_sesuai"", ""seniman_naik_daun"", ""pernah_beli_seniman""]",model,klasifikasi-v1,2026-10-05T15:16:10Z
a2ee3505-1898-5fa4-a468-f5f9c6772028,94afa8d0-6fca-5820-9dfe-5fb67fd9b665,7,0.7101804253170694,"[""seniman_naik_daun"", ""pernah_beli_seniman""]",model,klasifikasi-v1,2026-10-05T15:16:10Z
a2ee3505-1898-5fa4-a468-f5f9c6772028,0931aca3-ffbb-57aa-b84e-284c01f774f1,8,0.7086493994117947,"[""harga_sesuai"", ""seniman_naik_daun"", ""pernah_beli_seniman""]",model,klasifikasi-v1,2026-10-05T15:16:10Z
a2ee3505-1898-5fa4-a468-f5f9c6772028,8856b1b5-28c4-536b-9a51-9ff06bfdbd80,9,0.6967504537512023,"[""harga_sesuai"", ""seniman_naik_daun"", ""pernah_beli_seniman""]",model,klasifikasi-v1,2026-10-05T15:16:10Z
a2ee3505-1898-5fa4-a468-f5f9c6772028,0fa48617-95fc-5cfc-84dd-53e4416600eb,10,0.6919287777949453,"[""gaya_favorit"", ""gaya_ramai""]",model,klasifikasi-v1,2026-10-05T15:16:10Z
a2ee3505-1898-5fa4-a468-f5f9c6772028,8d8c6d42-894a-5d83-a68b-c458ead32750,11,0.6916560871257648,"[""seniman_naik_daun"", ""pernah_beli_seniman""]",model,klasifikasi-v1,2026-10-05T15:16:10Z
a2ee3505-1898-5fa4-a468-f5f9c6772028,6a9a552c-870e-5cd3-b409-273d6c5865eb,12,0.6912849522280804,"[""harga_sesuai"", ""seniman_naik_daun"", ""pernah_beli_seniman""]",model,klasifikasi-v1,2026-10-05T15:16:10Z
a2ee3505-1898-5fa4-a468-f5f9c6772028,987e9b9d-f4c6-5ce1-ac8c-5ef271e2ae33,13,0.6888327534943386,"[""gaya_favorit"", ""gaya_ramai""]",model,klasifikasi-v1,2026-10-05T15:16:10Z
a2ee3505-1898-5fa4-a468-f5f9c6772028,854f6550-ae71-509e-859c-39396df1a99e,14,0.6698360027359487,"[""harga_sesuai"", ""seniman_naik_daun"", ""pernah_beli_seniman""]",model,klasifikasi-v1,2026-10-05T15:16:10Z
a2ee3505-1898-5fa4-a468-f5f9c6772028,9ee5532a-4517-5110-ae74-b2a3048fea09,15,0.6640122848729458,"[""gaya_favorit"", ""gaya_ramai""]",model,klasifikasi-v1,2026-10-05T15:16:10Z
a2ee3505-1898-5fa4-a468-f5f9c6772028,1af0200c-a8bf-593f-8cb6-4f759b5f5ac1,16,0.6489049847799011,"[""harga_sesuai"", ""seniman_naik_daun"", ""pernah_beli_seniman""]",model,klasifikasi-v1,2026-10-05T15:16:10Z
a2ee3505-1898-5fa4-a468-f5f9c6772028,04393ef2-a47c-5658-89fa-61d255a593b4,17,0.6354631726536673,"[""harga_sesuai"", ""seniman_naik_daun"", ""pernah_beli_seniman""]",model,klasifikasi-v1,2026-10-05T15:16:10Z
a2ee3505-1898-5fa4-a468-f5f9c6772028,fa66638c-6d00-5064-aa96-646be0045143,18,0.6205498817926322,"[""harga_sesuai""]",model,klasifikasi-v1,2026-10-05T15:16:10Z
a2ee3505-1898-5fa4-a468-f5f9c6772028,231b14d2-2e75-5193-9c40-949b484944ca,19,0.6178702809851787,"[""harga_sesuai"", ""seniman_naik_daun"", ""pernah_beli_seniman""]",model,klasifikasi-v1,2026-10-05T15:16:10Z
a2ee3505-1898-5fa4-a468-f5f9c6772028,a3dfd416-62c6-5cdf-9ee4-e82226d12fdc,20,0.6160083456337673,"[""harga_sesuai""]",model,klasifikasi-v1,2026-10-05T15:16:10Z
c11f3e8a-99bb-5153-885e-7646661cf764,79e25e0d-2c04-5f90-9130-3f1d94125223,1,0.8555008161586951,"[""gaya_favorit"", ""seniman_naik_daun"", ""pernah_beli_seniman"", ""karya_baru""]",model,klasifikasi-v1,2026-10-05T15:16:10Z
c11f3e8a-99bb-5153-885e-7646661cf764,df002552-8f03-5997-b452-e24a915621dd,2,0.8140075698078263,"[""gaya_favorit"", ""harga_sesuai"", ""seniman_naik_daun"", ""pernah_beli_seniman""]",model,klasifikasi-v1,2026-10-05T15:16:10Z
c11f3e8a-99bb-5153-885e-7646661cf764,88258c73-bb7b-51e8-824e-bc2ca0b939b8,3,0.8046751440214596,"[""gaya_favorit"", ""harga_sesuai"", ""seniman_naik_daun"", ""pernah_beli_seniman"", ""karya_baru""]",model,klasifikasi-v1,2026-10-05T15:16:10Z
c11f3e8a-99bb-5153-885e-7646661cf764,07d19c93-c674-54cb-9448-012eb1b60c3f,4,0.7929578028948757,"[""gaya_favorit"", ""seniman_naik_daun"", ""pernah_beli_seniman""]",model,klasifikasi-v1,2026-10-05T15:16:10Z
c11f3e8a-99bb-5153-885e-7646661cf764,0bc9d34a-7f95-5dee-beb4-55f3af9b97c9,5,0.7744352066046578,"[""gaya_favorit"", ""harga_sesuai"", ""seniman_naik_daun"", ""pernah_beli_seniman""]",model,klasifikasi-v1,2026-10-05T15:16:10Z
c11f3e8a-99bb-5153-885e-7646661cf764,2d399fc1-c809-5c2a-bdaa-6e69cefe5fb1,6,0.7644856092996865,"[""gaya_favorit"", ""seniman_naik_daun"", ""pernah_beli_seniman""]",model,klasifikasi-v1,2026-10-05T15:16:10Z
c11f3e8a-99bb-5153-885e-7646661cf764,94afa8d0-6fca-5820-9dfe-5fb67fd9b665,7,0.7600028740799856,"[""gaya_favorit"", ""seniman_naik_daun"", ""pernah_beli_seniman""]",model,klasifikasi-v1,2026-10-05T15:16:10Z
c11f3e8a-99bb-5153-885e-7646661cf764,0931aca3-ffbb-57aa-b84e-284c01f774f1,8,0.7556424635090316,"[""gaya_favorit"", ""harga_sesuai"", ""seniman_naik_daun"", ""pernah_beli_seniman""]",model,klasifikasi-v1,2026-10-05T15:16:10Z
c11f3e8a-99bb-5153-885e-7646661cf764,8856b1b5-28c4-536b-9a51-9ff06bfdbd80,9,0.7408690841808703,"[""gaya_favorit"", ""harga_sesuai"", ""seniman_naik_daun"", ""pernah_beli_seniman""]",model,klasifikasi-v1,2026-10-05T15:16:10Z
c11f3e8a-99bb-5153-885e-7646661cf764,6a9a552c-870e-5cd3-b409-273d6c5865eb,10,0.7400514062355288,"[""gaya_favorit"", ""harga_sesuai"", ""seniman_naik_daun"", ""pernah_beli_seniman""]",model,klasifikasi-v1,2026-10-05T15:16:10Z
c11f3e8a-99bb-5153-885e-7646661cf764,a8ac835e-5aad-57f7-aa47-99b583d02392,11,0.7384465163732401,"[""seniman_naik_daun"", ""pernah_beli_seniman""]",model,klasifikasi-v1,2026-10-05T15:16:10Z
c11f3e8a-99bb-5153-885e-7646661cf764,8d8c6d42-894a-5d83-a68b-c458ead32750,12,0.7352978831688634,"[""gaya_favorit"", ""seniman_naik_daun"", ""pernah_beli_seniman""]",model,klasifikasi-v1,2026-10-05T15:16:10Z
c11f3e8a-99bb-5153-885e-7646661cf764,854f6550-ae71-509e-859c-39396df1a99e,13,0.7162758076842595,"[""gaya_favorit"", ""harga_sesuai"", ""seniman_naik_daun"", ""pernah_beli_seniman""]",model,klasifikasi-v1,2026-10-05T15:16:10Z
c11f3e8a-99bb-5153-885e-7646661cf764,1af0200c-a8bf-593f-8cb6-4f759b5f5ac1,14,0.7055188385430738,"[""gaya_favorit"", ""harga_sesuai"", ""seniman_naik_daun"", ""pernah_beli_seniman""]",model,klasifikasi-v1,2026-10-05T15:16:10Z
c11f3e8a-99bb-5153-885e-7646661cf764,04393ef2-a47c-5658-89fa-61d255a593b4,15,0.7043218861806232,"[""gaya_favorit"", ""harga_sesuai"", ""seniman_naik_daun"", ""pernah_beli_seniman""]",model,klasifikasi-v1,2026-10-05T15:16:10Z
c11f3e8a-99bb-5153-885e-7646661cf764,224ba711-c5ff-581d-be53-1872a1df84ca,16,0.6978151449994854,"[""harga_sesuai"", ""seniman_naik_daun"", ""pernah_beli_seniman""]",model,klasifikasi-v1,2026-10-05T15:16:10Z
c11f3e8a-99bb-5153-885e-7646661cf764,231b14d2-2e75-5193-9c40-949b484944ca,17,0.6769974802569779,"[""gaya_favorit"", ""harga_sesuai"", ""seniman_naik_daun"", ""pernah_beli_seniman""]",model,klasifikasi-v1,2026-10-05T15:16:10Z
c11f3e8a-99bb-5153-885e-7646661cf764,e4e1ce05-e95f-55ae-95fd-b46c0e364e4d,18,0.6739012455960821,"[""gaya_favorit"", ""harga_sesuai"", ""seniman_naik_daun"", ""pernah_beli_seniman""]",model,klasifikasi-v1,2026-10-05T15:16:10Z
c11f3e8a-99bb-5153-885e-7646661cf764,5a1a4eef-6e5c-5c41-a684-b8d3c8592d61,19,0.6603588475375998,"[""gaya_favorit"", ""harga_sesuai"", ""seniman_naik_daun"", ""pernah_beli_seniman""]",model,klasifikasi-v1,2026-10-05T15:16:10Z
c11f3e8a-99bb-5153-885e-7646661cf764,016679fd-f015-5c7e-b41e-f69d95c9d91a,20,0.6479267442686696,"[""harga_sesuai"", ""seniman_naik_daun"", ""pernah_beli_seniman""]",model,klasifikasi-v1,2026-10-05T15:16:10Z
5c3826f0-492a-5274-a17f-b749a6e3ac8a,e15ac87c-418d-5877-b3de-5f27acd81302,1,0.7371150837325163,"[""gaya_favorit"", ""harga_sesuai"", ""gaya_ramai"", ""pernah_beli_seniman""]",model,klasifikasi-v1,2026-10-05T15:16:10Z
5c3826f0-492a-5274-a17f-b749a6e3ac8a,866197c9-41b8-58ae-af14-976c6a847c11,2,0.6903200327607221,"[""gaya_favorit"", ""gaya_ramai"", ""pernah_beli_seniman""]",model,klasifikasi-v1,2026-10-05T15:16:10Z
5c3826f0-492a-5274-a17f-b749a6e3ac8a,ecc1925d-5e66-5cb1-9433-9856fad6a864,3,0.6607286465367256,"[""gaya_favorit"", ""gaya_ramai"", ""pernah_beli_seniman""]",model,klasifikasi-v1,2026-10-05T15:16:10Z
5c3826f0-492a-5274-a17f-b749a6e3ac8a,daa8c931-6f28-5aae-87f3-dc9cd4fb7f63,4,0.6485844008773625,"[""gaya_favorit"", ""gaya_ramai"", ""pernah_beli_seniman""]",model,klasifikasi-v1,2026-10-05T15:16:10Z
5c3826f0-492a-5274-a17f-b749a6e3ac8a,ab4a3c71-9387-56bc-a801-1beeee2639d7,5,0.6414235241784557,"[""gaya_favorit"", ""harga_sesuai"", ""gaya_ramai""]",model,klasifikasi-v1,2026-10-05T15:16:10Z
5c3826f0-492a-5274-a17f-b749a6e3ac8a,d0932440-31b0-5025-ab5b-f83ac95c2aea,6,0.6298509631301175,"[""gaya_favorit"", ""gaya_ramai"", ""pernah_beli_seniman""]",model,klasifikasi-v1,2026-10-05T15:16:10Z
5c3826f0-492a-5274-a17f-b749a6e3ac8a,1710dd55-8ba2-5707-8232-b4ff654c9e8b,7,0.6194312839888939,"[""gaya_favorit"", ""harga_sesuai"", ""gaya_ramai"", ""pernah_beli_seniman""]",model,klasifikasi-v1,2026-10-05T15:16:10Z
5c3826f0-492a-5274-a17f-b749a6e3ac8a,2c540a0c-a2ff-5f37-ba88-a5ad28626312,8,0.6166438218855144,"[""gaya_favorit"", ""harga_sesuai"", ""gaya_ramai"", ""pernah_beli_seniman""]",model,klasifikasi-v1,2026-10-05T15:16:10Z
5c3826f0-492a-5274-a17f-b749a6e3ac8a,833169db-d471-58fa-8abf-d93643696f4b,9,0.6154400558135523,"[""gaya_favorit"", ""gaya_ramai"", ""pernah_beli_seniman""]",model,klasifikasi-v1,2026-10-05T15:16:10Z
5c3826f0-492a-5274-a17f-b749a6e3ac8a,d48d3793-0d94-54bf-8cd8-bd45835a8231,10,0.6143587126957001,"[""gaya_favorit"", ""gaya_ramai""]",model,klasifikasi-v1,2026-10-05T15:16:10Z
5c3826f0-492a-5274-a17f-b749a6e3ac8a,34be515c-745a-552e-88f7-004446f79132,11,0.6133320668884288,"[""gaya_favorit"", ""gaya_ramai"", ""pernah_beli_seniman""]",model,klasifikasi-v1,2026-10-05T15:16:10Z
5c3826f0-492a-5274-a17f-b749a6e3ac8a,eb44d2ea-12dc-577e-8aa5-20be6e0c9098,12,0.61162188912378,"[""gaya_favorit"", ""harga_sesuai"", ""gaya_ramai"", ""pernah_beli_seniman""]",model,klasifikasi-v1,2026-10-05T15:16:10Z
5c3826f0-492a-5274-a17f-b749a6e3ac8a,c7d02806-7ba6-5d64-8e04-efee892cd534,13,0.6074815525127651,"[""gaya_favorit"", ""gaya_ramai"", ""pernah_beli_seniman""]",model,klasifikasi-v1,2026-10-05T15:16:10Z
5c3826f0-492a-5274-a17f-b749a6e3ac8a,95a307c1-e13a-584e-b5a7-bdb273f5d066,14,0.6063411067146786,"[""gaya_favorit"", ""harga_sesuai"", ""gaya_ramai"", ""pernah_beli_seniman""]",model,klasifikasi-v1,2026-10-05T15:16:10Z
5c3826f0-492a-5274-a17f-b749a6e3ac8a,de0649c2-892b-5173-87f3-b53210592193,15,0.6055213157913104,"[""gaya_favorit"", ""harga_sesuai"", ""gaya_ramai"", ""pernah_beli_seniman""]",model,klasifikasi-v1,2026-10-05T15:16:10Z
5c3826f0-492a-5274-a17f-b749a6e3ac8a,fe1a1879-a98f-5673-b481-0cff8f509f6b,16,0.6035144263587855,"[""gaya_favorit"", ""gaya_ramai"", ""pernah_beli_seniman""]",model,klasifikasi-v1,2026-10-05T15:16:10Z
5c3826f0-492a-5274-a17f-b749a6e3ac8a,d3a8b338-b612-53d4-9c39-d14ffe191dfa,17,0.5983647009226576,"[""gaya_favorit"", ""harga_sesuai"", ""gaya_ramai"", ""pernah_beli_seniman""]",model,klasifikasi-v1,2026-10-05T15:16:10Z
5c3826f0-492a-5274-a17f-b749a6e3ac8a,05f320fb-5f39-5107-a07b-43b287844058,18,0.5928776595786365,"[""gaya_favorit"", ""harga_sesuai"", ""gaya_ramai"", ""pernah_beli_seniman""]",model,klasifikasi-v1,2026-10-05T15:16:10Z
5c3826f0-492a-5274-a17f-b749a6e3ac8a,d73cdc1c-14e5-522b-8637-17ed53474690,19,0.5924040507936401,"[""gaya_favorit"", ""harga_sesuai"", ""gaya_ramai"", ""pernah_beli_seniman""]",model,klasifikasi-v1,2026-10-05T15:16:10Z
5c3826f0-492a-5274-a17f-b749a6e3ac8a,57484960-cbe1-544b-94b3-2f911835d343,20,0.5923793723931235,"[""gaya_favorit"", ""gaya_ramai"", ""pernah_beli_seniman""]",model,klasifikasi-v1,2026-10-05T15:16:10Z
be4b0a7a-9024-5d01-9efd-04a32d568f07,79e25e0d-2c04-5f90-9130-3f1d94125223,1,0.772438385972344,"[""harga_sesuai"", ""seniman_naik_daun"", ""karya_baru""]",model,klasifikasi-v1,2026-10-05T15:16:10Z
be4b0a7a-9024-5d01-9efd-04a32d568f07,1fef09ac-2800-5df6-bb4b-93c0c3308a02,2,0.7448510833052254,"[""gaya_favorit"", ""harga_sesuai"", ""pernah_beli_seniman""]",model,klasifikasi-v1,2026-10-05T15:16:10Z
be4b0a7a-9024-5d01-9efd-04a32d568f07,9c41c05d-b958-5fe0-902f-c466d102b664,3,0.7391430726202827,"[""gaya_favorit"", ""harga_sesuai"", ""pernah_beli_seniman""]",model,klasifikasi-v1,2026-10-05T15:16:10Z
be4b0a7a-9024-5d01-9efd-04a32d568f07,a75ec521-369a-5e79-9b6f-f9851164e909,4,0.7391430726202827,"[""gaya_favorit"", ""harga_sesuai"", ""pernah_beli_seniman""]",model,klasifikasi-v1,2026-10-05T15:16:10Z
be4b0a7a-9024-5d01-9efd-04a32d568f07,64de7a06-8f63-5e8e-b4c7-532b0a72e424,5,0.7133316509687403,"[""gaya_favorit"", ""harga_sesuai"", ""pernah_beli_seniman""]",model,klasifikasi-v1,2026-10-05T15:16:10Z
be4b0a7a-9024-5d01-9efd-04a32d568f07,6cf680b2-63f6-5420-990b-5d58e43b86c3,6,0.7120612049958456,"[""gaya_favorit"", ""harga_sesuai"", ""pernah_beli_seniman""]",model,klasifikasi-v1,2026-10-05T15:16:10Z
be4b0a7a-9024-5d01-9efd-04a32d568f07,4ed54522-a110-5365-b35b-4c16d31aa48b,7,0.7060794177523928,"[""gaya_favorit"", ""harga_sesuai"", ""pernah_beli_seniman""]",model,klasifikasi-v1,2026-10-05T15:16:10Z
be4b0a7a-9024-5d01-9efd-04a32d568f07,88258c73-bb7b-51e8-824e-bc2ca0b939b8,8,0.6826737759580346,"[""harga_sesuai"", ""seniman_naik_daun"", ""karya_baru""]",model,klasifikasi-v1,2026-10-05T15:16:10Z
be4b0a7a-9024-5d01-9efd-04a32d568f07,3e47a0b3-d827-5a29-875b-db8a2a91f894,9,0.6682095944902358,"[""gaya_favorit"", ""harga_sesuai"", ""pernah_beli_seniman""]",model,klasifikasi-v1,2026-10-05T15:16:10Z
be4b0a7a-9024-5d01-9efd-04a32d568f07,07d19c93-c674-54cb-9448-012eb1b60c3f,10,0.6654601751449224,"[""harga_sesuai"", ""seniman_naik_daun""]",model,klasifikasi-v1,2026-10-05T15:16:10Z
be4b0a7a-9024-5d01-9efd-04a32d568f07,2d399fc1-c809-5c2a-bdaa-6e69cefe5fb1,11,0.6504798730023426,"[""harga_sesuai"", ""seniman_naik_daun""]",model,klasifikasi-v1,2026-10-05T15:16:10Z
be4b0a7a-9024-5d01-9efd-04a32d568f07,07040069-b09e-5004-ae84-57f3a654f363,12,0.6496362827300177,"[""gaya_favorit"", ""harga_sesuai"", ""pernah_beli_seniman""]",model,klasifikasi-v1,2026-10-05T15:16:10Z
be4b0a7a-9024-5d01-9efd-04a32d568f07,df002552-8f03-5997-b452-e24a915621dd,13,0.6396204694027974,"[""harga_sesuai"", ""seniman_naik_daun""]",model,klasifikasi-v1,2026-10-05T15:16:10Z
be4b0a7a-9024-5d01-9efd-04a32d568f07,a8ac835e-5aad-57f7-aa47-99b583d02392,14,0.6368410877939916,"[""harga_sesuai"", ""seniman_naik_daun""]",model,klasifikasi-v1,2026-10-05T15:16:10Z
be4b0a7a-9024-5d01-9efd-04a32d568f07,0931aca3-ffbb-57aa-b84e-284c01f774f1,15,0.6296502062527937,"[""harga_sesuai"", ""seniman_naik_daun""]",model,klasifikasi-v1,2026-10-05T15:16:10Z
be4b0a7a-9024-5d01-9efd-04a32d568f07,2ddddf9d-7210-5593-aaf0-2ad66eae446f,16,0.6267414200689667,"[""gaya_favorit"", ""harga_sesuai"", ""pernah_beli_seniman""]",model,klasifikasi-v1,2026-10-05T15:16:10Z
be4b0a7a-9024-5d01-9efd-04a32d568f07,6a9a552c-870e-5cd3-b409-273d6c5865eb,17,0.6224605866073591,"[""harga_sesuai"", ""seniman_naik_daun""]",model,klasifikasi-v1,2026-10-05T15:16:10Z
be4b0a7a-9024-5d01-9efd-04a32d568f07,8d8c6d42-894a-5d83-a68b-c458ead32750,18,0.6224144977736067,"[""harga_sesuai"", ""seniman_naik_daun""]",model,klasifikasi-v1,2026-10-05T15:16:10Z
be4b0a7a-9024-5d01-9efd-04a32d568f07,deeacde5-7269-5bce-bc8f-9c7480c60aab,19,0.6208970619885645,"[""harga_sesuai""]",model,klasifikasi-v1,2026-10-05T15:16:10Z
be4b0a7a-9024-5d01-9efd-04a32d568f07,6f5ddafa-7eee-586a-b4fe-998a0bff1ad4,20,0.6176593315948371,"[""harga_sesuai""]",model,klasifikasi-v1,2026-10-05T15:16:10Z
45cbeb45-e7a8-5400-bd5f-3716602d0b11,ded10c02-e3db-542d-8ff2-e0ab8c159069,1,0.9039297277297758,"[""gaya_favorit"", ""harga_sesuai"", ""pernah_beli_seniman""]",model,klasifikasi-v1,2026-10-05T15:16:10Z
45cbeb45-e7a8-5400-bd5f-3716602d0b11,0e102d63-ff8f-5e6b-bbdc-2a5d6e668cb1,2,0.8960951935069174,"[""gaya_favorit"", ""pernah_beli_seniman""]",model,klasifikasi-v1,2026-10-05T15:16:10Z
45cbeb45-e7a8-5400-bd5f-3716602d0b11,50f3106b-4608-5dec-abd4-f3513db77175,3,0.8879937464156596,"[""gaya_favorit"", ""pernah_beli_seniman""]",model,klasifikasi-v1,2026-10-05T15:16:10Z
45cbeb45-e7a8-5400-bd5f-3716602d0b11,7ba04b01-9924-5de2-9ea7-9d0e178b5a76,4,0.8824945476212684,"[""gaya_favorit"", ""harga_sesuai"", ""pernah_beli_seniman""]",model,klasifikasi-v1,2026-10-05T15:16:10Z
45cbeb45-e7a8-5400-bd5f-3716602d0b11,1b284f0a-4933-57f5-a5d9-d38488a7227c,5,0.8820370037244293,"[""gaya_favorit"", ""harga_sesuai"", ""pernah_beli_seniman""]",model,klasifikasi-v1,2026-10-05T15:16:10Z
45cbeb45-e7a8-5400-bd5f-3716602d0b11,6f5c741f-0fc0-523d-80e7-bce5940b7e1c,6,0.8766831991814779,"[""gaya_favorit"", ""pernah_beli_seniman""]",model,klasifikasi-v1,2026-10-05T15:16:10Z
45cbeb45-e7a8-5400-bd5f-3716602d0b11,21d58bce-aee7-5c2c-9757-2101e0911a9e,7,0.8762037759291585,"[""gaya_favorit"", ""pernah_beli_seniman""]",model,klasifikasi-v1,2026-10-05T15:16:10Z
45cbeb45-e7a8-5400-bd5f-3716602d0b11,80d6863c-4309-5881-81cd-79e0a6aa59a3,8,0.8653415717940482,"[""gaya_favorit"", ""pernah_beli_seniman""]",model,klasifikasi-v1,2026-10-05T15:16:10Z
45cbeb45-e7a8-5400-bd5f-3716602d0b11,556ac5bd-b36f-5124-8750-d92fefc82d2d,9,0.6378535861999712,"[""pernah_beli_seniman"", ""karya_baru""]",model,klasifikasi-v1,2026-10-05T15:16:10Z
45cbeb45-e7a8-5400-bd5f-3716602d0b11,a724961d-392c-586e-9da5-8e9342c6fd29,10,0.6283405911760035,"[""pernah_beli_seniman"", ""karya_baru""]",model,klasifikasi-v1,2026-10-05T15:16:10Z
45cbeb45-e7a8-5400-bd5f-3716602d0b11,88258c73-bb7b-51e8-824e-bc2ca0b939b8,11,0.5923357684332397,"[""seniman_naik_daun"", ""karya_baru""]",model,klasifikasi-v1,2026-10-05T15:16:10Z
45cbeb45-e7a8-5400-bd5f-3716602d0b11,866197c9-41b8-58ae-af14-976c6a847c11,12,0.5778623539754165,"[""gaya_ramai""]",model,klasifikasi-v1,2026-10-05T15:16:10Z
45cbeb45-e7a8-5400-bd5f-3716602d0b11,376f20b3-cf69-518a-95e4-669f8fe7fe40,13,0.5655158593957057,"[""pernah_beli_seniman""]",model,klasifikasi-v1,2026-10-05T15:16:10Z
45cbeb45-e7a8-5400-bd5f-3716602d0b11,ddc6295d-239d-589a-9714-9e4d1b9fb3f9,14,0.5492695149082834,"[""harga_sesuai"", ""pernah_beli_seniman""]",model,klasifikasi-v1,2026-10-05T15:16:10Z
45cbeb45-e7a8-5400-bd5f-3716602d0b11,f60efa69-e980-54e3-9729-e98c5f2fc78f,15,0.5442460471916627,"[""pernah_beli_seniman""]",model,klasifikasi-v1,2026-10-05T15:16:10Z
45cbeb45-e7a8-5400-bd5f-3716602d0b11,300ebf50-b10d-5efa-8722-a252a80b4557,16,0.5431827485530906,"[""harga_sesuai"", ""pernah_beli_seniman""]",model,klasifikasi-v1,2026-10-05T15:16:10Z
45cbeb45-e7a8-5400-bd5f-3716602d0b11,0242a481-31c2-55aa-92b4-ebebc6011a7c,17,0.5248312047513044,"[""pernah_beli_seniman""]",model,klasifikasi-v1,2026-10-05T15:16:10Z
45cbeb45-e7a8-5400-bd5f-3716602d0b11,af058c54-328b-50b1-aa59-1ed52ef4b398,18,0.5203565575848335,"[""harga_sesuai"", ""pernah_beli_seniman""]",model,klasifikasi-v1,2026-10-05T15:16:10Z
45cbeb45-e7a8-5400-bd5f-3716602d0b11,b93ca27f-2a5c-5964-a7c6-97f8d7bd6529,19,0.51137001349494,"[""harga_sesuai"", ""pernah_beli_seniman""]",model,klasifikasi-v1,2026-10-05T15:16:10Z
45cbeb45-e7a8-5400-bd5f-3716602d0b11,0bc9d34a-7f95-5dee-beb4-55f3af9b97c9,20,0.5102464719087365,"[""seniman_naik_daun""]",model,klasifikasi-v1,2026-10-05T15:16:10Z
8ff05a10-8614-5a15-9c42-86ff10200f89,ab56a64c-b79d-5092-8002-0652f839ad06,1,0.6810355647143566,"[""harga_sesuai""]",model,klasifikasi-v1,2026-10-05T15:16:10Z
8ff05a10-8614-5a15-9c42-86ff10200f89,c5d03f92-aa6d-5593-928e-3b2857ad1853,2,0.6753350422779486,"[""gaya_favorit"", ""pernah_beli_seniman""]",model,klasifikasi-v1,2026-10-05T15:16:10Z
8ff05a10-8614-5a15-9c42-86ff10200f89,88258c73-bb7b-51e8-824e-bc2ca0b939b8,3,0.6753062378206384,"[""seniman_naik_daun"", ""karya_baru""]",model,klasifikasi-v1,2026-10-05T15:16:10Z
8ff05a10-8614-5a15-9c42-86ff10200f89,3d61eac2-6d83-5347-9d59-799ac69edc5a,4,0.6240158341713559,"[""harga_sesuai""]",model,klasifikasi-v1,2026-10-05T15:16:10Z
8ff05a10-8614-5a15-9c42-86ff10200f89,7ed552db-962e-5e78-a1a4-2d32fefa1f0c,5,0.599503473046187,[],model,klasifikasi-v1,2026-10-05T15:16:10Z
8ff05a10-8614-5a15-9c42-86ff10200f89,653fc4b1-75f3-5eac-afe6-586c962be798,6,0.5752012583255246,[],model,klasifikasi-v1,2026-10-05T15:16:10Z
8ff05a10-8614-5a15-9c42-86ff10200f89,16545722-15c8-55bc-b78b-f46c0496a505,7,0.5748767128285954,"[""harga_sesuai""]",model,klasifikasi-v1,2026-10-05T15:16:10Z
8ff05a10-8614-5a15-9c42-86ff10200f89,df002552-8f03-5997-b452-e24a915621dd,8,0.5545453579354525,"[""seniman_naik_daun""]",model,klasifikasi-v1,2026-10-05T15:16:10Z
8ff05a10-8614-5a15-9c42-86ff10200f89,ded10c02-e3db-542d-8ff2-e0ab8c159069,9,0.5528926979617804,"[""harga_sesuai""]",model,klasifikasi-v1,2026-10-05T15:16:10Z
8ff05a10-8614-5a15-9c42-86ff10200f89,ab4a3c71-9387-56bc-a801-1beeee2639d7,10,0.5486711857798797,"[""harga_sesuai"", ""gaya_ramai""]",model,klasifikasi-v1,2026-10-05T15:16:10Z
8ff05a10-8614-5a15-9c42-86ff10200f89,2c540a0c-a2ff-5f37-ba88-a5ad28626312,11,0.5471678663313941,"[""harga_sesuai"", ""gaya_ramai""]",model,klasifikasi-v1,2026-10-05T15:16:10Z
8ff05a10-8614-5a15-9c42-86ff10200f89,0bc9d34a-7f95-5dee-beb4-55f3af9b97c9,12,0.5400309917201795,"[""seniman_naik_daun""]",model,klasifikasi-v1,2026-10-05T15:16:10Z
8ff05a10-8614-5a15-9c42-86ff10200f89,d48d3793-0d94-54bf-8cd8-bd45835a8231,13,0.5382699980811864,"[""harga_sesuai"", ""gaya_ramai""]",model,klasifikasi-v1,2026-10-05T15:16:10Z
8ff05a10-8614-5a15-9c42-86ff10200f89,1c18f330-e3a0-5c45-8b4a-4340319c6f6b,14,0.5354389607475897,"[""harga_sesuai""]",model,klasifikasi-v1,2026-10-05T15:16:10Z
8ff05a10-8614-5a15-9c42-86ff10200f89,2693b62a-7ed0-56ef-a511-0bb356e0e009,15,0.5267182076985115,[],model,klasifikasi-v1,2026-10-05T15:16:10Z
8ff05a10-8614-5a15-9c42-86ff10200f89,8856b1b5-28c4-536b-9a51-9ff06bfdbd80,16,0.517275629762861,"[""seniman_naik_daun""]",model,klasifikasi-v1,2026-10-05T15:16:10Z
8ff05a10-8614-5a15-9c42-86ff10200f89,6c354900-b80d-56b8-8adc-7a97a366f095,17,0.5170720492559502,"[""gaya_favorit"", ""pernah_beli_seniman""]",model,klasifikasi-v1,2026-10-05T15:16:10Z
8ff05a10-8614-5a15-9c42-86ff10200f89,b82ffac4-9b18-5129-bb4f-76d6267ef825,18,0.5088526496310312,"[""harga_sesuai"", ""seniman_naik_daun""]",model,klasifikasi-v1,2026-10-05T15:16:10Z
8ff05a10-8614-5a15-9c42-86ff10200f89,72ddb5bd-c130-58fb-8657-ea12f7cd200f,19,0.5021107986710482,"[""harga_sesuai"", ""pernah_beli_seniman""]",model,klasifikasi-v1,2026-10-05T15:16:10Z
8ff05a10-8614-5a15-9c42-86ff10200f89,3b697b60-34f0-5398-a34f-709b545c0335,20,0.5016565527851009,"[""pernah_beli_seniman""]",model,klasifikasi-v1,2026-10-05T15:16:10Z
6f2b0b05-c566-578e-9ecf-c28242dee719,79e25e0d-2c04-5f90-9130-3f1d94125223,1,0.9374612689452116,"[""gaya_favorit"", ""seniman_naik_daun"", ""pernah_beli_seniman"", ""karya_baru""]",model,klasifikasi-v1,2026-10-05T15:16:10Z
6f2b0b05-c566-578e-9ecf-c28242dee719,df002552-8f03-5997-b452-e24a915621dd,2,0.9343822446360924,"[""gaya_favorit"", ""seniman_naik_daun"", ""pernah_beli_seniman""]",model,klasifikasi-v1,2026-10-05T15:16:10Z
6f2b0b05-c566-578e-9ecf-c28242dee719,88258c73-bb7b-51e8-824e-bc2ca0b939b8,3,0.914008582539026,"[""gaya_favorit"", ""harga_sesuai"", ""seniman_naik_daun"", ""pernah_beli_seniman"", ""karya_baru""]",model,klasifikasi-v1,2026-10-05T15:16:10Z
6f2b0b05-c566-578e-9ecf-c28242dee719,94afa8d0-6fca-5820-9dfe-5fb67fd9b665,4,0.908146365949874,"[""gaya_favorit"", ""seniman_naik_daun"", ""pernah_beli_seniman""]",model,klasifikasi-v1,2026-10-05T15:16:10Z
6f2b0b05-c566-578e-9ecf-c28242dee719,07d19c93-c674-54cb-9448-012eb1b60c3f,5,0.9065164404616372,"[""gaya_favorit"", ""seniman_naik_daun"", ""pernah_beli_seniman""]",model,klasifikasi-v1,2026-10-05T15:16:10Z
6f2b0b05-c566-578e-9ecf-c28242dee719,1af0200c-a8bf-593f-8cb6-4f759b5f5ac1,6,0.9003651598421835,"[""gaya_favorit"", ""harga_sesuai"", ""seniman_naik_daun"", ""pernah_beli_seniman""]",model,klasifikasi-v1,2026-10-05T15:16:10Z
6f2b0b05-c566-578e-9ecf-c28242dee719,2d399fc1-c809-5c2a-bdaa-6e69cefe5fb1,7,0.890692958974724,"[""gaya_favorit"", ""seniman_naik_daun"", ""pernah_beli_seniman""]",model,klasifikasi-v1,2026-10-05T15:16:10Z
6f2b0b05-c566-578e-9ecf-c28242dee719,0931aca3-ffbb-57aa-b84e-284c01f774f1,8,0.8841778279528516,"[""gaya_favorit"", ""seniman_naik_daun"", ""pernah_beli_seniman""]",model,klasifikasi-v1,2026-10-05T15:16:10Z
6f2b0b05-c566-578e-9ecf-c28242dee719,0bc9d34a-7f95-5dee-beb4-55f3af9b97c9,9,0.8837832282503488,"[""gaya_favorit"", ""harga_sesuai"", ""seniman_naik_daun"", ""pernah_beli_seniman""]",model,klasifikasi-v1,2026-10-05T15:16:10Z
6f2b0b05-c566-578e-9ecf-c28242dee719,8856b1b5-28c4-536b-9a51-9ff06bfdbd80,10,0.8806193620935898,"[""gaya_favorit"", ""harga_sesuai"", ""seniman_naik_daun"", ""pernah_beli_seniman""]",model,klasifikasi-v1,2026-10-05T15:16:10Z
6f2b0b05-c566-578e-9ecf-c28242dee719,04393ef2-a47c-5658-89fa-61d255a593b4,11,0.879715261890716,"[""gaya_favorit"", ""seniman_naik_daun"", ""pernah_beli_seniman""]",model,klasifikasi-v1,2026-10-05T15:16:10Z
6f2b0b05-c566-578e-9ecf-c28242dee719,231b14d2-2e75-5193-9c40-949b484944ca,12,0.8781365867414813,"[""gaya_favorit"", ""harga_sesuai"", ""seniman_naik_daun"", ""pernah_beli_seniman""]",model,klasifikasi-v1,2026-10-05T15:16:10Z
6f2b0b05-c566-578e-9ecf-c28242dee719,6a9a552c-870e-5cd3-b409-273d6c5865eb,13,0.8754359642724324,"[""gaya_favorit"", ""seniman_naik_daun"", ""pernah_beli_seniman""]",model,klasifikasi-v1,2026-10-05T15:16:10Z
6f2b0b05-c566-578e-9ecf-c28242dee719,854f6550-ae71-509e-859c-39396df1a99e,14,0.8669066577305485,"[""gaya_favorit"", ""harga_sesuai"", ""seniman_naik_daun"", ""pernah_beli_seniman""]",model,klasifikasi-v1,2026-10-05T15:16:10Z
6f2b0b05-c566-578e-9ecf-c28242dee719,b82ffac4-9b18-5129-bb4f-76d6267ef825,15,0.8632374838343616,"[""gaya_favorit"", ""seniman_naik_daun"", ""pernah_beli_seniman""]",model,klasifikasi-v1,2026-10-05T15:16:10Z
6f2b0b05-c566-578e-9ecf-c28242dee719,e4e1ce05-e95f-55ae-95fd-b46c0e364e4d,16,0.8527420827686576,"[""gaya_favorit"", ""harga_sesuai"", ""seniman_naik_daun"", ""pernah_beli_seniman""]",model,klasifikasi-v1,2026-10-05T15:16:10Z
6f2b0b05-c566-578e-9ecf-c28242dee719,5a1a4eef-6e5c-5c41-a684-b8d3c8592d61,17,0.8426697486505134,"[""gaya_favorit"", ""harga_sesuai"", ""seniman_naik_daun"", ""pernah_beli_seniman""]",model,klasifikasi-v1,2026-10-05T15:16:10Z
6f2b0b05-c566-578e-9ecf-c28242dee719,8d8c6d42-894a-5d83-a68b-c458ead32750,18,0.7583336592733688,"[""gaya_favorit"", ""seniman_naik_daun"", ""pernah_beli_seniman""]",model,klasifikasi-v1,2026-10-05T15:16:10Z
6f2b0b05-c566-578e-9ecf-c28242dee719,21d58bce-aee7-5c2c-9757-2101e0911a9e,19,0.7149443526332685,"[""harga_sesuai"", ""pernah_beli_seniman""]",model,klasifikasi-v1,2026-10-05T15:16:10Z
6f2b0b05-c566-578e-9ecf-c28242dee719,ded10c02-e3db-542d-8ff2-e0ab8c159069,20,0.671986368081606,"[""pernah_beli_seniman""]",model,klasifikasi-v1,2026-10-05T15:16:10Z
7583df8a-98f3-56dd-a57a-0d891d4f929f,e15ac87c-418d-5877-b3de-5f27acd81302,1,0.7341953751303393,"[""gaya_favorit"", ""harga_sesuai"", ""gaya_ramai"", ""pernah_beli_seniman""]",model,klasifikasi-v1,2026-10-05T15:16:10Z
7583df8a-98f3-56dd-a57a-0d891d4f929f,c5d03f92-aa6d-5593-928e-3b2857ad1853,2,0.727666877301908,"[""gaya_favorit"", ""harga_sesuai"", ""pernah_beli_seniman""]",model,klasifikasi-v1,2026-10-05T15:16:10Z
7583df8a-98f3-56dd-a57a-0d891d4f929f,866197c9-41b8-58ae-af14-976c6a847c11,3,0.7052793268529443,"[""gaya_favorit"", ""gaya_ramai""]",model,klasifikasi-v1,2026-10-05T15:16:10Z
7583df8a-98f3-56dd-a57a-0d891d4f929f,ecc1925d-5e66-5cb1-9433-9856fad6a864,4,0.6573549244140455,"[""gaya_favorit"", ""gaya_ramai"", ""pernah_beli_seniman""]",model,klasifikasi-v1,2026-10-05T15:16:10Z
7583df8a-98f3-56dd-a57a-0d891d4f929f,daa8c931-6f28-5aae-87f3-dc9cd4fb7f63,5,0.6451547718484647,"[""gaya_favorit"", ""gaya_ramai"", ""pernah_beli_seniman""]",model,klasifikasi-v1,2026-10-05T15:16:10Z
7583df8a-98f3-56dd-a57a-0d891d4f929f,ab4a3c71-9387-56bc-a801-1beeee2639d7,6,0.6379630190587314,"[""gaya_favorit"", ""harga_sesuai"", ""gaya_ramai""]",model,klasifikasi-v1,2026-10-05T15:16:10Z
7583df8a-98f3-56dd-a57a-0d891d4f929f,d0932440-31b0-5025-ab5b-f83ac95c2aea,7,0.6263438350405856,"[""gaya_favorit"", ""gaya_ramai""]",model,klasifikasi-v1,2026-10-05T15:16:10Z
7583df8a-98f3-56dd-a57a-0d891d4f929f,fe1a1879-a98f-5673-b481-0cff8f509f6b,8,0.6203608854215837,"[""gaya_favorit"", ""gaya_ramai"", ""pernah_beli_seniman""]",model,klasifikasi-v1,2026-10-05T15:16:10Z
7583df8a-98f3-56dd-a57a-0d891d4f929f,de0649c2-892b-5173-87f3-b53210592193,9,0.6162775010097542,"[""gaya_favorit"", ""harga_sesuai"", ""gaya_ramai""]",model,klasifikasi-v1,2026-10-05T15:16:10Z
7583df8a-98f3-56dd-a57a-0d891d4f929f,1710dd55-8ba2-5707-8232-b4ff654c9e8b,10,0.6158856381059726,"[""gaya_favorit"", ""harga_sesuai"", ""gaya_ramai"", ""pernah_beli_seniman""]",model,klasifikasi-v1,2026-10-05T15:16:10Z
7583df8a-98f3-56dd-a57a-0d891d4f929f,2c540a0c-a2ff-5f37-ba88-a5ad28626312,11,0.6130884275005832,"[""gaya_favorit"", ""harga_sesuai"", ""gaya_ramai"", ""pernah_beli_seniman""]",model,klasifikasi-v1,2026-10-05T15:16:10Z
7583df8a-98f3-56dd-a57a-0d891d4f929f,833169db-d471-58fa-8abf-d93643696f4b,12,0.6118805240477324,"[""gaya_favorit"", ""gaya_ramai""]",model,klasifikasi-v1,2026-10-05T15:16:10Z
7583df8a-98f3-56dd-a57a-0d891d4f929f,d48d3793-0d94-54bf-8cd8-bd45835a8231,13,0.6107955016107999,"[""gaya_favorit"", ""gaya_ramai""]",model,klasifikasi-v1,2026-10-05T15:16:10Z
7583df8a-98f3-56dd-a57a-0d891d4f929f,34be515c-745a-552e-88f7-004446f79132,14,0.6097653952528238,"[""gaya_favorit"", ""gaya_ramai""]",model,klasifikasi-v1,2026-10-05T15:16:10Z
7583df8a-98f3-56dd-a57a-0d891d4f929f,eb44d2ea-12dc-577e-8aa5-20be6e0c9098,15,0.6080495235590334,"[""gaya_favorit"", ""harga_sesuai"", ""gaya_ramai"", ""pernah_beli_seniman""]",model,klasifikasi-v1,2026-10-05T15:16:10Z
7583df8a-98f3-56dd-a57a-0d891d4f929f,c7d02806-7ba6-5d64-8e04-efee892cd534,16,0.6038957674386892,"[""gaya_favorit"", ""gaya_ramai""]",model,klasifikasi-v1,2026-10-05T15:16:10Z
7583df8a-98f3-56dd-a57a-0d891d4f929f,95a307c1-e13a-584e-b5a7-bdb273f5d066,17,0.6027517161266498,"[""gaya_favorit"", ""harga_sesuai"", ""gaya_ramai"", ""pernah_beli_seniman""]",model,klasifikasi-v1,2026-10-05T15:16:10Z
7583df8a-98f3-56dd-a57a-0d891d4f929f,d3a8b338-b612-53d4-9c39-d14ffe191dfa,18,0.5947511898341641,"[""gaya_favorit"", ""harga_sesuai"", ""gaya_ramai"", ""pernah_beli_seniman""]",model,klasifikasi-v1,2026-10-05T15:16:10Z
7583df8a-98f3-56dd-a57a-0d891d4f929f,5fb395fb-fce6-5bf5-850f-533ba0346ded,19,0.5912403935956044,"[""gaya_favorit"", ""gaya_ramai"", ""pernah_beli_seniman""]",model,klasifikasi-v1,2026-10-05T15:16:10Z
7583df8a-98f3-56dd-a57a-0d891d4f929f,05f320fb-5f39-5107-a07b-43b287844058,20,0.5892486698226915,"[""gaya_favorit"", ""harga_sesuai"", ""gaya_ramai"", ""pernah_beli_seniman""]",model,klasifikasi-v1,2026-10-05T15:16:10Z
2426b20b-036f-5f04-b2c1-72ba60a63b7d,79e25e0d-2c04-5f90-9130-3f1d94125223,1,0.8344945958491182,"[""harga_sesuai"", ""seniman_naik_daun"", ""pernah_beli_seniman"", ""karya_baru""]",model,klasifikasi-v1,2026-10-05T15:16:10Z
2426b20b-036f-5f04-b2c1-72ba60a63b7d,88258c73-bb7b-51e8-824e-bc2ca0b939b8,2,0.7932665325825338,"[""harga_sesuai"", ""seniman_naik_daun"", ""pernah_beli_seniman"", ""karya_baru""]",model,klasifikasi-v1,2026-10-05T15:16:10Z
2426b20b-036f-5f04-b2c1-72ba60a63b7d,07d19c93-c674-54cb-9448-012eb1b60c3f,3,0.7525460673041596,"[""harga_sesuai"", ""seniman_naik_daun"", ""pernah_beli_seniman""]",model,klasifikasi-v1,2026-10-05T15:16:10Z
2426b20b-036f-5f04-b2c1-72ba60a63b7d,df002552-8f03-5997-b452-e24a915621dd,4,0.7422040310747656,"[""harga_sesuai"", ""seniman_naik_daun"", ""pernah_beli_seniman""]",model,klasifikasi-v1,2026-10-05T15:16:10Z
2426b20b-036f-5f04-b2c1-72ba60a63b7d,deeacde5-7269-5bce-bc8f-9c7480c60aab,5,0.7334406339836212,"[""gaya_favorit"", ""pernah_beli_seniman""]",model,klasifikasi-v1,2026-10-05T15:16:10Z
2426b20b-036f-5f04-b2c1-72ba60a63b7d,49c62221-8e30-57aa-89b1-b313a4f7e5b8,6,0.7275505924423766,"[""gaya_favorit"", ""pernah_beli_seniman""]",model,klasifikasi-v1,2026-10-05T15:16:10Z
2426b20b-036f-5f04-b2c1-72ba60a63b7d,f65ec0d2-a533-5a7e-b1c3-9b7a40f965ce,7,0.723715816078194,"[""gaya_favorit"", ""pernah_beli_seniman""]",model,klasifikasi-v1,2026-10-05T15:16:10Z
2426b20b-036f-5f04-b2c1-72ba60a63b7d,1fe5e4ec-a2db-5ef8-a46d-3f8ffa41ebe2,8,0.72128284073572,"[""gaya_favorit"", ""pernah_beli_seniman"", ""karya_baru""]",model,klasifikasi-v1,2026-10-05T15:16:10Z
2426b20b-036f-5f04-b2c1-72ba60a63b7d,a3dfd416-62c6-5cdf-9ee4-e82226d12fdc,9,0.7211814472674201,"[""gaya_favorit"", ""harga_sesuai"", ""pernah_beli_seniman""]",model,klasifikasi-v1,2026-10-05T15:16:10Z
2426b20b-036f-5f04-b2c1-72ba60a63b7d,00795856-93c3-5b39-a80b-14c1fd15860f,10,0.7165628486212875,"[""gaya_favorit"", ""pernah_beli_seniman""]",model,klasifikasi-v1,2026-10-05T15:16:10Z
2426b20b-036f-5f04-b2c1-72ba60a63b7d,6f5ddafa-7eee-586a-b4fe-998a0bff1ad4,11,0.7156854718978105,"[""gaya_favorit"", ""pernah_beli_seniman""]",model,klasifikasi-v1,2026-10-05T15:16:10Z
2426b20b-036f-5f04-b2c1-72ba60a63b7d,a3257c02-ae31-5da0-ae8e-d2092e70840b,12,0.7126345026440162,"[""gaya_favorit"", ""pernah_beli_seniman""]",model,klasifikasi-v1,2026-10-05T15:16:10Z
2426b20b-036f-5f04-b2c1-72ba60a63b7d,9d724b79-1052-5cf1-9034-4f1b66c74122,13,0.7115901113713569,"[""gaya_favorit"", ""pernah_beli_seniman""]",model,klasifikasi-v1,2026-10-05T15:16:10Z
2426b20b-036f-5f04-b2c1-72ba60a63b7d,0bc9d34a-7f95-5dee-beb4-55f3af9b97c9,14,0.7010825529436852,"[""harga_sesuai"", ""seniman_naik_daun"", ""pernah_beli_seniman""]",model,klasifikasi-v1,2026-10-05T15:16:10Z
2426b20b-036f-5f04-b2c1-72ba60a63b7d,2d399fc1-c809-5c2a-bdaa-6e69cefe5fb1,15,0.6940269314136289,"[""harga_sesuai"", ""seniman_naik_daun"", ""pernah_beli_seniman""]",model,klasifikasi-v1,2026-10-05T15:16:10Z
2426b20b-036f-5f04-b2c1-72ba60a63b7d,0931aca3-ffbb-57aa-b84e-284c01f774f1,16,0.6920776010761148,"[""harga_sesuai"", ""seniman_naik_daun"", ""pernah_beli_seniman""]",model,klasifikasi-v1,2026-10-05T15:16:10Z
2426b20b-036f-5f04-b2c1-72ba60a63b7d,8856b1b5-28c4-536b-9a51-9ff06bfdbd80,17,0.6914908792704544,"[""harga_sesuai"", ""seniman_naik_daun"", ""pernah_beli_seniman""]",model,klasifikasi-v1,2026-10-05T15:16:10Z
2426b20b-036f-5f04-b2c1-72ba60a63b7d,a5e10e67-f277-5fb1-8d2f-ab4044d0b9e9,18,0.6883410294463059,"[""gaya_favorit"", ""pernah_beli_seniman""]",model,klasifikasi-v1,2026-10-05T15:16:10Z
2426b20b-036f-5f04-b2c1-72ba60a63b7d,e15a9001-adb8-50c5-a837-393fbcdb506d,19,0.6818989041938449,"[""gaya_favorit"", ""harga_sesuai"", ""pernah_beli_seniman""]",model,klasifikasi-v1,2026-10-05T15:16:10Z
2426b20b-036f-5f04-b2c1-72ba60a63b7d,fa66638c-6d00-5064-aa96-646be0045143,20,0.6801240177148756,"[""gaya_favorit"", ""harga_sesuai"", ""pernah_beli_seniman""]",model,klasifikasi-v1,2026-10-05T15:16:10Z
cfcc9f80-a229-5abc-867d-47a8c6e6592e,05f320fb-5f39-5107-a07b-43b287844058,1,0.7318067190666842,"[""gaya_favorit"", ""harga_sesuai"", ""gaya_ramai"", ""pernah_beli_seniman""]",model,klasifikasi-v1,2026-10-05T15:16:10Z
cfcc9f80-a229-5abc-867d-47a8c6e6592e,e15ac87c-418d-5877-b3de-5f27acd81302,2,0.7207641226417179,"[""gaya_favorit"", ""harga_sesuai"", ""gaya_ramai"", ""pernah_beli_seniman""]",model,klasifikasi-v1,2026-10-05T15:16:10Z
cfcc9f80-a229-5abc-867d-47a8c6e6592e,556ac5bd-b36f-5124-8750-d92fefc82d2d,3,0.7095690330908353,"[""harga_sesuai"", ""pernah_beli_seniman"", ""karya_baru""]",model,klasifikasi-v1,2026-10-05T15:16:10Z
cfcc9f80-a229-5abc-867d-47a8c6e6592e,ab4a3c71-9387-56bc-a801-1beeee2639d7,4,0.7049303772233529,"[""gaya_favorit"", ""gaya_ramai""]",model,klasifikasi-v1,2026-10-05T15:16:10Z
cfcc9f80-a229-5abc-867d-47a8c6e6592e,2b114701-6eaa-53bb-93f7-b655e90e143d,5,0.7003514621014408,"[""gaya_favorit"", ""gaya_ramai"", ""pernah_beli_seniman""]",model,klasifikasi-v1,2026-10-05T15:16:10Z
cfcc9f80-a229-5abc-867d-47a8c6e6592e,a724961d-392c-586e-9da5-8e9342c6fd29,6,0.6830553834824552,"[""pernah_beli_seniman"", ""karya_baru""]",model,klasifikasi-v1,2026-10-05T15:16:10Z
cfcc9f80-a229-5abc-867d-47a8c6e6592e,d48d3793-0d94-54bf-8cd8-bd45835a8231,7,0.6716383396772617,"[""gaya_favorit"", ""gaya_ramai""]",model,klasifikasi-v1,2026-10-05T15:16:10Z
cfcc9f80-a229-5abc-867d-47a8c6e6592e,866197c9-41b8-58ae-af14-976c6a847c11,8,0.6715285908882086,"[""gaya_favorit"", ""harga_sesuai"", ""gaya_ramai""]",model,klasifikasi-v1,2026-10-05T15:16:10Z
cfcc9f80-a229-5abc-867d-47a8c6e6592e,77940c72-1025-5f31-8dff-3763e93c7cf0,9,0.6702741026875417,"[""gaya_favorit"", ""harga_sesuai"", ""gaya_ramai""]",model,klasifikasi-v1,2026-10-05T15:16:10Z
cfcc9f80-a229-5abc-867d-47a8c6e6592e,35761db0-2c06-54dc-bda1-3a407fbac6e6,10,0.661351192761576,"[""gaya_favorit"", ""harga_sesuai"", ""gaya_ramai"", ""pernah_beli_seniman""]",model,klasifikasi-v1,2026-10-05T15:16:10Z
cfcc9f80-a229-5abc-867d-47a8c6e6592e,eb44d2ea-12dc-577e-8aa5-20be6e0c9098,11,0.6607604072795962,"[""gaya_favorit"", ""harga_sesuai"", ""gaya_ramai"", ""pernah_beli_seniman""]",model,klasifikasi-v1,2026-10-05T15:16:10Z
cfcc9f80-a229-5abc-867d-47a8c6e6592e,6f5c741f-0fc0-523d-80e7-bce5940b7e1c,12,0.6537746388114581,"[""harga_sesuai""]",model,klasifikasi-v1,2026-10-05T15:16:10Z
cfcc9f80-a229-5abc-867d-47a8c6e6592e,f45cab8f-3561-5397-9eb7-6764db930090,13,0.6499671506231323,"[""gaya_favorit"", ""harga_sesuai"", ""gaya_ramai"", ""pernah_beli_seniman""]",model,klasifikasi-v1,2026-10-05T15:16:10Z
cfcc9f80-a229-5abc-867d-47a8c6e6592e,c102454b-1487-5e3c-9d31-fa4d7acbe1ec,14,0.6436722727800085,"[""gaya_favorit"", ""harga_sesuai"", ""gaya_ramai"", ""pernah_beli_seniman""]",model,klasifikasi-v1,2026-10-05T15:16:10Z
cfcc9f80-a229-5abc-867d-47a8c6e6592e,376f20b3-cf69-518a-95e4-669f8fe7fe40,15,0.6358125126784304,"[""harga_sesuai"", ""pernah_beli_seniman""]",model,klasifikasi-v1,2026-10-05T15:16:10Z
cfcc9f80-a229-5abc-867d-47a8c6e6592e,d3a8b338-b612-53d4-9c39-d14ffe191dfa,16,0.6345556343659915,"[""gaya_favorit"", ""harga_sesuai"", ""gaya_ramai"", ""pernah_beli_seniman""]",model,klasifikasi-v1,2026-10-05T15:16:10Z
cfcc9f80-a229-5abc-867d-47a8c6e6592e,1f26c708-fc57-592d-a841-b891c55231bd,17,0.6189749660442315,"[""gaya_favorit"", ""harga_sesuai"", ""gaya_ramai""]",model,klasifikasi-v1,2026-10-05T15:16:10Z
cfcc9f80-a229-5abc-867d-47a8c6e6592e,5cc5553c-d651-5fa7-b34b-d00a3092e337,18,0.6122018657052408,"[""gaya_favorit"", ""harga_sesuai"", ""gaya_ramai"", ""pernah_beli_seniman""]",model,klasifikasi-v1,2026-10-05T15:16:10Z
cfcc9f80-a229-5abc-867d-47a8c6e6592e,bc291b56-8938-597e-8605-5392f5c1e3ce,19,0.6048591970996867,"[""gaya_favorit"", ""harga_sesuai"", ""gaya_ramai"", ""karya_baru""]",model,klasifikasi-v1,2026-10-05T15:16:10Z
cfcc9f80-a229-5abc-867d-47a8c6e6592e,0e102d63-ff8f-5e6b-bbdc-2a5d6e668cb1,20,0.6043240765768447,"[""harga_sesuai""]",model,klasifikasi-v1,2026-10-05T15:16:10Z
67a2d7e0-e408-5234-b2a7-fbc7a2fa188e,79e25e0d-2c04-5f90-9130-3f1d94125223,1,0.7462578710054091,"[""harga_sesuai"", ""seniman_naik_daun"", ""karya_baru""]",model,klasifikasi-v1,2026-10-05T15:16:10Z
67a2d7e0-e408-5234-b2a7-fbc7a2fa188e,88258c73-bb7b-51e8-824e-bc2ca0b939b8,2,0.6597521088953522,"[""seniman_naik_daun"", ""karya_baru""]",model,klasifikasi-v1,2026-10-05T15:16:10Z
67a2d7e0-e408-5234-b2a7-fbc7a2fa188e,07d19c93-c674-54cb-9448-012eb1b60c3f,3,0.61640703525324,"[""seniman_naik_daun""]",model,klasifikasi-v1,2026-10-05T15:16:10Z
67a2d7e0-e408-5234-b2a7-fbc7a2fa188e,2d399fc1-c809-5c2a-bdaa-6e69cefe5fb1,4,0.6005486945134133,"[""seniman_naik_daun""]",model,klasifikasi-v1,2026-10-05T15:16:10Z
67a2d7e0-e408-5234-b2a7-fbc7a2fa188e,df002552-8f03-5997-b452-e24a915621dd,5,0.5950563662496361,"[""harga_sesuai"", ""seniman_naik_daun""]",model,klasifikasi-v1,2026-10-05T15:16:10Z
67a2d7e0-e408-5234-b2a7-fbc7a2fa188e,0bc9d34a-7f95-5dee-beb4-55f3af9b97c9,6,0.5920615666936851,"[""seniman_naik_daun""]",model,klasifikasi-v1,2026-10-05T15:16:10Z
67a2d7e0-e408-5234-b2a7-fbc7a2fa188e,3685e819-9202-5fc3-9d92-9508e15f3dd4,7,0.5788264620937308,"[""gaya_favorit"", ""harga_sesuai""]",model,klasifikasi-v1,2026-10-05T15:16:10Z
67a2d7e0-e408-5234-b2a7-fbc7a2fa188e,0931aca3-ffbb-57aa-b84e-284c01f774f1,8,0.5685545448642758,"[""harga_sesuai"", ""seniman_naik_daun""]",model,klasifikasi-v1,2026-10-05T15:16:10Z
67a2d7e0-e408-5234-b2a7-fbc7a2fa188e,2c540a0c-a2ff-5f37-ba88-a5ad28626312,9,0.5667621340228459,"[""gaya_favorit"", ""gaya_ramai""]",model,klasifikasi-v1,2026-10-05T15:16:10Z
67a2d7e0-e408-5234-b2a7-fbc7a2fa188e,0fa48617-95fc-5cfc-84dd-53e4416600eb,10,0.5641760392255635,"[""gaya_favorit"", ""gaya_ramai""]",model,klasifikasi-v1,2026-10-05T15:16:10Z
67a2d7e0-e408-5234-b2a7-fbc7a2fa188e,fa66638c-6d00-5064-aa96-646be0045143,11,0.5616603254952052,"[""harga_sesuai""]",model,klasifikasi-v1,2026-10-05T15:16:10Z
67a2d7e0-e408-5234-b2a7-fbc7a2fa188e,6a9a552c-870e-5cd3-b409-273d6c5865eb,12,0.5610057922277321,"[""harga_sesuai"", ""seniman_naik_daun""]",model,klasifikasi-v1,2026-10-05T15:16:10Z
67a2d7e0-e408-5234-b2a7-fbc7a2fa188e,49c62221-8e30-57aa-89b1-b313a4f7e5b8,13,0.5504973500070095,[],model,klasifikasi-v1,2026-10-05T15:16:10Z
67a2d7e0-e408-5234-b2a7-fbc7a2fa188e,987e9b9d-f4c6-5ce1-ac8c-5ef271e2ae33,14,0.5480987323030759,"[""gaya_favorit"", ""harga_sesuai"", ""gaya_ramai""]",model,klasifikasi-v1,2026-10-05T15:16:10Z
67a2d7e0-e408-5234-b2a7-fbc7a2fa188e,ecda5df2-73a2-5b67-9ee9-2672a1b5774a,15,0.5470838345946851,"[""gaya_favorit""]",model,klasifikasi-v1,2026-10-05T15:16:10Z
67a2d7e0-e408-5234-b2a7-fbc7a2fa188e,9ee5532a-4517-5110-ae74-b2a3048fea09,16,0.5466424462859919,"[""gaya_favorit"", ""gaya_ramai""]",model,klasifikasi-v1,2026-10-05T15:16:10Z
67a2d7e0-e408-5234-b2a7-fbc7a2fa188e,a8ac835e-5aad-57f7-aa47-99b583d02392,17,0.5449763244804176,"[""seniman_naik_daun""]",model,klasifikasi-v1,2026-10-05T15:16:10Z
67a2d7e0-e408-5234-b2a7-fbc7a2fa188e,f65ec0d2-a533-5a7e-b1c3-9b7a40f965ce,18,0.5422882258603153,[],model,klasifikasi-v1,2026-10-05T15:16:10Z
67a2d7e0-e408-5234-b2a7-fbc7a2fa188e,d1e98d6d-42fd-5209-a1bf-aa4aa0038bcd,19,0.540792217631932,"[""gaya_favorit"", ""harga_sesuai"", ""pernah_beli_seniman""]",model,klasifikasi-v1,2026-10-05T15:16:10Z
67a2d7e0-e408-5234-b2a7-fbc7a2fa188e,1fe5e4ec-a2db-5ef8-a46d-3f8ffa41ebe2,20,0.5319818390022105,"[""karya_baru""]",model,klasifikasi-v1,2026-10-05T15:16:10Z
d8b7f6a9-5f67-5988-b332-33ccb2dc98d8,ab4a3c71-9387-56bc-a801-1beeee2639d7,1,0.750103415578829,"[""gaya_favorit"", ""harga_sesuai"", ""gaya_ramai"", ""pernah_beli_seniman""]",model,klasifikasi-v1,2026-10-05T15:16:10Z
d8b7f6a9-5f67-5988-b332-33ccb2dc98d8,d48d3793-0d94-54bf-8cd8-bd45835a8231,2,0.7260738423919934,"[""gaya_favorit"", ""harga_sesuai"", ""gaya_ramai"", ""pernah_beli_seniman""]",model,klasifikasi-v1,2026-10-05T15:16:10Z
d8b7f6a9-5f67-5988-b332-33ccb2dc98d8,2c540a0c-a2ff-5f37-ba88-a5ad28626312,3,0.69743272452791,"[""gaya_favorit"", ""harga_sesuai"", ""gaya_ramai""]",model,klasifikasi-v1,2026-10-05T15:16:10Z
d8b7f6a9-5f67-5988-b332-33ccb2dc98d8,f1067009-38fa-5639-9333-76bfb4dff9dc,4,0.695872960449954,"[""gaya_favorit"", ""gaya_ramai""]",model,klasifikasi-v1,2026-10-05T15:16:10Z
d8b7f6a9-5f67-5988-b332-33ccb2dc98d8,05f320fb-5f39-5107-a07b-43b287844058,5,0.6793481389050912,"[""gaya_favorit"", ""harga_sesuai"", ""gaya_ramai"", ""pernah_beli_seniman""]",model,klasifikasi-v1,2026-10-05T15:16:10Z
d8b7f6a9-5f67-5988-b332-33ccb2dc98d8,2b114701-6eaa-53bb-93f7-b655e90e143d,6,0.6791386137523994,"[""gaya_favorit"", ""harga_sesuai"", ""gaya_ramai"", ""pernah_beli_seniman""]",model,klasifikasi-v1,2026-10-05T15:16:10Z
d8b7f6a9-5f67-5988-b332-33ccb2dc98d8,11ac0d17-6dd7-5868-9ad9-cf35bb1dc03f,7,0.6615373298051729,"[""gaya_favorit"", ""harga_sesuai"", ""gaya_ramai""]",model,klasifikasi-v1,2026-10-05T15:16:10Z
d8b7f6a9-5f67-5988-b332-33ccb2dc98d8,139b87ed-7f4a-5de6-a076-69e59c662118,8,0.6602691101161148,"[""gaya_favorit"", ""harga_sesuai"", ""gaya_ramai""]",model,klasifikasi-v1,2026-10-05T15:16:10Z
d8b7f6a9-5f67-5988-b332-33ccb2dc98d8,1710dd55-8ba2-5707-8232-b4ff654c9e8b,9,0.6566098460237697,"[""gaya_favorit"", ""harga_sesuai"", ""gaya_ramai""]",model,klasifikasi-v1,2026-10-05T15:16:10Z
d8b7f6a9-5f67-5988-b332-33ccb2dc98d8,e15ac87c-418d-5877-b3de-5f27acd81302,10,0.6441376857072751,"[""gaya_favorit"", ""harga_sesuai"", ""gaya_ramai""]",model,klasifikasi-v1,2026-10-05T15:16:10Z
d8b7f6a9-5f67-5988-b332-33ccb2dc98d8,79bc3eb9-28b3-57e3-bf83-b1745b6e1891,11,0.6406843411208917,"[""gaya_favorit"", ""harga_sesuai"", ""gaya_ramai""]",model,klasifikasi-v1,2026-10-05T15:16:10Z
d8b7f6a9-5f67-5988-b332-33ccb2dc98d8,1f26c708-fc57-592d-a841-b891c55231bd,12,0.6363194400504388,"[""gaya_favorit"", ""harga_sesuai"", ""gaya_ramai"", ""pernah_beli_seniman""]",model,klasifikasi-v1,2026-10-05T15:16:10Z
d8b7f6a9-5f67-5988-b332-33ccb2dc98d8,f45cab8f-3561-5397-9eb7-6764db930090,13,0.6347489650582099,"[""gaya_favorit"", ""harga_sesuai"", ""gaya_ramai"", ""pernah_beli_seniman""]",model,klasifikasi-v1,2026-10-05T15:16:10Z
d8b7f6a9-5f67-5988-b332-33ccb2dc98d8,57484960-cbe1-544b-94b3-2f911835d343,14,0.6340456730771126,"[""gaya_favorit"", ""gaya_ramai""]",model,klasifikasi-v1,2026-10-05T15:16:10Z
d8b7f6a9-5f67-5988-b332-33ccb2dc98d8,5fce0098-5d0a-51cf-bf69-ba431548931f,15,0.6239788909349788,"[""gaya_favorit"", ""harga_sesuai"", ""gaya_ramai"", ""pernah_beli_seniman""]",model,klasifikasi-v1,2026-10-05T15:16:10Z
d8b7f6a9-5f67-5988-b332-33ccb2dc98d8,79661a66-667a-5942-bffd-27fcf6e60186,16,0.62219124418854,"[""gaya_favorit"", ""gaya_ramai"", ""pernah_beli_seniman""]",model,klasifikasi-v1,2026-10-05T15:16:10Z
d8b7f6a9-5f67-5988-b332-33ccb2dc98d8,95a307c1-e13a-584e-b5a7-bdb273f5d066,17,0.61907956118759,"[""gaya_favorit"", ""harga_sesuai"", ""gaya_ramai""]",model,klasifikasi-v1,2026-10-05T15:16:10Z
d8b7f6a9-5f67-5988-b332-33ccb2dc98d8,c102454b-1487-5e3c-9d31-fa4d7acbe1ec,18,0.6144917113030886,"[""gaya_favorit"", ""harga_sesuai"", ""gaya_ramai"", ""pernah_beli_seniman""]",model,klasifikasi-v1,2026-10-05T15:16:10Z
d8b7f6a9-5f67-5988-b332-33ccb2dc98d8,bc291b56-8938-597e-8605-5392f5c1e3ce,19,0.6126879938629367,"[""gaya_favorit"", ""harga_sesuai"", ""gaya_ramai"", ""pernah_beli_seniman"", ""karya_baru""]",model,klasifikasi-v1,2026-10-05T15:16:10Z
d8b7f6a9-5f67-5988-b332-33ccb2dc98d8,4b6180f4-6d4d-5089-95f8-c71d3b4424dd,20,0.6111766032603595,"[""gaya_favorit"", ""harga_sesuai"", ""gaya_ramai"", ""pernah_beli_seniman""]",model,klasifikasi-v1,2026-10-05T15:16:10Z
f19f9cad-ffaf-5bd8-bd36-a8d5ee568767,79e25e0d-2c04-5f90-9130-3f1d94125223,1,0.8174577813269261,"[""seniman_naik_daun"", ""pernah_beli_seniman"", ""karya_baru""]",model,klasifikasi-v1,2026-10-05T15:16:10Z
f19f9cad-ffaf-5bd8-bd36-a8d5ee568767,88258c73-bb7b-51e8-824e-bc2ca0b939b8,2,0.7737404758850375,"[""harga_sesuai"", ""seniman_naik_daun"", ""pernah_beli_seniman"", ""karya_baru""]",model,klasifikasi-v1,2026-10-05T15:16:10Z
f19f9cad-ffaf-5bd8-bd36-a8d5ee568767,df002552-8f03-5997-b452-e24a915621dd,3,0.7303681486175346,"[""harga_sesuai"", ""seniman_naik_daun"", ""pernah_beli_seniman""]",model,klasifikasi-v1,2026-10-05T15:16:10Z
f19f9cad-ffaf-5bd8-bd36-a8d5ee568767,0bc9d34a-7f95-5dee-beb4-55f3af9b97c9,4,0.730257155883718,"[""harga_sesuai"", ""seniman_naik_daun"", ""pernah_beli_seniman""]",model,klasifikasi-v1,2026-10-05T15:16:10Z
f19f9cad-ffaf-5bd8-bd36-a8d5ee568767,07d19c93-c674-54cb-9448-012eb1b60c3f,5,0.7298049372745964,"[""seniman_naik_daun"", ""pernah_beli_seniman""]",model,klasifikasi-v1,2026-10-05T15:16:10Z
f19f9cad-ffaf-5bd8-bd36-a8d5ee568767,1af0200c-a8bf-593f-8cb6-4f759b5f5ac1,6,0.7021674549312571,"[""harga_sesuai"", ""seniman_naik_daun"", ""pernah_beli_seniman""]",model,klasifikasi-v1,2026-10-05T15:16:10Z
f19f9cad-ffaf-5bd8-bd36-a8d5ee568767,2d399fc1-c809-5c2a-bdaa-6e69cefe5fb1,7,0.695977778044776,"[""seniman_naik_daun"", ""pernah_beli_seniman""]",model,klasifikasi-v1,2026-10-05T15:16:10Z
f19f9cad-ffaf-5bd8-bd36-a8d5ee568767,0931aca3-ffbb-57aa-b84e-284c01f774f1,8,0.678935865370004,"[""harga_sesuai"", ""seniman_naik_daun"", ""pernah_beli_seniman""]",model,klasifikasi-v1,2026-10-05T15:16:10Z
f19f9cad-ffaf-5bd8-bd36-a8d5ee568767,231b14d2-2e75-5193-9c40-949b484944ca,9,0.6734717327270476,"[""harga_sesuai"", ""seniman_naik_daun"", ""pernah_beli_seniman""]",model,klasifikasi-v1,2026-10-05T15:16:10Z
f19f9cad-ffaf-5bd8-bd36-a8d5ee568767,8856b1b5-28c4-536b-9a51-9ff06bfdbd80,10,0.6663946791018837,"[""harga_sesuai"", ""seniman_naik_daun"", ""pernah_beli_seniman""]",model,klasifikasi-v1,2026-10-05T15:16:10Z
f19f9cad-ffaf-5bd8-bd36-a8d5ee568767,94afa8d0-6fca-5820-9dfe-5fb67fd9b665,11,0.652266836799952,"[""seniman_naik_daun"", ""pernah_beli_seniman""]",model,klasifikasi-v1,2026-10-05T15:16:10Z
f19f9cad-ffaf-5bd8-bd36-a8d5ee568767,854f6550-ae71-509e-859c-39396df1a99e,12,0.6381851060749777,"[""harga_sesuai"", ""seniman_naik_daun"", ""pernah_beli_seniman""]",model,klasifikasi-v1,2026-10-05T15:16:10Z
f19f9cad-ffaf-5bd8-bd36-a8d5ee568767,8d8c6d42-894a-5d83-a68b-c458ead32750,13,0.6325732976262214,"[""seniman_naik_daun"", ""pernah_beli_seniman""]",model,klasifikasi-v1,2026-10-05T15:16:10Z
f19f9cad-ffaf-5bd8-bd36-a8d5ee568767,8bfc1f4d-519c-5412-8e3e-9b7ad4729b26,14,0.629684205537828,"[""gaya_favorit"", ""seniman_naik_daun"", ""gaya_ramai""]",model,klasifikasi-v1,2026-10-05T15:16:10Z
f19f9cad-ffaf-5bd8-bd36-a8d5ee568767,e4e1ce05-e95f-55ae-95fd-b46c0e364e4d,15,0.6294640056450851,"[""harga_sesuai"", ""seniman_naik_daun"", ""pernah_beli_seniman""]",model,klasifikasi-v1,2026-10-05T15:16:10Z
f19f9cad-ffaf-5bd8-bd36-a8d5ee568767,6a9a552c-870e-5cd3-b409-273d6c5865eb,16,0.6284526675796701,"[""seniman_naik_daun"", ""pernah_beli_seniman""]",model,klasifikasi-v1,2026-10-05T15:16:10Z
f19f9cad-ffaf-5bd8-bd36-a8d5ee568767,2c540a0c-a2ff-5f37-ba88-a5ad28626312,17,0.6177051556245335,"[""gaya_ramai""]",model,klasifikasi-v1,2026-10-05T15:16:10Z
f19f9cad-ffaf-5bd8-bd36-a8d5ee568767,6668aaa3-cf17-5996-8538-ab41cc230eab,18,0.6092859901398873,"[""gaya_favorit"", ""harga_sesuai"", ""gaya_ramai""]",model,klasifikasi-v1,2026-10-05T15:16:10Z
f19f9cad-ffaf-5bd8-bd36-a8d5ee568767,04393ef2-a47c-5658-89fa-61d255a593b4,19,0.6024727083663219,"[""harga_sesuai"", ""seniman_naik_daun"", ""pernah_beli_seniman""]",model,klasifikasi-v1,2026-10-05T15:16:10Z
f19f9cad-ffaf-5bd8-bd36-a8d5ee568767,320bd1ba-15dc-57a0-8b9b-ca2f0b67eb8a,20,0.5816952388596632,"[""gaya_favorit"", ""harga_sesuai"", ""gaya_ramai"", ""pernah_beli_seniman""]",model,klasifikasi-v1,2026-10-05T15:16:10Z
abe2101b-194e-5e3b-baaf-08e8968b9850,1fe5e4ec-a2db-5ef8-a46d-3f8ffa41ebe2,1,0.810988784275825,"[""gaya_favorit"", ""pernah_beli_seniman"", ""karya_baru""]",model,klasifikasi-v1,2026-10-05T15:16:10Z
abe2101b-194e-5e3b-baaf-08e8968b9850,796ab8ac-bab7-52b6-9bdd-179cdc5b16a6,2,0.8079982835773871,"[""gaya_favorit"", ""pernah_beli_seniman""]",model,klasifikasi-v1,2026-10-05T15:16:10Z
abe2101b-194e-5e3b-baaf-08e8968b9850,877d1b33-0a8a-5d9e-814e-1a6760c48d7a,3,0.7279553988271592,"[""gaya_favorit"", ""pernah_beli_seniman""]",model,klasifikasi-v1,2026-10-05T15:16:10Z
abe2101b-194e-5e3b-baaf-08e8968b9850,8e27e456-742c-55ff-9f7f-2e3336a61858,4,0.7259652699707227,"[""gaya_favorit"", ""pernah_beli_seniman""]",model,klasifikasi-v1,2026-10-05T15:16:10Z
abe2101b-194e-5e3b-baaf-08e8968b9850,ce429a3f-ec80-53ff-afb8-96599df29666,5,0.7195756953635917,"[""gaya_favorit"", ""pernah_beli_seniman""]",model,klasifikasi-v1,2026-10-05T15:16:10Z
abe2101b-194e-5e3b-baaf-08e8968b9850,1fed6ddc-0cf3-5652-8cbf-41581bc2834c,6,0.7057065952885212,"[""gaya_favorit"", ""pernah_beli_seniman""]",model,klasifikasi-v1,2026-10-05T15:16:10Z
abe2101b-194e-5e3b-baaf-08e8968b9850,6e7f8647-4d69-5697-b99e-494bb7890caf,7,0.699694349811299,"[""gaya_favorit"", ""pernah_beli_seniman""]",model,klasifikasi-v1,2026-10-05T15:16:10Z
abe2101b-194e-5e3b-baaf-08e8968b9850,f303778e-fffb-5010-a42b-73c993e4ecc0,8,0.6988362284359746,[],model,klasifikasi-v1,2026-10-05T15:16:10Z
abe2101b-194e-5e3b-baaf-08e8968b9850,5f9f6bb2-b395-5445-acbe-f65873b0aac2,9,0.6957574522773722,"[""gaya_favorit"", ""pernah_beli_seniman""]",model,klasifikasi-v1,2026-10-05T15:16:10Z
abe2101b-194e-5e3b-baaf-08e8968b9850,21a5e5a2-936d-55eb-afa5-8663bf78e333,10,0.692371396553035,[],model,klasifikasi-v1,2026-10-05T15:16:10Z
abe2101b-194e-5e3b-baaf-08e8968b9850,4d9123d1-2eef-50a6-bb7b-5c9336999a70,11,0.6745450431376749,"[""gaya_favorit"", ""pernah_beli_seniman""]",model,klasifikasi-v1,2026-10-05T15:16:10Z
abe2101b-194e-5e3b-baaf-08e8968b9850,3ce28b20-ef82-5f1e-9bf6-80fc312bedf3,12,0.6620825940564266,"[""gaya_favorit"", ""pernah_beli_seniman""]",model,klasifikasi-v1,2026-10-05T15:16:10Z
abe2101b-194e-5e3b-baaf-08e8968b9850,e106e6b9-57ac-565d-9afc-ccbe2195ab79,13,0.6587455385731226,"[""gaya_favorit"", ""pernah_beli_seniman""]",model,klasifikasi-v1,2026-10-05T15:16:10Z
abe2101b-194e-5e3b-baaf-08e8968b9850,24317a94-a301-5bfc-81a7-2883eb9dda68,14,0.6481099549317915,"[""gaya_favorit"", ""pernah_beli_seniman""]",model,klasifikasi-v1,2026-10-05T15:16:10Z
abe2101b-194e-5e3b-baaf-08e8968b9850,deeacde5-7269-5bce-bc8f-9c7480c60aab,15,0.6447078909016064,"[""gaya_favorit"", ""pernah_beli_seniman""]",model,klasifikasi-v1,2026-10-05T15:16:10Z
abe2101b-194e-5e3b-baaf-08e8968b9850,6f5ddafa-7eee-586a-b4fe-998a0bff1ad4,16,0.6356479280820824,"[""gaya_favorit"", ""pernah_beli_seniman""]",model,klasifikasi-v1,2026-10-05T15:16:10Z
abe2101b-194e-5e3b-baaf-08e8968b9850,5c913bcc-bf42-5d5d-bb19-844fbfaf8746,17,0.6313186853510545,"[""gaya_favorit"", ""pernah_beli_seniman""]",model,klasifikasi-v1,2026-10-05T15:16:10Z
abe2101b-194e-5e3b-baaf-08e8968b9850,eb58a587-23fb-5ce1-9617-ef945f2b3473,18,0.6309742516880779,"[""gaya_favorit"", ""pernah_beli_seniman""]",model,klasifikasi-v1,2026-10-05T15:16:10Z
abe2101b-194e-5e3b-baaf-08e8968b9850,a6e54e20-ecef-568b-b07d-2ddb21e16b8b,19,0.6288096991508987,"[""gaya_favorit"", ""pernah_beli_seniman""]",model,klasifikasi-v1,2026-10-05T15:16:10Z
abe2101b-194e-5e3b-baaf-08e8968b9850,6a55b110-41bb-545d-aab3-c99376dafed5,20,0.6271588473232776,"[""gaya_favorit"", ""pernah_beli_seniman""]",model,klasifikasi-v1,2026-10-05T15:16:10Z
fb69b1d7-f311-5f7f-a460-2cfab849379f,2dc1a3d9-2af8-5aef-95bb-4580395395bd,1,0.8020093352974496,"[""gaya_favorit"", ""harga_sesuai"", ""gaya_ramai"", ""pernah_beli_seniman""]",model,klasifikasi-v1,2026-10-05T15:16:10Z
fb69b1d7-f311-5f7f-a460-2cfab849379f,af387163-4059-5c28-add7-46500bfd3add,2,0.7885144258239463,"[""gaya_favorit"", ""harga_sesuai"", ""gaya_ramai"", ""pernah_beli_seniman""]",model,klasifikasi-v1,2026-10-05T15:16:10Z
fb69b1d7-f311-5f7f-a460-2cfab849379f,3f8dedef-81a9-5162-9bf4-59f3eb4eb26b,3,0.7874346497180589,"[""gaya_favorit"", ""harga_sesuai"", ""gaya_ramai"", ""pernah_beli_seniman""]",model,klasifikasi-v1,2026-10-05T15:16:10Z
fb69b1d7-f311-5f7f-a460-2cfab849379f,9349bf99-62dc-596c-915f-6594321c44de,4,0.7858681159173352,"[""gaya_favorit"", ""harga_sesuai"", ""gaya_ramai"", ""pernah_beli_seniman""]",model,klasifikasi-v1,2026-10-05T15:16:10Z
fb69b1d7-f311-5f7f-a460-2cfab849379f,3dbbe20e-9781-5936-bae9-c1cfacd61a09,5,0.7858681159173352,"[""gaya_favorit"", ""harga_sesuai"", ""gaya_ramai"", ""pernah_beli_seniman""]",model,klasifikasi-v1,2026-10-05T15:16:10Z
fb69b1d7-f311-5f7f-a460-2cfab849379f,d0932440-31b0-5025-ab5b-f83ac95c2aea,6,0.7846216959444343,"[""gaya_favorit"", ""harga_sesuai"", ""gaya_ramai"", ""pernah_beli_seniman""]",model,klasifikasi-v1,2026-10-05T15:16:10Z
fb69b1d7-f311-5f7f-a460-2cfab849379f,da1e02a9-b5b0-5dd8-b213-4302c25d95f9,7,0.7771150525552797,"[""gaya_favorit"", ""harga_sesuai"", ""gaya_ramai"", ""pernah_beli_seniman""]",model,klasifikasi-v1,2026-10-05T15:16:10Z
fb69b1d7-f311-5f7f-a460-2cfab849379f,087419b7-5d7b-53df-aa0f-1e80f02a0377,8,0.7771150525552797,"[""gaya_favorit"", ""harga_sesuai"", ""gaya_ramai"", ""pernah_beli_seniman""]",model,klasifikasi-v1,2026-10-05T15:16:10Z
fb69b1d7-f311-5f7f-a460-2cfab849379f,8cb05ef6-4cf2-5ee6-9061-2889d32eed8b,9,0.7724413337602958,"[""gaya_favorit"", ""harga_sesuai"", ""gaya_ramai"", ""pernah_beli_seniman""]",model,klasifikasi-v1,2026-10-05T15:16:10Z
fb69b1d7-f311-5f7f-a460-2cfab849379f,cd22a6e8-3391-53f2-9ab1-8174b63d5943,10,0.7723879372651389,"[""gaya_favorit"", ""harga_sesuai"", ""gaya_ramai"", ""pernah_beli_seniman""]",model,klasifikasi-v1,2026-10-05T15:16:10Z
fb69b1d7-f311-5f7f-a460-2cfab849379f,daeb60e8-db84-5a23-a92f-401fc4f8c8e9,11,0.7723291420616392,"[""gaya_favorit"", ""harga_sesuai"", ""gaya_ramai"", ""pernah_beli_seniman""]",model,klasifikasi-v1,2026-10-05T15:16:10Z
fb69b1d7-f311-5f7f-a460-2cfab849379f,47ed54a4-6a2e-5276-9603-36c52ea415de,12,0.767585080641565,"[""gaya_favorit"", ""harga_sesuai"", ""gaya_ramai"", ""pernah_beli_seniman""]",model,klasifikasi-v1,2026-10-05T15:16:10Z
fb69b1d7-f311-5f7f-a460-2cfab849379f,34f160b0-2ebd-5b4b-abbf-d9e60acd2b35,13,0.717997324163792,"[""gaya_favorit"", ""harga_sesuai"", ""gaya_ramai"", ""pernah_beli_seniman""]",model,klasifikasi-v1,2026-10-05T15:16:10Z
fb69b1d7-f311-5f7f-a460-2cfab849379f,866197c9-41b8-58ae-af14-976c6a847c11,14,0.703794377327431,"[""gaya_favorit"", ""harga_sesuai"", ""gaya_ramai"", ""pernah_beli_seniman""]",model,klasifikasi-v1,2026-10-05T15:16:10Z
fb69b1d7-f311-5f7f-a460-2cfab849379f,e296022f-e45c-5909-ac21-2cff0f53e0b2,15,0.7026171021855557,"[""gaya_favorit"", ""harga_sesuai"", ""gaya_ramai"", ""pernah_beli_seniman""]",model,klasifikasi-v1,2026-10-05T15:16:10Z
fb69b1d7-f311-5f7f-a460-2cfab849379f,07425d78-e06e-583d-8083-ee3395fa2d20,16,0.7022782508252775,"[""gaya_favorit"", ""harga_sesuai"", ""gaya_ramai"", ""pernah_beli_seniman""]",model,klasifikasi-v1,2026-10-05T15:16:10Z
fb69b1d7-f311-5f7f-a460-2cfab849379f,02f5c772-6c02-5abb-a41f-f73ab210977c,17,0.6987772683042214,"[""gaya_favorit"", ""harga_sesuai"", ""gaya_ramai""]",model,klasifikasi-v1,2026-10-05T15:16:10Z
fb69b1d7-f311-5f7f-a460-2cfab849379f,f6b44c7c-4e4b-50a2-8c28-8142c29b9ebd,18,0.6976982736428587,"[""gaya_favorit"", ""harga_sesuai"", ""gaya_ramai"", ""pernah_beli_seniman""]",model,klasifikasi-v1,2026-10-05T15:16:10Z
fb69b1d7-f311-5f7f-a460-2cfab849379f,bb245894-5ba5-5e26-b383-95d243655742,19,0.6976982736428587,"[""gaya_favorit"", ""harga_sesuai"", ""gaya_ramai"", ""pernah_beli_seniman""]",model,klasifikasi-v1,2026-10-05T15:16:10Z
fb69b1d7-f311-5f7f-a460-2cfab849379f,ecc1925d-5e66-5cb1-9433-9856fad6a864,20,0.6949238315503233,"[""gaya_favorit"", ""harga_sesuai"", ""gaya_ramai""]",model,klasifikasi-v1,2026-10-05T15:16:10Z
d8e33127-de32-56d5-9c99-ec0a8c5c5614,c5d03f92-aa6d-5593-928e-3b2857ad1853,1,0.644399123279128,"[""gaya_favorit"", ""harga_sesuai""]",model,klasifikasi-v1,2026-10-05T15:16:10Z
d8e33127-de32-56d5-9c99-ec0a8c5c5614,556ac5bd-b36f-5124-8750-d92fefc82d2d,2,0.6301936793236055,"[""harga_sesuai"", ""pernah_beli_seniman"", ""karya_baru""]",model,klasifikasi-v1,2026-10-05T15:16:10Z
d8e33127-de32-56d5-9c99-ec0a8c5c5614,a724961d-392c-586e-9da5-8e9342c6fd29,3,0.6213245525241347,"[""pernah_beli_seniman"", ""karya_baru""]",model,klasifikasi-v1,2026-10-05T15:16:10Z
d8e33127-de32-56d5-9c99-ec0a8c5c5614,300ebf50-b10d-5efa-8722-a252a80b4557,4,0.5793920644668279,"[""harga_sesuai"", ""pernah_beli_seniman""]",model,klasifikasi-v1,2026-10-05T15:16:10Z
d8e33127-de32-56d5-9c99-ec0a8c5c5614,ddc6295d-239d-589a-9714-9e4d1b9fb3f9,5,0.5762043220378671,"[""pernah_beli_seniman""]",model,klasifikasi-v1,2026-10-05T15:16:10Z
d8e33127-de32-56d5-9c99-ec0a8c5c5614,376f20b3-cf69-518a-95e4-669f8fe7fe40,6,0.574585602205579,"[""harga_sesuai"", ""pernah_beli_seniman""]",model,klasifikasi-v1,2026-10-05T15:16:10Z
d8e33127-de32-56d5-9c99-ec0a8c5c5614,ab4a3c71-9387-56bc-a801-1beeee2639d7,7,0.5652695614283225,"[""gaya_favorit"", ""harga_sesuai"", ""gaya_ramai"", ""pernah_beli_seniman""]",model,klasifikasi-v1,2026-10-05T15:16:10Z
d8e33127-de32-56d5-9c99-ec0a8c5c5614,88258c73-bb7b-51e8-824e-bc2ca0b939b8,8,0.5601098933580196,"[""seniman_naik_daun"", ""karya_baru""]",model,klasifikasi-v1,2026-10-05T15:16:10Z
d8e33127-de32-56d5-9c99-ec0a8c5c5614,af058c54-328b-50b1-aa59-1ed52ef4b398,9,0.5540557947523681,"[""harga_sesuai"", ""pernah_beli_seniman""]",model,klasifikasi-v1,2026-10-05T15:16:10Z
d8e33127-de32-56d5-9c99-ec0a8c5c5614,f60efa69-e980-54e3-9729-e98c5f2fc78f,10,0.5534091612456261,"[""harga_sesuai"", ""pernah_beli_seniman""]",model,klasifikasi-v1,2026-10-05T15:16:10Z
d8e33127-de32-56d5-9c99-ec0a8c5c5614,ded10c02-e3db-542d-8ff2-e0ab8c159069,11,0.5457381556150757,"[""harga_sesuai""]",model,klasifikasi-v1,2026-10-05T15:16:10Z
d8e33127-de32-56d5-9c99-ec0a8c5c5614,b93ca27f-2a5c-5964-a7c6-97f8d7bd6529,12,0.5420348974768449,"[""harga_sesuai"", ""pernah_beli_seniman""]",model,klasifikasi-v1,2026-10-05T15:16:10Z
d8e33127-de32-56d5-9c99-ec0a8c5c5614,0242a481-31c2-55aa-92b4-ebebc6011a7c,13,0.534817313019504,"[""pernah_beli_seniman""]",model,klasifikasi-v1,2026-10-05T15:16:10Z
d8e33127-de32-56d5-9c99-ec0a8c5c5614,b82ffac4-9b18-5129-bb4f-76d6267ef825,14,0.533508150608084,"[""harga_sesuai"", ""seniman_naik_daun""]",model,klasifikasi-v1,2026-10-05T15:16:10Z
d8e33127-de32-56d5-9c99-ec0a8c5c5614,2c540a0c-a2ff-5f37-ba88-a5ad28626312,15,0.5333933826929451,"[""gaya_favorit"", ""harga_sesuai"", ""gaya_ramai"", ""pernah_beli_seniman""]",model,klasifikasi-v1,2026-10-05T15:16:10Z
d8e33127-de32-56d5-9c99-ec0a8c5c5614,0bc9d34a-7f95-5dee-beb4-55f3af9b97c9,16,0.5319481059702447,"[""seniman_naik_daun""]",model,klasifikasi-v1,2026-10-05T15:16:10Z
d8e33127-de32-56d5-9c99-ec0a8c5c5614,d48d3793-0d94-54bf-8cd8-bd45835a8231,17,0.5313120910794166,"[""gaya_favorit"", ""gaya_ramai"", ""pernah_beli_seniman""]",model,klasifikasi-v1,2026-10-05T15:16:10Z
d8e33127-de32-56d5-9c99-ec0a8c5c5614,665144d1-d237-5681-9c1b-d82ab31ff866,18,0.5226692428988666,"[""pernah_beli_seniman""]",model,klasifikasi-v1,2026-10-05T15:16:10Z
d8e33127-de32-56d5-9c99-ec0a8c5c5614,0e102d63-ff8f-5e6b-bbdc-2a5d6e668cb1,19,0.5175747079642798,"[""harga_sesuai""]",model,klasifikasi-v1,2026-10-05T15:16:10Z
d8e33127-de32-56d5-9c99-ec0a8c5c5614,1b284f0a-4933-57f5-a5d9-d38488a7227c,20,0.505481261401317,"[""harga_sesuai""]",model,klasifikasi-v1,2026-10-05T15:16:10Z
38acfa2d-85ab-5007-8e53-d7fbf0a35a8d,a724961d-392c-586e-9da5-8e9342c6fd29,1,0.7484313009575324,"[""pernah_beli_seniman"", ""karya_baru""]",model,klasifikasi-v1,2026-10-05T15:16:10Z
38acfa2d-85ab-5007-8e53-d7fbf0a35a8d,556ac5bd-b36f-5124-8750-d92fefc82d2d,2,0.7129624713080159,"[""harga_sesuai"", ""pernah_beli_seniman"", ""karya_baru""]",model,klasifikasi-v1,2026-10-05T15:16:10Z
38acfa2d-85ab-5007-8e53-d7fbf0a35a8d,376f20b3-cf69-518a-95e4-669f8fe7fe40,3,0.6233378461710107,"[""harga_sesuai"", ""pernah_beli_seniman""]",model,klasifikasi-v1,2026-10-05T15:16:10Z
38acfa2d-85ab-5007-8e53-d7fbf0a35a8d,ddc6295d-239d-589a-9714-9e4d1b9fb3f9,4,0.6224953177717384,"[""pernah_beli_seniman""]",model,klasifikasi-v1,2026-10-05T15:16:10Z
38acfa2d-85ab-5007-8e53-d7fbf0a35a8d,6f5c741f-0fc0-523d-80e7-bce5940b7e1c,5,0.5947513012666645,"[""harga_sesuai""]",model,klasifikasi-v1,2026-10-05T15:16:10Z
38acfa2d-85ab-5007-8e53-d7fbf0a35a8d,f60efa69-e980-54e3-9729-e98c5f2fc78f,6,0.5929339613462191,"[""harga_sesuai"", ""pernah_beli_seniman""]",model,klasifikasi-v1,2026-10-05T15:16:10Z
38acfa2d-85ab-5007-8e53-d7fbf0a35a8d,300ebf50-b10d-5efa-8722-a252a80b4557,7,0.5850212427971454,"[""harga_sesuai"", ""pernah_beli_seniman""]",model,klasifikasi-v1,2026-10-05T15:16:10Z
38acfa2d-85ab-5007-8e53-d7fbf0a35a8d,0242a481-31c2-55aa-92b4-ebebc6011a7c,8,0.5846005977415001,"[""pernah_beli_seniman""]",model,klasifikasi-v1,2026-10-05T15:16:10Z
38acfa2d-85ab-5007-8e53-d7fbf0a35a8d,0e102d63-ff8f-5e6b-bbdc-2a5d6e668cb1,9,0.573034070103269,"[""harga_sesuai""]",model,klasifikasi-v1,2026-10-05T15:16:10Z
38acfa2d-85ab-5007-8e53-d7fbf0a35a8d,80d6863c-4309-5881-81cd-79e0a6aa59a3,10,0.5635548137455333,"[""harga_sesuai""]",model,klasifikasi-v1,2026-10-05T15:16:10Z
38acfa2d-85ab-5007-8e53-d7fbf0a35a8d,ded10c02-e3db-542d-8ff2-e0ab8c159069,11,0.5612520362228378,[],model,klasifikasi-v1,2026-10-05T15:16:10Z
38acfa2d-85ab-5007-8e53-d7fbf0a35a8d,af058c54-328b-50b1-aa59-1ed52ef4b398,12,0.5518029827883363,"[""pernah_beli_seniman""]",model,klasifikasi-v1,2026-10-05T15:16:10Z
38acfa2d-85ab-5007-8e53-d7fbf0a35a8d,f01a7b2c-1e11-597c-afeb-96705f31b4d5,13,0.5491350606301126,"[""harga_sesuai"", ""gaya_ramai"", ""pernah_beli_seniman""]",model,klasifikasi-v1,2026-10-05T15:16:10Z
38acfa2d-85ab-5007-8e53-d7fbf0a35a8d,665144d1-d237-5681-9c1b-d82ab31ff866,14,0.5487083312718813,"[""pernah_beli_seniman""]",model,klasifikasi-v1,2026-10-05T15:16:10Z
38acfa2d-85ab-5007-8e53-d7fbf0a35a8d,e15ac87c-418d-5877-b3de-5f27acd81302,15,0.5358233835077046,"[""gaya_favorit"", ""harga_sesuai"", ""gaya_ramai""]",model,klasifikasi-v1,2026-10-05T15:16:10Z
38acfa2d-85ab-5007-8e53-d7fbf0a35a8d,21d58bce-aee7-5c2c-9757-2101e0911a9e,16,0.529918446477643,[],model,klasifikasi-v1,2026-10-05T15:16:10Z
38acfa2d-85ab-5007-8e53-d7fbf0a35a8d,1b284f0a-4933-57f5-a5d9-d38488a7227c,17,0.5281224696564879,"[""harga_sesuai""]",model,klasifikasi-v1,2026-10-05T15:16:10Z
38acfa2d-85ab-5007-8e53-d7fbf0a35a8d,de0649c2-892b-5173-87f3-b53210592193,18,0.5241259402082784,"[""gaya_favorit"", ""harga_sesuai"", ""gaya_ramai"", ""pernah_beli_seniman""]",model,klasifikasi-v1,2026-10-05T15:16:10Z
38acfa2d-85ab-5007-8e53-d7fbf0a35a8d,866197c9-41b8-58ae-af14-976c6a847c11,19,0.522542640663806,"[""gaya_favorit"", ""harga_sesuai"", ""gaya_ramai"", ""pernah_beli_seniman""]",model,klasifikasi-v1,2026-10-05T15:16:10Z
38acfa2d-85ab-5007-8e53-d7fbf0a35a8d,6ab910ee-99bd-5039-9bf7-2e6828f994a7,20,0.5081071763432351,"[""harga_sesuai"", ""gaya_ramai"", ""pernah_beli_seniman""]",model,klasifikasi-v1,2026-10-05T15:16:10Z
96d805da-4016-5aad-9187-6ce1aba206b1,af387163-4059-5c28-add7-46500bfd3add,1,0.7939946685632079,"[""gaya_favorit"", ""harga_sesuai"", ""gaya_ramai"", ""pernah_beli_seniman""]",model,klasifikasi-v1,2026-10-05T15:16:10Z
96d805da-4016-5aad-9187-6ce1aba206b1,2dc1a3d9-2af8-5aef-95bb-4580395395bd,2,0.7895790615224922,"[""gaya_favorit"", ""harga_sesuai"", ""gaya_ramai"", ""pernah_beli_seniman""]",model,klasifikasi-v1,2026-10-05T15:16:10Z
96d805da-4016-5aad-9187-6ce1aba206b1,d0932440-31b0-5025-ab5b-f83ac95c2aea,3,0.7802806074669958,"[""gaya_favorit"", ""harga_sesuai"", ""gaya_ramai"", ""pernah_beli_seniman""]",model,klasifikasi-v1,2026-10-05T15:16:10Z
96d805da-4016-5aad-9187-6ce1aba206b1,3f8dedef-81a9-5162-9bf4-59f3eb4eb26b,4,0.7789747993053341,"[""gaya_favorit"", ""harga_sesuai"", ""gaya_ramai"", ""pernah_beli_seniman""]",model,klasifikasi-v1,2026-10-05T15:16:10Z
96d805da-4016-5aad-9187-6ce1aba206b1,8cb05ef6-4cf2-5ee6-9061-2889d32eed8b,5,0.7782209333116612,"[""gaya_favorit"", ""harga_sesuai"", ""gaya_ramai"", ""pernah_beli_seniman""]",model,klasifikasi-v1,2026-10-05T15:16:10Z
96d805da-4016-5aad-9187-6ce1aba206b1,47ed54a4-6a2e-5276-9603-36c52ea415de,6,0.7734518463396058,"[""gaya_favorit"", ""harga_sesuai"", ""gaya_ramai"", ""pernah_beli_seniman""]",model,klasifikasi-v1,2026-10-05T15:16:10Z
96d805da-4016-5aad-9187-6ce1aba206b1,cd22a6e8-3391-53f2-9ab1-8174b63d5943,7,0.7705077815319298,"[""gaya_favorit"", ""harga_sesuai"", ""gaya_ramai"", ""pernah_beli_seniman""]",model,klasifikasi-v1,2026-10-05T15:16:10Z
96d805da-4016-5aad-9187-6ce1aba206b1,34f160b0-2ebd-5b4b-abbf-d9e60acd2b35,8,0.7288617381596376,"[""gaya_favorit"", ""harga_sesuai"", ""gaya_ramai"", ""pernah_beli_seniman""]",model,klasifikasi-v1,2026-10-05T15:16:10Z
96d805da-4016-5aad-9187-6ce1aba206b1,866197c9-41b8-58ae-af14-976c6a847c11,9,0.7237423377121902,"[""gaya_favorit"", ""harga_sesuai"", ""gaya_ramai"", ""pernah_beli_seniman""]",model,klasifikasi-v1,2026-10-05T15:16:10Z
96d805da-4016-5aad-9187-6ce1aba206b1,e296022f-e45c-5909-ac21-2cff0f53e0b2,10,0.7073821278422688,"[""gaya_favorit"", ""harga_sesuai"", ""gaya_ramai"", ""pernah_beli_seniman""]",model,klasifikasi-v1,2026-10-05T15:16:10Z
96d805da-4016-5aad-9187-6ce1aba206b1,da1e02a9-b5b0-5dd8-b213-4302c25d95f9,11,0.7054415519718265,"[""gaya_favorit"", ""harga_sesuai"", ""gaya_ramai"", ""pernah_beli_seniman""]",model,klasifikasi-v1,2026-10-05T15:16:10Z
96d805da-4016-5aad-9187-6ce1aba206b1,087419b7-5d7b-53df-aa0f-1e80f02a0377,12,0.7054415519718265,"[""gaya_favorit"", ""harga_sesuai"", ""gaya_ramai"", ""pernah_beli_seniman""]",model,klasifikasi-v1,2026-10-05T15:16:10Z
96d805da-4016-5aad-9187-6ce1aba206b1,daeb60e8-db84-5a23-a92f-401fc4f8c8e9,13,0.6997113253650061,"[""gaya_favorit"", ""harga_sesuai"", ""gaya_ramai"", ""pernah_beli_seniman""]",model,klasifikasi-v1,2026-10-05T15:16:10Z
96d805da-4016-5aad-9187-6ce1aba206b1,784f6648-d504-5733-ba76-2d90ce171c97,14,0.6997113253650061,"[""gaya_favorit"", ""harga_sesuai"", ""gaya_ramai"", ""pernah_beli_seniman""]",model,klasifikasi-v1,2026-10-05T15:16:10Z
96d805da-4016-5aad-9187-6ce1aba206b1,9349bf99-62dc-596c-915f-6594321c44de,15,0.6996666150926776,"[""gaya_favorit"", ""harga_sesuai"", ""gaya_ramai"", ""pernah_beli_seniman""]",model,klasifikasi-v1,2026-10-05T15:16:10Z
96d805da-4016-5aad-9187-6ce1aba206b1,07425d78-e06e-583d-8083-ee3395fa2d20,16,0.6996666150926776,"[""gaya_favorit"", ""harga_sesuai"", ""gaya_ramai"", ""pernah_beli_seniman""]",model,klasifikasi-v1,2026-10-05T15:16:10Z
96d805da-4016-5aad-9187-6ce1aba206b1,3dbbe20e-9781-5936-bae9-c1cfacd61a09,17,0.6996666150926776,"[""gaya_favorit"", ""harga_sesuai"", ""gaya_ramai"", ""pernah_beli_seniman""]",model,klasifikasi-v1,2026-10-05T15:16:10Z
96d805da-4016-5aad-9187-6ce1aba206b1,a3985640-5560-52fe-9d83-1a767fec8bee,18,0.6974575619300983,"[""gaya_favorit"", ""harga_sesuai"", ""gaya_ramai"", ""pernah_beli_seniman""]",model,klasifikasi-v1,2026-10-05T15:16:10Z
96d805da-4016-5aad-9187-6ce1aba206b1,ec6f4fcc-fdbb-5ffd-a910-41611a2b7e49,19,0.6916399096721745,"[""gaya_favorit"", ""harga_sesuai"", ""gaya_ramai"", ""pernah_beli_seniman""]",model,klasifikasi-v1,2026-10-05T15:16:10Z
96d805da-4016-5aad-9187-6ce1aba206b1,882125dc-b120-5048-9014-2ba4d49923bf,20,0.6895674665015005,"[""gaya_favorit"", ""harga_sesuai"", ""gaya_ramai"", ""pernah_beli_seniman""]",model,klasifikasi-v1,2026-10-05T15:16:10Z
c95ec7ea-92a7-513e-b0f2-1da5e321bded,ab4a3c71-9387-56bc-a801-1beeee2639d7,1,0.6944353082263611,"[""gaya_favorit"", ""harga_sesuai"", ""gaya_ramai"", ""pernah_beli_seniman""]",model,klasifikasi-v1,2026-10-05T15:16:10Z
c95ec7ea-92a7-513e-b0f2-1da5e321bded,d48d3793-0d94-54bf-8cd8-bd45835a8231,2,0.6918244476375174,"[""gaya_favorit"", ""gaya_ramai"", ""pernah_beli_seniman""]",model,klasifikasi-v1,2026-10-05T15:16:10Z
c95ec7ea-92a7-513e-b0f2-1da5e321bded,e15ac87c-418d-5877-b3de-5f27acd81302,3,0.6559989952391434,"[""gaya_favorit"", ""harga_sesuai"", ""gaya_ramai""]",model,klasifikasi-v1,2026-10-05T15:16:10Z
c95ec7ea-92a7-513e-b0f2-1da5e321bded,866197c9-41b8-58ae-af14-976c6a847c11,4,0.6282953110910761,"[""gaya_favorit"", ""gaya_ramai""]",model,klasifikasi-v1,2026-10-05T15:16:10Z
c95ec7ea-92a7-513e-b0f2-1da5e321bded,1f26c708-fc57-592d-a841-b891c55231bd,5,0.6265146744010434,"[""gaya_favorit"", ""harga_sesuai"", ""gaya_ramai"", ""pernah_beli_seniman""]",model,klasifikasi-v1,2026-10-05T15:16:10Z
c95ec7ea-92a7-513e-b0f2-1da5e321bded,bc291b56-8938-597e-8605-5392f5c1e3ce,6,0.6041093537930997,"[""gaya_favorit"", ""harga_sesuai"", ""gaya_ramai"", ""pernah_beli_seniman"", ""karya_baru""]",model,klasifikasi-v1,2026-10-05T15:16:10Z
c95ec7ea-92a7-513e-b0f2-1da5e321bded,77940c72-1025-5f31-8dff-3763e93c7cf0,7,0.6028758497217762,"[""gaya_favorit"", ""harga_sesuai"", ""gaya_ramai"", ""pernah_beli_seniman""]",model,klasifikasi-v1,2026-10-05T15:16:10Z
c95ec7ea-92a7-513e-b0f2-1da5e321bded,79661a66-667a-5942-bffd-27fcf6e60186,8,0.6018069721837862,"[""gaya_favorit"", ""gaya_ramai"", ""pernah_beli_seniman""]",model,klasifikasi-v1,2026-10-05T15:16:10Z
c95ec7ea-92a7-513e-b0f2-1da5e321bded,0e102d63-ff8f-5e6b-bbdc-2a5d6e668cb1,9,0.597440489531345,"[""harga_sesuai""]",model,klasifikasi-v1,2026-10-05T15:16:10Z
c95ec7ea-92a7-513e-b0f2-1da5e321bded,5fce0098-5d0a-51cf-bf69-ba431548931f,10,0.5791003823149323,"[""gaya_favorit"", ""harga_sesuai"", ""gaya_ramai"", ""pernah_beli_seniman""]",model,klasifikasi-v1,2026-10-05T15:16:10Z
c95ec7ea-92a7-513e-b0f2-1da5e321bded,de0649c2-892b-5173-87f3-b53210592193,11,0.5694406958500225,"[""gaya_favorit"", ""harga_sesuai"", ""gaya_ramai""]",model,klasifikasi-v1,2026-10-05T15:16:10Z
c95ec7ea-92a7-513e-b0f2-1da5e321bded,34f160b0-2ebd-5b4b-abbf-d9e60acd2b35,12,0.5688597200255695,"[""gaya_favorit"", ""gaya_ramai""]",model,klasifikasi-v1,2026-10-05T15:16:10Z
c95ec7ea-92a7-513e-b0f2-1da5e321bded,f1067009-38fa-5639-9333-76bfb4dff9dc,13,0.5625583144217562,"[""gaya_favorit"", ""gaya_ramai""]",model,klasifikasi-v1,2026-10-05T15:16:10Z
c95ec7ea-92a7-513e-b0f2-1da5e321bded,534a55c8-5ce9-571f-8433-693d5635536d,14,0.5593038515561093,"[""gaya_favorit"", ""harga_sesuai"", ""gaya_ramai"", ""pernah_beli_seniman""]",model,klasifikasi-v1,2026-10-05T15:16:10Z
c95ec7ea-92a7-513e-b0f2-1da5e321bded,d0932440-31b0-5025-ab5b-f83ac95c2aea,15,0.5575210598314899,"[""gaya_favorit"", ""gaya_ramai""]",model,klasifikasi-v1,2026-10-05T15:16:10Z
c95ec7ea-92a7-513e-b0f2-1da5e321bded,d73cdc1c-14e5-522b-8637-17ed53474690,16,0.5492529614717152,"[""gaya_favorit"", ""harga_sesuai"", ""gaya_ramai""]",model,klasifikasi-v1,2026-10-05T15:16:10Z
c95ec7ea-92a7-513e-b0f2-1da5e321bded,6f5c741f-0fc0-523d-80e7-bce5940b7e1c,17,0.5486836015153097,"[""harga_sesuai""]",model,klasifikasi-v1,2026-10-05T15:16:10Z
c95ec7ea-92a7-513e-b0f2-1da5e321bded,0bc9d34a-7f95-5dee-beb4-55f3af9b97c9,18,0.5482596355120648,"[""seniman_naik_daun""]",model,klasifikasi-v1,2026-10-05T15:16:10Z
c95ec7ea-92a7-513e-b0f2-1da5e321bded,ded10c02-e3db-542d-8ff2-e0ab8c159069,19,0.5467890794682835,"[""harga_sesuai""]",model,klasifikasi-v1,2026-10-05T15:16:10Z
c95ec7ea-92a7-513e-b0f2-1da5e321bded,1b284f0a-4933-57f5-a5d9-d38488a7227c,20,0.5451704569632235,"[""harga_sesuai""]",model,klasifikasi-v1,2026-10-05T15:16:10Z
9c4af862-0b35-5bbf-aba9-928990d127fe,2dc1a3d9-2af8-5aef-95bb-4580395395bd,1,0.7620555484381552,"[""gaya_favorit"", ""harga_sesuai"", ""gaya_ramai"", ""pernah_beli_seniman""]",model,klasifikasi-v1,2026-10-05T15:16:10Z
9c4af862-0b35-5bbf-aba9-928990d127fe,af387163-4059-5c28-add7-46500bfd3add,2,0.7620555484381552,"[""gaya_favorit"", ""harga_sesuai"", ""gaya_ramai"", ""pernah_beli_seniman""]",model,klasifikasi-v1,2026-10-05T15:16:10Z
9c4af862-0b35-5bbf-aba9-928990d127fe,07425d78-e06e-583d-8083-ee3395fa2d20,3,0.7493480983677931,"[""gaya_favorit"", ""harga_sesuai"", ""gaya_ramai"", ""pernah_beli_seniman""]",model,klasifikasi-v1,2026-10-05T15:16:10Z
9c4af862-0b35-5bbf-aba9-928990d127fe,8cb05ef6-4cf2-5ee6-9061-2889d32eed8b,4,0.7446228302940814,"[""gaya_favorit"", ""harga_sesuai"", ""gaya_ramai"", ""pernah_beli_seniman""]",model,klasifikasi-v1,2026-10-05T15:16:10Z
9c4af862-0b35-5bbf-aba9-928990d127fe,9349bf99-62dc-596c-915f-6594321c44de,5,0.7437208976457381,"[""gaya_favorit"", ""harga_sesuai"", ""gaya_ramai"", ""pernah_beli_seniman""]",model,klasifikasi-v1,2026-10-05T15:16:10Z
9c4af862-0b35-5bbf-aba9-928990d127fe,3dbbe20e-9781-5936-bae9-c1cfacd61a09,6,0.7437208976457381,"[""gaya_favorit"", ""harga_sesuai"", ""gaya_ramai"", ""pernah_beli_seniman""]",model,klasifikasi-v1,2026-10-05T15:16:10Z
9c4af862-0b35-5bbf-aba9-928990d127fe,47ed54a4-6a2e-5276-9603-36c52ea415de,7,0.7393732184182844,"[""gaya_favorit"", ""harga_sesuai"", ""gaya_ramai"", ""pernah_beli_seniman""]",model,klasifikasi-v1,2026-10-05T15:16:10Z
9c4af862-0b35-5bbf-aba9-928990d127fe,da1e02a9-b5b0-5dd8-b213-4302c25d95f9,8,0.7376963034734847,"[""gaya_favorit"", ""harga_sesuai"", ""gaya_ramai"", ""pernah_beli_seniman""]",model,klasifikasi-v1,2026-10-05T15:16:10Z
9c4af862-0b35-5bbf-aba9-928990d127fe,087419b7-5d7b-53df-aa0f-1e80f02a0377,9,0.7376963034734847,"[""gaya_favorit"", ""harga_sesuai"", ""gaya_ramai"", ""pernah_beli_seniman""]",model,klasifikasi-v1,2026-10-05T15:16:10Z
9c4af862-0b35-5bbf-aba9-928990d127fe,784f6648-d504-5733-ba76-2d90ce171c97,10,0.7375728014065488,"[""gaya_favorit"", ""harga_sesuai"", ""gaya_ramai"", ""pernah_beli_seniman""]",model,klasifikasi-v1,2026-10-05T15:16:10Z
9c4af862-0b35-5bbf-aba9-928990d127fe,cd22a6e8-3391-53f2-9ab1-8174b63d5943,11,0.736137373361262,"[""gaya_favorit"", ""harga_sesuai"", ""gaya_ramai"", ""pernah_beli_seniman""]",model,klasifikasi-v1,2026-10-05T15:16:10Z
9c4af862-0b35-5bbf-aba9-928990d127fe,daeb60e8-db84-5a23-a92f-401fc4f8c8e9,12,0.7323554856974067,"[""gaya_favorit"", ""harga_sesuai"", ""gaya_ramai"", ""pernah_beli_seniman""]",model,klasifikasi-v1,2026-10-05T15:16:10Z
9c4af862-0b35-5bbf-aba9-928990d127fe,d0932440-31b0-5025-ab5b-f83ac95c2aea,13,0.7275227042897803,"[""gaya_favorit"", ""harga_sesuai"", ""gaya_ramai"", ""pernah_beli_seniman""]",model,klasifikasi-v1,2026-10-05T15:16:10Z
9c4af862-0b35-5bbf-aba9-928990d127fe,d9485a40-ad4f-54c8-9cf6-e5fc915283b1,14,0.724192689558098,"[""gaya_favorit"", ""gaya_ramai"", ""pernah_beli_seniman""]",model,klasifikasi-v1,2026-10-05T15:16:10Z
9c4af862-0b35-5bbf-aba9-928990d127fe,3f8dedef-81a9-5162-9bf4-59f3eb4eb26b,15,0.7234290962043114,"[""gaya_favorit"", ""harga_sesuai"", ""gaya_ramai"", ""pernah_beli_seniman""]",model,klasifikasi-v1,2026-10-05T15:16:10Z
9c4af862-0b35-5bbf-aba9-928990d127fe,19b131db-ca02-5bed-b3f6-a8c0b19d8461,16,0.7187758559959319,"[""gaya_favorit"", ""harga_sesuai"", ""gaya_ramai"", ""pernah_beli_seniman""]",model,klasifikasi-v1,2026-10-05T15:16:10Z
9c4af862-0b35-5bbf-aba9-928990d127fe,76e47ebb-eedd-5be9-b99b-eb0d0d3b84a3,17,0.7139159150321079,"[""gaya_favorit"", ""gaya_ramai"", ""pernah_beli_seniman""]",model,klasifikasi-v1,2026-10-05T15:16:10Z
9c4af862-0b35-5bbf-aba9-928990d127fe,2ab1fde1-1a62-502f-936a-dc83e4b3cec1,18,0.7139159150321079,"[""gaya_favorit"", ""gaya_ramai"", ""pernah_beli_seniman""]",model,klasifikasi-v1,2026-10-05T15:16:10Z
9c4af862-0b35-5bbf-aba9-928990d127fe,18734d52-cdca-5070-bf26-9015a87f5d42,19,0.7011399306873383,"[""gaya_favorit"", ""gaya_ramai"", ""pernah_beli_seniman""]",model,klasifikasi-v1,2026-10-05T15:16:10Z
9c4af862-0b35-5bbf-aba9-928990d127fe,c510d302-6a06-596b-bb6c-984607ee00bd,20,0.7011399306873383,"[""gaya_favorit"", ""gaya_ramai"", ""pernah_beli_seniman""]",model,klasifikasi-v1,2026-10-05T15:16:10Z
c20dda97-37cd-5f2d-9c16-970d5069464f,79e25e0d-2c04-5f90-9130-3f1d94125223,1,0.8010245288844372,"[""harga_sesuai"", ""seniman_naik_daun"", ""karya_baru""]",model,klasifikasi-v1,2026-10-05T15:16:10Z
c20dda97-37cd-5f2d-9c16-970d5069464f,8bfc1f4d-519c-5412-8e3e-9b7ad4729b26,2,0.7103470309020793,"[""gaya_favorit"", ""harga_sesuai"", ""seniman_naik_daun"", ""gaya_ramai"", ""pernah_beli_seniman""]",model,klasifikasi-v1,2026-10-05T15:16:10Z
c20dda97-37cd-5f2d-9c16-970d5069464f,d58a8ef3-58db-502d-a8cc-da1c43aa9f6e,3,0.6973791122036831,"[""gaya_favorit"", ""harga_sesuai"", ""gaya_ramai""]",model,klasifikasi-v1,2026-10-05T15:16:10Z
c20dda97-37cd-5f2d-9c16-970d5069464f,88258c73-bb7b-51e8-824e-bc2ca0b939b8,4,0.6891837234639844,"[""seniman_naik_daun"", ""karya_baru""]",model,klasifikasi-v1,2026-10-05T15:16:10Z
c20dda97-37cd-5f2d-9c16-970d5069464f,81ee86da-ba5e-5d1c-892a-cdd453f656c7,5,0.6772529776665549,"[""gaya_favorit"", ""harga_sesuai"", ""gaya_ramai""]",model,klasifikasi-v1,2026-10-05T15:16:10Z
c20dda97-37cd-5f2d-9c16-970d5069464f,07d19c93-c674-54cb-9448-012eb1b60c3f,6,0.6765016479137075,"[""harga_sesuai"", ""seniman_naik_daun""]",model,klasifikasi-v1,2026-10-05T15:16:10Z
c20dda97-37cd-5f2d-9c16-970d5069464f,2d399fc1-c809-5c2a-bdaa-6e69cefe5fb1,7,0.6665562300792985,"[""harga_sesuai"", ""seniman_naik_daun""]",model,klasifikasi-v1,2026-10-05T15:16:10Z
c20dda97-37cd-5f2d-9c16-970d5069464f,6f681699-9a80-5ff1-93b6-84b5d171f175,8,0.6367048652417309,"[""gaya_favorit"", ""harga_sesuai"", ""seniman_naik_daun"", ""gaya_ramai"", ""pernah_beli_seniman""]",model,klasifikasi-v1,2026-10-05T15:16:10Z
c20dda97-37cd-5f2d-9c16-970d5069464f,d8dfdef7-fe16-5d35-8ee7-bf4dec334e56,9,0.6337089981886037,"[""gaya_favorit"", ""harga_sesuai"", ""gaya_ramai"", ""pernah_beli_seniman""]",model,klasifikasi-v1,2026-10-05T15:16:10Z
c20dda97-37cd-5f2d-9c16-970d5069464f,a3dfd416-62c6-5cdf-9ee4-e82226d12fdc,10,0.6322697103613355,"[""harga_sesuai""]",model,klasifikasi-v1,2026-10-05T15:16:10Z
c20dda97-37cd-5f2d-9c16-970d5069464f,85e26979-7329-5374-9452-c403d03cf6d3,11,0.6220826079108623,"[""gaya_favorit"", ""harga_sesuai"", ""gaya_ramai"", ""pernah_beli_seniman""]",model,klasifikasi-v1,2026-10-05T15:16:10Z
c20dda97-37cd-5f2d-9c16-970d5069464f,d8a1950a-d098-5696-a85a-1d4db10c5130,12,0.6210565349373249,"[""gaya_favorit"", ""harga_sesuai"", ""gaya_ramai""]",model,klasifikasi-v1,2026-10-05T15:16:10Z
c20dda97-37cd-5f2d-9c16-970d5069464f,796ab8ac-bab7-52b6-9bdd-179cdc5b16a6,13,0.6141796462253645,[],model,klasifikasi-v1,2026-10-05T15:16:10Z
c20dda97-37cd-5f2d-9c16-970d5069464f,c67cff2a-590f-52c2-9fdd-17734dcd647a,14,0.6107556286942657,"[""gaya_favorit"", ""gaya_ramai""]",model,klasifikasi-v1,2026-10-05T15:16:10Z
c20dda97-37cd-5f2d-9c16-970d5069464f,78490a31-c039-51ec-bcbf-77e13fb4b864,15,0.6105762228049542,"[""gaya_favorit"", ""gaya_ramai""]",model,klasifikasi-v1,2026-10-05T15:16:10Z
c20dda97-37cd-5f2d-9c16-970d5069464f,c012c748-3935-5b6e-99cb-cc2b1b367efe,16,0.6094290286664173,"[""gaya_favorit"", ""harga_sesuai"", ""gaya_ramai"", ""pernah_beli_seniman""]",model,klasifikasi-v1,2026-10-05T15:16:10Z
c20dda97-37cd-5f2d-9c16-970d5069464f,e15a9001-adb8-50c5-a837-393fbcdb506d,17,0.6074409010763268,"[""harga_sesuai""]",model,klasifikasi-v1,2026-10-05T15:16:10Z
c20dda97-37cd-5f2d-9c16-970d5069464f,84123035-a298-5787-9622-b167937b454b,18,0.6061066869953776,"[""gaya_favorit"", ""seniman_naik_daun"", ""gaya_ramai"", ""pernah_beli_seniman""]",model,klasifikasi-v1,2026-10-05T15:16:10Z
c20dda97-37cd-5f2d-9c16-970d5069464f,6668aaa3-cf17-5996-8538-ab41cc230eab,19,0.6021822420623952,"[""gaya_favorit"", ""gaya_ramai""]",model,klasifikasi-v1,2026-10-05T15:16:10Z
c20dda97-37cd-5f2d-9c16-970d5069464f,a8ac835e-5aad-57f7-aa47-99b583d02392,20,0.5986018154270598,"[""harga_sesuai"", ""seniman_naik_daun""]",model,klasifikasi-v1,2026-10-05T15:16:10Z
5bd8431b-e2d7-592a-8a4b-dcaa250cc2cd,79e25e0d-2c04-5f90-9130-3f1d94125223,1,0.889142682936631,"[""gaya_favorit"", ""harga_sesuai"", ""seniman_naik_daun"", ""pernah_beli_seniman"", ""karya_baru""]",model,klasifikasi-v1,2026-10-05T15:16:10Z
5bd8431b-e2d7-592a-8a4b-dcaa250cc2cd,07d19c93-c674-54cb-9448-012eb1b60c3f,2,0.8286982022536175,"[""gaya_favorit"", ""harga_sesuai"", ""seniman_naik_daun"", ""pernah_beli_seniman""]",model,klasifikasi-v1,2026-10-05T15:16:10Z
5bd8431b-e2d7-592a-8a4b-dcaa250cc2cd,88258c73-bb7b-51e8-824e-bc2ca0b939b8,3,0.8218296016443792,"[""gaya_favorit"", ""harga_sesuai"", ""seniman_naik_daun"", ""pernah_beli_seniman"", ""karya_baru""]",model,klasifikasi-v1,2026-10-05T15:16:10Z
5bd8431b-e2d7-592a-8a4b-dcaa250cc2cd,2d399fc1-c809-5c2a-bdaa-6e69cefe5fb1,4,0.7974213204752467,"[""gaya_favorit"", ""harga_sesuai"", ""seniman_naik_daun"", ""pernah_beli_seniman""]",model,klasifikasi-v1,2026-10-05T15:16:10Z
5bd8431b-e2d7-592a-8a4b-dcaa250cc2cd,94afa8d0-6fca-5820-9dfe-5fb67fd9b665,5,0.7933960582474275,"[""gaya_favorit"", ""harga_sesuai"", ""seniman_naik_daun"", ""pernah_beli_seniman""]",model,klasifikasi-v1,2026-10-05T15:16:10Z
5bd8431b-e2d7-592a-8a4b-dcaa250cc2cd,6a9a552c-870e-5cd3-b409-273d6c5865eb,6,0.7793295237866205,"[""gaya_favorit"", ""harga_sesuai"", ""seniman_naik_daun"", ""pernah_beli_seniman""]",model,klasifikasi-v1,2026-10-05T15:16:10Z
5bd8431b-e2d7-592a-8a4b-dcaa250cc2cd,df002552-8f03-5997-b452-e24a915621dd,7,0.7725504859715893,"[""gaya_favorit"", ""harga_sesuai"", ""seniman_naik_daun"", ""pernah_beli_seniman""]",model,klasifikasi-v1,2026-10-05T15:16:10Z
5bd8431b-e2d7-592a-8a4b-dcaa250cc2cd,8d8c6d42-894a-5d83-a68b-c458ead32750,8,0.7724497787297101,"[""gaya_favorit"", ""harga_sesuai"", ""seniman_naik_daun"", ""pernah_beli_seniman""]",model,klasifikasi-v1,2026-10-05T15:16:10Z
5bd8431b-e2d7-592a-8a4b-dcaa250cc2cd,0931aca3-ffbb-57aa-b84e-284c01f774f1,9,0.7595934893820604,"[""gaya_favorit"", ""harga_sesuai"", ""seniman_naik_daun"", ""pernah_beli_seniman""]",model,klasifikasi-v1,2026-10-05T15:16:10Z
5bd8431b-e2d7-592a-8a4b-dcaa250cc2cd,8856b1b5-28c4-536b-9a51-9ff06bfdbd80,10,0.7490383114295646,"[""gaya_favorit"", ""harga_sesuai"", ""seniman_naik_daun"", ""pernah_beli_seniman""]",model,klasifikasi-v1,2026-10-05T15:16:10Z
5bd8431b-e2d7-592a-8a4b-dcaa250cc2cd,854f6550-ae71-509e-859c-39396df1a99e,11,0.7249324934045999,"[""gaya_favorit"", ""harga_sesuai"", ""seniman_naik_daun"", ""pernah_beli_seniman""]",model,klasifikasi-v1,2026-10-05T15:16:10Z
5bd8431b-e2d7-592a-8a4b-dcaa250cc2cd,04393ef2-a47c-5658-89fa-61d255a593b4,12,0.7087829180240035,"[""gaya_favorit"", ""harga_sesuai"", ""seniman_naik_daun"", ""pernah_beli_seniman""]",model,klasifikasi-v1,2026-10-05T15:16:10Z
5bd8431b-e2d7-592a-8a4b-dcaa250cc2cd,1af0200c-a8bf-593f-8cb6-4f759b5f5ac1,13,0.7077343078603637,"[""gaya_favorit"", ""seniman_naik_daun"", ""pernah_beli_seniman""]",model,klasifikasi-v1,2026-10-05T15:16:10Z
5bd8431b-e2d7-592a-8a4b-dcaa250cc2cd,0bc9d34a-7f95-5dee-beb4-55f3af9b97c9,14,0.7023380588126515,"[""gaya_favorit"", ""seniman_naik_daun"", ""pernah_beli_seniman""]",model,klasifikasi-v1,2026-10-05T15:16:10Z
5bd8431b-e2d7-592a-8a4b-dcaa250cc2cd,231b14d2-2e75-5193-9c40-949b484944ca,15,0.641523090048157,"[""gaya_favorit"", ""seniman_naik_daun"", ""pernah_beli_seniman""]",model,klasifikasi-v1,2026-10-05T15:16:10Z
5bd8431b-e2d7-592a-8a4b-dcaa250cc2cd,f303778e-fffb-5010-a42b-73c993e4ecc0,16,0.6263363019769566,"[""gaya_favorit""]",model,klasifikasi-v1,2026-10-05T15:16:10Z
5bd8431b-e2d7-592a-8a4b-dcaa250cc2cd,b9dedd53-be7d-57b2-b7f4-3f22a31efa0b,17,0.6083079706308676,"[""gaya_favorit"", ""harga_sesuai"", ""seniman_naik_daun"", ""pernah_beli_seniman""]",model,klasifikasi-v1,2026-10-05T15:16:10Z
5bd8431b-e2d7-592a-8a4b-dcaa250cc2cd,b0a47c6b-e49a-54f4-b8f4-8742e75228de,18,0.6009796627252311,"[""gaya_favorit""]",model,klasifikasi-v1,2026-10-05T15:16:10Z
5bd8431b-e2d7-592a-8a4b-dcaa250cc2cd,5a1a4eef-6e5c-5c41-a684-b8d3c8592d61,19,0.5997132127800492,"[""gaya_favorit"", ""seniman_naik_daun"", ""pernah_beli_seniman""]",model,klasifikasi-v1,2026-10-05T15:16:10Z
5bd8431b-e2d7-592a-8a4b-dcaa250cc2cd,987e9b9d-f4c6-5ce1-ac8c-5ef271e2ae33,20,0.5803985732824342,"[""gaya_favorit"", ""harga_sesuai"", ""gaya_ramai""]",model,klasifikasi-v1,2026-10-05T15:16:10Z
8ffa5b86-7270-5fc0-bf1c-5b43800acac3,c5d03f92-aa6d-5593-928e-3b2857ad1853,1,0.7384836194674651,"[""harga_sesuai"", ""pernah_beli_seniman""]",model,klasifikasi-v1,2026-10-05T15:16:10Z
8ffa5b86-7270-5fc0-bf1c-5b43800acac3,556ac5bd-b36f-5124-8750-d92fefc82d2d,2,0.6990906221693124,"[""harga_sesuai"", ""pernah_beli_seniman"", ""karya_baru""]",model,klasifikasi-v1,2026-10-05T15:16:10Z
8ffa5b86-7270-5fc0-bf1c-5b43800acac3,a724961d-392c-586e-9da5-8e9342c6fd29,3,0.6931098934811393,"[""pernah_beli_seniman"", ""karya_baru""]",model,klasifikasi-v1,2026-10-05T15:16:10Z
8ffa5b86-7270-5fc0-bf1c-5b43800acac3,6f5c741f-0fc0-523d-80e7-bce5940b7e1c,4,0.6592276148775729,"[""harga_sesuai"", ""pernah_beli_seniman""]",model,klasifikasi-v1,2026-10-05T15:16:10Z
8ffa5b86-7270-5fc0-bf1c-5b43800acac3,80d6863c-4309-5881-81cd-79e0a6aa59a3,5,0.6416092249115453,"[""harga_sesuai"", ""pernah_beli_seniman""]",model,klasifikasi-v1,2026-10-05T15:16:10Z
8ffa5b86-7270-5fc0-bf1c-5b43800acac3,f01a7b2c-1e11-597c-afeb-96705f31b4d5,6,0.6393761330428321,"[""gaya_favorit"", ""harga_sesuai"", ""gaya_ramai"", ""pernah_beli_seniman""]",model,klasifikasi-v1,2026-10-05T15:16:10Z
8ffa5b86-7270-5fc0-bf1c-5b43800acac3,0e102d63-ff8f-5e6b-bbdc-2a5d6e668cb1,7,0.6388676205515011,"[""harga_sesuai"", ""pernah_beli_seniman""]",model,klasifikasi-v1,2026-10-05T15:16:10Z
8ffa5b86-7270-5fc0-bf1c-5b43800acac3,376f20b3-cf69-518a-95e4-669f8fe7fe40,8,0.6240828294734355,"[""harga_sesuai"", ""pernah_beli_seniman""]",model,klasifikasi-v1,2026-10-05T15:16:10Z
8ffa5b86-7270-5fc0-bf1c-5b43800acac3,ded10c02-e3db-542d-8ff2-e0ab8c159069,9,0.6188569991298706,"[""pernah_beli_seniman""]",model,klasifikasi-v1,2026-10-05T15:16:10Z
8ffa5b86-7270-5fc0-bf1c-5b43800acac3,9bdbffa3-5922-5d4c-a5b3-080cfb23f84c,10,0.618468131772223,"[""pernah_beli_seniman""]",model,klasifikasi-v1,2026-10-05T15:16:10Z
8ffa5b86-7270-5fc0-bf1c-5b43800acac3,6ab910ee-99bd-5039-9bf7-2e6828f994a7,11,0.6179805340668163,"[""gaya_favorit"", ""harga_sesuai"", ""gaya_ramai"", ""pernah_beli_seniman""]",model,klasifikasi-v1,2026-10-05T15:16:10Z
8ffa5b86-7270-5fc0-bf1c-5b43800acac3,f60efa69-e980-54e3-9729-e98c5f2fc78f,12,0.5938792794975147,"[""harga_sesuai"", ""pernah_beli_seniman""]",model,klasifikasi-v1,2026-10-05T15:16:10Z
8ffa5b86-7270-5fc0-bf1c-5b43800acac3,300ebf50-b10d-5efa-8722-a252a80b4557,13,0.5857916518251792,"[""harga_sesuai"", ""pernah_beli_seniman""]",model,klasifikasi-v1,2026-10-05T15:16:10Z
8ffa5b86-7270-5fc0-bf1c-5b43800acac3,866197c9-41b8-58ae-af14-976c6a847c11,14,0.5737633643080925,"[""harga_sesuai"", ""gaya_ramai"", ""pernah_beli_seniman""]",model,klasifikasi-v1,2026-10-05T15:16:10Z
8ffa5b86-7270-5fc0-bf1c-5b43800acac3,34f160b0-2ebd-5b4b-abbf-d9e60acd2b35,15,0.5655304495439193,"[""gaya_ramai"", ""pernah_beli_seniman""]",model,klasifikasi-v1,2026-10-05T15:16:10Z
8ffa5b86-7270-5fc0-bf1c-5b43800acac3,50f3106b-4608-5dec-abd4-f3513db77175,16,0.5540720904042757,"[""harga_sesuai"", ""pernah_beli_seniman""]",model,klasifikasi-v1,2026-10-05T15:16:10Z
8ffa5b86-7270-5fc0-bf1c-5b43800acac3,1b284f0a-4933-57f5-a5d9-d38488a7227c,17,0.5529724546726936,"[""harga_sesuai"", ""pernah_beli_seniman""]",model,klasifikasi-v1,2026-10-05T15:16:10Z
8ffa5b86-7270-5fc0-bf1c-5b43800acac3,de0649c2-892b-5173-87f3-b53210592193,18,0.5488805018890057,"[""harga_sesuai"", ""gaya_ramai"", ""pernah_beli_seniman""]",model,klasifikasi-v1,2026-10-05T15:16:10Z
8ffa5b86-7270-5fc0-bf1c-5b43800acac3,e15ac87c-418d-5877-b3de-5f27acd81302,19,0.5445754116161371,"[""harga_sesuai"", ""gaya_ramai""]",model,klasifikasi-v1,2026-10-05T15:16:10Z
8ffa5b86-7270-5fc0-bf1c-5b43800acac3,6c354900-b80d-56b8-8adc-7a97a366f095,20,0.5433563400512538,"[""harga_sesuai"", ""pernah_beli_seniman""]",model,klasifikasi-v1,2026-10-05T15:16:10Z
9977cbaa-9155-5efa-8f3c-e787d7dddc25,c5d03f92-aa6d-5593-928e-3b2857ad1853,1,0.86152330648814,"[""gaya_favorit"", ""pernah_beli_seniman""]",model,klasifikasi-v1,2026-10-05T15:16:10Z
9977cbaa-9155-5efa-8f3c-e787d7dddc25,998d5b90-e146-544c-8f57-8d949cc3b1a0,2,0.8401179968399423,"[""gaya_favorit"", ""harga_sesuai"", ""pernah_beli_seniman""]",model,klasifikasi-v1,2026-10-05T15:16:10Z
9977cbaa-9155-5efa-8f3c-e787d7dddc25,7bff47f0-16f0-5de4-9435-5616df9279ca,3,0.8163371795351736,"[""gaya_favorit"", ""harga_sesuai"", ""pernah_beli_seniman""]",model,klasifikasi-v1,2026-10-05T15:16:10Z
9977cbaa-9155-5efa-8f3c-e787d7dddc25,6ccd5319-a365-5623-8263-83aee2187374,4,0.8148850305081498,"[""gaya_favorit"", ""harga_sesuai"", ""pernah_beli_seniman""]",model,klasifikasi-v1,2026-10-05T15:16:10Z
9977cbaa-9155-5efa-8f3c-e787d7dddc25,9bdbffa3-5922-5d4c-a5b3-080cfb23f84c,5,0.8136513950453701,"[""gaya_favorit"", ""harga_sesuai"", ""pernah_beli_seniman""]",model,klasifikasi-v1,2026-10-05T15:16:10Z
9977cbaa-9155-5efa-8f3c-e787d7dddc25,1d10619f-065b-57d0-8382-fd82d2e97ef5,6,0.7771391058699658,"[""gaya_favorit"", ""harga_sesuai"", ""pernah_beli_seniman""]",model,klasifikasi-v1,2026-10-05T15:16:10Z
9977cbaa-9155-5efa-8f3c-e787d7dddc25,45708b8a-e64f-5bf6-8151-c025612ef611,7,0.7174285869011822,"[""gaya_favorit"", ""pernah_beli_seniman""]",model,klasifikasi-v1,2026-10-05T15:16:10Z
9977cbaa-9155-5efa-8f3c-e787d7dddc25,6c354900-b80d-56b8-8adc-7a97a366f095,8,0.6983960931743487,"[""gaya_favorit"", ""pernah_beli_seniman""]",model,klasifikasi-v1,2026-10-05T15:16:10Z
9977cbaa-9155-5efa-8f3c-e787d7dddc25,6ab910ee-99bd-5039-9bf7-2e6828f994a7,9,0.6414655088093674,"[""gaya_ramai"", ""pernah_beli_seniman""]",model,klasifikasi-v1,2026-10-05T15:16:10Z
9977cbaa-9155-5efa-8f3c-e787d7dddc25,53d13623-0761-554d-b668-e79215702755,10,0.6350626701392906,"[""gaya_favorit"", ""pernah_beli_seniman""]",model,klasifikasi-v1,2026-10-05T15:16:10Z
9977cbaa-9155-5efa-8f3c-e787d7dddc25,19b131db-ca02-5bed-b3f6-a8c0b19d8461,11,0.6122877768782036,"[""harga_sesuai"", ""gaya_ramai""]",model,klasifikasi-v1,2026-10-05T15:16:10Z
9977cbaa-9155-5efa-8f3c-e787d7dddc25,07a581f5-4b2e-5999-bbd7-4405da0a3973,12,0.5583186083366667,"[""harga_sesuai"", ""gaya_ramai"", ""pernah_beli_seniman""]",model,klasifikasi-v1,2026-10-05T15:16:10Z
9977cbaa-9155-5efa-8f3c-e787d7dddc25,f01a7b2c-1e11-597c-afeb-96705f31b4d5,13,0.5563941845053312,"[""gaya_ramai"", ""pernah_beli_seniman""]",model,klasifikasi-v1,2026-10-05T15:16:10Z
9977cbaa-9155-5efa-8f3c-e787d7dddc25,b9c614f8-fc4b-54a8-b4f2-38cae682326f,14,0.5367319109900849,"[""harga_sesuai"", ""gaya_ramai"", ""pernah_beli_seniman""]",model,klasifikasi-v1,2026-10-05T15:16:10Z
9977cbaa-9155-5efa-8f3c-e787d7dddc25,df583dd7-04e0-5491-bcbb-5426ed211985,15,0.522939326306947,"[""harga_sesuai"", ""gaya_ramai"", ""pernah_beli_seniman""]",model,klasifikasi-v1,2026-10-05T15:16:10Z
9977cbaa-9155-5efa-8f3c-e787d7dddc25,2dc1a3d9-2af8-5aef-95bb-4580395395bd,16,0.51914688523187,"[""harga_sesuai"", ""gaya_ramai""]",model,klasifikasi-v1,2026-10-05T15:16:10Z
9977cbaa-9155-5efa-8f3c-e787d7dddc25,768f1aab-b8f5-5dce-bbdc-650ecdca5167,17,0.5163111853105746,"[""gaya_ramai"", ""pernah_beli_seniman""]",model,klasifikasi-v1,2026-10-05T15:16:10Z
9977cbaa-9155-5efa-8f3c-e787d7dddc25,af387163-4059-5c28-add7-46500bfd3add,18,0.509389631595916,"[""harga_sesuai"", ""gaya_ramai""]",model,klasifikasi-v1,2026-10-05T15:16:10Z
9977cbaa-9155-5efa-8f3c-e787d7dddc25,3f8dedef-81a9-5162-9bf4-59f3eb4eb26b,19,0.49365498719401013,"[""harga_sesuai"", ""gaya_ramai""]",model,klasifikasi-v1,2026-10-05T15:16:10Z
9977cbaa-9155-5efa-8f3c-e787d7dddc25,8cb05ef6-4cf2-5ee6-9061-2889d32eed8b,20,0.48593296666369296,"[""harga_sesuai"", ""gaya_ramai""]",model,klasifikasi-v1,2026-10-05T15:16:10Z
d88c45a8-c22f-5fb8-92e0-7006c379775d,2c540a0c-a2ff-5f37-ba88-a5ad28626312,1,0.6946422773724943,"[""gaya_favorit"", ""harga_sesuai"", ""gaya_ramai""]",model,klasifikasi-v1,2026-10-05T15:16:10Z
d88c45a8-c22f-5fb8-92e0-7006c379775d,224ba711-c5ff-581d-be53-1872a1df84ca,2,0.6784837968507277,"[""gaya_favorit"", ""harga_sesuai"", ""seniman_naik_daun""]",model,klasifikasi-v1,2026-10-05T15:16:10Z
d88c45a8-c22f-5fb8-92e0-7006c379775d,79e25e0d-2c04-5f90-9130-3f1d94125223,3,0.6766722982900034,"[""seniman_naik_daun"", ""karya_baru""]",model,klasifikasi-v1,2026-10-05T15:16:10Z
d88c45a8-c22f-5fb8-92e0-7006c379775d,a8ac835e-5aad-57f7-aa47-99b583d02392,4,0.6586671813764418,"[""gaya_favorit"", ""seniman_naik_daun""]",model,klasifikasi-v1,2026-10-05T15:16:10Z
d88c45a8-c22f-5fb8-92e0-7006c379775d,016679fd-f015-5c7e-b41e-f69d95c9d91a,5,0.6394732073620908,"[""gaya_favorit"", ""seniman_naik_daun""]",model,klasifikasi-v1,2026-10-05T15:16:10Z
d88c45a8-c22f-5fb8-92e0-7006c379775d,88258c73-bb7b-51e8-824e-bc2ca0b939b8,6,0.6324680671273578,"[""seniman_naik_daun"", ""karya_baru""]",model,klasifikasi-v1,2026-10-05T15:16:10Z
d88c45a8-c22f-5fb8-92e0-7006c379775d,57484960-cbe1-544b-94b3-2f911835d343,7,0.6245162106655889,"[""gaya_favorit"", ""harga_sesuai"", ""gaya_ramai""]",model,klasifikasi-v1,2026-10-05T15:16:10Z
d88c45a8-c22f-5fb8-92e0-7006c379775d,0bc9d34a-7f95-5dee-beb4-55f3af9b97c9,8,0.6196004689270354,"[""harga_sesuai"", ""seniman_naik_daun""]",model,klasifikasi-v1,2026-10-05T15:16:10Z
d88c45a8-c22f-5fb8-92e0-7006c379775d,f1067009-38fa-5639-9333-76bfb4dff9dc,9,0.6026044084745451,"[""gaya_favorit"", ""harga_sesuai"", ""gaya_ramai"", ""pernah_beli_seniman""]",model,klasifikasi-v1,2026-10-05T15:16:10Z
d88c45a8-c22f-5fb8-92e0-7006c379775d,3f8e8589-04d2-5dac-97c5-907b7fcd2c76,10,0.5934194817689579,"[""gaya_favorit"", ""harga_sesuai"", ""gaya_ramai"", ""pernah_beli_seniman""]",model,klasifikasi-v1,2026-10-05T15:16:10Z
d88c45a8-c22f-5fb8-92e0-7006c379775d,b116070e-6e10-5b4c-8bc1-f41ce97a6883,11,0.5927475176372289,"[""gaya_favorit"", ""seniman_naik_daun"", ""karya_baru""]",model,klasifikasi-v1,2026-10-05T15:16:10Z
d88c45a8-c22f-5fb8-92e0-7006c379775d,df002552-8f03-5997-b452-e24a915621dd,12,0.5907586748378845,"[""seniman_naik_daun""]",model,klasifikasi-v1,2026-10-05T15:16:10Z
d88c45a8-c22f-5fb8-92e0-7006c379775d,79661a66-667a-5942-bffd-27fcf6e60186,13,0.5884752132454719,"[""gaya_favorit"", ""harga_sesuai"", ""gaya_ramai"", ""pernah_beli_seniman""]",model,klasifikasi-v1,2026-10-05T15:16:10Z
d88c45a8-c22f-5fb8-92e0-7006c379775d,1af0200c-a8bf-593f-8cb6-4f759b5f5ac1,14,0.5846328912942679,"[""harga_sesuai"", ""seniman_naik_daun""]",model,klasifikasi-v1,2026-10-05T15:16:10Z
d88c45a8-c22f-5fb8-92e0-7006c379775d,c5d03f92-aa6d-5593-928e-3b2857ad1853,15,0.5838765072130374,"[""gaya_favorit""]",model,klasifikasi-v1,2026-10-05T15:16:10Z
d88c45a8-c22f-5fb8-92e0-7006c379775d,9ee5532a-4517-5110-ae74-b2a3048fea09,16,0.5828888336010977,"[""gaya_favorit"", ""gaya_ramai"", ""pernah_beli_seniman""]",model,klasifikasi-v1,2026-10-05T15:16:10Z
d88c45a8-c22f-5fb8-92e0-7006c379775d,ab4a3c71-9387-56bc-a801-1beeee2639d7,17,0.5811834056785111,"[""gaya_favorit"", ""harga_sesuai"", ""gaya_ramai"", ""pernah_beli_seniman""]",model,klasifikasi-v1,2026-10-05T15:16:10Z
d88c45a8-c22f-5fb8-92e0-7006c379775d,e4e1ce05-e95f-55ae-95fd-b46c0e364e4d,18,0.568192177208679,"[""harga_sesuai"", ""seniman_naik_daun""]",model,klasifikasi-v1,2026-10-05T15:16:10Z
d88c45a8-c22f-5fb8-92e0-7006c379775d,d48d3793-0d94-54bf-8cd8-bd45835a8231,19,0.5656751047226205,"[""gaya_favorit"", ""harga_sesuai"", ""gaya_ramai"", ""pernah_beli_seniman""]",model,klasifikasi-v1,2026-10-05T15:16:10Z
d88c45a8-c22f-5fb8-92e0-7006c379775d,8e1c9982-ed3c-5644-82bb-f16123d080c3,20,0.5613993521281796,"[""gaya_favorit"", ""harga_sesuai"", ""gaya_ramai"", ""pernah_beli_seniman""]",model,klasifikasi-v1,2026-10-05T15:16:10Z
e50a3997-254d-5fc5-b387-cab444d77739,0bc9d34a-7f95-5dee-beb4-55f3af9b97c9,1,0.6534832417436415,"[""seniman_naik_daun""]",model,klasifikasi-v1,2026-10-05T15:16:10Z
e50a3997-254d-5fc5-b387-cab444d77739,f01a7b2c-1e11-597c-afeb-96705f31b4d5,2,0.621905336821708,"[""gaya_favorit"", ""harga_sesuai"", ""gaya_ramai""]",model,klasifikasi-v1,2026-10-05T15:16:10Z
e50a3997-254d-5fc5-b387-cab444d77739,2c540a0c-a2ff-5f37-ba88-a5ad28626312,3,0.5885593443840121,"[""gaya_favorit"", ""harga_sesuai"", ""gaya_ramai""]",model,klasifikasi-v1,2026-10-05T15:16:10Z
e50a3997-254d-5fc5-b387-cab444d77739,ad22fc44-1c65-50c5-be50-d2e1c3bbdc50,4,0.583136815526856,"[""gaya_favorit"", ""gaya_ramai"", ""pernah_beli_seniman""]",model,klasifikasi-v1,2026-10-05T15:16:10Z
e50a3997-254d-5fc5-b387-cab444d77739,ded10c02-e3db-542d-8ff2-e0ab8c159069,5,0.559931065464931,"[""harga_sesuai""]",model,klasifikasi-v1,2026-10-05T15:16:10Z
e50a3997-254d-5fc5-b387-cab444d77739,6668aaa3-cf17-5996-8538-ab41cc230eab,6,0.5558651168131753,"[""gaya_favorit"", ""gaya_ramai""]",model,klasifikasi-v1,2026-10-05T15:16:10Z
e50a3997-254d-5fc5-b387-cab444d77739,e15ac87c-418d-5877-b3de-5f27acd81302,7,0.555474349160555,"[""gaya_favorit"", ""harga_sesuai"", ""gaya_ramai""]",model,klasifikasi-v1,2026-10-05T15:16:10Z
e50a3997-254d-5fc5-b387-cab444d77739,ab4a3c71-9387-56bc-a801-1beeee2639d7,8,0.5553393339839109,"[""gaya_favorit"", ""harga_sesuai"", ""gaya_ramai""]",model,klasifikasi-v1,2026-10-05T15:16:10Z
e50a3997-254d-5fc5-b387-cab444d77739,b82ffac4-9b18-5129-bb4f-76d6267ef825,9,0.5528157782910456,"[""harga_sesuai"", ""seniman_naik_daun""]",model,klasifikasi-v1,2026-10-05T15:16:10Z
e50a3997-254d-5fc5-b387-cab444d77739,1af0200c-a8bf-593f-8cb6-4f759b5f5ac1,10,0.5426033091150917,"[""seniman_naik_daun""]",model,klasifikasi-v1,2026-10-05T15:16:10Z
e50a3997-254d-5fc5-b387-cab444d77739,d48d3793-0d94-54bf-8cd8-bd45835a8231,11,0.5417901269033989,"[""gaya_favorit"", ""gaya_ramai""]",model,klasifikasi-v1,2026-10-05T15:16:10Z
e50a3997-254d-5fc5-b387-cab444d77739,e4e1ce05-e95f-55ae-95fd-b46c0e364e4d,12,0.5184545564673959,"[""seniman_naik_daun""]",model,klasifikasi-v1,2026-10-05T15:16:10Z
e50a3997-254d-5fc5-b387-cab444d77739,95a307c1-e13a-584e-b5a7-bdb273f5d066,13,0.5146015964518648,"[""gaya_favorit"", ""harga_sesuai"", ""gaya_ramai""]",model,klasifikasi-v1,2026-10-05T15:16:10Z
e50a3997-254d-5fc5-b387-cab444d77739,320bd1ba-15dc-57a0-8b9b-ca2f0b67eb8a,14,0.5141368423433087,"[""gaya_favorit"", ""gaya_ramai"", ""pernah_beli_seniman""]",model,klasifikasi-v1,2026-10-05T15:16:10Z
e50a3997-254d-5fc5-b387-cab444d77739,46f27d0f-be60-514a-93e6-8f28a761a005,15,0.5131274963051794,"[""gaya_favorit"", ""gaya_ramai"", ""pernah_beli_seniman""]",model,klasifikasi-v1,2026-10-05T15:16:10Z
e50a3997-254d-5fc5-b387-cab444d77739,231b14d2-2e75-5193-9c40-949b484944ca,16,0.5123161548318914,"[""seniman_naik_daun""]",model,klasifikasi-v1,2026-10-05T15:16:10Z
e50a3997-254d-5fc5-b387-cab444d77739,224ba711-c5ff-581d-be53-1872a1df84ca,17,0.5090378738257348,"[""seniman_naik_daun""]",model,klasifikasi-v1,2026-10-05T15:16:10Z
e50a3997-254d-5fc5-b387-cab444d77739,54fdf259-6487-562b-912f-ac0e1163f187,18,0.5085854114324947,"[""gaya_favorit"", ""gaya_ramai"", ""pernah_beli_seniman""]",model,klasifikasi-v1,2026-10-05T15:16:10Z
e50a3997-254d-5fc5-b387-cab444d77739,0e102d63-ff8f-5e6b-bbdc-2a5d6e668cb1,19,0.5082194447078463,"[""harga_sesuai""]",model,klasifikasi-v1,2026-10-05T15:16:10Z
e50a3997-254d-5fc5-b387-cab444d77739,88258c73-bb7b-51e8-824e-bc2ca0b939b8,20,0.5063925379912327,"[""seniman_naik_daun"", ""karya_baru""]",model,klasifikasi-v1,2026-10-05T15:16:10Z
00e89bde-5798-59e7-81bb-02b0f7987743,2dc1a3d9-2af8-5aef-95bb-4580395395bd,1,0.7753564842183942,"[""gaya_favorit"", ""gaya_ramai"", ""pernah_beli_seniman""]",model,klasifikasi-v1,2026-10-05T15:16:10Z
00e89bde-5798-59e7-81bb-02b0f7987743,af387163-4059-5c28-add7-46500bfd3add,2,0.769004946749612,"[""gaya_favorit"", ""harga_sesuai"", ""gaya_ramai"", ""pernah_beli_seniman""]",model,klasifikasi-v1,2026-10-05T15:16:10Z
00e89bde-5798-59e7-81bb-02b0f7987743,3f8dedef-81a9-5162-9bf4-59f3eb4eb26b,3,0.7599478678413101,"[""gaya_favorit"", ""gaya_ramai"", ""pernah_beli_seniman""]",model,klasifikasi-v1,2026-10-05T15:16:10Z
00e89bde-5798-59e7-81bb-02b0f7987743,9349bf99-62dc-596c-915f-6594321c44de,4,0.7590728390128341,"[""gaya_favorit"", ""gaya_ramai"", ""pernah_beli_seniman""]",model,klasifikasi-v1,2026-10-05T15:16:10Z
00e89bde-5798-59e7-81bb-02b0f7987743,3dbbe20e-9781-5936-bae9-c1cfacd61a09,5,0.7590728390128341,"[""gaya_favorit"", ""gaya_ramai"", ""pernah_beli_seniman""]",model,klasifikasi-v1,2026-10-05T15:16:10Z
00e89bde-5798-59e7-81bb-02b0f7987743,d0932440-31b0-5025-ab5b-f83ac95c2aea,6,0.7568834752688742,"[""gaya_favorit"", ""gaya_ramai"", ""pernah_beli_seniman""]",model,klasifikasi-v1,2026-10-05T15:16:10Z
00e89bde-5798-59e7-81bb-02b0f7987743,8cb05ef6-4cf2-5ee6-9061-2889d32eed8b,7,0.7519156195659148,"[""gaya_favorit"", ""harga_sesuai"", ""gaya_ramai"", ""pernah_beli_seniman""]",model,klasifikasi-v1,2026-10-05T15:16:10Z
00e89bde-5798-59e7-81bb-02b0f7987743,da1e02a9-b5b0-5dd8-b213-4302c25d95f9,8,0.7487196775207984,"[""gaya_favorit"", ""gaya_ramai"", ""pernah_beli_seniman""]",model,klasifikasi-v1,2026-10-05T15:16:10Z
00e89bde-5798-59e7-81bb-02b0f7987743,087419b7-5d7b-53df-aa0f-1e80f02a0377,9,0.7487196775207984,"[""gaya_favorit"", ""gaya_ramai"", ""pernah_beli_seniman""]",model,klasifikasi-v1,2026-10-05T15:16:10Z
00e89bde-5798-59e7-81bb-02b0f7987743,47ed54a4-6a2e-5276-9603-36c52ea415de,10,0.7467649374111116,"[""gaya_favorit"", ""harga_sesuai"", ""gaya_ramai"", ""pernah_beli_seniman""]",model,klasifikasi-v1,2026-10-05T15:16:10Z
00e89bde-5798-59e7-81bb-02b0f7987743,cd22a6e8-3391-53f2-9ab1-8174b63d5943,11,0.743589038822411,"[""gaya_favorit"", ""harga_sesuai"", ""gaya_ramai"", ""pernah_beli_seniman""]",model,klasifikasi-v1,2026-10-05T15:16:10Z
00e89bde-5798-59e7-81bb-02b0f7987743,daeb60e8-db84-5a23-a92f-401fc4f8c8e9,12,0.7435252746798935,"[""gaya_favorit"", ""gaya_ramai"", ""pernah_beli_seniman""]",model,klasifikasi-v1,2026-10-05T15:16:10Z
00e89bde-5798-59e7-81bb-02b0f7987743,19b131db-ca02-5bed-b3f6-a8c0b19d8461,13,0.719690060746977,"[""gaya_favorit"", ""harga_sesuai"", ""gaya_ramai"", ""pernah_beli_seniman""]",model,klasifikasi-v1,2026-10-05T15:16:10Z
00e89bde-5798-59e7-81bb-02b0f7987743,f6b44c7c-4e4b-50a2-8c28-8142c29b9ebd,14,0.7153648737433479,"[""gaya_favorit"", ""gaya_ramai"", ""pernah_beli_seniman""]",model,klasifikasi-v1,2026-10-05T15:16:10Z
00e89bde-5798-59e7-81bb-02b0f7987743,bb245894-5ba5-5e26-b383-95d243655742,15,0.7153648737433479,"[""gaya_favorit"", ""gaya_ramai"", ""pernah_beli_seniman""]",model,klasifikasi-v1,2026-10-05T15:16:10Z
00e89bde-5798-59e7-81bb-02b0f7987743,34f160b0-2ebd-5b4b-abbf-d9e60acd2b35,16,0.7001946993300973,"[""gaya_favorit"", ""gaya_ramai"", ""pernah_beli_seniman""]",model,klasifikasi-v1,2026-10-05T15:16:10Z
00e89bde-5798-59e7-81bb-02b0f7987743,76e47ebb-eedd-5be9-b99b-eb0d0d3b84a3,17,0.6957993981508767,"[""gaya_favorit"", ""gaya_ramai"", ""pernah_beli_seniman""]",model,klasifikasi-v1,2026-10-05T15:16:10Z
00e89bde-5798-59e7-81bb-02b0f7987743,2ab1fde1-1a62-502f-936a-dc83e4b3cec1,18,0.6957993981508767,"[""gaya_favorit"", ""gaya_ramai"", ""pernah_beli_seniman""]",model,klasifikasi-v1,2026-10-05T15:16:10Z
00e89bde-5798-59e7-81bb-02b0f7987743,f5f10293-8e79-51a6-a714-6cb70a6cef11,19,0.6788942853749953,"[""gaya_favorit"", ""gaya_ramai"", ""pernah_beli_seniman""]",model,klasifikasi-v1,2026-10-05T15:16:10Z
00e89bde-5798-59e7-81bb-02b0f7987743,866197c9-41b8-58ae-af14-976c6a847c11,20,0.6779418730779126,"[""gaya_favorit"", ""gaya_ramai"", ""pernah_beli_seniman""]",model,klasifikasi-v1,2026-10-05T15:16:10Z
9aa3bd69-c459-515c-ba8f-b408ef95a728,79e25e0d-2c04-5f90-9130-3f1d94125223,1,0.7459271554946363,"[""seniman_naik_daun"", ""karya_baru""]",model,klasifikasi-v1,2026-10-05T15:16:10Z
9aa3bd69-c459-515c-ba8f-b408ef95a728,a8ac835e-5aad-57f7-aa47-99b583d02392,2,0.7122825696404719,"[""seniman_naik_daun""]",model,klasifikasi-v1,2026-10-05T15:16:10Z
9aa3bd69-c459-515c-ba8f-b408ef95a728,b116070e-6e10-5b4c-8bc1-f41ce97a6883,3,0.6811066184979918,"[""seniman_naik_daun"", ""pernah_beli_seniman"", ""karya_baru""]",model,klasifikasi-v1,2026-10-05T15:16:10Z
9aa3bd69-c459-515c-ba8f-b408ef95a728,796ab8ac-bab7-52b6-9bdd-179cdc5b16a6,4,0.6630884646253024,"[""pernah_beli_seniman""]",model,klasifikasi-v1,2026-10-05T15:16:10Z
9aa3bd69-c459-515c-ba8f-b408ef95a728,1fe5e4ec-a2db-5ef8-a46d-3f8ffa41ebe2,5,0.642820560712168,"[""pernah_beli_seniman"", ""karya_baru""]",model,klasifikasi-v1,2026-10-05T15:16:10Z
9aa3bd69-c459-515c-ba8f-b408ef95a728,07d19c93-c674-54cb-9448-012eb1b60c3f,6,0.6337547889542552,"[""seniman_naik_daun""]",model,klasifikasi-v1,2026-10-05T15:16:10Z
9aa3bd69-c459-515c-ba8f-b408ef95a728,f3f399a9-3985-5980-9416-8c4c83cd308f,7,0.6232011692776238,"[""gaya_favorit"", ""harga_sesuai"", ""gaya_ramai"", ""pernah_beli_seniman""]",model,klasifikasi-v1,2026-10-05T15:16:10Z
9aa3bd69-c459-515c-ba8f-b408ef95a728,d08e8450-729f-5c84-b7fb-cbf19ed311d1,8,0.61981516114453,"[""seniman_naik_daun"", ""pernah_beli_seniman""]",model,klasifikasi-v1,2026-10-05T15:16:10Z
9aa3bd69-c459-515c-ba8f-b408ef95a728,eb58a587-23fb-5ce1-9617-ef945f2b3473,9,0.6143577503562414,"[""harga_sesuai"", ""pernah_beli_seniman""]",model,klasifikasi-v1,2026-10-05T15:16:10Z
9aa3bd69-c459-515c-ba8f-b408ef95a728,2d399fc1-c809-5c2a-bdaa-6e69cefe5fb1,10,0.6001298289805191,"[""seniman_naik_daun""]",model,klasifikasi-v1,2026-10-05T15:16:10Z
9aa3bd69-c459-515c-ba8f-b408ef95a728,0fa48617-95fc-5cfc-84dd-53e4416600eb,11,0.597310048076277,"[""gaya_favorit"", ""gaya_ramai"", ""pernah_beli_seniman""]",model,klasifikasi-v1,2026-10-05T15:16:10Z
9aa3bd69-c459-515c-ba8f-b408ef95a728,deeacde5-7269-5bce-bc8f-9c7480c60aab,12,0.5947900419030261,"[""pernah_beli_seniman""]",model,klasifikasi-v1,2026-10-05T15:16:10Z
9aa3bd69-c459-515c-ba8f-b408ef95a728,88258c73-bb7b-51e8-824e-bc2ca0b939b8,13,0.5931466598820399,"[""seniman_naik_daun"", ""karya_baru""]",model,klasifikasi-v1,2026-10-05T15:16:10Z
9aa3bd69-c459-515c-ba8f-b408ef95a728,016679fd-f015-5c7e-b41e-f69d95c9d91a,14,0.5872942468089334,"[""seniman_naik_daun""]",model,klasifikasi-v1,2026-10-05T15:16:10Z
9aa3bd69-c459-515c-ba8f-b408ef95a728,6f5ddafa-7eee-586a-b4fe-998a0bff1ad4,15,0.586991361459887,"[""pernah_beli_seniman""]",model,klasifikasi-v1,2026-10-05T15:16:10Z
9aa3bd69-c459-515c-ba8f-b408ef95a728,68bc2140-a44b-5f3c-9aa9-7391b56a34ab,16,0.5847511452220431,"[""harga_sesuai"", ""pernah_beli_seniman""]",model,klasifikasi-v1,2026-10-05T15:16:10Z
9aa3bd69-c459-515c-ba8f-b408ef95a728,8810c07a-448a-514c-a348-4928b770a451,17,0.5818429405326258,"[""harga_sesuai"", ""seniman_naik_daun"", ""pernah_beli_seniman""]",model,klasifikasi-v1,2026-10-05T15:16:10Z
9aa3bd69-c459-515c-ba8f-b408ef95a728,987e9b9d-f4c6-5ce1-ac8c-5ef271e2ae33,18,0.5815484553448775,"[""gaya_favorit"", ""gaya_ramai"", ""pernah_beli_seniman""]",model,klasifikasi-v1,2026-10-05T15:16:10Z
9aa3bd69-c459-515c-ba8f-b408ef95a728,9ee5532a-4517-5110-ae74-b2a3048fea09,19,0.5811042157450048,"[""gaya_favorit"", ""gaya_ramai"", ""pernah_beli_seniman""]",model,klasifikasi-v1,2026-10-05T15:16:10Z
9aa3bd69-c459-515c-ba8f-b408ef95a728,1fed6ddc-0cf3-5652-8cbf-41581bc2834c,20,0.5771799783712787,"[""harga_sesuai"", ""pernah_beli_seniman""]",model,klasifikasi-v1,2026-10-05T15:16:10Z
8027957b-7b93-5032-915c-3cbd4142f8a8,c5d03f92-aa6d-5593-928e-3b2857ad1853,1,0.7595873713960222,"[""harga_sesuai"", ""pernah_beli_seniman""]",model,klasifikasi-v1,2026-10-05T15:16:10Z
8027957b-7b93-5032-915c-3cbd4142f8a8,6f5c741f-0fc0-523d-80e7-bce5940b7e1c,2,0.6548387296210618,"[""harga_sesuai"", ""pernah_beli_seniman""]",model,klasifikasi-v1,2026-10-05T15:16:10Z
8027957b-7b93-5032-915c-3cbd4142f8a8,6ab910ee-99bd-5039-9bf7-2e6828f994a7,3,0.6450425070527702,"[""harga_sesuai"", ""gaya_ramai"", ""pernah_beli_seniman""]",model,klasifikasi-v1,2026-10-05T15:16:10Z
8027957b-7b93-5032-915c-3cbd4142f8a8,9bdbffa3-5922-5d4c-a5b3-080cfb23f84c,4,0.6375059578690869,"[""pernah_beli_seniman""]",model,klasifikasi-v1,2026-10-05T15:16:10Z
8027957b-7b93-5032-915c-3cbd4142f8a8,f01a7b2c-1e11-597c-afeb-96705f31b4d5,5,0.6362439190318654,"[""harga_sesuai"", ""gaya_ramai"", ""pernah_beli_seniman""]",model,klasifikasi-v1,2026-10-05T15:16:10Z
8027957b-7b93-5032-915c-3cbd4142f8a8,ded10c02-e3db-542d-8ff2-e0ab8c159069,6,0.6112605759714662,"[""pernah_beli_seniman""]",model,klasifikasi-v1,2026-10-05T15:16:10Z
8027957b-7b93-5032-915c-3cbd4142f8a8,80d6863c-4309-5881-81cd-79e0a6aa59a3,7,0.593542745165439,"[""harga_sesuai"", ""pernah_beli_seniman""]",model,klasifikasi-v1,2026-10-05T15:16:10Z
8027957b-7b93-5032-915c-3cbd4142f8a8,0e102d63-ff8f-5e6b-bbdc-2a5d6e668cb1,8,0.5855949385771406,"[""harga_sesuai"", ""pernah_beli_seniman""]",model,klasifikasi-v1,2026-10-05T15:16:10Z
8027957b-7b93-5032-915c-3cbd4142f8a8,6c354900-b80d-56b8-8adc-7a97a366f095,9,0.5830194001301819,"[""harga_sesuai""]",model,klasifikasi-v1,2026-10-05T15:16:10Z
8027957b-7b93-5032-915c-3cbd4142f8a8,866197c9-41b8-58ae-af14-976c6a847c11,10,0.5736408506183521,"[""gaya_favorit"", ""harga_sesuai"", ""gaya_ramai"", ""pernah_beli_seniman""]",model,klasifikasi-v1,2026-10-05T15:16:10Z
8027957b-7b93-5032-915c-3cbd4142f8a8,1d10619f-065b-57d0-8382-fd82d2e97ef5,11,0.5604329528418366,"[""pernah_beli_seniman""]",model,klasifikasi-v1,2026-10-05T15:16:10Z
8027957b-7b93-5032-915c-3cbd4142f8a8,34f160b0-2ebd-5b4b-abbf-d9e60acd2b35,12,0.5573879079973677,"[""gaya_favorit"", ""gaya_ramai"", ""pernah_beli_seniman""]",model,klasifikasi-v1,2026-10-05T15:16:10Z
8027957b-7b93-5032-915c-3cbd4142f8a8,556ac5bd-b36f-5124-8750-d92fefc82d2d,13,0.5548297810423501,"[""harga_sesuai"", ""pernah_beli_seniman"", ""karya_baru""]",model,klasifikasi-v1,2026-10-05T15:16:10Z
8027957b-7b93-5032-915c-3cbd4142f8a8,1b284f0a-4933-57f5-a5d9-d38488a7227c,14,0.5356069081356293,"[""harga_sesuai"", ""pernah_beli_seniman""]",model,klasifikasi-v1,2026-10-05T15:16:10Z
8027957b-7b93-5032-915c-3cbd4142f8a8,a724961d-392c-586e-9da5-8e9342c6fd29,15,0.5305606788676337,"[""pernah_beli_seniman"", ""karya_baru""]",model,klasifikasi-v1,2026-10-05T15:16:10Z
8027957b-7b93-5032-915c-3cbd4142f8a8,0bc9d34a-7f95-5dee-beb4-55f3af9b97c9,16,0.5221947594973886,"[""seniman_naik_daun""]",model,klasifikasi-v1,2026-10-05T15:16:10Z
8027957b-7b93-5032-915c-3cbd4142f8a8,e15ac87c-418d-5877-b3de-5f27acd81302,17,0.5220578979356724,"[""gaya_favorit"", ""harga_sesuai"", ""gaya_ramai"", ""pernah_beli_seniman""]",model,klasifikasi-v1,2026-10-05T15:16:10Z
8027957b-7b93-5032-915c-3cbd4142f8a8,2dc1a3d9-2af8-5aef-95bb-4580395395bd,18,0.5173985018897725,"[""gaya_favorit"", ""gaya_ramai"", ""pernah_beli_seniman""]",model,klasifikasi-v1,2026-10-05T15:16:10Z
8027957b-7b93-5032-915c-3cbd4142f8a8,de0649c2-892b-5173-87f3-b53210592193,19,0.5152290406739499,"[""gaya_favorit"", ""harga_sesuai"", ""gaya_ramai"", ""pernah_beli_seniman""]",model,klasifikasi-v1,2026-10-05T15:16:10Z
8027957b-7b93-5032-915c-3cbd4142f8a8,50f3106b-4608-5dec-abd4-f3513db77175,20,0.5133552641710412,"[""harga_sesuai"", ""pernah_beli_seniman""]",model,klasifikasi-v1,2026-10-05T15:16:10Z
0fb9478f-5318-5993-a4e3-03075a05174d,556ac5bd-b36f-5124-8750-d92fefc82d2d,1,0.7678855360987074,"[""gaya_favorit"", ""pernah_beli_seniman"", ""karya_baru""]",model,klasifikasi-v1,2026-10-05T15:16:10Z
0fb9478f-5318-5993-a4e3-03075a05174d,a724961d-392c-586e-9da5-8e9342c6fd29,2,0.7548157460893926,"[""gaya_favorit"", ""harga_sesuai"", ""pernah_beli_seniman"", ""karya_baru""]",model,klasifikasi-v1,2026-10-05T15:16:10Z
0fb9478f-5318-5993-a4e3-03075a05174d,f60efa69-e980-54e3-9729-e98c5f2fc78f,3,0.7496212006040593,"[""gaya_favorit"", ""pernah_beli_seniman""]",model,klasifikasi-v1,2026-10-05T15:16:10Z
0fb9478f-5318-5993-a4e3-03075a05174d,ddc6295d-239d-589a-9714-9e4d1b9fb3f9,4,0.7376532555467915,"[""gaya_favorit"", ""harga_sesuai"", ""pernah_beli_seniman""]",model,klasifikasi-v1,2026-10-05T15:16:10Z
0fb9478f-5318-5993-a4e3-03075a05174d,0242a481-31c2-55aa-92b4-ebebc6011a7c,5,0.7192113682886477,"[""gaya_favorit"", ""harga_sesuai"", ""pernah_beli_seniman""]",model,klasifikasi-v1,2026-10-05T15:16:10Z
0fb9478f-5318-5993-a4e3-03075a05174d,376f20b3-cf69-518a-95e4-669f8fe7fe40,6,0.7097002664452592,"[""gaya_favorit"", ""pernah_beli_seniman""]",model,klasifikasi-v1,2026-10-05T15:16:10Z
0fb9478f-5318-5993-a4e3-03075a05174d,300ebf50-b10d-5efa-8722-a252a80b4557,7,0.7058581568336808,"[""gaya_favorit"", ""harga_sesuai"", ""pernah_beli_seniman""]",model,klasifikasi-v1,2026-10-05T15:16:10Z
0fb9478f-5318-5993-a4e3-03075a05174d,af058c54-328b-50b1-aa59-1ed52ef4b398,8,0.6664027832019108,"[""gaya_favorit"", ""harga_sesuai"", ""pernah_beli_seniman""]",model,klasifikasi-v1,2026-10-05T15:16:10Z
0fb9478f-5318-5993-a4e3-03075a05174d,b93ca27f-2a5c-5964-a7c6-97f8d7bd6529,9,0.6529925178905887,"[""gaya_favorit"", ""harga_sesuai"", ""pernah_beli_seniman""]",model,klasifikasi-v1,2026-10-05T15:16:10Z
0fb9478f-5318-5993-a4e3-03075a05174d,665144d1-d237-5681-9c1b-d82ab31ff866,10,0.6127242008631881,"[""gaya_favorit"", ""harga_sesuai"", ""pernah_beli_seniman""]",model,klasifikasi-v1,2026-10-05T15:16:10Z
0fb9478f-5318-5993-a4e3-03075a05174d,88258c73-bb7b-51e8-824e-bc2ca0b939b8,11,0.6073538840956068,"[""seniman_naik_daun"", ""karya_baru""]",model,klasifikasi-v1,2026-10-05T15:16:10Z
0fb9478f-5318-5993-a4e3-03075a05174d,81bea455-08c9-5dfd-aa57-c04103957e72,12,0.5898965186247975,"[""gaya_favorit"", ""pernah_beli_seniman""]",model,klasifikasi-v1,2026-10-05T15:16:10Z
0fb9478f-5318-5993-a4e3-03075a05174d,866197c9-41b8-58ae-af14-976c6a847c11,13,0.5718263576189776,"[""gaya_ramai""]",model,klasifikasi-v1,2026-10-05T15:16:10Z
0fb9478f-5318-5993-a4e3-03075a05174d,79e25e0d-2c04-5f90-9130-3f1d94125223,14,0.5623388372568863,"[""seniman_naik_daun"", ""karya_baru""]",model,klasifikasi-v1,2026-10-05T15:16:10Z
0fb9478f-5318-5993-a4e3-03075a05174d,ded10c02-e3db-542d-8ff2-e0ab8c159069,15,0.5358256476363646,"[""harga_sesuai""]",model,klasifikasi-v1,2026-10-05T15:16:10Z
0fb9478f-5318-5993-a4e3-03075a05174d,ab4a3c71-9387-56bc-a801-1beeee2639d7,16,0.5345828930762494,"[""harga_sesuai"", ""gaya_ramai"", ""pernah_beli_seniman""]",model,klasifikasi-v1,2026-10-05T15:16:10Z
0fb9478f-5318-5993-a4e3-03075a05174d,0bc9d34a-7f95-5dee-beb4-55f3af9b97c9,17,0.5313009784568907,"[""seniman_naik_daun""]",model,klasifikasi-v1,2026-10-05T15:16:10Z
0fb9478f-5318-5993-a4e3-03075a05174d,e89190bd-8eed-5643-a0b5-a9131e54c6a9,18,0.5138943295148477,[],model,klasifikasi-v1,2026-10-05T15:16:10Z
0fb9478f-5318-5993-a4e3-03075a05174d,2c540a0c-a2ff-5f37-ba88-a5ad28626312,19,0.5084172917376435,"[""harga_sesuai"", ""gaya_ramai""]",model,klasifikasi-v1,2026-10-05T15:16:10Z
0fb9478f-5318-5993-a4e3-03075a05174d,f01a7b2c-1e11-597c-afeb-96705f31b4d5,20,0.5070517976667577,"[""gaya_ramai""]",model,klasifikasi-v1,2026-10-05T15:16:10Z
8ea2fbac-fba1-546b-8c7e-d8ffacc66fa3,e15ac87c-418d-5877-b3de-5f27acd81302,1,0.7425049392299824,"[""gaya_favorit"", ""harga_sesuai"", ""gaya_ramai"", ""pernah_beli_seniman""]",model,klasifikasi-v1,2026-10-05T15:16:10Z
8ea2fbac-fba1-546b-8c7e-d8ffacc66fa3,ab4a3c71-9387-56bc-a801-1beeee2639d7,2,0.7161133447430736,"[""gaya_favorit"", ""gaya_ramai"", ""pernah_beli_seniman""]",model,klasifikasi-v1,2026-10-05T15:16:10Z
8ea2fbac-fba1-546b-8c7e-d8ffacc66fa3,c5d03f92-aa6d-5593-928e-3b2857ad1853,3,0.7068521959860578,"[""harga_sesuai""]",model,klasifikasi-v1,2026-10-05T15:16:10Z
8ea2fbac-fba1-546b-8c7e-d8ffacc66fa3,d48d3793-0d94-54bf-8cd8-bd45835a8231,4,0.7012565734269703,"[""gaya_favorit"", ""gaya_ramai"", ""pernah_beli_seniman""]",model,klasifikasi-v1,2026-10-05T15:16:10Z
8ea2fbac-fba1-546b-8c7e-d8ffacc66fa3,866197c9-41b8-58ae-af14-976c6a847c11,5,0.6821774355534426,"[""gaya_favorit"", ""harga_sesuai"", ""gaya_ramai"", ""pernah_beli_seniman""]",model,klasifikasi-v1,2026-10-05T15:16:10Z
8ea2fbac-fba1-546b-8c7e-d8ffacc66fa3,830ff9e5-41a2-5091-9bf2-1d5c5b9826f9,6,0.6739695427430918,"[""gaya_favorit"", ""gaya_ramai"", ""pernah_beli_seniman""]",model,klasifikasi-v1,2026-10-05T15:16:10Z
8ea2fbac-fba1-546b-8c7e-d8ffacc66fa3,34f160b0-2ebd-5b4b-abbf-d9e60acd2b35,7,0.667664937661597,"[""gaya_favorit"", ""gaya_ramai"", ""pernah_beli_seniman""]",model,klasifikasi-v1,2026-10-05T15:16:10Z
8ea2fbac-fba1-546b-8c7e-d8ffacc66fa3,eb44d2ea-12dc-577e-8aa5-20be6e0c9098,8,0.6645776505553828,"[""gaya_favorit"", ""harga_sesuai"", ""gaya_ramai"", ""pernah_beli_seniman""]",model,klasifikasi-v1,2026-10-05T15:16:10Z
8ea2fbac-fba1-546b-8c7e-d8ffacc66fa3,77940c72-1025-5f31-8dff-3763e93c7cf0,9,0.6634062060790713,"[""gaya_favorit"", ""harga_sesuai"", ""gaya_ramai"", ""pernah_beli_seniman""]",model,klasifikasi-v1,2026-10-05T15:16:10Z
8ea2fbac-fba1-546b-8c7e-d8ffacc66fa3,05f320fb-5f39-5107-a07b-43b287844058,10,0.6601223970163242,"[""gaya_favorit"", ""harga_sesuai"", ""gaya_ramai""]",model,klasifikasi-v1,2026-10-05T15:16:10Z
8ea2fbac-fba1-546b-8c7e-d8ffacc66fa3,3f8dedef-81a9-5162-9bf4-59f3eb4eb26b,11,0.6522206712555623,"[""gaya_favorit"", ""gaya_ramai"", ""pernah_beli_seniman""]",model,klasifikasi-v1,2026-10-05T15:16:10Z
8ea2fbac-fba1-546b-8c7e-d8ffacc66fa3,d0932440-31b0-5025-ab5b-f83ac95c2aea,12,0.6484173048049294,"[""gaya_favorit"", ""gaya_ramai"", ""pernah_beli_seniman""]",model,klasifikasi-v1,2026-10-05T15:16:10Z
8ea2fbac-fba1-546b-8c7e-d8ffacc66fa3,d3a8b338-b612-53d4-9c39-d14ffe191dfa,13,0.6434501561801647,"[""gaya_favorit"", ""harga_sesuai"", ""gaya_ramai"", ""pernah_beli_seniman""]",model,klasifikasi-v1,2026-10-05T15:16:10Z
8ea2fbac-fba1-546b-8c7e-d8ffacc66fa3,2dc1a3d9-2af8-5aef-95bb-4580395395bd,14,0.6391493588326185,"[""gaya_favorit"", ""gaya_ramai"", ""pernah_beli_seniman""]",model,klasifikasi-v1,2026-10-05T15:16:10Z
8ea2fbac-fba1-546b-8c7e-d8ffacc66fa3,2b114701-6eaa-53bb-93f7-b655e90e143d,15,0.6384238783083821,"[""gaya_favorit"", ""gaya_ramai""]",model,klasifikasi-v1,2026-10-05T15:16:10Z
8ea2fbac-fba1-546b-8c7e-d8ffacc66fa3,95a307c1-e13a-584e-b5a7-bdb273f5d066,16,0.6275794816931008,"[""gaya_favorit"", ""harga_sesuai"", ""gaya_ramai"", ""pernah_beli_seniman""]",model,klasifikasi-v1,2026-10-05T15:16:10Z
8ea2fbac-fba1-546b-8c7e-d8ffacc66fa3,2c540a0c-a2ff-5f37-ba88-a5ad28626312,17,0.62721296815912,"[""gaya_favorit"", ""gaya_ramai"", ""pernah_beli_seniman""]",model,klasifikasi-v1,2026-10-05T15:16:10Z
8ea2fbac-fba1-546b-8c7e-d8ffacc66fa3,ecc1925d-5e66-5cb1-9433-9856fad6a864,18,0.62340836607961,"[""gaya_favorit"", ""harga_sesuai"", ""gaya_ramai"", ""pernah_beli_seniman""]",model,klasifikasi-v1,2026-10-05T15:16:10Z
8ea2fbac-fba1-546b-8c7e-d8ffacc66fa3,6f5c741f-0fc0-523d-80e7-bce5940b7e1c,19,0.6209163937089263,"[""harga_sesuai""]",model,klasifikasi-v1,2026-10-05T15:16:10Z
8ea2fbac-fba1-546b-8c7e-d8ffacc66fa3,833169db-d471-58fa-8abf-d93643696f4b,20,0.6208502747682344,"[""gaya_favorit"", ""gaya_ramai"", ""pernah_beli_seniman""]",model,klasifikasi-v1,2026-10-05T15:16:10Z
c88e7fc5-2c1f-5020-b5a7-880431b07355,79e25e0d-2c04-5f90-9130-3f1d94125223,1,0.7503242475845374,"[""seniman_naik_daun"", ""karya_baru""]",model,klasifikasi-v1,2026-10-05T15:16:10Z
c88e7fc5-2c1f-5020-b5a7-880431b07355,da66b667-46bf-505e-b38c-36009dd8f908,2,0.6917570443093157,"[""gaya_favorit""]",model,klasifikasi-v1,2026-10-05T15:16:10Z
c88e7fc5-2c1f-5020-b5a7-880431b07355,21a5e5a2-936d-55eb-afa5-8663bf78e333,3,0.6707863233639985,"[""gaya_favorit""]",model,klasifikasi-v1,2026-10-05T15:16:10Z
c88e7fc5-2c1f-5020-b5a7-880431b07355,796ab8ac-bab7-52b6-9bdd-179cdc5b16a6,4,0.6436101680884513,[],model,klasifikasi-v1,2026-10-05T15:16:10Z
c88e7fc5-2c1f-5020-b5a7-880431b07355,ecda5df2-73a2-5b67-9ee9-2672a1b5774a,5,0.6410454262355931,"[""gaya_favorit"", ""harga_sesuai""]",model,klasifikasi-v1,2026-10-05T15:16:10Z
c88e7fc5-2c1f-5020-b5a7-880431b07355,07d19c93-c674-54cb-9448-012eb1b60c3f,6,0.6391540688634214,"[""seniman_naik_daun""]",model,klasifikasi-v1,2026-10-05T15:16:10Z
c88e7fc5-2c1f-5020-b5a7-880431b07355,1fe5e4ec-a2db-5ef8-a46d-3f8ffa41ebe2,7,0.6359959176533669,"[""karya_baru""]",model,klasifikasi-v1,2026-10-05T15:16:10Z
c88e7fc5-2c1f-5020-b5a7-880431b07355,88258c73-bb7b-51e8-824e-bc2ca0b939b8,8,0.6287167056754146,"[""seniman_naik_daun"", ""karya_baru""]",model,klasifikasi-v1,2026-10-05T15:16:10Z
c88e7fc5-2c1f-5020-b5a7-880431b07355,00795856-93c3-5b39-a80b-14c1fd15860f,9,0.6235771946476325,[],model,klasifikasi-v1,2026-10-05T15:16:10Z
c88e7fc5-2c1f-5020-b5a7-880431b07355,8d8c6d42-894a-5d83-a68b-c458ead32750,10,0.6229322662964762,"[""seniman_naik_daun""]",model,klasifikasi-v1,2026-10-05T15:16:10Z
c88e7fc5-2c1f-5020-b5a7-880431b07355,a8ac835e-5aad-57f7-aa47-99b583d02392,11,0.6227294875000164,"[""seniman_naik_daun""]",model,klasifikasi-v1,2026-10-05T15:16:10Z
c88e7fc5-2c1f-5020-b5a7-880431b07355,9d724b79-1052-5cf1-9034-4f1b66c74122,12,0.6212012662072106,"[""harga_sesuai""]",model,klasifikasi-v1,2026-10-05T15:16:10Z
c88e7fc5-2c1f-5020-b5a7-880431b07355,49c62221-8e30-57aa-89b1-b313a4f7e5b8,13,0.6205061226947256,[],model,klasifikasi-v1,2026-10-05T15:16:10Z
c88e7fc5-2c1f-5020-b5a7-880431b07355,6f5ddafa-7eee-586a-b4fe-998a0bff1ad4,14,0.6111417659425464,[],model,klasifikasi-v1,2026-10-05T15:16:10Z
c88e7fc5-2c1f-5020-b5a7-880431b07355,deeacde5-7269-5bce-bc8f-9c7480c60aab,15,0.6092982851447704,[],model,klasifikasi-v1,2026-10-05T15:16:10Z
c88e7fc5-2c1f-5020-b5a7-880431b07355,9a8d8f31-758a-54c3-93c4-a13553ef8a14,16,0.6085648213221607,"[""gaya_favorit"", ""seniman_naik_daun"", ""pernah_beli_seniman""]",model,klasifikasi-v1,2026-10-05T15:16:10Z
c88e7fc5-2c1f-5020-b5a7-880431b07355,2d399fc1-c809-5c2a-bdaa-6e69cefe5fb1,17,0.60571641748725,"[""seniman_naik_daun""]",model,klasifikasi-v1,2026-10-05T15:16:10Z
c88e7fc5-2c1f-5020-b5a7-880431b07355,a3257c02-ae31-5da0-ae8e-d2092e70840b,18,0.6012618324598508,[],model,klasifikasi-v1,2026-10-05T15:16:10Z
c88e7fc5-2c1f-5020-b5a7-880431b07355,3685e819-9202-5fc3-9d92-9508e15f3dd4,19,0.5959683757895372,"[""gaya_favorit""]",model,klasifikasi-v1,2026-10-05T15:16:10Z
c88e7fc5-2c1f-5020-b5a7-880431b07355,eb58a587-23fb-5ce1-9617-ef945f2b3473,20,0.5938632351117388,[],model,klasifikasi-v1,2026-10-05T15:16:10Z
4c651658-1bd6-5988-bfa3-b4edb56a667a,d9485a40-ad4f-54c8-9cf6-e5fc915283b1,1,0.8662899364237026,"[""gaya_favorit"", ""gaya_ramai"", ""pernah_beli_seniman""]",model,klasifikasi-v1,2026-10-05T15:16:10Z
4c651658-1bd6-5988-bfa3-b4edb56a667a,f1972e07-b50b-56ff-a8e7-22af84557016,2,0.8571177963559784,"[""gaya_favorit"", ""harga_sesuai"", ""gaya_ramai"", ""pernah_beli_seniman""]",model,klasifikasi-v1,2026-10-05T15:16:10Z
4c651658-1bd6-5988-bfa3-b4edb56a667a,5df9a9af-d153-5652-a0bb-552500df0b52,3,0.8571177963559784,"[""gaya_favorit"", ""harga_sesuai"", ""gaya_ramai"", ""pernah_beli_seniman""]",model,klasifikasi-v1,2026-10-05T15:16:10Z
4c651658-1bd6-5988-bfa3-b4edb56a667a,f6b44c7c-4e4b-50a2-8c28-8142c29b9ebd,4,0.8561467181497099,"[""gaya_favorit"", ""gaya_ramai"", ""pernah_beli_seniman""]",model,klasifikasi-v1,2026-10-05T15:16:10Z
4c651658-1bd6-5988-bfa3-b4edb56a667a,bb245894-5ba5-5e26-b383-95d243655742,5,0.8561467181497099,"[""gaya_favorit"", ""gaya_ramai"", ""pernah_beli_seniman""]",model,klasifikasi-v1,2026-10-05T15:16:10Z
4c651658-1bd6-5988-bfa3-b4edb56a667a,18734d52-cdca-5070-bf26-9015a87f5d42,6,0.8542589143869346,"[""gaya_favorit"", ""gaya_ramai"", ""pernah_beli_seniman""]",model,klasifikasi-v1,2026-10-05T15:16:10Z
4c651658-1bd6-5988-bfa3-b4edb56a667a,c510d302-6a06-596b-bb6c-984607ee00bd,7,0.8542589143869346,"[""gaya_favorit"", ""gaya_ramai"", ""pernah_beli_seniman""]",model,klasifikasi-v1,2026-10-05T15:16:10Z
4c651658-1bd6-5988-bfa3-b4edb56a667a,76e47ebb-eedd-5be9-b99b-eb0d0d3b84a3,8,0.8542324211355229,"[""gaya_favorit"", ""gaya_ramai"", ""pernah_beli_seniman""]",model,klasifikasi-v1,2026-10-05T15:16:10Z
4c651658-1bd6-5988-bfa3-b4edb56a667a,2ab1fde1-1a62-502f-936a-dc83e4b3cec1,9,0.8542324211355229,"[""gaya_favorit"", ""gaya_ramai"", ""pernah_beli_seniman""]",model,klasifikasi-v1,2026-10-05T15:16:10Z
4c651658-1bd6-5988-bfa3-b4edb56a667a,dc2a2db4-6a1a-57b0-b1c0-6198d20bc6ff,10,0.8516637881682795,"[""gaya_favorit"", ""harga_sesuai"", ""gaya_ramai"", ""pernah_beli_seniman""]",model,klasifikasi-v1,2026-10-05T15:16:10Z
4c651658-1bd6-5988-bfa3-b4edb56a667a,66e2dad2-2178-551e-b284-a05f5e66f04f,11,0.8455598326899595,"[""gaya_favorit"", ""harga_sesuai"", ""gaya_ramai"", ""pernah_beli_seniman""]",model,klasifikasi-v1,2026-10-05T15:16:10Z
4c651658-1bd6-5988-bfa3-b4edb56a667a,0157ca84-76ff-52ea-a56e-c149ccbfbac6,12,0.8175219812172199,"[""gaya_favorit"", ""gaya_ramai"", ""pernah_beli_seniman""]",model,klasifikasi-v1,2026-10-05T15:16:10Z
4c651658-1bd6-5988-bfa3-b4edb56a667a,6cb356f7-661c-5f77-bba8-4bc133307827,13,0.8175219812172199,"[""gaya_favorit"", ""gaya_ramai"", ""pernah_beli_seniman""]",model,klasifikasi-v1,2026-10-05T15:16:10Z
4c651658-1bd6-5988-bfa3-b4edb56a667a,e7d00d86-25b6-5d2c-b10e-52ce71cc4bf4,14,0.8175219812172199,"[""gaya_favorit"", ""harga_sesuai"", ""gaya_ramai"", ""pernah_beli_seniman""]",model,klasifikasi-v1,2026-10-05T15:16:10Z
4c651658-1bd6-5988-bfa3-b4edb56a667a,94ecec58-899d-5c60-9147-7bdd25fe8334,15,0.8175219812172199,"[""gaya_favorit"", ""harga_sesuai"", ""gaya_ramai"", ""pernah_beli_seniman""]",model,klasifikasi-v1,2026-10-05T15:16:10Z
4c651658-1bd6-5988-bfa3-b4edb56a667a,f5f10293-8e79-51a6-a714-6cb70a6cef11,16,0.810763236386664,"[""gaya_favorit"", ""gaya_ramai"", ""pernah_beli_seniman""]",model,klasifikasi-v1,2026-10-05T15:16:10Z
4c651658-1bd6-5988-bfa3-b4edb56a667a,5ddad8f1-12e2-5786-8d35-c12f1acb99da,17,0.7991078137262997,"[""gaya_favorit"", ""gaya_ramai"", ""pernah_beli_seniman""]",model,klasifikasi-v1,2026-10-05T15:16:10Z
4c651658-1bd6-5988-bfa3-b4edb56a667a,555e9eef-3ca4-5db1-a4bc-9c02971c8ada,18,0.792831694881424,"[""gaya_favorit"", ""gaya_ramai"", ""pernah_beli_seniman""]",model,klasifikasi-v1,2026-10-05T15:16:10Z
4c651658-1bd6-5988-bfa3-b4edb56a667a,45c94c99-bdbe-53bf-a8f0-57240e671510,19,0.7889066830363147,"[""gaya_favorit"", ""harga_sesuai"", ""gaya_ramai"", ""pernah_beli_seniman""]",model,klasifikasi-v1,2026-10-05T15:16:10Z
4c651658-1bd6-5988-bfa3-b4edb56a667a,85004bef-2c18-5bd2-903c-b4ec282c33d7,20,0.7885015213586606,"[""gaya_favorit"", ""gaya_ramai"", ""pernah_beli_seniman""]",model,klasifikasi-v1,2026-10-05T15:16:10Z
707728ca-a796-5849-83ff-74af4dd9b3ff,05f320fb-5f39-5107-a07b-43b287844058,1,0.7705357511633277,"[""gaya_favorit"", ""harga_sesuai"", ""gaya_ramai"", ""pernah_beli_seniman""]",model,klasifikasi-v1,2026-10-05T15:16:10Z
707728ca-a796-5849-83ff-74af4dd9b3ff,e15ac87c-418d-5877-b3de-5f27acd81302,2,0.7557631549062859,"[""gaya_favorit"", ""harga_sesuai"", ""gaya_ramai"", ""pernah_beli_seniman""]",model,klasifikasi-v1,2026-10-05T15:16:10Z
707728ca-a796-5849-83ff-74af4dd9b3ff,2b114701-6eaa-53bb-93f7-b655e90e143d,3,0.7355126111105632,"[""gaya_favorit"", ""gaya_ramai"", ""pernah_beli_seniman""]",model,klasifikasi-v1,2026-10-05T15:16:10Z
707728ca-a796-5849-83ff-74af4dd9b3ff,ab4a3c71-9387-56bc-a801-1beeee2639d7,4,0.7152508825657771,"[""gaya_favorit"", ""gaya_ramai"", ""pernah_beli_seniman""]",model,klasifikasi-v1,2026-10-05T15:16:10Z
707728ca-a796-5849-83ff-74af4dd9b3ff,f45cab8f-3561-5397-9eb7-6764db930090,5,0.7127694242149482,"[""gaya_favorit"", ""harga_sesuai"", ""gaya_ramai"", ""pernah_beli_seniman""]",model,klasifikasi-v1,2026-10-05T15:16:10Z
707728ca-a796-5849-83ff-74af4dd9b3ff,daa8c931-6f28-5aae-87f3-dc9cd4fb7f63,6,0.7117717336010123,"[""gaya_favorit"", ""harga_sesuai"", ""gaya_ramai"", ""pernah_beli_seniman""]",model,klasifikasi-v1,2026-10-05T15:16:10Z
707728ca-a796-5849-83ff-74af4dd9b3ff,d48d3793-0d94-54bf-8cd8-bd45835a8231,7,0.7075824992831271,"[""gaya_favorit"", ""gaya_ramai"", ""pernah_beli_seniman""]",model,klasifikasi-v1,2026-10-05T15:16:10Z
707728ca-a796-5849-83ff-74af4dd9b3ff,35761db0-2c06-54dc-bda1-3a407fbac6e6,8,0.7069049872225297,"[""gaya_favorit"", ""harga_sesuai"", ""gaya_ramai"", ""pernah_beli_seniman""]",model,klasifikasi-v1,2026-10-05T15:16:10Z
707728ca-a796-5849-83ff-74af4dd9b3ff,866197c9-41b8-58ae-af14-976c6a847c11,9,0.7006262739312955,"[""gaya_favorit"", ""harga_sesuai"", ""gaya_ramai"", ""pernah_beli_seniman""]",model,klasifikasi-v1,2026-10-05T15:16:10Z
707728ca-a796-5849-83ff-74af4dd9b3ff,556ac5bd-b36f-5124-8750-d92fefc82d2d,10,0.6986313144649532,"[""harga_sesuai"", ""pernah_beli_seniman"", ""karya_baru""]",model,klasifikasi-v1,2026-10-05T15:16:10Z
707728ca-a796-5849-83ff-74af4dd9b3ff,a724961d-392c-586e-9da5-8e9342c6fd29,11,0.6933620654083129,"[""pernah_beli_seniman"", ""karya_baru""]",model,klasifikasi-v1,2026-10-05T15:16:10Z
707728ca-a796-5849-83ff-74af4dd9b3ff,5d0000b9-a568-5a60-b3d9-b82ac1110d5f,12,0.6868896165200974,"[""gaya_favorit"", ""harga_sesuai"", ""gaya_ramai"", ""pernah_beli_seniman""]",model,klasifikasi-v1,2026-10-05T15:16:10Z
707728ca-a796-5849-83ff-74af4dd9b3ff,34f160b0-2ebd-5b4b-abbf-d9e60acd2b35,13,0.6865691383815211,"[""gaya_favorit"", ""gaya_ramai"", ""pernah_beli_seniman""]",model,klasifikasi-v1,2026-10-05T15:16:10Z
707728ca-a796-5849-83ff-74af4dd9b3ff,d2b19c93-3410-5803-aea2-6ea598e91ef7,14,0.6849204013033984,"[""gaya_favorit"", ""harga_sesuai"", ""gaya_ramai"", ""pernah_beli_seniman""]",model,klasifikasi-v1,2026-10-05T15:16:10Z
707728ca-a796-5849-83ff-74af4dd9b3ff,830ff9e5-41a2-5091-9bf2-1d5c5b9826f9,15,0.678744631272864,"[""gaya_favorit"", ""gaya_ramai"", ""pernah_beli_seniman""]",model,klasifikasi-v1,2026-10-05T15:16:10Z
707728ca-a796-5849-83ff-74af4dd9b3ff,3f8dedef-81a9-5162-9bf4-59f3eb4eb26b,16,0.6715712399547217,"[""gaya_favorit"", ""gaya_ramai"", ""pernah_beli_seniman""]",model,klasifikasi-v1,2026-10-05T15:16:10Z
707728ca-a796-5849-83ff-74af4dd9b3ff,eb44d2ea-12dc-577e-8aa5-20be6e0c9098,17,0.669025292661454,"[""gaya_favorit"", ""harga_sesuai"", ""gaya_ramai"", ""pernah_beli_seniman""]",model,klasifikasi-v1,2026-10-05T15:16:10Z
707728ca-a796-5849-83ff-74af4dd9b3ff,d0932440-31b0-5025-ab5b-f83ac95c2aea,18,0.6678717312629171,"[""gaya_favorit"", ""gaya_ramai"", ""pernah_beli_seniman""]",model,klasifikasi-v1,2026-10-05T15:16:10Z
707728ca-a796-5849-83ff-74af4dd9b3ff,2dc1a3d9-2af8-5aef-95bb-4580395395bd,19,0.6672581934270009,"[""gaya_favorit"", ""gaya_ramai"", ""pernah_beli_seniman""]",model,klasifikasi-v1,2026-10-05T15:16:10Z
707728ca-a796-5849-83ff-74af4dd9b3ff,77940c72-1025-5f31-8dff-3763e93c7cf0,20,0.6569615991748984,"[""gaya_favorit"", ""harga_sesuai"", ""gaya_ramai"", ""pernah_beli_seniman""]",model,klasifikasi-v1,2026-10-05T15:16:10Z
969ea2f4-2a3c-52ed-9972-6aff0a5d073e,a724961d-392c-586e-9da5-8e9342c6fd29,1,0.7721127022150822,"[""pernah_beli_seniman"", ""karya_baru""]",model,klasifikasi-v1,2026-10-05T15:16:10Z
969ea2f4-2a3c-52ed-9972-6aff0a5d073e,556ac5bd-b36f-5124-8750-d92fefc82d2d,2,0.733717003768791,"[""harga_sesuai"", ""pernah_beli_seniman"", ""karya_baru""]",model,klasifikasi-v1,2026-10-05T15:16:10Z
969ea2f4-2a3c-52ed-9972-6aff0a5d073e,c5d03f92-aa6d-5593-928e-3b2857ad1853,3,0.6678146967024963,"[""gaya_favorit"", ""harga_sesuai"", ""pernah_beli_seniman""]",model,klasifikasi-v1,2026-10-05T15:16:10Z
969ea2f4-2a3c-52ed-9972-6aff0a5d073e,376f20b3-cf69-518a-95e4-669f8fe7fe40,4,0.6631820146778712,"[""harga_sesuai"", ""pernah_beli_seniman""]",model,klasifikasi-v1,2026-10-05T15:16:10Z
969ea2f4-2a3c-52ed-9972-6aff0a5d073e,ddc6295d-239d-589a-9714-9e4d1b9fb3f9,5,0.6407274092059321,"[""pernah_beli_seniman""]",model,klasifikasi-v1,2026-10-05T15:16:10Z
969ea2f4-2a3c-52ed-9972-6aff0a5d073e,f60efa69-e980-54e3-9729-e98c5f2fc78f,6,0.6341064465560424,"[""harga_sesuai"", ""pernah_beli_seniman""]",model,klasifikasi-v1,2026-10-05T15:16:10Z
969ea2f4-2a3c-52ed-9972-6aff0a5d073e,0242a481-31c2-55aa-92b4-ebebc6011a7c,7,0.6322132006846851,"[""pernah_beli_seniman""]",model,klasifikasi-v1,2026-10-05T15:16:10Z
969ea2f4-2a3c-52ed-9972-6aff0a5d073e,300ebf50-b10d-5efa-8722-a252a80b4557,8,0.6214493578574386,"[""harga_sesuai"", ""pernah_beli_seniman""]",model,klasifikasi-v1,2026-10-05T15:16:10Z
969ea2f4-2a3c-52ed-9972-6aff0a5d073e,7ed552db-962e-5e78-a1a4-2d32fefa1f0c,9,0.6209303858193073,"[""gaya_favorit"", ""harga_sesuai"", ""pernah_beli_seniman""]",model,klasifikasi-v1,2026-10-05T15:16:10Z
969ea2f4-2a3c-52ed-9972-6aff0a5d073e,3d61eac2-6d83-5347-9d59-799ac69edc5a,10,0.6200816104673861,"[""gaya_favorit"", ""harga_sesuai"", ""pernah_beli_seniman""]",model,klasifikasi-v1,2026-10-05T15:16:10Z
969ea2f4-2a3c-52ed-9972-6aff0a5d073e,653fc4b1-75f3-5eac-afe6-586c962be798,11,0.6152755834649187,"[""gaya_favorit"", ""harga_sesuai"", ""pernah_beli_seniman""]",model,klasifikasi-v1,2026-10-05T15:16:10Z
969ea2f4-2a3c-52ed-9972-6aff0a5d073e,665144d1-d237-5681-9c1b-d82ab31ff866,12,0.5976031317805675,"[""pernah_beli_seniman""]",model,klasifikasi-v1,2026-10-05T15:16:10Z
969ea2f4-2a3c-52ed-9972-6aff0a5d073e,af058c54-328b-50b1-aa59-1ed52ef4b398,13,0.5942890712134887,"[""pernah_beli_seniman""]",model,klasifikasi-v1,2026-10-05T15:16:10Z
969ea2f4-2a3c-52ed-9972-6aff0a5d073e,6f5c741f-0fc0-523d-80e7-bce5940b7e1c,14,0.5865502210604434,"[""harga_sesuai""]",model,klasifikasi-v1,2026-10-05T15:16:10Z
969ea2f4-2a3c-52ed-9972-6aff0a5d073e,1c18f330-e3a0-5c45-8b4a-4340319c6f6b,15,0.5803617963153144,"[""gaya_favorit"", ""pernah_beli_seniman""]",model,klasifikasi-v1,2026-10-05T15:16:10Z
969ea2f4-2a3c-52ed-9972-6aff0a5d073e,b93ca27f-2a5c-5964-a7c6-97f8d7bd6529,16,0.574863183717548,"[""pernah_beli_seniman""]",model,klasifikasi-v1,2026-10-05T15:16:10Z
969ea2f4-2a3c-52ed-9972-6aff0a5d073e,0e102d63-ff8f-5e6b-bbdc-2a5d6e668cb1,17,0.5647151512312943,"[""harga_sesuai""]",model,klasifikasi-v1,2026-10-05T15:16:10Z
969ea2f4-2a3c-52ed-9972-6aff0a5d073e,81bea455-08c9-5dfd-aa57-c04103957e72,18,0.5646046604414586,"[""pernah_beli_seniman""]",model,klasifikasi-v1,2026-10-05T15:16:10Z
969ea2f4-2a3c-52ed-9972-6aff0a5d073e,ab56a64c-b79d-5092-8002-0652f839ad06,19,0.5508542668743022,"[""gaya_favorit"", ""pernah_beli_seniman""]",model,klasifikasi-v1,2026-10-05T15:16:10Z
969ea2f4-2a3c-52ed-9972-6aff0a5d073e,80d6863c-4309-5881-81cd-79e0a6aa59a3,20,0.547137600105346,"[""harga_sesuai""]",model,klasifikasi-v1,2026-10-05T15:16:10Z
179a2581-11cb-5dd1-af30-697a9f725e91,c5d03f92-aa6d-5593-928e-3b2857ad1853,1,0.8250520322370479,"[""gaya_favorit"", ""pernah_beli_seniman""]",model,klasifikasi-v1,2026-10-05T15:16:10Z
179a2581-11cb-5dd1-af30-697a9f725e91,7bff47f0-16f0-5de4-9435-5616df9279ca,2,0.780070152219473,"[""gaya_favorit"", ""harga_sesuai"", ""pernah_beli_seniman""]",model,klasifikasi-v1,2026-10-05T15:16:10Z
179a2581-11cb-5dd1-af30-697a9f725e91,998d5b90-e146-544c-8f57-8d949cc3b1a0,3,0.7625016464105634,"[""gaya_favorit"", ""harga_sesuai"", ""pernah_beli_seniman""]",model,klasifikasi-v1,2026-10-05T15:16:10Z
179a2581-11cb-5dd1-af30-697a9f725e91,f6b44c7c-4e4b-50a2-8c28-8142c29b9ebd,4,0.7441449290157249,"[""gaya_favorit"", ""harga_sesuai"", ""gaya_ramai"", ""pernah_beli_seniman""]",model,klasifikasi-v1,2026-10-05T15:16:10Z
179a2581-11cb-5dd1-af30-697a9f725e91,bb245894-5ba5-5e26-b383-95d243655742,5,0.7441449290157249,"[""gaya_favorit"", ""harga_sesuai"", ""gaya_ramai"", ""pernah_beli_seniman""]",model,klasifikasi-v1,2026-10-05T15:16:10Z
179a2581-11cb-5dd1-af30-697a9f725e91,6ccd5319-a365-5623-8263-83aee2187374,6,0.7438385407325552,"[""gaya_favorit"", ""harga_sesuai"", ""pernah_beli_seniman""]",model,klasifikasi-v1,2026-10-05T15:16:10Z
179a2581-11cb-5dd1-af30-697a9f725e91,9bdbffa3-5922-5d4c-a5b3-080cfb23f84c,7,0.7380312860154651,"[""gaya_favorit"", ""pernah_beli_seniman""]",model,klasifikasi-v1,2026-10-05T15:16:10Z
179a2581-11cb-5dd1-af30-697a9f725e91,07425d78-e06e-583d-8083-ee3395fa2d20,8,0.72471935955355,"[""gaya_favorit"", ""harga_sesuai"", ""gaya_ramai"", ""pernah_beli_seniman""]",model,klasifikasi-v1,2026-10-05T15:16:10Z
179a2581-11cb-5dd1-af30-697a9f725e91,d9485a40-ad4f-54c8-9cf6-e5fc915283b1,9,0.7199751351915593,"[""gaya_favorit"", ""harga_sesuai"", ""gaya_ramai"", ""pernah_beli_seniman""]",model,klasifikasi-v1,2026-10-05T15:16:10Z
179a2581-11cb-5dd1-af30-697a9f725e91,76e47ebb-eedd-5be9-b99b-eb0d0d3b84a3,10,0.7096042271954073,"[""gaya_favorit"", ""harga_sesuai"", ""gaya_ramai"", ""pernah_beli_seniman""]",model,klasifikasi-v1,2026-10-05T15:16:10Z
179a2581-11cb-5dd1-af30-697a9f725e91,2ab1fde1-1a62-502f-936a-dc83e4b3cec1,11,0.7096042271954073,"[""gaya_favorit"", ""harga_sesuai"", ""gaya_ramai"", ""pernah_beli_seniman""]",model,klasifikasi-v1,2026-10-05T15:16:10Z
179a2581-11cb-5dd1-af30-697a9f725e91,784f6648-d504-5733-ba76-2d90ce171c97,12,0.7087470066646606,"[""gaya_favorit"", ""harga_sesuai"", ""gaya_ramai"", ""pernah_beli_seniman""]",model,klasifikasi-v1,2026-10-05T15:16:10Z
179a2581-11cb-5dd1-af30-697a9f725e91,2dc1a3d9-2af8-5aef-95bb-4580395395bd,13,0.7053013585471491,"[""gaya_favorit"", ""gaya_ramai"", ""pernah_beli_seniman""]",model,klasifikasi-v1,2026-10-05T15:16:10Z
179a2581-11cb-5dd1-af30-697a9f725e91,f1972e07-b50b-56ff-a8e7-22af84557016,14,0.703577483333245,"[""gaya_favorit"", ""harga_sesuai"", ""gaya_ramai"", ""pernah_beli_seniman""]",model,klasifikasi-v1,2026-10-05T15:16:10Z
179a2581-11cb-5dd1-af30-697a9f725e91,af387163-4059-5c28-add7-46500bfd3add,15,0.7030579143686133,"[""gaya_favorit"", ""gaya_ramai"", ""pernah_beli_seniman""]",model,klasifikasi-v1,2026-10-05T15:16:10Z
179a2581-11cb-5dd1-af30-697a9f725e91,9349bf99-62dc-596c-915f-6594321c44de,16,0.7005126525489729,"[""gaya_favorit"", ""gaya_ramai"", ""pernah_beli_seniman""]",model,klasifikasi-v1,2026-10-05T15:16:10Z
179a2581-11cb-5dd1-af30-697a9f725e91,3dbbe20e-9781-5936-bae9-c1cfacd61a09,17,0.7005126525489729,"[""gaya_favorit"", ""gaya_ramai"", ""pernah_beli_seniman""]",model,klasifikasi-v1,2026-10-05T15:16:10Z
179a2581-11cb-5dd1-af30-697a9f725e91,45708b8a-e64f-5bf6-8151-c025612ef611,18,0.6990185190124516,"[""gaya_favorit"", ""harga_sesuai"", ""pernah_beli_seniman""]",model,klasifikasi-v1,2026-10-05T15:16:10Z
179a2581-11cb-5dd1-af30-697a9f725e91,8cb05ef6-4cf2-5ee6-9061-2889d32eed8b,19,0.6975706152297334,"[""gaya_favorit"", ""gaya_ramai"", ""pernah_beli_seniman""]",model,klasifikasi-v1,2026-10-05T15:16:10Z
179a2581-11cb-5dd1-af30-697a9f725e91,3f8dedef-81a9-5162-9bf4-59f3eb4eb26b,20,0.6940458570986798,"[""gaya_favorit"", ""gaya_ramai"", ""pernah_beli_seniman""]",model,klasifikasi-v1,2026-10-05T15:16:10Z
48180fc1-da24-5b0e-8a7a-53d33df05326,796ab8ac-bab7-52b6-9bdd-179cdc5b16a6,1,0.7380107869149168,"[""gaya_favorit"", ""pernah_beli_seniman""]",model,klasifikasi-v1,2026-10-05T15:16:10Z
48180fc1-da24-5b0e-8a7a-53d33df05326,1fe5e4ec-a2db-5ef8-a46d-3f8ffa41ebe2,2,0.736950647985236,"[""gaya_favorit"", ""harga_sesuai"", ""pernah_beli_seniman"", ""karya_baru""]",model,klasifikasi-v1,2026-10-05T15:16:10Z
48180fc1-da24-5b0e-8a7a-53d33df05326,79e25e0d-2c04-5f90-9130-3f1d94125223,3,0.7306862493403193,"[""harga_sesuai"", ""seniman_naik_daun"", ""karya_baru""]",model,klasifikasi-v1,2026-10-05T15:16:10Z
48180fc1-da24-5b0e-8a7a-53d33df05326,9d724b79-1052-5cf1-9034-4f1b66c74122,4,0.707747582147972,"[""gaya_favorit"", ""harga_sesuai"", ""pernah_beli_seniman""]",model,klasifikasi-v1,2026-10-05T15:16:10Z
48180fc1-da24-5b0e-8a7a-53d33df05326,deeacde5-7269-5bce-bc8f-9c7480c60aab,5,0.6892127151537681,"[""gaya_favorit"", ""harga_sesuai"", ""pernah_beli_seniman""]",model,klasifikasi-v1,2026-10-05T15:16:10Z
48180fc1-da24-5b0e-8a7a-53d33df05326,6f5ddafa-7eee-586a-b4fe-998a0bff1ad4,6,0.6698377315807822,"[""gaya_favorit"", ""harga_sesuai"", ""pernah_beli_seniman""]",model,klasifikasi-v1,2026-10-05T15:16:10Z
48180fc1-da24-5b0e-8a7a-53d33df05326,0f9a9b31-d8c8-5234-b8f5-9010101a22df,7,0.65497245598284,"[""gaya_favorit"", ""harga_sesuai"", ""pernah_beli_seniman""]",model,klasifikasi-v1,2026-10-05T15:16:10Z
48180fc1-da24-5b0e-8a7a-53d33df05326,a3dfd416-62c6-5cdf-9ee4-e82226d12fdc,8,0.6541797962625111,"[""gaya_favorit"", ""harga_sesuai"", ""pernah_beli_seniman""]",model,klasifikasi-v1,2026-10-05T15:16:10Z
48180fc1-da24-5b0e-8a7a-53d33df05326,0101b37d-e928-5118-9fd0-e4072ae53d59,9,0.6537733829427281,"[""gaya_favorit"", ""harga_sesuai"", ""pernah_beli_seniman""]",model,klasifikasi-v1,2026-10-05T15:16:10Z
48180fc1-da24-5b0e-8a7a-53d33df05326,eb58a587-23fb-5ce1-9617-ef945f2b3473,10,0.6527347785175521,"[""gaya_favorit"", ""harga_sesuai"", ""pernah_beli_seniman""]",model,klasifikasi-v1,2026-10-05T15:16:10Z
48180fc1-da24-5b0e-8a7a-53d33df05326,00795856-93c3-5b39-a80b-14c1fd15860f,11,0.6467090295549026,"[""gaya_favorit"", ""harga_sesuai"", ""pernah_beli_seniman""]",model,klasifikasi-v1,2026-10-05T15:16:10Z
48180fc1-da24-5b0e-8a7a-53d33df05326,a3257c02-ae31-5da0-ae8e-d2092e70840b,12,0.6422958281360892,"[""gaya_favorit"", ""harga_sesuai"", ""pernah_beli_seniman""]",model,klasifikasi-v1,2026-10-05T15:16:10Z
48180fc1-da24-5b0e-8a7a-53d33df05326,68bc2140-a44b-5f3c-9aa9-7391b56a34ab,13,0.6411149114317642,"[""gaya_favorit"", ""harga_sesuai"", ""pernah_beli_seniman""]",model,klasifikasi-v1,2026-10-05T15:16:10Z
48180fc1-da24-5b0e-8a7a-53d33df05326,d79dcc5c-3894-557c-85d6-9fab000e5ee5,14,0.6337005248725713,"[""gaya_favorit"", ""harga_sesuai"", ""pernah_beli_seniman""]",model,klasifikasi-v1,2026-10-05T15:16:10Z
48180fc1-da24-5b0e-8a7a-53d33df05326,09b4fbdb-1194-5d25-9b9d-b31fad8d76db,15,0.6269704892809782,"[""gaya_favorit"", ""harga_sesuai"", ""pernah_beli_seniman""]",model,klasifikasi-v1,2026-10-05T15:16:10Z
48180fc1-da24-5b0e-8a7a-53d33df05326,e15a9001-adb8-50c5-a837-393fbcdb506d,16,0.6225710675889693,"[""gaya_favorit"", ""harga_sesuai"", ""pernah_beli_seniman""]",model,klasifikasi-v1,2026-10-05T15:16:10Z
48180fc1-da24-5b0e-8a7a-53d33df05326,e9b1cbf4-ac5d-59de-86f1-628718539568,17,0.6186311573000431,"[""gaya_favorit"", ""harga_sesuai"", ""pernah_beli_seniman""]",model,klasifikasi-v1,2026-10-05T15:16:10Z
48180fc1-da24-5b0e-8a7a-53d33df05326,07d19c93-c674-54cb-9448-012eb1b60c3f,18,0.6172336433360628,"[""harga_sesuai"", ""seniman_naik_daun""]",model,klasifikasi-v1,2026-10-05T15:16:10Z
48180fc1-da24-5b0e-8a7a-53d33df05326,7ed497f0-9839-5ee2-b257-53681dc58e82,19,0.6128630736814396,"[""gaya_favorit"", ""harga_sesuai"", ""pernah_beli_seniman""]",model,klasifikasi-v1,2026-10-05T15:16:10Z
48180fc1-da24-5b0e-8a7a-53d33df05326,f65ec0d2-a533-5a7e-b1c3-9b7a40f965ce,20,0.6126669579609703,"[""gaya_favorit"", ""harga_sesuai"", ""pernah_beli_seniman""]",model,klasifikasi-v1,2026-10-05T15:16:10Z
68e8cbbb-da04-5541-862e-e1e28cf5c347,a8ac835e-5aad-57f7-aa47-99b583d02392,1,0.7461463326301747,"[""harga_sesuai"", ""seniman_naik_daun""]",model,klasifikasi-v1,2026-10-05T15:16:10Z
68e8cbbb-da04-5541-862e-e1e28cf5c347,79e25e0d-2c04-5f90-9130-3f1d94125223,2,0.7373324423924186,"[""harga_sesuai"", ""seniman_naik_daun"", ""karya_baru""]",model,klasifikasi-v1,2026-10-05T15:16:10Z
68e8cbbb-da04-5541-862e-e1e28cf5c347,987e9b9d-f4c6-5ce1-ac8c-5ef271e2ae33,3,0.6911634183436306,"[""gaya_favorit"", ""harga_sesuai"", ""gaya_ramai"", ""pernah_beli_seniman""]",model,klasifikasi-v1,2026-10-05T15:16:10Z
68e8cbbb-da04-5541-862e-e1e28cf5c347,0fa48617-95fc-5cfc-84dd-53e4416600eb,4,0.6764709315874213,"[""gaya_favorit"", ""harga_sesuai"", ""gaya_ramai"", ""pernah_beli_seniman""]",model,klasifikasi-v1,2026-10-05T15:16:10Z
68e8cbbb-da04-5541-862e-e1e28cf5c347,9ee5532a-4517-5110-ae74-b2a3048fea09,5,0.6430128666852907,"[""gaya_favorit"", ""gaya_ramai"", ""pernah_beli_seniman""]",model,klasifikasi-v1,2026-10-05T15:16:10Z
68e8cbbb-da04-5541-862e-e1e28cf5c347,224ba711-c5ff-581d-be53-1872a1df84ca,6,0.6420957521826653,"[""seniman_naik_daun""]",model,klasifikasi-v1,2026-10-05T15:16:10Z
68e8cbbb-da04-5541-862e-e1e28cf5c347,88258c73-bb7b-51e8-824e-bc2ca0b939b8,7,0.6352073055384073,"[""harga_sesuai"", ""seniman_naik_daun"", ""karya_baru""]",model,klasifikasi-v1,2026-10-05T15:16:10Z
68e8cbbb-da04-5541-862e-e1e28cf5c347,016679fd-f015-5c7e-b41e-f69d95c9d91a,8,0.6295820814102402,"[""harga_sesuai"", ""seniman_naik_daun""]",model,klasifikasi-v1,2026-10-05T15:16:10Z
68e8cbbb-da04-5541-862e-e1e28cf5c347,d08e8450-729f-5c84-b7fb-cbf19ed311d1,9,0.62769568795344,"[""harga_sesuai"", ""seniman_naik_daun"", ""pernah_beli_seniman""]",model,klasifikasi-v1,2026-10-05T15:16:10Z
68e8cbbb-da04-5541-862e-e1e28cf5c347,b116070e-6e10-5b4c-8bc1-f41ce97a6883,10,0.6130436751495447,"[""seniman_naik_daun"", ""pernah_beli_seniman"", ""karya_baru""]",model,klasifikasi-v1,2026-10-05T15:16:10Z
68e8cbbb-da04-5541-862e-e1e28cf5c347,57484960-cbe1-544b-94b3-2f911835d343,11,0.6024551953621684,"[""gaya_favorit"", ""gaya_ramai""]",model,klasifikasi-v1,2026-10-05T15:16:10Z
68e8cbbb-da04-5541-862e-e1e28cf5c347,fa66638c-6d00-5064-aa96-646be0045143,12,0.6019263166762135,"[""harga_sesuai""]",model,klasifikasi-v1,2026-10-05T15:16:10Z
68e8cbbb-da04-5541-862e-e1e28cf5c347,df002552-8f03-5997-b452-e24a915621dd,13,0.5937930756142704,"[""harga_sesuai"", ""seniman_naik_daun""]",model,klasifikasi-v1,2026-10-05T15:16:10Z
68e8cbbb-da04-5541-862e-e1e28cf5c347,07d19c93-c674-54cb-9448-012eb1b60c3f,14,0.5906753567613791,"[""harga_sesuai"", ""seniman_naik_daun""]",model,klasifikasi-v1,2026-10-05T15:16:10Z
68e8cbbb-da04-5541-862e-e1e28cf5c347,2c540a0c-a2ff-5f37-ba88-a5ad28626312,15,0.5896360379503999,"[""gaya_favorit"", ""gaya_ramai""]",model,klasifikasi-v1,2026-10-05T15:16:10Z
68e8cbbb-da04-5541-862e-e1e28cf5c347,cc8ec430-b2a8-5642-84dc-bf79c3c50610,16,0.5786107693762168,"[""gaya_favorit"", ""harga_sesuai"", ""gaya_ramai"", ""pernah_beli_seniman""]",model,klasifikasi-v1,2026-10-05T15:16:10Z
68e8cbbb-da04-5541-862e-e1e28cf5c347,2d399fc1-c809-5c2a-bdaa-6e69cefe5fb1,17,0.574487572249701,"[""harga_sesuai"", ""seniman_naik_daun""]",model,klasifikasi-v1,2026-10-05T15:16:10Z
68e8cbbb-da04-5541-862e-e1e28cf5c347,3f8e8589-04d2-5dac-97c5-907b7fcd2c76,18,0.5674407460308262,"[""gaya_favorit"", ""gaya_ramai""]",model,klasifikasi-v1,2026-10-05T15:16:10Z
68e8cbbb-da04-5541-862e-e1e28cf5c347,0bc9d34a-7f95-5dee-beb4-55f3af9b97c9,19,0.5578293381867939,"[""seniman_naik_daun""]",model,klasifikasi-v1,2026-10-05T15:16:10Z
68e8cbbb-da04-5541-862e-e1e28cf5c347,49c62221-8e30-57aa-89b1-b313a4f7e5b8,20,0.5561858500746344,"[""harga_sesuai""]",model,klasifikasi-v1,2026-10-05T15:16:10Z
345cb69c-015f-5520-bf83-ec8b1bf93812,2dc1a3d9-2af8-5aef-95bb-4580395395bd,1,0.6760534056804142,"[""gaya_favorit"", ""harga_sesuai"", ""gaya_ramai""]",model,klasifikasi-v1,2026-10-05T15:16:10Z
345cb69c-015f-5520-bf83-ec8b1bf93812,af387163-4059-5c28-add7-46500bfd3add,2,0.6674404737014161,"[""gaya_favorit"", ""harga_sesuai"", ""gaya_ramai""]",model,klasifikasi-v1,2026-10-05T15:16:10Z
345cb69c-015f-5520-bf83-ec8b1bf93812,9349bf99-62dc-596c-915f-6594321c44de,3,0.6601347257985944,"[""gaya_favorit"", ""harga_sesuai"", ""gaya_ramai""]",model,klasifikasi-v1,2026-10-05T15:16:10Z
345cb69c-015f-5520-bf83-ec8b1bf93812,3dbbe20e-9781-5936-bae9-c1cfacd61a09,4,0.6601347257985944,"[""gaya_favorit"", ""harga_sesuai"", ""gaya_ramai""]",model,klasifikasi-v1,2026-10-05T15:16:10Z
345cb69c-015f-5520-bf83-ec8b1bf93812,da1e02a9-b5b0-5dd8-b213-4302c25d95f9,5,0.6530618166315406,"[""gaya_favorit"", ""harga_sesuai"", ""gaya_ramai""]",model,klasifikasi-v1,2026-10-05T15:16:10Z
345cb69c-015f-5520-bf83-ec8b1bf93812,087419b7-5d7b-53df-aa0f-1e80f02a0377,6,0.6530618166315406,"[""gaya_favorit"", ""harga_sesuai"", ""gaya_ramai""]",model,klasifikasi-v1,2026-10-05T15:16:10Z
345cb69c-015f-5520-bf83-ec8b1bf93812,c5d03f92-aa6d-5593-928e-3b2857ad1853,7,0.6510046449754368,"[""gaya_favorit"", ""pernah_beli_seniman""]",model,klasifikasi-v1,2026-10-05T15:16:10Z
345cb69c-015f-5520-bf83-ec8b1bf93812,daeb60e8-db84-5a23-a92f-401fc4f8c8e9,8,0.6468227617623714,"[""gaya_favorit"", ""harga_sesuai"", ""gaya_ramai""]",model,klasifikasi-v1,2026-10-05T15:16:10Z
345cb69c-015f-5520-bf83-ec8b1bf93812,8cb05ef6-4cf2-5ee6-9061-2889d32eed8b,9,0.646293305067115,"[""gaya_favorit"", ""harga_sesuai"", ""gaya_ramai""]",model,klasifikasi-v1,2026-10-05T15:16:10Z
345cb69c-015f-5520-bf83-ec8b1bf93812,d0932440-31b0-5025-ab5b-f83ac95c2aea,10,0.6430392324830841,"[""gaya_favorit"", ""harga_sesuai"", ""gaya_ramai""]",model,klasifikasi-v1,2026-10-05T15:16:10Z
345cb69c-015f-5520-bf83-ec8b1bf93812,47ed54a4-6a2e-5276-9603-36c52ea415de,11,0.6399996286158546,"[""gaya_favorit"", ""harga_sesuai"", ""gaya_ramai""]",model,klasifikasi-v1,2026-10-05T15:16:10Z
345cb69c-015f-5520-bf83-ec8b1bf93812,3f8dedef-81a9-5162-9bf4-59f3eb4eb26b,12,0.6383073894643597,"[""gaya_favorit"", ""harga_sesuai"", ""gaya_ramai""]",model,klasifikasi-v1,2026-10-05T15:16:10Z
345cb69c-015f-5520-bf83-ec8b1bf93812,cd22a6e8-3391-53f2-9ab1-8174b63d5943,13,0.6361371727249158,"[""gaya_favorit"", ""harga_sesuai"", ""gaya_ramai""]",model,klasifikasi-v1,2026-10-05T15:16:10Z
345cb69c-015f-5520-bf83-ec8b1bf93812,19b131db-ca02-5bed-b3f6-a8c0b19d8461,14,0.6075093766803081,"[""gaya_favorit"", ""harga_sesuai"", ""gaya_ramai""]",model,klasifikasi-v1,2026-10-05T15:16:10Z
345cb69c-015f-5520-bf83-ec8b1bf93812,866197c9-41b8-58ae-af14-976c6a847c11,15,0.6014382908408131,"[""gaya_favorit"", ""harga_sesuai"", ""gaya_ramai""]",model,klasifikasi-v1,2026-10-05T15:16:10Z
345cb69c-015f-5520-bf83-ec8b1bf93812,34f160b0-2ebd-5b4b-abbf-d9e60acd2b35,16,0.5832165816422125,"[""gaya_favorit"", ""harga_sesuai"", ""gaya_ramai""]",model,klasifikasi-v1,2026-10-05T15:16:10Z
345cb69c-015f-5520-bf83-ec8b1bf93812,e296022f-e45c-5909-ac21-2cff0f53e0b2,17,0.5755366931154786,"[""gaya_favorit"", ""harga_sesuai"", ""gaya_ramai""]",model,klasifikasi-v1,2026-10-05T15:16:10Z
345cb69c-015f-5520-bf83-ec8b1bf93812,07425d78-e06e-583d-8083-ee3395fa2d20,18,0.5707391267495742,"[""gaya_favorit"", ""harga_sesuai"", ""gaya_ramai""]",model,klasifikasi-v1,2026-10-05T15:16:10Z
345cb69c-015f-5520-bf83-ec8b1bf93812,a3985640-5560-52fe-9d83-1a767fec8bee,19,0.5638972286558543,"[""gaya_favorit"", ""harga_sesuai"", ""gaya_ramai""]",model,klasifikasi-v1,2026-10-05T15:16:10Z
345cb69c-015f-5520-bf83-ec8b1bf93812,ec6f4fcc-fdbb-5ffd-a910-41611a2b7e49,20,0.5571420599042921,"[""gaya_favorit"", ""harga_sesuai"", ""gaya_ramai""]",model,klasifikasi-v1,2026-10-05T15:16:10Z
4e5749fa-1d58-58e8-b68a-db3089c84b49,79e25e0d-2c04-5f90-9130-3f1d94125223,1,0.8181391592185503,"[""gaya_favorit"", ""harga_sesuai"", ""seniman_naik_daun"", ""pernah_beli_seniman"", ""karya_baru""]",model,klasifikasi-v1,2026-10-05T15:16:10Z
4e5749fa-1d58-58e8-b68a-db3089c84b49,88258c73-bb7b-51e8-824e-bc2ca0b939b8,2,0.7874457079350206,"[""gaya_favorit"", ""harga_sesuai"", ""seniman_naik_daun"", ""pernah_beli_seniman"", ""karya_baru""]",model,klasifikasi-v1,2026-10-05T15:16:10Z
4e5749fa-1d58-58e8-b68a-db3089c84b49,df002552-8f03-5997-b452-e24a915621dd,3,0.7637206138540312,"[""gaya_favorit"", ""harga_sesuai"", ""seniman_naik_daun"", ""pernah_beli_seniman""]",model,klasifikasi-v1,2026-10-05T15:16:10Z
4e5749fa-1d58-58e8-b68a-db3089c84b49,07d19c93-c674-54cb-9448-012eb1b60c3f,4,0.7442591861493116,"[""gaya_favorit"", ""harga_sesuai"", ""seniman_naik_daun"", ""pernah_beli_seniman""]",model,klasifikasi-v1,2026-10-05T15:16:10Z
4e5749fa-1d58-58e8-b68a-db3089c84b49,8856b1b5-28c4-536b-9a51-9ff06bfdbd80,5,0.7199700324770113,"[""gaya_favorit"", ""harga_sesuai"", ""seniman_naik_daun"", ""pernah_beli_seniman""]",model,klasifikasi-v1,2026-10-05T15:16:10Z
4e5749fa-1d58-58e8-b68a-db3089c84b49,2d399fc1-c809-5c2a-bdaa-6e69cefe5fb1,6,0.7115263399154518,"[""gaya_favorit"", ""harga_sesuai"", ""seniman_naik_daun"", ""pernah_beli_seniman""]",model,klasifikasi-v1,2026-10-05T15:16:10Z
4e5749fa-1d58-58e8-b68a-db3089c84b49,6a9a552c-870e-5cd3-b409-273d6c5865eb,7,0.7035717353609012,"[""gaya_favorit"", ""harga_sesuai"", ""seniman_naik_daun"", ""pernah_beli_seniman""]",model,klasifikasi-v1,2026-10-05T15:16:10Z
4e5749fa-1d58-58e8-b68a-db3089c84b49,0931aca3-ffbb-57aa-b84e-284c01f774f1,8,0.6998706157307836,"[""gaya_favorit"", ""harga_sesuai"", ""seniman_naik_daun"", ""pernah_beli_seniman""]",model,klasifikasi-v1,2026-10-05T15:16:10Z
4e5749fa-1d58-58e8-b68a-db3089c84b49,94afa8d0-6fca-5820-9dfe-5fb67fd9b665,9,0.6912431450664314,"[""gaya_favorit"", ""harga_sesuai"", ""seniman_naik_daun"", ""pernah_beli_seniman""]",model,klasifikasi-v1,2026-10-05T15:16:10Z
4e5749fa-1d58-58e8-b68a-db3089c84b49,0bc9d34a-7f95-5dee-beb4-55f3af9b97c9,10,0.6830657012044437,"[""gaya_favorit"", ""harga_sesuai"", ""seniman_naik_daun"", ""pernah_beli_seniman""]",model,klasifikasi-v1,2026-10-05T15:16:10Z
4e5749fa-1d58-58e8-b68a-db3089c84b49,8d8c6d42-894a-5d83-a68b-c458ead32750,11,0.6825946119461632,"[""gaya_favorit"", ""seniman_naik_daun"", ""pernah_beli_seniman""]",model,klasifikasi-v1,2026-10-05T15:16:10Z
4e5749fa-1d58-58e8-b68a-db3089c84b49,1af0200c-a8bf-593f-8cb6-4f759b5f5ac1,12,0.6632303423645647,"[""gaya_favorit"", ""harga_sesuai"", ""seniman_naik_daun"", ""pernah_beli_seniman""]",model,klasifikasi-v1,2026-10-05T15:16:10Z
4e5749fa-1d58-58e8-b68a-db3089c84b49,854f6550-ae71-509e-859c-39396df1a99e,13,0.6604480893935876,"[""gaya_favorit"", ""harga_sesuai"", ""seniman_naik_daun"", ""pernah_beli_seniman""]",model,klasifikasi-v1,2026-10-05T15:16:10Z
4e5749fa-1d58-58e8-b68a-db3089c84b49,1fef09ac-2800-5df6-bb4b-93c0c3308a02,14,0.6303126986577502,"[""gaya_favorit"", ""pernah_beli_seniman""]",model,klasifikasi-v1,2026-10-05T15:16:10Z
4e5749fa-1d58-58e8-b68a-db3089c84b49,04393ef2-a47c-5658-89fa-61d255a593b4,15,0.6256441231622542,"[""gaya_favorit"", ""harga_sesuai"", ""seniman_naik_daun"", ""pernah_beli_seniman""]",model,klasifikasi-v1,2026-10-05T15:16:10Z
4e5749fa-1d58-58e8-b68a-db3089c84b49,9c41c05d-b958-5fe0-902f-c466d102b664,16,0.61901668555439,"[""gaya_favorit"", ""pernah_beli_seniman""]",model,klasifikasi-v1,2026-10-05T15:16:10Z
4e5749fa-1d58-58e8-b68a-db3089c84b49,a75ec521-369a-5e79-9b6f-f9851164e909,17,0.61901668555439,"[""gaya_favorit"", ""pernah_beli_seniman""]",model,klasifikasi-v1,2026-10-05T15:16:10Z
4e5749fa-1d58-58e8-b68a-db3089c84b49,6cf680b2-63f6-5420-990b-5d58e43b86c3,18,0.6102736263192472,"[""gaya_favorit"", ""pernah_beli_seniman""]",model,klasifikasi-v1,2026-10-05T15:16:10Z
4e5749fa-1d58-58e8-b68a-db3089c84b49,e4e1ce05-e95f-55ae-95fd-b46c0e364e4d,19,0.6057699105366361,"[""gaya_favorit"", ""seniman_naik_daun"", ""pernah_beli_seniman""]",model,klasifikasi-v1,2026-10-05T15:16:10Z
4e5749fa-1d58-58e8-b68a-db3089c84b49,231b14d2-2e75-5193-9c40-949b484944ca,20,0.6057699105366361,"[""gaya_favorit"", ""harga_sesuai"", ""seniman_naik_daun"", ""pernah_beli_seniman""]",model,klasifikasi-v1,2026-10-05T15:16:10Z
5cb7773c-211a-5d9c-819a-e30bc06bc3ee,79e25e0d-2c04-5f90-9130-3f1d94125223,1,0.6469382583387773,"[""seniman_naik_daun"", ""karya_baru""]",model,klasifikasi-v1,2026-10-05T15:16:10Z
5cb7773c-211a-5d9c-819a-e30bc06bc3ee,88258c73-bb7b-51e8-824e-bc2ca0b939b8,2,0.6099864278271993,"[""seniman_naik_daun"", ""karya_baru""]",model,klasifikasi-v1,2026-10-05T15:16:10Z
5cb7773c-211a-5d9c-819a-e30bc06bc3ee,3b697b60-34f0-5398-a34f-709b545c0335,3,0.6010617709661813,"[""gaya_favorit"", ""pernah_beli_seniman""]",model,klasifikasi-v1,2026-10-05T15:16:10Z
5cb7773c-211a-5d9c-819a-e30bc06bc3ee,7fe57ce0-0aa4-5a4e-855c-fbc916a4c08e,4,0.5950851734550681,"[""gaya_favorit"", ""harga_sesuai"", ""pernah_beli_seniman""]",model,klasifikasi-v1,2026-10-05T15:16:10Z
5cb7773c-211a-5d9c-819a-e30bc06bc3ee,fa66638c-6d00-5064-aa96-646be0045143,5,0.5940761069307425,"[""gaya_favorit"", ""pernah_beli_seniman""]",model,klasifikasi-v1,2026-10-05T15:16:10Z
5cb7773c-211a-5d9c-819a-e30bc06bc3ee,df002552-8f03-5997-b452-e24a915621dd,6,0.5691178940357288,"[""seniman_naik_daun""]",model,klasifikasi-v1,2026-10-05T15:16:10Z
5cb7773c-211a-5d9c-819a-e30bc06bc3ee,a5e10e67-f277-5fb1-8d2f-ab4044d0b9e9,7,0.5649657176714934,"[""gaya_favorit"", ""pernah_beli_seniman""]",model,klasifikasi-v1,2026-10-05T15:16:10Z
5cb7773c-211a-5d9c-819a-e30bc06bc3ee,0bc9d34a-7f95-5dee-beb4-55f3af9b97c9,8,0.5631031386876474,"[""harga_sesuai"", ""seniman_naik_daun""]",model,klasifikasi-v1,2026-10-05T15:16:10Z
5cb7773c-211a-5d9c-819a-e30bc06bc3ee,e4e1ce05-e95f-55ae-95fd-b46c0e364e4d,9,0.5601939238073712,"[""harga_sesuai"", ""seniman_naik_daun""]",model,klasifikasi-v1,2026-10-05T15:16:10Z
5cb7773c-211a-5d9c-819a-e30bc06bc3ee,6668aaa3-cf17-5996-8538-ab41cc230eab,10,0.559848567696864,"[""gaya_favorit"", ""harga_sesuai"", ""gaya_ramai""]",model,klasifikasi-v1,2026-10-05T15:16:10Z
5cb7773c-211a-5d9c-819a-e30bc06bc3ee,320bd1ba-15dc-57a0-8b9b-ca2f0b67eb8a,11,0.557403196802856,"[""gaya_favorit"", ""harga_sesuai"", ""gaya_ramai""]",model,klasifikasi-v1,2026-10-05T15:16:10Z
5cb7773c-211a-5d9c-819a-e30bc06bc3ee,1af0200c-a8bf-593f-8cb6-4f759b5f5ac1,12,0.5564690260530006,"[""harga_sesuai"", ""seniman_naik_daun""]",model,klasifikasi-v1,2026-10-05T15:16:10Z
5cb7773c-211a-5d9c-819a-e30bc06bc3ee,46f27d0f-be60-514a-93e6-8f28a761a005,13,0.5564061832832135,"[""gaya_favorit"", ""harga_sesuai"", ""gaya_ramai""]",model,klasifikasi-v1,2026-10-05T15:16:10Z
5cb7773c-211a-5d9c-819a-e30bc06bc3ee,54fdf259-6487-562b-912f-ac0e1163f187,14,0.5519152769438912,"[""gaya_favorit"", ""harga_sesuai"", ""gaya_ramai""]",model,klasifikasi-v1,2026-10-05T15:16:10Z
5cb7773c-211a-5d9c-819a-e30bc06bc3ee,8532f4de-facb-5676-975c-9866ebdd8247,15,0.5466124654366243,"[""gaya_favorit"", ""seniman_naik_daun"", ""gaya_ramai""]",model,klasifikasi-v1,2026-10-05T15:16:10Z
5cb7773c-211a-5d9c-819a-e30bc06bc3ee,a3dfd416-62c6-5cdf-9ee4-e82226d12fdc,16,0.5445625837787508,"[""gaya_favorit"", ""pernah_beli_seniman""]",model,klasifikasi-v1,2026-10-05T15:16:10Z
5cb7773c-211a-5d9c-819a-e30bc06bc3ee,07d19c93-c674-54cb-9448-012eb1b60c3f,17,0.5350758487346766,"[""seniman_naik_daun""]",model,klasifikasi-v1,2026-10-05T15:16:10Z
5cb7773c-211a-5d9c-819a-e30bc06bc3ee,72ddb5bd-c130-58fb-8657-ea12f7cd200f,18,0.5304818500492631,"[""gaya_favorit"", ""harga_sesuai"", ""pernah_beli_seniman""]",model,klasifikasi-v1,2026-10-05T15:16:10Z
5cb7773c-211a-5d9c-819a-e30bc06bc3ee,c67cff2a-590f-52c2-9fdd-17734dcd647a,19,0.5286174205733942,"[""gaya_favorit"", ""gaya_ramai""]",model,klasifikasi-v1,2026-10-05T15:16:10Z
5cb7773c-211a-5d9c-819a-e30bc06bc3ee,f65ec0d2-a533-5a7e-b1c3-9b7a40f965ce,20,0.527257473620478,"[""gaya_favorit"", ""pernah_beli_seniman""]",model,klasifikasi-v1,2026-10-05T15:16:10Z
225ce8d4-bb94-5860-a0a7-05d0601ad6cf,af387163-4059-5c28-add7-46500bfd3add,1,0.8212808910964482,"[""gaya_favorit"", ""harga_sesuai"", ""gaya_ramai"", ""pernah_beli_seniman""]",model,klasifikasi-v1,2026-10-05T15:16:10Z
225ce8d4-bb94-5860-a0a7-05d0601ad6cf,9349bf99-62dc-596c-915f-6594321c44de,2,0.8149450805281598,"[""gaya_favorit"", ""harga_sesuai"", ""gaya_ramai"", ""pernah_beli_seniman""]",model,klasifikasi-v1,2026-10-05T15:16:10Z
225ce8d4-bb94-5860-a0a7-05d0601ad6cf,3dbbe20e-9781-5936-bae9-c1cfacd61a09,3,0.8149450805281598,"[""gaya_favorit"", ""harga_sesuai"", ""gaya_ramai"", ""pernah_beli_seniman""]",model,klasifikasi-v1,2026-10-05T15:16:10Z
225ce8d4-bb94-5860-a0a7-05d0601ad6cf,07425d78-e06e-583d-8083-ee3395fa2d20,4,0.8094377652245127,"[""gaya_favorit"", ""harga_sesuai"", ""gaya_ramai"", ""pernah_beli_seniman""]",model,klasifikasi-v1,2026-10-05T15:16:10Z
225ce8d4-bb94-5860-a0a7-05d0601ad6cf,2dc1a3d9-2af8-5aef-95bb-4580395395bd,5,0.8090418113339451,"[""gaya_favorit"", ""harga_sesuai"", ""gaya_ramai"", ""pernah_beli_seniman""]",model,klasifikasi-v1,2026-10-05T15:16:10Z
225ce8d4-bb94-5860-a0a7-05d0601ad6cf,8cb05ef6-4cf2-5ee6-9061-2889d32eed8b,6,0.8070888289225618,"[""gaya_favorit"", ""harga_sesuai"", ""gaya_ramai"", ""pernah_beli_seniman""]",model,klasifikasi-v1,2026-10-05T15:16:10Z
225ce8d4-bb94-5860-a0a7-05d0601ad6cf,47ed54a4-6a2e-5276-9603-36c52ea415de,7,0.8027831954087199,"[""gaya_favorit"", ""harga_sesuai"", ""gaya_ramai"", ""pernah_beli_seniman""]",model,klasifikasi-v1,2026-10-05T15:16:10Z
225ce8d4-bb94-5860-a0a7-05d0601ad6cf,da1e02a9-b5b0-5dd8-b213-4302c25d95f9,8,0.8014046845815568,"[""gaya_favorit"", ""harga_sesuai"", ""gaya_ramai"", ""pernah_beli_seniman""]",model,klasifikasi-v1,2026-10-05T15:16:10Z
225ce8d4-bb94-5860-a0a7-05d0601ad6cf,087419b7-5d7b-53df-aa0f-1e80f02a0377,9,0.8014046845815568,"[""gaya_favorit"", ""harga_sesuai"", ""gaya_ramai"", ""pernah_beli_seniman""]",model,klasifikasi-v1,2026-10-05T15:16:10Z
225ce8d4-bb94-5860-a0a7-05d0601ad6cf,cd22a6e8-3391-53f2-9ab1-8174b63d5943,10,0.8001217973887975,"[""gaya_favorit"", ""harga_sesuai"", ""gaya_ramai"", ""pernah_beli_seniman""]",model,klasifikasi-v1,2026-10-05T15:16:10Z
225ce8d4-bb94-5860-a0a7-05d0601ad6cf,daeb60e8-db84-5a23-a92f-401fc4f8c8e9,11,0.7970040940223554,"[""gaya_favorit"", ""harga_sesuai"", ""gaya_ramai"", ""pernah_beli_seniman""]",model,klasifikasi-v1,2026-10-05T15:16:10Z
225ce8d4-bb94-5860-a0a7-05d0601ad6cf,784f6648-d504-5733-ba76-2d90ce171c97,12,0.7970040940223554,"[""gaya_favorit"", ""harga_sesuai"", ""gaya_ramai"", ""pernah_beli_seniman""]",model,klasifikasi-v1,2026-10-05T15:16:10Z
225ce8d4-bb94-5860-a0a7-05d0601ad6cf,d0932440-31b0-5025-ab5b-f83ac95c2aea,13,0.7929963008269655,"[""gaya_favorit"", ""harga_sesuai"", ""gaya_ramai"", ""pernah_beli_seniman""]",model,klasifikasi-v1,2026-10-05T15:16:10Z
225ce8d4-bb94-5860-a0a7-05d0601ad6cf,3f8dedef-81a9-5162-9bf4-59f3eb4eb26b,14,0.7896018755948052,"[""gaya_favorit"", ""harga_sesuai"", ""gaya_ramai"", ""pernah_beli_seniman""]",model,klasifikasi-v1,2026-10-05T15:16:10Z
225ce8d4-bb94-5860-a0a7-05d0601ad6cf,882125dc-b120-5048-9014-2ba4d49923bf,15,0.7573324792510053,"[""gaya_favorit"", ""harga_sesuai"", ""gaya_ramai"", ""pernah_beli_seniman""]",model,klasifikasi-v1,2026-10-05T15:16:10Z
225ce8d4-bb94-5860-a0a7-05d0601ad6cf,e4232669-73cf-5a41-b63b-709e168e3909,16,0.7288038787453871,"[""gaya_favorit"", ""harga_sesuai"", ""gaya_ramai"", ""pernah_beli_seniman""]",model,klasifikasi-v1,2026-10-05T15:16:10Z
225ce8d4-bb94-5860-a0a7-05d0601ad6cf,866197c9-41b8-58ae-af14-976c6a847c11,17,0.7280092677751289,"[""gaya_favorit"", ""gaya_ramai"", ""pernah_beli_seniman""]",model,klasifikasi-v1,2026-10-05T15:16:10Z
225ce8d4-bb94-5860-a0a7-05d0601ad6cf,be80c731-4300-5d20-8adf-9917440be076,18,0.7274780841250843,"[""gaya_favorit"", ""harga_sesuai"", ""gaya_ramai"", ""pernah_beli_seniman""]",model,klasifikasi-v1,2026-10-05T15:16:10Z
225ce8d4-bb94-5860-a0a7-05d0601ad6cf,f6b44c7c-4e4b-50a2-8c28-8142c29b9ebd,19,0.7242147806533191,"[""gaya_favorit"", ""harga_sesuai"", ""gaya_ramai"", ""pernah_beli_seniman""]",model,klasifikasi-v1,2026-10-05T15:16:10Z
225ce8d4-bb94-5860-a0a7-05d0601ad6cf,bb245894-5ba5-5e26-b383-95d243655742,20,0.7242147806533191,"[""gaya_favorit"", ""harga_sesuai"", ""gaya_ramai"", ""pernah_beli_seniman""]",model,klasifikasi-v1,2026-10-05T15:16:10Z
2849d62d-d267-52f6-ae18-fa6e10b67d58,ab4a3c71-9387-56bc-a801-1beeee2639d7,1,0.6760357872987705,"[""gaya_favorit"", ""harga_sesuai"", ""gaya_ramai"", ""pernah_beli_seniman""]",model,klasifikasi-v1,2026-10-05T15:16:10Z
2849d62d-d267-52f6-ae18-fa6e10b67d58,d48d3793-0d94-54bf-8cd8-bd45835a8231,2,0.6667872296080973,"[""gaya_favorit"", ""harga_sesuai"", ""gaya_ramai"", ""pernah_beli_seniman""]",model,klasifikasi-v1,2026-10-05T15:16:10Z
2849d62d-d267-52f6-ae18-fa6e10b67d58,a724961d-392c-586e-9da5-8e9342c6fd29,3,0.6288317840528982,"[""harga_sesuai"", ""pernah_beli_seniman"", ""karya_baru""]",model,klasifikasi-v1,2026-10-05T15:16:10Z
2849d62d-d267-52f6-ae18-fa6e10b67d58,2c540a0c-a2ff-5f37-ba88-a5ad28626312,4,0.6225002314161158,"[""gaya_favorit"", ""harga_sesuai"", ""gaya_ramai""]",model,klasifikasi-v1,2026-10-05T15:16:10Z
2849d62d-d267-52f6-ae18-fa6e10b67d58,f1067009-38fa-5639-9333-76bfb4dff9dc,5,0.6208140902400315,"[""gaya_favorit"", ""harga_sesuai"", ""gaya_ramai""]",model,klasifikasi-v1,2026-10-05T15:16:10Z
2849d62d-d267-52f6-ae18-fa6e10b67d58,3f8e8589-04d2-5dac-97c5-907b7fcd2c76,6,0.5989660427814101,"[""gaya_favorit"", ""gaya_ramai""]",model,klasifikasi-v1,2026-10-05T15:16:10Z
2849d62d-d267-52f6-ae18-fa6e10b67d58,556ac5bd-b36f-5124-8750-d92fefc82d2d,7,0.5986433475225499,"[""pernah_beli_seniman"", ""karya_baru""]",model,klasifikasi-v1,2026-10-05T15:16:10Z
2849d62d-d267-52f6-ae18-fa6e10b67d58,2b114701-6eaa-53bb-93f7-b655e90e143d,8,0.5936488335547798,"[""gaya_favorit"", ""harga_sesuai"", ""gaya_ramai"", ""pernah_beli_seniman""]",model,klasifikasi-v1,2026-10-05T15:16:10Z
2849d62d-d267-52f6-ae18-fa6e10b67d58,ded10c02-e3db-542d-8ff2-e0ab8c159069,9,0.5928016947609414,"[""harga_sesuai""]",model,klasifikasi-v1,2026-10-05T15:16:10Z
2849d62d-d267-52f6-ae18-fa6e10b67d58,d68447f6-03c0-5053-9f02-5a417aff794d,10,0.5831334182336034,"[""gaya_favorit"", ""gaya_ramai""]",model,klasifikasi-v1,2026-10-05T15:16:10Z
2849d62d-d267-52f6-ae18-fa6e10b67d58,e15ac87c-418d-5877-b3de-5f27acd81302,11,0.5820305528162945,"[""gaya_favorit"", ""harga_sesuai"", ""gaya_ramai""]",model,klasifikasi-v1,2026-10-05T15:16:10Z
2849d62d-d267-52f6-ae18-fa6e10b67d58,1f26c708-fc57-592d-a841-b891c55231bd,12,0.5765574098769328,"[""gaya_favorit"", ""harga_sesuai"", ""gaya_ramai"", ""pernah_beli_seniman""]",model,klasifikasi-v1,2026-10-05T15:16:10Z
2849d62d-d267-52f6-ae18-fa6e10b67d58,79bc3eb9-28b3-57e3-bf83-b1745b6e1891,13,0.5701485897882944,"[""gaya_favorit"", ""harga_sesuai"", ""gaya_ramai"", ""pernah_beli_seniman""]",model,klasifikasi-v1,2026-10-05T15:16:10Z
2849d62d-d267-52f6-ae18-fa6e10b67d58,88258c73-bb7b-51e8-824e-bc2ca0b939b8,14,0.5669709991494164,"[""seniman_naik_daun"", ""karya_baru""]",model,klasifikasi-v1,2026-10-05T15:16:10Z
2849d62d-d267-52f6-ae18-fa6e10b67d58,c102454b-1487-5e3c-9d31-fa4d7acbe1ec,15,0.5633824453180609,"[""gaya_favorit"", ""harga_sesuai"", ""gaya_ramai"", ""pernah_beli_seniman""]",model,klasifikasi-v1,2026-10-05T15:16:10Z
2849d62d-d267-52f6-ae18-fa6e10b67d58,ddc6295d-239d-589a-9714-9e4d1b9fb3f9,16,0.5579167421513366,"[""harga_sesuai"", ""pernah_beli_seniman""]",model,klasifikasi-v1,2026-10-05T15:16:10Z
2849d62d-d267-52f6-ae18-fa6e10b67d58,57484960-cbe1-544b-94b3-2f911835d343,17,0.5565851164058295,"[""gaya_favorit"", ""gaya_ramai""]",model,klasifikasi-v1,2026-10-05T15:16:10Z
2849d62d-d267-52f6-ae18-fa6e10b67d58,139b87ed-7f4a-5de6-a076-69e59c662118,18,0.5442809519915196,"[""gaya_favorit"", ""harga_sesuai"", ""gaya_ramai""]",model,klasifikasi-v1,2026-10-05T15:16:10Z
2849d62d-d267-52f6-ae18-fa6e10b67d58,05f320fb-5f39-5107-a07b-43b287844058,19,0.5431086944783722,"[""gaya_favorit"", ""harga_sesuai"", ""gaya_ramai"", ""pernah_beli_seniman""]",model,klasifikasi-v1,2026-10-05T15:16:10Z
2849d62d-d267-52f6-ae18-fa6e10b67d58,34f160b0-2ebd-5b4b-abbf-d9e60acd2b35,20,0.5414290884357544,"[""gaya_favorit"", ""gaya_ramai""]",model,klasifikasi-v1,2026-10-05T15:16:10Z
4a0ab876-f5c1-5e6b-930d-5530936fa7d5,3d61eac2-6d83-5347-9d59-799ac69edc5a,1,0.6844717935724218,"[""gaya_favorit"", ""harga_sesuai"", ""pernah_beli_seniman""]",model,klasifikasi-v1,2026-10-05T15:16:10Z
4a0ab876-f5c1-5e6b-930d-5530936fa7d5,224ba711-c5ff-581d-be53-1872a1df84ca,2,0.6783728770541498,"[""seniman_naik_daun""]",model,klasifikasi-v1,2026-10-05T15:16:10Z
4a0ab876-f5c1-5e6b-930d-5530936fa7d5,88258c73-bb7b-51e8-824e-bc2ca0b939b8,3,0.6753062378206384,"[""seniman_naik_daun"", ""karya_baru""]",model,klasifikasi-v1,2026-10-05T15:16:10Z
4a0ab876-f5c1-5e6b-930d-5530936fa7d5,ab56a64c-b79d-5092-8002-0652f839ad06,4,0.6465575391383358,"[""gaya_favorit"", ""harga_sesuai"", ""pernah_beli_seniman""]",model,klasifikasi-v1,2026-10-05T15:16:10Z
4a0ab876-f5c1-5e6b-930d-5530936fa7d5,1c18f330-e3a0-5c45-8b4a-4340319c6f6b,5,0.6395217569044251,"[""gaya_favorit"", ""harga_sesuai"", ""pernah_beli_seniman""]",model,klasifikasi-v1,2026-10-05T15:16:10Z
4a0ab876-f5c1-5e6b-930d-5530936fa7d5,016679fd-f015-5c7e-b41e-f69d95c9d91a,6,0.6360115546354945,"[""seniman_naik_daun""]",model,klasifikasi-v1,2026-10-05T15:16:10Z
4a0ab876-f5c1-5e6b-930d-5530936fa7d5,f01a7b2c-1e11-597c-afeb-96705f31b4d5,7,0.6312538045955979,"[""gaya_favorit"", ""harga_sesuai"", ""gaya_ramai""]",model,klasifikasi-v1,2026-10-05T15:16:10Z
4a0ab876-f5c1-5e6b-930d-5530936fa7d5,0bc9d34a-7f95-5dee-beb4-55f3af9b97c9,8,0.6275520861911904,"[""seniman_naik_daun""]",model,klasifikasi-v1,2026-10-05T15:16:10Z
4a0ab876-f5c1-5e6b-930d-5530936fa7d5,7ed552db-962e-5e78-a1a4-2d32fefa1f0c,9,0.5903389115629678,"[""gaya_favorit"", ""pernah_beli_seniman""]",model,klasifikasi-v1,2026-10-05T15:16:10Z
4a0ab876-f5c1-5e6b-930d-5530936fa7d5,16545722-15c8-55bc-b78b-f46c0496a505,10,0.5894088977997552,"[""gaya_favorit"", ""harga_sesuai"", ""pernah_beli_seniman""]",model,klasifikasi-v1,2026-10-05T15:16:10Z
4a0ab876-f5c1-5e6b-930d-5530936fa7d5,653fc4b1-75f3-5eac-afe6-586c962be798,11,0.5874579487572346,"[""gaya_favorit"", ""harga_sesuai"", ""pernah_beli_seniman""]",model,klasifikasi-v1,2026-10-05T15:16:10Z
4a0ab876-f5c1-5e6b-930d-5530936fa7d5,ded10c02-e3db-542d-8ff2-e0ab8c159069,12,0.5660913535376938,"[""harga_sesuai""]",model,klasifikasi-v1,2026-10-05T15:16:10Z
4a0ab876-f5c1-5e6b-930d-5530936fa7d5,ad22fc44-1c65-50c5-be50-d2e1c3bbdc50,13,0.5648376380346024,"[""gaya_favorit"", ""harga_sesuai"", ""gaya_ramai"", ""pernah_beli_seniman""]",model,klasifikasi-v1,2026-10-05T15:16:10Z
4a0ab876-f5c1-5e6b-930d-5530936fa7d5,ab4a3c71-9387-56bc-a801-1beeee2639d7,14,0.5463471034565613,"[""harga_sesuai"", ""gaya_ramai""]",model,klasifikasi-v1,2026-10-05T15:16:10Z
4a0ab876-f5c1-5e6b-930d-5530936fa7d5,320bd1ba-15dc-57a0-8b9b-ca2f0b67eb8a,15,0.5448734100101614,"[""gaya_favorit"", ""gaya_ramai"", ""pernah_beli_seniman""]",model,klasifikasi-v1,2026-10-05T15:16:10Z
4a0ab876-f5c1-5e6b-930d-5530936fa7d5,1b284f0a-4933-57f5-a5d9-d38488a7227c,16,0.5439877044734763,"[""harga_sesuai""]",model,klasifikasi-v1,2026-10-05T15:16:10Z
4a0ab876-f5c1-5e6b-930d-5530936fa7d5,6668aaa3-cf17-5996-8538-ab41cc230eab,17,0.5426869754497062,"[""gaya_favorit"", ""gaya_ramai""]",model,klasifikasi-v1,2026-10-05T15:16:10Z
4a0ab876-f5c1-5e6b-930d-5530936fa7d5,b82ffac4-9b18-5129-bb4f-76d6267ef825,18,0.5360610799468943,"[""harga_sesuai"", ""seniman_naik_daun""]",model,klasifikasi-v1,2026-10-05T15:16:10Z
4a0ab876-f5c1-5e6b-930d-5530936fa7d5,0e102d63-ff8f-5e6b-bbdc-2a5d6e668cb1,19,0.5353651291584616,"[""harga_sesuai""]",model,klasifikasi-v1,2026-10-05T15:16:10Z
4a0ab876-f5c1-5e6b-930d-5530936fa7d5,8856b1b5-28c4-536b-9a51-9ff06bfdbd80,20,0.5347311964949718,"[""seniman_naik_daun""]",model,klasifikasi-v1,2026-10-05T15:16:10Z
d17c046c-52e5-5c8b-a069-172235bb457b,79e25e0d-2c04-5f90-9130-3f1d94125223,1,0.6933921014159072,"[""seniman_naik_daun"", ""karya_baru""]",model,klasifikasi-v1,2026-10-05T15:16:10Z
d17c046c-52e5-5c8b-a069-172235bb457b,88258c73-bb7b-51e8-824e-bc2ca0b939b8,2,0.6166534468846464,"[""seniman_naik_daun"", ""karya_baru""]",model,klasifikasi-v1,2026-10-05T15:16:10Z
d17c046c-52e5-5c8b-a069-172235bb457b,f01a7b2c-1e11-597c-afeb-96705f31b4d5,3,0.5965870437565755,"[""gaya_favorit"", ""gaya_ramai"", ""pernah_beli_seniman""]",model,klasifikasi-v1,2026-10-05T15:16:10Z
d17c046c-52e5-5c8b-a069-172235bb457b,6668aaa3-cf17-5996-8538-ab41cc230eab,4,0.5812381790348826,"[""gaya_favorit"", ""gaya_ramai""]",model,klasifikasi-v1,2026-10-05T15:16:10Z
d17c046c-52e5-5c8b-a069-172235bb457b,ad22fc44-1c65-50c5-be50-d2e1c3bbdc50,5,0.5734515975776806,"[""gaya_favorit"", ""harga_sesuai"", ""gaya_ramai""]",model,klasifikasi-v1,2026-10-05T15:16:10Z
d17c046c-52e5-5c8b-a069-172235bb457b,0bc9d34a-7f95-5dee-beb4-55f3af9b97c9,6,0.5705265632310822,"[""seniman_naik_daun""]",model,klasifikasi-v1,2026-10-05T15:16:10Z
d17c046c-52e5-5c8b-a069-172235bb457b,46f27d0f-be60-514a-93e6-8f28a761a005,7,0.5590035769239201,"[""gaya_favorit"", ""gaya_ramai""]",model,klasifikasi-v1,2026-10-05T15:16:10Z
d17c046c-52e5-5c8b-a069-172235bb457b,ded10c02-e3db-542d-8ff2-e0ab8c159069,8,0.555010313677191,"[""harga_sesuai""]",model,klasifikasi-v1,2026-10-05T15:16:10Z
d17c046c-52e5-5c8b-a069-172235bb457b,54fdf259-6487-562b-912f-ac0e1163f187,9,0.5545179128648874,"[""gaya_favorit"", ""gaya_ramai""]",model,klasifikasi-v1,2026-10-05T15:16:10Z
d17c046c-52e5-5c8b-a069-172235bb457b,320bd1ba-15dc-57a0-8b9b-ca2f0b67eb8a,10,0.5535702135221113,"[""gaya_favorit"", ""gaya_ramai""]",model,klasifikasi-v1,2026-10-05T15:16:10Z
d17c046c-52e5-5c8b-a069-172235bb457b,eda83e84-0da4-5e10-8806-54d78aaa1b25,11,0.5409337878216163,"[""gaya_favorit"", ""harga_sesuai"", ""pernah_beli_seniman""]",model,klasifikasi-v1,2026-10-05T15:16:10Z
d17c046c-52e5-5c8b-a069-172235bb457b,4d35efc8-df97-5980-8433-d2c6fea9a338,12,0.5374234621508497,"[""gaya_favorit"", ""pernah_beli_seniman""]",model,klasifikasi-v1,2026-10-05T15:16:10Z
d17c046c-52e5-5c8b-a069-172235bb457b,2f036957-6d6b-5189-b72d-9da47ece73bf,13,0.5352038792241829,"[""gaya_favorit"", ""pernah_beli_seniman""]",model,klasifikasi-v1,2026-10-05T15:16:10Z
d17c046c-52e5-5c8b-a069-172235bb457b,e3dfd2f2-3476-5028-96e3-7cffa5f15e1e,14,0.5086960076798993,"[""gaya_favorit"", ""harga_sesuai"", ""gaya_ramai""]",model,klasifikasi-v1,2026-10-05T15:16:10Z
d17c046c-52e5-5c8b-a069-172235bb457b,1af0200c-a8bf-593f-8cb6-4f759b5f5ac1,15,0.5020820863022587,"[""seniman_naik_daun""]",model,klasifikasi-v1,2026-10-05T15:16:10Z
d17c046c-52e5-5c8b-a069-172235bb457b,07d19c93-c674-54cb-9448-012eb1b60c3f,16,0.4985484310410094,"[""seniman_naik_daun""]",model,klasifikasi-v1,2026-10-05T15:16:10Z
d17c046c-52e5-5c8b-a069-172235bb457b,0e102d63-ff8f-5e6b-bbdc-2a5d6e668cb1,17,0.4890582332208754,[],model,klasifikasi-v1,2026-10-05T15:16:10Z
d17c046c-52e5-5c8b-a069-172235bb457b,43f6508b-7e13-58b1-90d8-a86d3f7e3dfe,18,0.4867759647597407,"[""gaya_favorit"", ""gaya_ramai""]",model,klasifikasi-v1,2026-10-05T15:16:10Z
d17c046c-52e5-5c8b-a069-172235bb457b,556ac5bd-b36f-5124-8750-d92fefc82d2d,19,0.48577554156072555,"[""karya_baru""]",model,klasifikasi-v1,2026-10-05T15:16:10Z
d17c046c-52e5-5c8b-a069-172235bb457b,a724961d-392c-586e-9da5-8e9342c6fd29,20,0.4835776197360511,"[""harga_sesuai"", ""karya_baru""]",model,klasifikasi-v1,2026-10-05T15:16:10Z
ae9a0e88-72e5-5523-b081-7fbc68880af7,796ab8ac-bab7-52b6-9bdd-179cdc5b16a6,1,0.7413825829319328,"[""harga_sesuai""]",model,klasifikasi-v1,2026-10-05T15:16:10Z
ae9a0e88-72e5-5523-b081-7fbc68880af7,d45eb7ea-6cc1-5cac-8993-db3628a32cce,2,0.7328089946251362,"[""harga_sesuai"", ""pernah_beli_seniman""]",model,klasifikasi-v1,2026-10-05T15:16:10Z
ae9a0e88-72e5-5523-b081-7fbc68880af7,1fe5e4ec-a2db-5ef8-a46d-3f8ffa41ebe2,3,0.7290316752695485,"[""harga_sesuai"", ""karya_baru""]",model,klasifikasi-v1,2026-10-05T15:16:10Z
ae9a0e88-72e5-5523-b081-7fbc68880af7,f3f399a9-3985-5980-9416-8c4c83cd308f,4,0.7243899167839241,"[""gaya_favorit"", ""harga_sesuai"", ""gaya_ramai"", ""pernah_beli_seniman""]",model,klasifikasi-v1,2026-10-05T15:16:10Z
ae9a0e88-72e5-5523-b081-7fbc68880af7,a8ac835e-5aad-57f7-aa47-99b583d02392,5,0.7112747114843527,"[""seniman_naik_daun""]",model,klasifikasi-v1,2026-10-05T15:16:10Z
ae9a0e88-72e5-5523-b081-7fbc68880af7,79e25e0d-2c04-5f90-9130-3f1d94125223,6,0.710427254575856,"[""seniman_naik_daun"", ""karya_baru""]",model,klasifikasi-v1,2026-10-05T15:16:10Z
ae9a0e88-72e5-5523-b081-7fbc68880af7,0c5e9dfa-8237-51cd-bca5-0a877365c9e1,7,0.7033936184429948,"[""gaya_favorit"", ""harga_sesuai"", ""gaya_ramai"", ""pernah_beli_seniman""]",model,klasifikasi-v1,2026-10-05T15:16:10Z
ae9a0e88-72e5-5523-b081-7fbc68880af7,c7ad9b49-0ab3-5f56-bc96-86a5cff02449,8,0.699652850136811,"[""harga_sesuai"", ""pernah_beli_seniman""]",model,klasifikasi-v1,2026-10-05T15:16:10Z
ae9a0e88-72e5-5523-b081-7fbc68880af7,7dcfe448-fc37-55f9-94bc-fbf7e72e3f1e,9,0.6993601049213224,"[""gaya_favorit"", ""harga_sesuai"", ""gaya_ramai"", ""pernah_beli_seniman""]",model,klasifikasi-v1,2026-10-05T15:16:10Z
ae9a0e88-72e5-5523-b081-7fbc68880af7,b4aac21a-42bc-574d-86a1-5f41e762343d,10,0.6954113100021645,"[""gaya_favorit"", ""harga_sesuai"", ""gaya_ramai"", ""pernah_beli_seniman""]",model,klasifikasi-v1,2026-10-05T15:16:10Z
ae9a0e88-72e5-5523-b081-7fbc68880af7,93f6d6b7-402c-549c-a89a-d7a6edcc0a63,11,0.6952157164761615,"[""harga_sesuai"", ""pernah_beli_seniman""]",model,klasifikasi-v1,2026-10-05T15:16:10Z
ae9a0e88-72e5-5523-b081-7fbc68880af7,ce6de445-6dd8-5fe3-bc3b-7011fd44d80b,12,0.6942586100874764,"[""harga_sesuai"", ""pernah_beli_seniman""]",model,klasifikasi-v1,2026-10-05T15:16:10Z
ae9a0e88-72e5-5523-b081-7fbc68880af7,7a162455-3653-5aec-88d6-6380d2d9870c,13,0.6865249262051765,"[""harga_sesuai"", ""pernah_beli_seniman""]",model,klasifikasi-v1,2026-10-05T15:16:10Z
ae9a0e88-72e5-5523-b081-7fbc68880af7,bfac6312-409a-54c6-bcad-796f5f689539,14,0.6860586170427363,"[""harga_sesuai"", ""pernah_beli_seniman""]",model,klasifikasi-v1,2026-10-05T15:16:10Z
ae9a0e88-72e5-5523-b081-7fbc68880af7,9fed5426-2b68-58cc-8903-e5e059d8083a,15,0.6828374006705525,"[""harga_sesuai"", ""pernah_beli_seniman""]",model,klasifikasi-v1,2026-10-05T15:16:10Z
ae9a0e88-72e5-5523-b081-7fbc68880af7,b116070e-6e10-5b4c-8bc1-f41ce97a6883,16,0.6800386094057143,"[""seniman_naik_daun"", ""pernah_beli_seniman"", ""karya_baru""]",model,klasifikasi-v1,2026-10-05T15:16:10Z
ae9a0e88-72e5-5523-b081-7fbc68880af7,1fef09ac-2800-5df6-bb4b-93c0c3308a02,17,0.6744577578889736,"[""pernah_beli_seniman""]",model,klasifikasi-v1,2026-10-05T15:16:10Z
ae9a0e88-72e5-5523-b081-7fbc68880af7,714f5e59-6e4e-5567-a0b5-ffdf77360b28,18,0.6735322950323898,"[""harga_sesuai"", ""pernah_beli_seniman""]",model,klasifikasi-v1,2026-10-05T15:16:10Z
ae9a0e88-72e5-5523-b081-7fbc68880af7,f303778e-fffb-5010-a42b-73c993e4ecc0,19,0.6695650750100767,"[""harga_sesuai""]",model,klasifikasi-v1,2026-10-05T15:16:10Z
ae9a0e88-72e5-5523-b081-7fbc68880af7,b15ba806-6ff3-5049-9e25-adc4256a5b4b,20,0.6618478289278633,"[""harga_sesuai"", ""pernah_beli_seniman""]",model,klasifikasi-v1,2026-10-05T15:16:10Z
44a122eb-e50e-5601-bb59-90f5725f35c4,79e25e0d-2c04-5f90-9130-3f1d94125223,1,0.8361632223901603,"[""gaya_favorit"", ""seniman_naik_daun"", ""karya_baru""]",model,klasifikasi-v1,2026-10-05T15:16:10Z
44a122eb-e50e-5601-bb59-90f5725f35c4,4ed54522-a110-5365-b35b-4c16d31aa48b,2,0.7995873402468883,"[""gaya_favorit"", ""pernah_beli_seniman""]",model,klasifikasi-v1,2026-10-05T15:16:10Z
44a122eb-e50e-5601-bb59-90f5725f35c4,64de7a06-8f63-5e8e-b4c7-532b0a72e424,3,0.7981226592676492,"[""gaya_favorit"", ""pernah_beli_seniman""]",model,klasifikasi-v1,2026-10-05T15:16:10Z
44a122eb-e50e-5601-bb59-90f5725f35c4,6cf680b2-63f6-5420-990b-5d58e43b86c3,4,0.7894169585395792,"[""gaya_favorit"", ""pernah_beli_seniman""]",model,klasifikasi-v1,2026-10-05T15:16:10Z
44a122eb-e50e-5601-bb59-90f5725f35c4,88258c73-bb7b-51e8-824e-bc2ca0b939b8,5,0.7743423119274044,"[""gaya_favorit"", ""harga_sesuai"", ""seniman_naik_daun"", ""karya_baru""]",model,klasifikasi-v1,2026-10-05T15:16:10Z
44a122eb-e50e-5601-bb59-90f5725f35c4,a75ec521-369a-5e79-9b6f-f9851164e909,6,0.7664358274968303,"[""gaya_favorit"", ""pernah_beli_seniman""]",model,klasifikasi-v1,2026-10-05T15:16:10Z
44a122eb-e50e-5601-bb59-90f5725f35c4,9c41c05d-b958-5fe0-902f-c466d102b664,7,0.7618300441113205,"[""gaya_favorit"", ""pernah_beli_seniman""]",model,klasifikasi-v1,2026-10-05T15:16:10Z
44a122eb-e50e-5601-bb59-90f5725f35c4,df002552-8f03-5997-b452-e24a915621dd,8,0.7597537550008776,"[""gaya_favorit"", ""harga_sesuai"", ""seniman_naik_daun""]",model,klasifikasi-v1,2026-10-05T15:16:10Z
44a122eb-e50e-5601-bb59-90f5725f35c4,07d19c93-c674-54cb-9448-012eb1b60c3f,9,0.754798133148465,"[""gaya_favorit"", ""seniman_naik_daun""]",model,klasifikasi-v1,2026-10-05T15:16:10Z
44a122eb-e50e-5601-bb59-90f5725f35c4,1fef09ac-2800-5df6-bb4b-93c0c3308a02,10,0.7495604188744441,"[""gaya_favorit"", ""pernah_beli_seniman""]",model,klasifikasi-v1,2026-10-05T15:16:10Z
44a122eb-e50e-5601-bb59-90f5725f35c4,07040069-b09e-5004-ae84-57f3a654f363,11,0.7379773561496211,"[""gaya_favorit"", ""harga_sesuai"", ""pernah_beli_seniman""]",model,klasifikasi-v1,2026-10-05T15:16:10Z
44a122eb-e50e-5601-bb59-90f5725f35c4,ad125fa1-29b2-52fe-b8e0-9e56468c2476,12,0.7350633181211114,"[""gaya_favorit"", ""harga_sesuai"", ""seniman_naik_daun""]",model,klasifikasi-v1,2026-10-05T15:16:10Z
44a122eb-e50e-5601-bb59-90f5725f35c4,a0f4429d-151d-5935-a62b-82e3d34b9d39,13,0.7340372525797105,"[""gaya_favorit"", ""harga_sesuai"", ""pernah_beli_seniman""]",model,klasifikasi-v1,2026-10-05T15:16:10Z
44a122eb-e50e-5601-bb59-90f5725f35c4,2d399fc1-c809-5c2a-bdaa-6e69cefe5fb1,14,0.7229119932057961,"[""gaya_favorit"", ""seniman_naik_daun""]",model,klasifikasi-v1,2026-10-05T15:16:10Z
44a122eb-e50e-5601-bb59-90f5725f35c4,2ddddf9d-7210-5593-aaf0-2ad66eae446f,15,0.7165578842979075,"[""gaya_favorit"", ""harga_sesuai"", ""pernah_beli_seniman""]",model,klasifikasi-v1,2026-10-05T15:16:10Z
44a122eb-e50e-5601-bb59-90f5725f35c4,0bc9d34a-7f95-5dee-beb4-55f3af9b97c9,16,0.7051059165850341,"[""gaya_favorit"", ""harga_sesuai"", ""seniman_naik_daun""]",model,klasifikasi-v1,2026-10-05T15:16:10Z
44a122eb-e50e-5601-bb59-90f5725f35c4,a461a916-cd0f-5cd0-935c-d01863d87f8f,17,0.7040197140723443,"[""gaya_favorit"", ""harga_sesuai"", ""seniman_naik_daun""]",model,klasifikasi-v1,2026-10-05T15:16:10Z
44a122eb-e50e-5601-bb59-90f5725f35c4,789d1adc-85ac-5935-995f-c2d4f25a1b7f,18,0.7040197140723443,"[""gaya_favorit"", ""harga_sesuai"", ""seniman_naik_daun""]",model,klasifikasi-v1,2026-10-05T15:16:10Z
44a122eb-e50e-5601-bb59-90f5725f35c4,94afa8d0-6fca-5820-9dfe-5fb67fd9b665,19,0.7030952956534038,"[""gaya_favorit"", ""seniman_naik_daun""]",model,klasifikasi-v1,2026-10-05T15:16:10Z
44a122eb-e50e-5601-bb59-90f5725f35c4,0931aca3-ffbb-57aa-b84e-284c01f774f1,20,0.7015425707814099,"[""gaya_favorit"", ""harga_sesuai"", ""seniman_naik_daun""]",model,klasifikasi-v1,2026-10-05T15:16:10Z
b90a6efe-9834-540f-bbdd-1c6bab40f04a,c5d03f92-aa6d-5593-928e-3b2857ad1853,1,0.7155468605031794,"[""harga_sesuai"", ""pernah_beli_seniman""]",model,klasifikasi-v1,2026-10-05T15:16:10Z
b90a6efe-9834-540f-bbdd-1c6bab40f04a,6f5c741f-0fc0-523d-80e7-bce5940b7e1c,2,0.6406112237885595,"[""harga_sesuai""]",model,klasifikasi-v1,2026-10-05T15:16:10Z
b90a6efe-9834-540f-bbdd-1c6bab40f04a,6ab910ee-99bd-5039-9bf7-2e6828f994a7,3,0.6175881827200739,"[""gaya_favorit"", ""harga_sesuai"", ""gaya_ramai"", ""pernah_beli_seniman""]",model,klasifikasi-v1,2026-10-05T15:16:10Z
b90a6efe-9834-540f-bbdd-1c6bab40f04a,80d6863c-4309-5881-81cd-79e0a6aa59a3,4,0.6175202971392764,"[""harga_sesuai""]",model,klasifikasi-v1,2026-10-05T15:16:10Z
b90a6efe-9834-540f-bbdd-1c6bab40f04a,f01a7b2c-1e11-597c-afeb-96705f31b4d5,5,0.6123103175594102,"[""gaya_favorit"", ""harga_sesuai"", ""gaya_ramai"", ""pernah_beli_seniman""]",model,klasifikasi-v1,2026-10-05T15:16:10Z
b90a6efe-9834-540f-bbdd-1c6bab40f04a,ded10c02-e3db-542d-8ff2-e0ab8c159069,6,0.5969883006549703,[],model,klasifikasi-v1,2026-10-05T15:16:10Z
b90a6efe-9834-540f-bbdd-1c6bab40f04a,9bdbffa3-5922-5d4c-a5b3-080cfb23f84c,7,0.5830413836155477,"[""pernah_beli_seniman""]",model,klasifikasi-v1,2026-10-05T15:16:10Z
b90a6efe-9834-540f-bbdd-1c6bab40f04a,0e102d63-ff8f-5e6b-bbdc-2a5d6e668cb1,8,0.5774914879005411,"[""harga_sesuai""]",model,klasifikasi-v1,2026-10-05T15:16:10Z
b90a6efe-9834-540f-bbdd-1c6bab40f04a,a724961d-392c-586e-9da5-8e9342c6fd29,9,0.5744388043526883,"[""karya_baru""]",model,klasifikasi-v1,2026-10-05T15:16:10Z
b90a6efe-9834-540f-bbdd-1c6bab40f04a,6c354900-b80d-56b8-8adc-7a97a366f095,10,0.5432544572797042,"[""harga_sesuai"", ""pernah_beli_seniman""]",model,klasifikasi-v1,2026-10-05T15:16:10Z
b90a6efe-9834-540f-bbdd-1c6bab40f04a,1b284f0a-4933-57f5-a5d9-d38488a7227c,11,0.5375570269320438,"[""harga_sesuai""]",model,klasifikasi-v1,2026-10-05T15:16:10Z
b90a6efe-9834-540f-bbdd-1c6bab40f04a,0bc9d34a-7f95-5dee-beb4-55f3af9b97c9,12,0.5306490716249441,"[""seniman_naik_daun"", ""pernah_beli_seniman""]",model,klasifikasi-v1,2026-10-05T15:16:10Z
b90a6efe-9834-540f-bbdd-1c6bab40f04a,556ac5bd-b36f-5124-8750-d92fefc82d2d,13,0.5196437017510894,"[""harga_sesuai"", ""karya_baru""]",model,klasifikasi-v1,2026-10-05T15:16:10Z
b90a6efe-9834-540f-bbdd-1c6bab40f04a,4c6861aa-290c-53f1-808e-3e6cbd17a516,14,0.5031167773137614,"[""karya_baru""]",model,klasifikasi-v1,2026-10-05T15:16:10Z
b90a6efe-9834-540f-bbdd-1c6bab40f04a,19b131db-ca02-5bed-b3f6-a8c0b19d8461,15,0.5021298522481794,"[""gaya_favorit"", ""gaya_ramai"", ""pernah_beli_seniman""]",model,klasifikasi-v1,2026-10-05T15:16:10Z
b90a6efe-9834-540f-bbdd-1c6bab40f04a,1d10619f-065b-57d0-8382-fd82d2e97ef5,16,0.5002628573415889,"[""pernah_beli_seniman""]",model,klasifikasi-v1,2026-10-05T15:16:10Z
b90a6efe-9834-540f-bbdd-1c6bab40f04a,7ed552db-962e-5e78-a1a4-2d32fefa1f0c,17,0.4924368044522793,"[""harga_sesuai"", ""pernah_beli_seniman""]",model,klasifikasi-v1,2026-10-05T15:16:10Z
b90a6efe-9834-540f-bbdd-1c6bab40f04a,50f3106b-4608-5dec-abd4-f3513db77175,18,0.4897936529643878,"[""harga_sesuai""]",model,klasifikasi-v1,2026-10-05T15:16:10Z
b90a6efe-9834-540f-bbdd-1c6bab40f04a,b82ffac4-9b18-5129-bb4f-76d6267ef825,19,0.48768714337339936,"[""seniman_naik_daun"", ""pernah_beli_seniman""]",model,klasifikasi-v1,2026-10-05T15:16:10Z
b90a6efe-9834-540f-bbdd-1c6bab40f04a,21d58bce-aee7-5c2c-9757-2101e0911a9e,20,0.4734979123748521,[],model,klasifikasi-v1,2026-10-05T15:16:10Z
1d816192-26de-5c28-99a7-793dfd023ff8,79e25e0d-2c04-5f90-9130-3f1d94125223,1,0.7736238527129363,"[""seniman_naik_daun"", ""pernah_beli_seniman"", ""karya_baru""]",model,klasifikasi-v1,2026-10-05T15:16:10Z
1d816192-26de-5c28-99a7-793dfd023ff8,88258c73-bb7b-51e8-824e-bc2ca0b939b8,2,0.7557041612466536,"[""seniman_naik_daun"", ""pernah_beli_seniman"", ""karya_baru""]",model,klasifikasi-v1,2026-10-05T15:16:10Z
1d816192-26de-5c28-99a7-793dfd023ff8,df002552-8f03-5997-b452-e24a915621dd,3,0.7451297275171351,"[""seniman_naik_daun"", ""pernah_beli_seniman""]",model,klasifikasi-v1,2026-10-05T15:16:10Z
1d816192-26de-5c28-99a7-793dfd023ff8,0bc9d34a-7f95-5dee-beb4-55f3af9b97c9,4,0.723940015517802,"[""harga_sesuai"", ""seniman_naik_daun"", ""pernah_beli_seniman""]",model,klasifikasi-v1,2026-10-05T15:16:10Z
1d816192-26de-5c28-99a7-793dfd023ff8,1af0200c-a8bf-593f-8cb6-4f759b5f5ac1,5,0.7073587824980427,"[""harga_sesuai"", ""seniman_naik_daun"", ""pernah_beli_seniman""]",model,klasifikasi-v1,2026-10-05T15:16:10Z
1d816192-26de-5c28-99a7-793dfd023ff8,3d71dcc2-48eb-51b6-985f-b4a7b0406d0e,6,0.6965266311207091,"[""gaya_favorit"", ""gaya_ramai"", ""pernah_beli_seniman""]",model,klasifikasi-v1,2026-10-05T15:16:10Z
1d816192-26de-5c28-99a7-793dfd023ff8,9e6306f7-51d6-5faa-a576-782b8b8fe477,7,0.6965266311207091,"[""gaya_favorit"", ""gaya_ramai"", ""pernah_beli_seniman""]",model,klasifikasi-v1,2026-10-05T15:16:10Z
1d816192-26de-5c28-99a7-793dfd023ff8,e4e1ce05-e95f-55ae-95fd-b46c0e364e4d,8,0.6920762971539065,"[""harga_sesuai"", ""seniman_naik_daun"", ""pernah_beli_seniman""]",model,klasifikasi-v1,2026-10-05T15:16:10Z
1d816192-26de-5c28-99a7-793dfd023ff8,07d19c93-c674-54cb-9448-012eb1b60c3f,9,0.6885441807574098,"[""seniman_naik_daun"", ""pernah_beli_seniman""]",model,klasifikasi-v1,2026-10-05T15:16:10Z
1d816192-26de-5c28-99a7-793dfd023ff8,8856b1b5-28c4-536b-9a51-9ff06bfdbd80,10,0.6822185157631153,"[""seniman_naik_daun"", ""pernah_beli_seniman""]",model,klasifikasi-v1,2026-10-05T15:16:10Z
1d816192-26de-5c28-99a7-793dfd023ff8,231b14d2-2e75-5193-9c40-949b484944ca,11,0.6789345316148285,"[""harga_sesuai"", ""seniman_naik_daun"", ""pernah_beli_seniman""]",model,klasifikasi-v1,2026-10-05T15:16:10Z
1d816192-26de-5c28-99a7-793dfd023ff8,6a9a552c-870e-5cd3-b409-273d6c5865eb,12,0.6775418819837276,"[""seniman_naik_daun"", ""pernah_beli_seniman""]",model,klasifikasi-v1,2026-10-05T15:16:10Z
1d816192-26de-5c28-99a7-793dfd023ff8,0931aca3-ffbb-57aa-b84e-284c01f774f1,13,0.6735050389254221,"[""seniman_naik_daun"", ""pernah_beli_seniman""]",model,klasifikasi-v1,2026-10-05T15:16:10Z
1d816192-26de-5c28-99a7-793dfd023ff8,6668aaa3-cf17-5996-8538-ab41cc230eab,14,0.6688266170040384,"[""gaya_favorit"", ""harga_sesuai"", ""gaya_ramai"", ""pernah_beli_seniman""]",model,klasifikasi-v1,2026-10-05T15:16:10Z
1d816192-26de-5c28-99a7-793dfd023ff8,320bd1ba-15dc-57a0-8b9b-ca2f0b67eb8a,15,0.6584196200431075,"[""gaya_favorit"", ""harga_sesuai"", ""gaya_ramai""]",model,klasifikasi-v1,2026-10-05T15:16:10Z
1d816192-26de-5c28-99a7-793dfd023ff8,46f27d0f-be60-514a-93e6-8f28a761a005,16,0.6575103427766193,"[""gaya_favorit"", ""harga_sesuai"", ""gaya_ramai""]",model,klasifikasi-v1,2026-10-05T15:16:10Z
1d816192-26de-5c28-99a7-793dfd023ff8,ad22fc44-1c65-50c5-be50-d2e1c3bbdc50,17,0.6568463519678801,"[""gaya_favorit"", ""harga_sesuai"", ""gaya_ramai""]",model,klasifikasi-v1,2026-10-05T15:16:10Z
1d816192-26de-5c28-99a7-793dfd023ff8,54fdf259-6487-562b-912f-ac0e1163f187,18,0.6534054077851416,"[""gaya_favorit"", ""harga_sesuai"", ""gaya_ramai""]",model,klasifikasi-v1,2026-10-05T15:16:10Z
1d816192-26de-5c28-99a7-793dfd023ff8,8532f4de-facb-5676-975c-9866ebdd8247,19,0.651703230451508,"[""gaya_favorit"", ""seniman_naik_daun"", ""gaya_ramai""]",model,klasifikasi-v1,2026-10-05T15:16:10Z
1d816192-26de-5c28-99a7-793dfd023ff8,7fe57ce0-0aa4-5a4e-855c-fbc916a4c08e,20,0.6486527009943447,"[""harga_sesuai"", ""pernah_beli_seniman""]",model,klasifikasi-v1,2026-10-05T15:16:10Z
87bf1596-15f4-52d5-95c9-43647331c2f3,a8ac835e-5aad-57f7-aa47-99b583d02392,1,0.8291053522197351,"[""gaya_favorit"", ""seniman_naik_daun""]",model,klasifikasi-v1,2026-10-05T15:16:10Z
87bf1596-15f4-52d5-95c9-43647331c2f3,224ba711-c5ff-581d-be53-1872a1df84ca,2,0.7748953614676312,"[""gaya_favorit"", ""harga_sesuai"", ""seniman_naik_daun""]",model,klasifikasi-v1,2026-10-05T15:16:10Z
87bf1596-15f4-52d5-95c9-43647331c2f3,d08e8450-729f-5c84-b7fb-cbf19ed311d1,3,0.7415881036424471,"[""gaya_favorit"", ""seniman_naik_daun""]",model,klasifikasi-v1,2026-10-05T15:16:10Z
87bf1596-15f4-52d5-95c9-43647331c2f3,016679fd-f015-5c7e-b41e-f69d95c9d91a,4,0.7240676968485589,"[""gaya_favorit"", ""harga_sesuai"", ""seniman_naik_daun""]",model,klasifikasi-v1,2026-10-05T15:16:10Z
87bf1596-15f4-52d5-95c9-43647331c2f3,79e25e0d-2c04-5f90-9130-3f1d94125223,5,0.7177988253023707,"[""seniman_naik_daun"", ""karya_baru""]",model,klasifikasi-v1,2026-10-05T15:16:10Z
87bf1596-15f4-52d5-95c9-43647331c2f3,c706bcb6-4b50-5c7c-95b6-cf08cee6e0bd,6,0.6687943452854657,"[""gaya_favorit"", ""harga_sesuai"", ""seniman_naik_daun""]",model,klasifikasi-v1,2026-10-05T15:16:10Z
87bf1596-15f4-52d5-95c9-43647331c2f3,88258c73-bb7b-51e8-824e-bc2ca0b939b8,7,0.666005471400529,"[""harga_sesuai"", ""seniman_naik_daun"", ""karya_baru""]",model,klasifikasi-v1,2026-10-05T15:16:10Z
87bf1596-15f4-52d5-95c9-43647331c2f3,b116070e-6e10-5b4c-8bc1-f41ce97a6883,8,0.6648999968191388,"[""gaya_favorit"", ""seniman_naik_daun"", ""karya_baru""]",model,klasifikasi-v1,2026-10-05T15:16:10Z
87bf1596-15f4-52d5-95c9-43647331c2f3,0bc9d34a-7f95-5dee-beb4-55f3af9b97c9,9,0.6315377487598086,"[""harga_sesuai"", ""seniman_naik_daun""]",model,klasifikasi-v1,2026-10-05T15:16:10Z
87bf1596-15f4-52d5-95c9-43647331c2f3,8bfc1f4d-519c-5412-8e3e-9b7ad4729b26,10,0.6258659296721877,"[""gaya_favorit"", ""seniman_naik_daun"", ""gaya_ramai""]",model,klasifikasi-v1,2026-10-05T15:16:10Z
87bf1596-15f4-52d5-95c9-43647331c2f3,1af0200c-a8bf-593f-8cb6-4f759b5f5ac1,11,0.6036238140797157,"[""harga_sesuai"", ""seniman_naik_daun""]",model,klasifikasi-v1,2026-10-05T15:16:10Z
87bf1596-15f4-52d5-95c9-43647331c2f3,6668aaa3-cf17-5996-8538-ab41cc230eab,12,0.5937619848001102,"[""gaya_favorit"", ""harga_sesuai"", ""gaya_ramai"", ""pernah_beli_seniman""]",model,klasifikasi-v1,2026-10-05T15:16:10Z
87bf1596-15f4-52d5-95c9-43647331c2f3,07d19c93-c674-54cb-9448-012eb1b60c3f,13,0.5815505862220801,"[""seniman_naik_daun""]",model,klasifikasi-v1,2026-10-05T15:16:10Z
87bf1596-15f4-52d5-95c9-43647331c2f3,231b14d2-2e75-5193-9c40-949b484944ca,14,0.5742064972725983,"[""harga_sesuai"", ""seniman_naik_daun""]",model,klasifikasi-v1,2026-10-05T15:16:10Z
87bf1596-15f4-52d5-95c9-43647331c2f3,46f27d0f-be60-514a-93e6-8f28a761a005,15,0.5725923891794379,"[""gaya_favorit"", ""harga_sesuai"", ""gaya_ramai""]",model,klasifikasi-v1,2026-10-05T15:16:10Z
87bf1596-15f4-52d5-95c9-43647331c2f3,320bd1ba-15dc-57a0-8b9b-ca2f0b67eb8a,16,0.5683183376360064,"[""gaya_favorit"", ""harga_sesuai"", ""gaya_ramai""]",model,klasifikasi-v1,2026-10-05T15:16:10Z
87bf1596-15f4-52d5-95c9-43647331c2f3,54fdf259-6487-562b-912f-ac0e1163f187,17,0.5681381625289292,"[""gaya_favorit"", ""harga_sesuai"", ""gaya_ramai""]",model,klasifikasi-v1,2026-10-05T15:16:10Z
87bf1596-15f4-52d5-95c9-43647331c2f3,2d399fc1-c809-5c2a-bdaa-6e69cefe5fb1,18,0.5652675312650615,"[""seniman_naik_daun""]",model,klasifikasi-v1,2026-10-05T15:16:10Z
87bf1596-15f4-52d5-95c9-43647331c2f3,8f923243-748b-5547-b90c-2a220e52c01f,19,0.5635027640097546,"[""gaya_favorit""]",model,klasifikasi-v1,2026-10-05T15:16:10Z
87bf1596-15f4-52d5-95c9-43647331c2f3,8856b1b5-28c4-536b-9a51-9ff06bfdbd80,20,0.56337491310865,"[""harga_sesuai"", ""seniman_naik_daun""]",model,klasifikasi-v1,2026-10-05T15:16:10Z
acf13e93-9c02-5953-af7b-9e0867f09454,6fa02afc-54a1-5e3b-a9b8-477cfb40791d,1,0.8378431421354421,"[""gaya_favorit"", ""harga_sesuai"", ""pernah_beli_seniman""]",model,klasifikasi-v1,2026-10-05T15:16:10Z
acf13e93-9c02-5953-af7b-9e0867f09454,653fc4b1-75f3-5eac-afe6-586c962be798,2,0.7471177915760248,"[""pernah_beli_seniman""]",model,klasifikasi-v1,2026-10-05T15:16:10Z
acf13e93-9c02-5953-af7b-9e0867f09454,8a247c64-cda5-5c99-9be2-94998d4b1275,3,0.7410399275674584,"[""harga_sesuai"", ""pernah_beli_seniman""]",model,klasifikasi-v1,2026-10-05T15:16:10Z
acf13e93-9c02-5953-af7b-9e0867f09454,a6c80043-8c7f-50af-b91c-091f153d3eba,4,0.73225090147493,"[""harga_sesuai"", ""pernah_beli_seniman""]",model,klasifikasi-v1,2026-10-05T15:16:10Z
acf13e93-9c02-5953-af7b-9e0867f09454,7ed552db-962e-5e78-a1a4-2d32fefa1f0c,5,0.6903806574243023,"[""pernah_beli_seniman""]",model,klasifikasi-v1,2026-10-05T15:16:10Z
acf13e93-9c02-5953-af7b-9e0867f09454,5ab09023-1f78-582e-83e8-ae95a0e3eec9,6,0.6899709922526202,"[""harga_sesuai"", ""pernah_beli_seniman""]",model,klasifikasi-v1,2026-10-05T15:16:10Z
acf13e93-9c02-5953-af7b-9e0867f09454,b470e030-c7e7-53ee-942b-4ed497fbe2ea,7,0.6674274527892897,"[""gaya_favorit"", ""harga_sesuai"", ""pernah_beli_seniman""]",model,klasifikasi-v1,2026-10-05T15:16:10Z
acf13e93-9c02-5953-af7b-9e0867f09454,2693b62a-7ed0-56ef-a511-0bb356e0e009,8,0.6593992772179571,"[""pernah_beli_seniman""]",model,klasifikasi-v1,2026-10-05T15:16:10Z
acf13e93-9c02-5953-af7b-9e0867f09454,0019ed5f-6f54-5ce4-877b-703f0717315c,9,0.6362039481582571,"[""gaya_favorit"", ""harga_sesuai"", ""pernah_beli_seniman""]",model,klasifikasi-v1,2026-10-05T15:16:10Z
acf13e93-9c02-5953-af7b-9e0867f09454,ded10c02-e3db-542d-8ff2-e0ab8c159069,10,0.6300999283071177,[],model,klasifikasi-v1,2026-10-05T15:16:10Z
acf13e93-9c02-5953-af7b-9e0867f09454,3d61eac2-6d83-5347-9d59-799ac69edc5a,11,0.6223362468648233,"[""pernah_beli_seniman""]",model,klasifikasi-v1,2026-10-05T15:16:10Z
acf13e93-9c02-5953-af7b-9e0867f09454,19b131db-ca02-5bed-b3f6-a8c0b19d8461,12,0.6082302840639072,"[""harga_sesuai"", ""gaya_ramai""]",model,klasifikasi-v1,2026-10-05T15:16:10Z
acf13e93-9c02-5953-af7b-9e0867f09454,6f5c741f-0fc0-523d-80e7-bce5940b7e1c,13,0.5608734111360275,[],model,klasifikasi-v1,2026-10-05T15:16:10Z
acf13e93-9c02-5953-af7b-9e0867f09454,a1c92378-ef32-526d-84e7-aec566d0c16a,14,0.5488330917591541,"[""gaya_favorit"", ""pernah_beli_seniman""]",model,klasifikasi-v1,2026-10-05T15:16:10Z
acf13e93-9c02-5953-af7b-9e0867f09454,6ab910ee-99bd-5039-9bf7-2e6828f994a7,15,0.5421307470890082,"[""harga_sesuai"", ""gaya_ramai"", ""pernah_beli_seniman""]",model,klasifikasi-v1,2026-10-05T15:16:10Z
acf13e93-9c02-5953-af7b-9e0867f09454,80d6863c-4309-5881-81cd-79e0a6aa59a3,16,0.5393269568060214,[],model,klasifikasi-v1,2026-10-05T15:16:10Z
acf13e93-9c02-5953-af7b-9e0867f09454,103c76e9-4997-5b31-92e1-e92276b6b167,17,0.5228201461570109,"[""harga_sesuai"", ""gaya_ramai"", ""pernah_beli_seniman""]",model,klasifikasi-v1,2026-10-05T15:16:10Z
acf13e93-9c02-5953-af7b-9e0867f09454,47b95b47-a27e-5ab4-ada7-3c28a377a401,18,0.5221970116791883,"[""gaya_favorit"", ""pernah_beli_seniman""]",model,klasifikasi-v1,2026-10-05T15:16:10Z
acf13e93-9c02-5953-af7b-9e0867f09454,af387163-4059-5c28-add7-46500bfd3add,19,0.5051256397832229,"[""harga_sesuai"", ""gaya_ramai""]",model,klasifikasi-v1,2026-10-05T15:16:10Z
acf13e93-9c02-5953-af7b-9e0867f09454,e190f16b-1166-5132-9fba-89df2753bcd5,20,0.5001934553550129,"[""harga_sesuai"", ""pernah_beli_seniman""]",model,klasifikasi-v1,2026-10-05T15:16:10Z
4d92d705-4df8-5043-9e02-eb1038c10658,a8ac835e-5aad-57f7-aa47-99b583d02392,1,0.7645827856345502,"[""gaya_favorit"", ""harga_sesuai"", ""seniman_naik_daun"", ""pernah_beli_seniman""]",model,klasifikasi-v1,2026-10-05T15:16:10Z
4d92d705-4df8-5043-9e02-eb1038c10658,79e25e0d-2c04-5f90-9130-3f1d94125223,2,0.7405054159540249,"[""harga_sesuai"", ""seniman_naik_daun"", ""pernah_beli_seniman"", ""karya_baru""]",model,klasifikasi-v1,2026-10-05T15:16:10Z
4d92d705-4df8-5043-9e02-eb1038c10658,8bfc1f4d-519c-5412-8e3e-9b7ad4729b26,3,0.7299744879186786,"[""gaya_favorit"", ""harga_sesuai"", ""seniman_naik_daun"", ""gaya_ramai""]",model,klasifikasi-v1,2026-10-05T15:16:10Z
4d92d705-4df8-5043-9e02-eb1038c10658,b116070e-6e10-5b4c-8bc1-f41ce97a6883,4,0.6989900670848073,"[""gaya_favorit"", ""harga_sesuai"", ""seniman_naik_daun"", ""karya_baru""]",model,klasifikasi-v1,2026-10-05T15:16:10Z
4d92d705-4df8-5043-9e02-eb1038c10658,016679fd-f015-5c7e-b41e-f69d95c9d91a,5,0.6667525512195507,"[""gaya_favorit"", ""seniman_naik_daun"", ""pernah_beli_seniman""]",model,klasifikasi-v1,2026-10-05T15:16:10Z
4d92d705-4df8-5043-9e02-eb1038c10658,d08e8450-729f-5c84-b7fb-cbf19ed311d1,6,0.6622846307433327,"[""gaya_favorit"", ""harga_sesuai"", ""seniman_naik_daun""]",model,klasifikasi-v1,2026-10-05T15:16:10Z
4d92d705-4df8-5043-9e02-eb1038c10658,88258c73-bb7b-51e8-824e-bc2ca0b939b8,7,0.6561546294392984,"[""seniman_naik_daun"", ""pernah_beli_seniman"", ""karya_baru""]",model,klasifikasi-v1,2026-10-05T15:16:10Z
4d92d705-4df8-5043-9e02-eb1038c10658,85e26979-7329-5374-9452-c403d03cf6d3,8,0.6518466475436094,"[""gaya_favorit"", ""harga_sesuai"", ""gaya_ramai""]",model,klasifikasi-v1,2026-10-05T15:16:10Z
4d92d705-4df8-5043-9e02-eb1038c10658,2d399fc1-c809-5c2a-bdaa-6e69cefe5fb1,9,0.6440739910829023,"[""harga_sesuai"", ""seniman_naik_daun"", ""pernah_beli_seniman""]",model,klasifikasi-v1,2026-10-05T15:16:10Z
4d92d705-4df8-5043-9e02-eb1038c10658,8f923243-748b-5547-b90c-2a220e52c01f,10,0.6425643306522856,"[""gaya_favorit"", ""harga_sesuai""]",model,klasifikasi-v1,2026-10-05T15:16:10Z
4d92d705-4df8-5043-9e02-eb1038c10658,796ab8ac-bab7-52b6-9bdd-179cdc5b16a6,11,0.6416423668420944,[],model,klasifikasi-v1,2026-10-05T15:16:10Z
4d92d705-4df8-5043-9e02-eb1038c10658,224ba711-c5ff-581d-be53-1872a1df84ca,12,0.6279413730319013,"[""gaya_favorit"", ""seniman_naik_daun"", ""pernah_beli_seniman""]",model,klasifikasi-v1,2026-10-05T15:16:10Z
4d92d705-4df8-5043-9e02-eb1038c10658,1fe5e4ec-a2db-5ef8-a46d-3f8ffa41ebe2,13,0.6245048809539283,"[""karya_baru""]",model,klasifikasi-v1,2026-10-05T15:16:10Z
4d92d705-4df8-5043-9e02-eb1038c10658,81ee86da-ba5e-5d1c-892a-cdd453f656c7,14,0.621335952226368,"[""gaya_favorit"", ""harga_sesuai"", ""gaya_ramai"", ""pernah_beli_seniman""]",model,klasifikasi-v1,2026-10-05T15:16:10Z
4d92d705-4df8-5043-9e02-eb1038c10658,c67cff2a-590f-52c2-9fdd-17734dcd647a,15,0.617415811404431,"[""gaya_favorit"", ""gaya_ramai""]",model,klasifikasi-v1,2026-10-05T15:16:10Z
4d92d705-4df8-5043-9e02-eb1038c10658,84123035-a298-5787-9622-b167937b454b,16,0.6135978461867069,"[""gaya_favorit"", ""seniman_naik_daun"", ""gaya_ramai""]",model,klasifikasi-v1,2026-10-05T15:16:10Z
4d92d705-4df8-5043-9e02-eb1038c10658,c012c748-3935-5b6e-99cb-cc2b1b367efe,17,0.6135300997202572,"[""gaya_favorit"", ""harga_sesuai"", ""gaya_ramai""]",model,klasifikasi-v1,2026-10-05T15:16:10Z
4d92d705-4df8-5043-9e02-eb1038c10658,d58a8ef3-58db-502d-a8cc-da1c43aa9f6e,18,0.6095289328343348,"[""gaya_favorit"", ""harga_sesuai"", ""gaya_ramai"", ""pernah_beli_seniman""]",model,klasifikasi-v1,2026-10-05T15:16:10Z
4d92d705-4df8-5043-9e02-eb1038c10658,07d19c93-c674-54cb-9448-012eb1b60c3f,19,0.6092521915892799,"[""harga_sesuai"", ""seniman_naik_daun"", ""pernah_beli_seniman""]",model,klasifikasi-v1,2026-10-05T15:16:10Z
4d92d705-4df8-5043-9e02-eb1038c10658,78490a31-c039-51ec-bcbf-77e13fb4b864,20,0.6079459328201282,"[""gaya_favorit"", ""gaya_ramai""]",model,klasifikasi-v1,2026-10-05T15:16:10Z
f95934b7-8c9e-541e-aff7-bfe0cd54a817,2dc1a3d9-2af8-5aef-95bb-4580395395bd,1,0.8010181451235946,"[""gaya_favorit"", ""harga_sesuai"", ""gaya_ramai"", ""pernah_beli_seniman""]",model,klasifikasi-v1,2026-10-05T15:16:10Z
f95934b7-8c9e-541e-aff7-bfe0cd54a817,af387163-4059-5c28-add7-46500bfd3add,2,0.7982850691279564,"[""gaya_favorit"", ""harga_sesuai"", ""gaya_ramai"", ""pernah_beli_seniman""]",model,klasifikasi-v1,2026-10-05T15:16:10Z
f95934b7-8c9e-541e-aff7-bfe0cd54a817,d0932440-31b0-5025-ab5b-f83ac95c2aea,3,0.7842796771067282,"[""gaya_favorit"", ""harga_sesuai"", ""gaya_ramai"", ""pernah_beli_seniman""]",model,klasifikasi-v1,2026-10-05T15:16:10Z
f95934b7-8c9e-541e-aff7-bfe0cd54a817,3f8dedef-81a9-5162-9bf4-59f3eb4eb26b,4,0.7829910257740809,"[""gaya_favorit"", ""harga_sesuai"", ""gaya_ramai"", ""pernah_beli_seniman""]",model,klasifikasi-v1,2026-10-05T15:16:10Z
f95934b7-8c9e-541e-aff7-bfe0cd54a817,8cb05ef6-4cf2-5ee6-9061-2889d32eed8b,5,0.7827499610522033,"[""gaya_favorit"", ""harga_sesuai"", ""gaya_ramai"", ""pernah_beli_seniman""]",model,klasifikasi-v1,2026-10-05T15:16:10Z
f95934b7-8c9e-541e-aff7-bfe0cd54a817,cd22a6e8-3391-53f2-9ab1-8174b63d5943,6,0.7826983029859812,"[""gaya_favorit"", ""harga_sesuai"", ""gaya_ramai"", ""pernah_beli_seniman""]",model,klasifikasi-v1,2026-10-05T15:16:10Z
f95934b7-8c9e-541e-aff7-bfe0cd54a817,47ed54a4-6a2e-5276-9603-36c52ea415de,7,0.7780504891899583,"[""gaya_favorit"", ""harga_sesuai"", ""gaya_ramai"", ""pernah_beli_seniman""]",model,klasifikasi-v1,2026-10-05T15:16:10Z
f95934b7-8c9e-541e-aff7-bfe0cd54a817,34f160b0-2ebd-5b4b-abbf-d9e60acd2b35,8,0.74372933764501,"[""gaya_favorit"", ""harga_sesuai"", ""gaya_ramai"", ""pernah_beli_seniman""]",model,klasifikasi-v1,2026-10-05T15:16:10Z
f95934b7-8c9e-541e-aff7-bfe0cd54a817,f6b44c7c-4e4b-50a2-8c28-8142c29b9ebd,9,0.7369279086657079,"[""gaya_favorit"", ""gaya_ramai"", ""pernah_beli_seniman""]",model,klasifikasi-v1,2026-10-05T15:16:10Z
f95934b7-8c9e-541e-aff7-bfe0cd54a817,bb245894-5ba5-5e26-b383-95d243655742,10,0.7369279086657079,"[""gaya_favorit"", ""gaya_ramai"", ""pernah_beli_seniman""]",model,klasifikasi-v1,2026-10-05T15:16:10Z
f95934b7-8c9e-541e-aff7-bfe0cd54a817,e296022f-e45c-5909-ac21-2cff0f53e0b2,11,0.723571332127734,"[""gaya_favorit"", ""harga_sesuai"", ""gaya_ramai"", ""pernah_beli_seniman""]",model,klasifikasi-v1,2026-10-05T15:16:10Z
f95934b7-8c9e-541e-aff7-bfe0cd54a817,a3985640-5560-52fe-9d83-1a767fec8bee,12,0.7228428928276611,"[""gaya_favorit"", ""harga_sesuai"", ""gaya_ramai"", ""pernah_beli_seniman""]",model,klasifikasi-v1,2026-10-05T15:16:10Z
f95934b7-8c9e-541e-aff7-bfe0cd54a817,ec6f4fcc-fdbb-5ffd-a910-41611a2b7e49,13,0.7173155339120355,"[""gaya_favorit"", ""harga_sesuai"", ""gaya_ramai"", ""pernah_beli_seniman""]",model,klasifikasi-v1,2026-10-05T15:16:10Z
f95934b7-8c9e-541e-aff7-bfe0cd54a817,866197c9-41b8-58ae-af14-976c6a847c11,14,0.7163874015242142,"[""gaya_favorit"", ""gaya_ramai"", ""pernah_beli_seniman""]",model,klasifikasi-v1,2026-10-05T15:16:10Z
f95934b7-8c9e-541e-aff7-bfe0cd54a817,c18b4b39-f4c7-5fc8-93e1-1830419cdee0,15,0.7138991052560387,"[""gaya_favorit"", ""harga_sesuai"", ""gaya_ramai"", ""pernah_beli_seniman""]",model,klasifikasi-v1,2026-10-05T15:16:10Z
f95934b7-8c9e-541e-aff7-bfe0cd54a817,e15ac87c-418d-5877-b3de-5f27acd81302,16,0.7070588765195436,"[""gaya_favorit"", ""gaya_ramai""]",model,klasifikasi-v1,2026-10-05T15:16:10Z
f95934b7-8c9e-541e-aff7-bfe0cd54a817,2a4666f5-fcb5-5698-b229-6dbce48a3669,17,0.7069553538154584,"[""gaya_favorit"", ""harga_sesuai"", ""gaya_ramai"", ""pernah_beli_seniman""]",model,klasifikasi-v1,2026-10-05T15:16:10Z
f95934b7-8c9e-541e-aff7-bfe0cd54a817,a3b03d91-6cbf-591d-b6ea-c1c8fa15b2c4,18,0.7069553538154584,"[""gaya_favorit"", ""harga_sesuai"", ""gaya_ramai"", ""pernah_beli_seniman""]",model,klasifikasi-v1,2026-10-05T15:16:10Z
f95934b7-8c9e-541e-aff7-bfe0cd54a817,833169db-d471-58fa-8abf-d93643696f4b,19,0.705859408924191,"[""gaya_favorit"", ""harga_sesuai"", ""gaya_ramai"", ""pernah_beli_seniman""]",model,klasifikasi-v1,2026-10-05T15:16:10Z
f95934b7-8c9e-541e-aff7-bfe0cd54a817,9349bf99-62dc-596c-915f-6594321c44de,20,0.7055902921952069,"[""gaya_favorit"", ""gaya_ramai"", ""pernah_beli_seniman""]",model,klasifikasi-v1,2026-10-05T15:16:10Z
9d360ee0-0088-5658-a8d1-0db5083b94f7,3d61eac2-6d83-5347-9d59-799ac69edc5a,1,0.7112241187828787,"[""harga_sesuai"", ""pernah_beli_seniman""]",model,klasifikasi-v1,2026-10-05T15:16:10Z
9d360ee0-0088-5658-a8d1-0db5083b94f7,653fc4b1-75f3-5eac-afe6-586c962be798,2,0.677670859527658,"[""harga_sesuai"", ""pernah_beli_seniman""]",model,klasifikasi-v1,2026-10-05T15:16:10Z
9d360ee0-0088-5658-a8d1-0db5083b94f7,6ab910ee-99bd-5039-9bf7-2e6828f994a7,3,0.665649611213506,"[""gaya_favorit"", ""gaya_ramai"", ""pernah_beli_seniman""]",model,klasifikasi-v1,2026-10-05T15:16:10Z
9d360ee0-0088-5658-a8d1-0db5083b94f7,7ed552db-962e-5e78-a1a4-2d32fefa1f0c,4,0.6546236486469496,"[""pernah_beli_seniman""]",model,klasifikasi-v1,2026-10-05T15:16:10Z
9d360ee0-0088-5658-a8d1-0db5083b94f7,2693b62a-7ed0-56ef-a511-0bb356e0e009,5,0.6460540935163126,"[""pernah_beli_seniman""]",model,klasifikasi-v1,2026-10-05T15:16:10Z
9d360ee0-0088-5658-a8d1-0db5083b94f7,f01a7b2c-1e11-597c-afeb-96705f31b4d5,6,0.6378456119341881,"[""gaya_favorit"", ""harga_sesuai"", ""gaya_ramai"", ""pernah_beli_seniman""]",model,klasifikasi-v1,2026-10-05T15:16:10Z
9d360ee0-0088-5658-a8d1-0db5083b94f7,1c18f330-e3a0-5c45-8b4a-4340319c6f6b,7,0.6342119487964376,"[""harga_sesuai"", ""pernah_beli_seniman""]",model,klasifikasi-v1,2026-10-05T15:16:10Z
9d360ee0-0088-5658-a8d1-0db5083b94f7,8a247c64-cda5-5c99-9be2-94998d4b1275,8,0.6050818338677364,"[""pernah_beli_seniman""]",model,klasifikasi-v1,2026-10-05T15:16:10Z
9d360ee0-0088-5658-a8d1-0db5083b94f7,88258c73-bb7b-51e8-824e-bc2ca0b939b8,9,0.5791695879528698,"[""seniman_naik_daun"", ""karya_baru""]",model,klasifikasi-v1,2026-10-05T15:16:10Z
9d360ee0-0088-5658-a8d1-0db5083b94f7,ab56a64c-b79d-5092-8002-0652f839ad06,10,0.5677057955034251,"[""harga_sesuai"", ""pernah_beli_seniman""]",model,klasifikasi-v1,2026-10-05T15:16:10Z
9d360ee0-0088-5658-a8d1-0db5083b94f7,16545722-15c8-55bc-b78b-f46c0496a505,11,0.5635172747737837,"[""harga_sesuai"", ""pernah_beli_seniman""]",model,klasifikasi-v1,2026-10-05T15:16:10Z
9d360ee0-0088-5658-a8d1-0db5083b94f7,320bd1ba-15dc-57a0-8b9b-ca2f0b67eb8a,12,0.5517832333017377,"[""gaya_favorit"", ""gaya_ramai""]",model,klasifikasi-v1,2026-10-05T15:16:10Z
9d360ee0-0088-5658-a8d1-0db5083b94f7,1b284f0a-4933-57f5-a5d9-d38488a7227c,13,0.5509853141499323,"[""harga_sesuai""]",model,klasifikasi-v1,2026-10-05T15:16:10Z
9d360ee0-0088-5658-a8d1-0db5083b94f7,ad22fc44-1c65-50c5-be50-d2e1c3bbdc50,14,0.5474551576043512,"[""gaya_favorit"", ""gaya_ramai""]",model,klasifikasi-v1,2026-10-05T15:16:10Z
9d360ee0-0088-5658-a8d1-0db5083b94f7,0e102d63-ff8f-5e6b-bbdc-2a5d6e668cb1,15,0.545134164655444,"[""harga_sesuai""]",model,klasifikasi-v1,2026-10-05T15:16:10Z
9d360ee0-0088-5658-a8d1-0db5083b94f7,0bc9d34a-7f95-5dee-beb4-55f3af9b97c9,16,0.5451133640600894,"[""seniman_naik_daun""]",model,klasifikasi-v1,2026-10-05T15:16:10Z
9d360ee0-0088-5658-a8d1-0db5083b94f7,ded10c02-e3db-542d-8ff2-e0ab8c159069,17,0.5387828726463323,"[""harga_sesuai""]",model,klasifikasi-v1,2026-10-05T15:16:10Z
9d360ee0-0088-5658-a8d1-0db5083b94f7,6f5c741f-0fc0-523d-80e7-bce5940b7e1c,18,0.5277739730006415,[],model,klasifikasi-v1,2026-10-05T15:16:10Z
9d360ee0-0088-5658-a8d1-0db5083b94f7,80d6863c-4309-5881-81cd-79e0a6aa59a3,19,0.5216774786415119,[],model,klasifikasi-v1,2026-10-05T15:16:10Z
9d360ee0-0088-5658-a8d1-0db5083b94f7,556ac5bd-b36f-5124-8750-d92fefc82d2d,20,0.49793393458870294,"[""pernah_beli_seniman"", ""karya_baru""]",model,klasifikasi-v1,2026-10-05T15:16:10Z
ce7d11b4-b434-57d4-a507-54d40c8eb223,2dc1a3d9-2af8-5aef-95bb-4580395395bd,1,0.7620865919905503,"[""gaya_favorit"", ""gaya_ramai"", ""pernah_beli_seniman""]",model,klasifikasi-v1,2026-10-05T15:16:10Z
ce7d11b4-b434-57d4-a507-54d40c8eb223,af387163-4059-5c28-add7-46500bfd3add,2,0.7620865919905503,"[""gaya_favorit"", ""harga_sesuai"", ""gaya_ramai"", ""pernah_beli_seniman""]",model,klasifikasi-v1,2026-10-05T15:16:10Z
ce7d11b4-b434-57d4-a507-54d40c8eb223,c5d03f92-aa6d-5593-928e-3b2857ad1853,3,0.749450643973627,"[""gaya_favorit"", ""pernah_beli_seniman""]",model,klasifikasi-v1,2026-10-05T15:16:10Z
ce7d11b4-b434-57d4-a507-54d40c8eb223,8cb05ef6-4cf2-5ee6-9061-2889d32eed8b,4,0.7446553861347542,"[""gaya_favorit"", ""harga_sesuai"", ""gaya_ramai"", ""pernah_beli_seniman""]",model,klasifikasi-v1,2026-10-05T15:16:10Z
ce7d11b4-b434-57d4-a507-54d40c8eb223,7bff47f0-16f0-5de4-9435-5616df9279ca,5,0.7399681352908795,"[""gaya_favorit"", ""harga_sesuai"", ""pernah_beli_seniman""]",model,klasifikasi-v1,2026-10-05T15:16:10Z
ce7d11b4-b434-57d4-a507-54d40c8eb223,9349bf99-62dc-596c-915f-6594321c44de,6,0.7399342541730473,"[""gaya_favorit"", ""harga_sesuai"", ""gaya_ramai"", ""pernah_beli_seniman""]",model,klasifikasi-v1,2026-10-05T15:16:10Z
ce7d11b4-b434-57d4-a507-54d40c8eb223,3dbbe20e-9781-5936-bae9-c1cfacd61a09,7,0.7399342541730473,"[""gaya_favorit"", ""harga_sesuai"", ""gaya_ramai"", ""pernah_beli_seniman""]",model,klasifikasi-v1,2026-10-05T15:16:10Z
ce7d11b4-b434-57d4-a507-54d40c8eb223,47ed54a4-6a2e-5276-9603-36c52ea415de,8,0.739406209278844,"[""gaya_favorit"", ""harga_sesuai"", ""gaya_ramai"", ""pernah_beli_seniman""]",model,klasifikasi-v1,2026-10-05T15:16:10Z
ce7d11b4-b434-57d4-a507-54d40c8eb223,da1e02a9-b5b0-5dd8-b213-4302c25d95f9,9,0.7377294313066607,"[""gaya_favorit"", ""harga_sesuai"", ""gaya_ramai"", ""pernah_beli_seniman""]",model,klasifikasi-v1,2026-10-05T15:16:10Z
ce7d11b4-b434-57d4-a507-54d40c8eb223,087419b7-5d7b-53df-aa0f-1e80f02a0377,10,0.7377294313066607,"[""gaya_favorit"", ""harga_sesuai"", ""gaya_ramai"", ""pernah_beli_seniman""]",model,klasifikasi-v1,2026-10-05T15:16:10Z
ce7d11b4-b434-57d4-a507-54d40c8eb223,cd22a6e8-3391-53f2-9ab1-8174b63d5943,11,0.7361706276663431,"[""gaya_favorit"", ""harga_sesuai"", ""gaya_ramai"", ""pernah_beli_seniman""]",model,klasifikasi-v1,2026-10-05T15:16:10Z
ce7d11b4-b434-57d4-a507-54d40c8eb223,daeb60e8-db84-5a23-a92f-401fc4f8c8e9,12,0.7323890433593583,"[""gaya_favorit"", ""harga_sesuai"", ""gaya_ramai"", ""pernah_beli_seniman""]",model,klasifikasi-v1,2026-10-05T15:16:10Z
ce7d11b4-b434-57d4-a507-54d40c8eb223,784f6648-d504-5733-ba76-2d90ce171c97,13,0.7323890433593583,"[""gaya_favorit"", ""harga_sesuai"", ""gaya_ramai"", ""pernah_beli_seniman""]",model,klasifikasi-v1,2026-10-05T15:16:10Z
ce7d11b4-b434-57d4-a507-54d40c8eb223,07425d78-e06e-583d-8083-ee3395fa2d20,14,0.7323473373911703,"[""gaya_favorit"", ""harga_sesuai"", ""gaya_ramai"", ""pernah_beli_seniman""]",model,klasifikasi-v1,2026-10-05T15:16:10Z
ce7d11b4-b434-57d4-a507-54d40c8eb223,d0932440-31b0-5025-ab5b-f83ac95c2aea,15,0.7275566424769324,"[""gaya_favorit"", ""gaya_ramai"", ""pernah_beli_seniman""]",model,klasifikasi-v1,2026-10-05T15:16:10Z
ce7d11b4-b434-57d4-a507-54d40c8eb223,3f8dedef-81a9-5162-9bf4-59f3eb4eb26b,16,0.7234633504599112,"[""gaya_favorit"", ""gaya_ramai"", ""pernah_beli_seniman""]",model,klasifikasi-v1,2026-10-05T15:16:10Z
ce7d11b4-b434-57d4-a507-54d40c8eb223,998d5b90-e146-544c-8f57-8d949cc3b1a0,17,0.7218954087333612,"[""gaya_favorit"", ""harga_sesuai"", ""pernah_beli_seniman""]",model,klasifikasi-v1,2026-10-05T15:16:10Z
ce7d11b4-b434-57d4-a507-54d40c8eb223,6ccd5319-a365-5623-8263-83aee2187374,18,0.693691435506756,"[""gaya_favorit"", ""harga_sesuai"", ""pernah_beli_seniman""]",model,klasifikasi-v1,2026-10-05T15:16:10Z
ce7d11b4-b434-57d4-a507-54d40c8eb223,f6b44c7c-4e4b-50a2-8c28-8142c29b9ebd,19,0.6867502127306435,"[""gaya_favorit"", ""harga_sesuai"", ""gaya_ramai"", ""pernah_beli_seniman""]",model,klasifikasi-v1,2026-10-05T15:16:10Z
ce7d11b4-b434-57d4-a507-54d40c8eb223,bb245894-5ba5-5e26-b383-95d243655742,20,0.6867502127306435,"[""gaya_favorit"", ""harga_sesuai"", ""gaya_ramai"", ""pernah_beli_seniman""]",model,klasifikasi-v1,2026-10-05T15:16:10Z
9d8ddd11-a801-58bc-9aaa-664e027e1f0a,7ed552db-962e-5e78-a1a4-2d32fefa1f0c,1,0.6867843048084432,"[""harga_sesuai"", ""pernah_beli_seniman""]",model,klasifikasi-v1,2026-10-05T15:16:10Z
9d8ddd11-a801-58bc-9aaa-664e027e1f0a,653fc4b1-75f3-5eac-afe6-586c962be798,2,0.67169840310488,"[""harga_sesuai"", ""pernah_beli_seniman""]",model,klasifikasi-v1,2026-10-05T15:16:10Z
9d8ddd11-a801-58bc-9aaa-664e027e1f0a,3d61eac2-6d83-5347-9d59-799ac69edc5a,3,0.6631506414763382,"[""harga_sesuai"", ""pernah_beli_seniman""]",model,klasifikasi-v1,2026-10-05T15:16:10Z
9d8ddd11-a801-58bc-9aaa-664e027e1f0a,f01a7b2c-1e11-597c-afeb-96705f31b4d5,4,0.6542966814801587,"[""gaya_favorit"", ""harga_sesuai"", ""gaya_ramai""]",model,klasifikasi-v1,2026-10-05T15:16:10Z
9d8ddd11-a801-58bc-9aaa-664e027e1f0a,0bc9d34a-7f95-5dee-beb4-55f3af9b97c9,5,0.6456674095261926,"[""seniman_naik_daun""]",model,klasifikasi-v1,2026-10-05T15:16:10Z
9d8ddd11-a801-58bc-9aaa-664e027e1f0a,ab56a64c-b79d-5092-8002-0652f839ad06,6,0.6262386863007567,"[""harga_sesuai"", ""pernah_beli_seniman""]",model,klasifikasi-v1,2026-10-05T15:16:10Z
9d8ddd11-a801-58bc-9aaa-664e027e1f0a,1c18f330-e3a0-5c45-8b4a-4340319c6f6b,7,0.623173653855392,"[""harga_sesuai"", ""pernah_beli_seniman""]",model,klasifikasi-v1,2026-10-05T15:16:10Z
9d8ddd11-a801-58bc-9aaa-664e027e1f0a,0e102d63-ff8f-5e6b-bbdc-2a5d6e668cb1,8,0.5737714663328786,"[""harga_sesuai""]",model,klasifikasi-v1,2026-10-05T15:16:10Z
9d8ddd11-a801-58bc-9aaa-664e027e1f0a,ded10c02-e3db-542d-8ff2-e0ab8c159069,9,0.5681400752092803,[],model,klasifikasi-v1,2026-10-05T15:16:10Z
9d8ddd11-a801-58bc-9aaa-664e027e1f0a,a724961d-392c-586e-9da5-8e9342c6fd29,10,0.5457460100020916,"[""karya_baru""]",model,klasifikasi-v1,2026-10-05T15:16:10Z
9d8ddd11-a801-58bc-9aaa-664e027e1f0a,ad22fc44-1c65-50c5-be50-d2e1c3bbdc50,11,0.5356760727917929,"[""gaya_favorit"", ""gaya_ramai""]",model,klasifikasi-v1,2026-10-05T15:16:10Z
9d8ddd11-a801-58bc-9aaa-664e027e1f0a,b82ffac4-9b18-5129-bb4f-76d6267ef825,12,0.5351177823273179,"[""harga_sesuai"", ""seniman_naik_daun""]",model,klasifikasi-v1,2026-10-05T15:16:10Z
9d8ddd11-a801-58bc-9aaa-664e027e1f0a,16545722-15c8-55bc-b78b-f46c0496a505,13,0.5314525210741172,"[""harga_sesuai"", ""pernah_beli_seniman""]",model,klasifikasi-v1,2026-10-05T15:16:10Z
9d8ddd11-a801-58bc-9aaa-664e027e1f0a,1af0200c-a8bf-593f-8cb6-4f759b5f5ac1,14,0.530572275478372,"[""seniman_naik_daun""]",model,klasifikasi-v1,2026-10-05T15:16:10Z
9d8ddd11-a801-58bc-9aaa-664e027e1f0a,6f5c741f-0fc0-523d-80e7-bce5940b7e1c,15,0.5268622465991947,"[""harga_sesuai""]",model,klasifikasi-v1,2026-10-05T15:16:10Z
9d8ddd11-a801-58bc-9aaa-664e027e1f0a,ab4a3c71-9387-56bc-a801-1beeee2639d7,16,0.5249337081716086,"[""gaya_favorit"", ""gaya_ramai""]",model,klasifikasi-v1,2026-10-05T15:16:10Z
9d8ddd11-a801-58bc-9aaa-664e027e1f0a,e15ac87c-418d-5877-b3de-5f27acd81302,17,0.5223645869371938,"[""gaya_favorit"", ""harga_sesuai"", ""gaya_ramai""]",model,klasifikasi-v1,2026-10-05T15:16:10Z
9d8ddd11-a801-58bc-9aaa-664e027e1f0a,556ac5bd-b36f-5124-8750-d92fefc82d2d,18,0.5180455546529293,"[""harga_sesuai"", ""karya_baru""]",model,klasifikasi-v1,2026-10-05T15:16:10Z
9d8ddd11-a801-58bc-9aaa-664e027e1f0a,c5d03f92-aa6d-5593-928e-3b2857ad1853,19,0.5004053682262442,"[""harga_sesuai""]",model,klasifikasi-v1,2026-10-05T15:16:10Z
9d8ddd11-a801-58bc-9aaa-664e027e1f0a,231b14d2-2e75-5193-9c40-949b484944ca,20,0.5002222446108063,"[""seniman_naik_daun""]",model,klasifikasi-v1,2026-10-05T15:16:10Z
f6c35744-f8c6-5fce-b0ed-c49ea35ae327,88258c73-bb7b-51e8-824e-bc2ca0b939b8,1,0.843070974326357,"[""seniman_naik_daun"", ""pernah_beli_seniman"", ""karya_baru""]",model,klasifikasi-v1,2026-10-05T15:16:10Z
f6c35744-f8c6-5fce-b0ed-c49ea35ae327,79e25e0d-2c04-5f90-9130-3f1d94125223,2,0.7209498190434375,"[""seniman_naik_daun"", ""pernah_beli_seniman"", ""karya_baru""]",model,klasifikasi-v1,2026-10-05T15:16:10Z
f6c35744-f8c6-5fce-b0ed-c49ea35ae327,ded10c02-e3db-542d-8ff2-e0ab8c159069,3,0.7187486232993427,"[""harga_sesuai"", ""pernah_beli_seniman""]",model,klasifikasi-v1,2026-10-05T15:16:10Z
f6c35744-f8c6-5fce-b0ed-c49ea35ae327,b82ffac4-9b18-5129-bb4f-76d6267ef825,4,0.7161520823162593,"[""harga_sesuai"", ""seniman_naik_daun"", ""pernah_beli_seniman""]",model,klasifikasi-v1,2026-10-05T15:16:10Z
f6c35744-f8c6-5fce-b0ed-c49ea35ae327,0e102d63-ff8f-5e6b-bbdc-2a5d6e668cb1,5,0.7118533742571127,"[""harga_sesuai"", ""pernah_beli_seniman""]",model,klasifikasi-v1,2026-10-05T15:16:10Z
f6c35744-f8c6-5fce-b0ed-c49ea35ae327,df002552-8f03-5997-b452-e24a915621dd,6,0.7033763160293024,"[""seniman_naik_daun"", ""pernah_beli_seniman""]",model,klasifikasi-v1,2026-10-05T15:16:10Z
f6c35744-f8c6-5fce-b0ed-c49ea35ae327,0bc9d34a-7f95-5dee-beb4-55f3af9b97c9,7,0.7002264983076908,"[""seniman_naik_daun"", ""pernah_beli_seniman""]",model,klasifikasi-v1,2026-10-05T15:16:10Z
f6c35744-f8c6-5fce-b0ed-c49ea35ae327,1af0200c-a8bf-593f-8cb6-4f759b5f5ac1,8,0.6872360094963048,"[""seniman_naik_daun"", ""pernah_beli_seniman""]",model,klasifikasi-v1,2026-10-05T15:16:10Z
f6c35744-f8c6-5fce-b0ed-c49ea35ae327,c5d03f92-aa6d-5593-928e-3b2857ad1853,9,0.6768739254008982,"[""pernah_beli_seniman""]",model,klasifikasi-v1,2026-10-05T15:16:10Z
f6c35744-f8c6-5fce-b0ed-c49ea35ae327,21d58bce-aee7-5c2c-9757-2101e0911a9e,10,0.6746962415968497,"[""pernah_beli_seniman""]",model,klasifikasi-v1,2026-10-05T15:16:10Z
f6c35744-f8c6-5fce-b0ed-c49ea35ae327,1b284f0a-4933-57f5-a5d9-d38488a7227c,11,0.671595759178192,"[""harga_sesuai"", ""pernah_beli_seniman""]",model,klasifikasi-v1,2026-10-05T15:16:10Z
f6c35744-f8c6-5fce-b0ed-c49ea35ae327,6f5c741f-0fc0-523d-80e7-bce5940b7e1c,12,0.6689796297142064,"[""pernah_beli_seniman""]",model,klasifikasi-v1,2026-10-05T15:16:10Z
f6c35744-f8c6-5fce-b0ed-c49ea35ae327,7ba04b01-9924-5de2-9ea7-9d0e178b5a76,13,0.66766690687706,"[""harga_sesuai"", ""pernah_beli_seniman""]",model,klasifikasi-v1,2026-10-05T15:16:10Z
f6c35744-f8c6-5fce-b0ed-c49ea35ae327,8856b1b5-28c4-536b-9a51-9ff06bfdbd80,14,0.6384864370089359,"[""seniman_naik_daun"", ""pernah_beli_seniman""]",model,klasifikasi-v1,2026-10-05T15:16:10Z
f6c35744-f8c6-5fce-b0ed-c49ea35ae327,80d6863c-4309-5881-81cd-79e0a6aa59a3,15,0.6368963183859075,"[""pernah_beli_seniman""]",model,klasifikasi-v1,2026-10-05T15:16:10Z
f6c35744-f8c6-5fce-b0ed-c49ea35ae327,0931aca3-ffbb-57aa-b84e-284c01f774f1,16,0.6346259494637662,"[""seniman_naik_daun"", ""pernah_beli_seniman""]",model,klasifikasi-v1,2026-10-05T15:16:10Z
f6c35744-f8c6-5fce-b0ed-c49ea35ae327,e4e1ce05-e95f-55ae-95fd-b46c0e364e4d,17,0.6335877989701558,"[""seniman_naik_daun"", ""pernah_beli_seniman""]",model,klasifikasi-v1,2026-10-05T15:16:10Z
f6c35744-f8c6-5fce-b0ed-c49ea35ae327,231b14d2-2e75-5193-9c40-949b484944ca,18,0.6315963351426913,"[""seniman_naik_daun"", ""pernah_beli_seniman""]",model,klasifikasi-v1,2026-10-05T15:16:10Z
f6c35744-f8c6-5fce-b0ed-c49ea35ae327,50f3106b-4608-5dec-abd4-f3513db77175,19,0.6315632802625744,"[""harga_sesuai"", ""pernah_beli_seniman""]",model,klasifikasi-v1,2026-10-05T15:16:10Z
f6c35744-f8c6-5fce-b0ed-c49ea35ae327,07d19c93-c674-54cb-9448-012eb1b60c3f,20,0.6091149012577889,"[""seniman_naik_daun"", ""pernah_beli_seniman""]",model,klasifikasi-v1,2026-10-05T15:16:10Z
a0c9e075-3c1c-5be0-aa5c-9c55c32e3b33,f6b44c7c-4e4b-50a2-8c28-8142c29b9ebd,1,0.8504891915488988,"[""gaya_favorit"", ""gaya_ramai"", ""pernah_beli_seniman""]",model,klasifikasi-v1,2026-10-05T15:16:10Z
a0c9e075-3c1c-5be0-aa5c-9c55c32e3b33,bb245894-5ba5-5e26-b383-95d243655742,2,0.8504891915488988,"[""gaya_favorit"", ""gaya_ramai"", ""pernah_beli_seniman""]",model,klasifikasi-v1,2026-10-05T15:16:10Z
a0c9e075-3c1c-5be0-aa5c-9c55c32e3b33,af387163-4059-5c28-add7-46500bfd3add,3,0.8361476975411559,"[""gaya_favorit"", ""gaya_ramai"", ""pernah_beli_seniman""]",model,klasifikasi-v1,2026-10-05T15:16:10Z
a0c9e075-3c1c-5be0-aa5c-9c55c32e3b33,9349bf99-62dc-596c-915f-6594321c44de,4,0.8278289997757111,"[""gaya_favorit"", ""gaya_ramai"", ""pernah_beli_seniman""]",model,klasifikasi-v1,2026-10-05T15:16:10Z
a0c9e075-3c1c-5be0-aa5c-9c55c32e3b33,07425d78-e06e-583d-8083-ee3395fa2d20,5,0.8278289997757111,"[""gaya_favorit"", ""gaya_ramai"", ""pernah_beli_seniman""]",model,klasifikasi-v1,2026-10-05T15:16:10Z
a0c9e075-3c1c-5be0-aa5c-9c55c32e3b33,3dbbe20e-9781-5936-bae9-c1cfacd61a09,6,0.8278289997757111,"[""gaya_favorit"", ""gaya_ramai"", ""pernah_beli_seniman""]",model,klasifikasi-v1,2026-10-05T15:16:10Z
a0c9e075-3c1c-5be0-aa5c-9c55c32e3b33,2dc1a3d9-2af8-5aef-95bb-4580395395bd,7,0.8250707060451001,"[""gaya_favorit"", ""gaya_ramai"", ""pernah_beli_seniman""]",model,klasifikasi-v1,2026-10-05T15:16:10Z
a0c9e075-3c1c-5be0-aa5c-9c55c32e3b33,8cb05ef6-4cf2-5ee6-9061-2889d32eed8b,8,0.8228816032400403,"[""gaya_favorit"", ""gaya_ramai"", ""pernah_beli_seniman""]",model,klasifikasi-v1,2026-10-05T15:16:10Z
a0c9e075-3c1c-5be0-aa5c-9c55c32e3b33,da1e02a9-b5b0-5dd8-b213-4302c25d95f9,9,0.8228816032400403,"[""gaya_favorit"", ""gaya_ramai"", ""pernah_beli_seniman""]",model,klasifikasi-v1,2026-10-05T15:16:10Z
a0c9e075-3c1c-5be0-aa5c-9c55c32e3b33,087419b7-5d7b-53df-aa0f-1e80f02a0377,10,0.8228816032400403,"[""gaya_favorit"", ""gaya_ramai"", ""pernah_beli_seniman""]",model,klasifikasi-v1,2026-10-05T15:16:10Z
a0c9e075-3c1c-5be0-aa5c-9c55c32e3b33,47ed54a4-6a2e-5276-9603-36c52ea415de,11,0.8188493380628232,"[""gaya_favorit"", ""gaya_ramai"", ""pernah_beli_seniman""]",model,klasifikasi-v1,2026-10-05T15:16:10Z
a0c9e075-3c1c-5be0-aa5c-9c55c32e3b33,daeb60e8-db84-5a23-a92f-401fc4f8c8e9,12,0.8188493380628232,"[""gaya_favorit"", ""gaya_ramai"", ""pernah_beli_seniman""]",model,klasifikasi-v1,2026-10-05T15:16:10Z
a0c9e075-3c1c-5be0-aa5c-9c55c32e3b33,784f6648-d504-5733-ba76-2d90ce171c97,13,0.8188493380628232,"[""gaya_favorit"", ""gaya_ramai"", ""pernah_beli_seniman""]",model,klasifikasi-v1,2026-10-05T15:16:10Z
a0c9e075-3c1c-5be0-aa5c-9c55c32e3b33,3f8dedef-81a9-5162-9bf4-59f3eb4eb26b,14,0.812246329670878,"[""gaya_favorit"", ""gaya_ramai"", ""pernah_beli_seniman""]",model,klasifikasi-v1,2026-10-05T15:16:10Z
a0c9e075-3c1c-5be0-aa5c-9c55c32e3b33,cd22a6e8-3391-53f2-9ab1-8174b63d5943,15,0.7983177571093217,"[""gaya_favorit"", ""gaya_ramai"", ""pernah_beli_seniman""]",model,klasifikasi-v1,2026-10-05T15:16:10Z
a0c9e075-3c1c-5be0-aa5c-9c55c32e3b33,d0932440-31b0-5025-ab5b-f83ac95c2aea,16,0.7960759660472464,"[""gaya_favorit"", ""gaya_ramai"", ""pernah_beli_seniman""]",model,klasifikasi-v1,2026-10-05T15:16:10Z
a0c9e075-3c1c-5be0-aa5c-9c55c32e3b33,85004bef-2c18-5bd2-903c-b4ec282c33d7,17,0.7926050131533493,"[""gaya_favorit"", ""gaya_ramai"", ""pernah_beli_seniman""]",model,klasifikasi-v1,2026-10-05T15:16:10Z
a0c9e075-3c1c-5be0-aa5c-9c55c32e3b33,0620a6aa-b018-5972-a649-2744f9c011ff,18,0.7924992384807346,"[""gaya_favorit"", ""gaya_ramai"", ""pernah_beli_seniman""]",model,klasifikasi-v1,2026-10-05T15:16:10Z
a0c9e075-3c1c-5be0-aa5c-9c55c32e3b33,a15901b3-6a37-585e-a395-852817ec6245,19,0.7885197662484934,"[""gaya_favorit"", ""gaya_ramai"", ""pernah_beli_seniman""]",model,klasifikasi-v1,2026-10-05T15:16:10Z
a0c9e075-3c1c-5be0-aa5c-9c55c32e3b33,7fcbb956-98a6-5ae1-bb9d-9daab0a2a18e,20,0.7836535951829081,"[""gaya_favorit"", ""gaya_ramai"", ""pernah_beli_seniman""]",model,klasifikasi-v1,2026-10-05T15:16:10Z
5aaedc22-3a57-56fe-afc2-35293cd5b01a,eda83e84-0da4-5e10-8806-54d78aaa1b25,1,0.7337295009608078,"[""gaya_favorit"", ""harga_sesuai"", ""pernah_beli_seniman""]",model,klasifikasi-v1,2026-10-05T15:16:10Z
5aaedc22-3a57-56fe-afc2-35293cd5b01a,4d35efc8-df97-5980-8433-d2c6fea9a338,2,0.7153834478885264,"[""gaya_favorit"", ""pernah_beli_seniman""]",model,klasifikasi-v1,2026-10-05T15:16:10Z
5aaedc22-3a57-56fe-afc2-35293cd5b01a,2f036957-6d6b-5189-b72d-9da47ece73bf,3,0.7135626540002538,"[""gaya_favorit"", ""pernah_beli_seniman""]",model,klasifikasi-v1,2026-10-05T15:16:10Z
5aaedc22-3a57-56fe-afc2-35293cd5b01a,07e92885-0f12-5d71-b8e5-6494136f30b9,4,0.6696067133201519,"[""gaya_favorit"", ""pernah_beli_seniman""]",model,klasifikasi-v1,2026-10-05T15:16:10Z
5aaedc22-3a57-56fe-afc2-35293cd5b01a,f11b3357-aa35-5db6-b648-6aa5a777f7c2,5,0.6319061362844528,"[""gaya_favorit"", ""pernah_beli_seniman""]",model,klasifikasi-v1,2026-10-05T15:16:10Z
5aaedc22-3a57-56fe-afc2-35293cd5b01a,10ff8f99-5230-5ca4-95d0-dec43990e51e,6,0.6273946620307407,"[""gaya_favorit"", ""pernah_beli_seniman""]",model,klasifikasi-v1,2026-10-05T15:16:10Z
5aaedc22-3a57-56fe-afc2-35293cd5b01a,88258c73-bb7b-51e8-824e-bc2ca0b939b8,7,0.6109108456801101,"[""seniman_naik_daun"", ""karya_baru""]",model,klasifikasi-v1,2026-10-05T15:16:10Z
5aaedc22-3a57-56fe-afc2-35293cd5b01a,2c540a0c-a2ff-5f37-ba88-a5ad28626312,8,0.5998287995618167,"[""harga_sesuai"", ""gaya_ramai""]",model,klasifikasi-v1,2026-10-05T15:16:10Z
5aaedc22-3a57-56fe-afc2-35293cd5b01a,a787141a-03d9-521b-9547-4a579c6b4ffd,9,0.5880827550190446,"[""gaya_favorit"", ""harga_sesuai"", ""pernah_beli_seniman""]",model,klasifikasi-v1,2026-10-05T15:16:10Z
5aaedc22-3a57-56fe-afc2-35293cd5b01a,0bc9d34a-7f95-5dee-beb4-55f3af9b97c9,10,0.5596255261317217,"[""seniman_naik_daun""]",model,klasifikasi-v1,2026-10-05T15:16:10Z
5aaedc22-3a57-56fe-afc2-35293cd5b01a,1e6e7e2e-feda-53b1-9ac3-d6b449db89c8,11,0.558332068176827,"[""gaya_favorit"", ""pernah_beli_seniman""]",model,klasifikasi-v1,2026-10-05T15:16:10Z
5aaedc22-3a57-56fe-afc2-35293cd5b01a,d1e98d6d-42fd-5209-a1bf-aa4aa0038bcd,12,0.554782069832206,"[""gaya_favorit"", ""pernah_beli_seniman""]",model,klasifikasi-v1,2026-10-05T15:16:10Z
5aaedc22-3a57-56fe-afc2-35293cd5b01a,c5d03f92-aa6d-5593-928e-3b2857ad1853,13,0.5530817015631959,"[""pernah_beli_seniman""]",model,klasifikasi-v1,2026-10-05T15:16:10Z
5aaedc22-3a57-56fe-afc2-35293cd5b01a,ab4a3c71-9387-56bc-a801-1beeee2639d7,14,0.5530635704724608,"[""harga_sesuai"", ""gaya_ramai"", ""pernah_beli_seniman""]",model,klasifikasi-v1,2026-10-05T15:16:10Z
5aaedc22-3a57-56fe-afc2-35293cd5b01a,cb30c473-fc93-5300-ae6b-efae5c532f68,15,0.5482201402983728,"[""gaya_favorit"", ""harga_sesuai"", ""pernah_beli_seniman""]",model,klasifikasi-v1,2026-10-05T15:16:10Z
5aaedc22-3a57-56fe-afc2-35293cd5b01a,34f160b0-2ebd-5b4b-abbf-d9e60acd2b35,16,0.5476718570984603,"[""gaya_ramai""]",model,klasifikasi-v1,2026-10-05T15:16:10Z
5aaedc22-3a57-56fe-afc2-35293cd5b01a,866197c9-41b8-58ae-af14-976c6a847c11,17,0.5455900275363741,"[""gaya_ramai""]",model,klasifikasi-v1,2026-10-05T15:16:10Z
5aaedc22-3a57-56fe-afc2-35293cd5b01a,d48d3793-0d94-54bf-8cd8-bd45835a8231,18,0.5426792362171593,"[""harga_sesuai"", ""gaya_ramai"", ""pernah_beli_seniman""]",model,klasifikasi-v1,2026-10-05T15:16:10Z
5aaedc22-3a57-56fe-afc2-35293cd5b01a,ded10c02-e3db-542d-8ff2-e0ab8c159069,19,0.5426122452502077,"[""harga_sesuai""]",model,klasifikasi-v1,2026-10-05T15:16:10Z
5aaedc22-3a57-56fe-afc2-35293cd5b01a,b82ffac4-9b18-5129-bb4f-76d6267ef825,20,0.5369391571934846,"[""harga_sesuai"", ""seniman_naik_daun""]",model,klasifikasi-v1,2026-10-05T15:16:10Z
546965ee-d8ae-5195-ac49-c2d0521933fa,c5d03f92-aa6d-5593-928e-3b2857ad1853,1,0.863236409718826,"[""gaya_favorit"", ""pernah_beli_seniman""]",model,klasifikasi-v1,2026-10-05T15:16:10Z
546965ee-d8ae-5195-ac49-c2d0521933fa,998d5b90-e146-544c-8f57-8d949cc3b1a0,2,0.8035556239627396,"[""gaya_favorit"", ""harga_sesuai"", ""pernah_beli_seniman""]",model,klasifikasi-v1,2026-10-05T15:16:10Z
546965ee-d8ae-5195-ac49-c2d0521933fa,6ccd5319-a365-5623-8263-83aee2187374,3,0.7900663918526293,"[""gaya_favorit"", ""harga_sesuai"", ""pernah_beli_seniman""]",model,klasifikasi-v1,2026-10-05T15:16:10Z
546965ee-d8ae-5195-ac49-c2d0521933fa,7bff47f0-16f0-5de4-9435-5616df9279ca,4,0.7757879038766321,"[""gaya_favorit"", ""harga_sesuai"", ""pernah_beli_seniman""]",model,klasifikasi-v1,2026-10-05T15:16:10Z
546965ee-d8ae-5195-ac49-c2d0521933fa,9bdbffa3-5922-5d4c-a5b3-080cfb23f84c,5,0.7549792046468689,"[""gaya_favorit"", ""harga_sesuai"", ""pernah_beli_seniman""]",model,klasifikasi-v1,2026-10-05T15:16:10Z
546965ee-d8ae-5195-ac49-c2d0521933fa,1d10619f-065b-57d0-8382-fd82d2e97ef5,6,0.7305072350681451,"[""gaya_favorit"", ""harga_sesuai"", ""pernah_beli_seniman""]",model,klasifikasi-v1,2026-10-05T15:16:10Z
546965ee-d8ae-5195-ac49-c2d0521933fa,45708b8a-e64f-5bf6-8151-c025612ef611,7,0.6896927012545524,"[""gaya_favorit"", ""pernah_beli_seniman""]",model,klasifikasi-v1,2026-10-05T15:16:10Z
546965ee-d8ae-5195-ac49-c2d0521933fa,6c354900-b80d-56b8-8adc-7a97a366f095,8,0.6642377801032773,"[""gaya_favorit""]",model,klasifikasi-v1,2026-10-05T15:16:10Z
546965ee-d8ae-5195-ac49-c2d0521933fa,53d13623-0761-554d-b668-e79215702755,9,0.6344848397353491,"[""gaya_favorit""]",model,klasifikasi-v1,2026-10-05T15:16:10Z
546965ee-d8ae-5195-ac49-c2d0521933fa,f01a7b2c-1e11-597c-afeb-96705f31b4d5,10,0.6288719432263975,"[""gaya_favorit"", ""gaya_ramai"", ""pernah_beli_seniman""]",model,klasifikasi-v1,2026-10-05T15:16:10Z
546965ee-d8ae-5195-ac49-c2d0521933fa,19b131db-ca02-5bed-b3f6-a8c0b19d8461,11,0.612508937178739,"[""gaya_favorit"", ""harga_sesuai"", ""gaya_ramai""]",model,klasifikasi-v1,2026-10-05T15:16:10Z
546965ee-d8ae-5195-ac49-c2d0521933fa,6ab910ee-99bd-5039-9bf7-2e6828f994a7,12,0.6000127860076816,"[""gaya_favorit"", ""gaya_ramai"", ""pernah_beli_seniman""]",model,klasifikasi-v1,2026-10-05T15:16:10Z
546965ee-d8ae-5195-ac49-c2d0521933fa,556ac5bd-b36f-5124-8750-d92fefc82d2d,13,0.5400020732432236,"[""karya_baru""]",model,klasifikasi-v1,2026-10-05T15:16:10Z
546965ee-d8ae-5195-ac49-c2d0521933fa,6f5c741f-0fc0-523d-80e7-bce5940b7e1c,14,0.535663461340369,[],model,klasifikasi-v1,2026-10-05T15:16:10Z
546965ee-d8ae-5195-ac49-c2d0521933fa,b9c614f8-fc4b-54a8-b4f2-38cae682326f,15,0.5268692063219454,"[""gaya_favorit"", ""harga_sesuai"", ""gaya_ramai"", ""pernah_beli_seniman""]",model,klasifikasi-v1,2026-10-05T15:16:10Z
546965ee-d8ae-5195-ac49-c2d0521933fa,07a581f5-4b2e-5999-bbd7-4405da0a3973,16,0.526182719758031,"[""gaya_favorit"", ""harga_sesuai"", ""gaya_ramai"", ""pernah_beli_seniman""]",model,klasifikasi-v1,2026-10-05T15:16:10Z
546965ee-d8ae-5195-ac49-c2d0521933fa,768f1aab-b8f5-5dce-bbdc-650ecdca5167,17,0.5096028741774935,"[""gaya_favorit"", ""gaya_ramai"", ""pernah_beli_seniman""]",model,klasifikasi-v1,2026-10-05T15:16:10Z
546965ee-d8ae-5195-ac49-c2d0521933fa,7ed552db-962e-5e78-a1a4-2d32fefa1f0c,18,0.5077541775834581,[],model,klasifikasi-v1,2026-10-05T15:16:10Z
546965ee-d8ae-5195-ac49-c2d0521933fa,df583dd7-04e0-5491-bcbb-5426ed211985,19,0.5013004707534766,"[""gaya_favorit"", ""harga_sesuai"", ""gaya_ramai"", ""pernah_beli_seniman""]",model,klasifikasi-v1,2026-10-05T15:16:10Z
546965ee-d8ae-5195-ac49-c2d0521933fa,af387163-4059-5c28-add7-46500bfd3add,20,0.4788641213203563,"[""harga_sesuai"", ""gaya_ramai""]",model,klasifikasi-v1,2026-10-05T15:16:10Z
914cb54d-8dc4-55e6-9bba-447bf30c7df3,556ac5bd-b36f-5124-8750-d92fefc82d2d,1,0.7558787987856721,"[""gaya_favorit"", ""harga_sesuai"", ""pernah_beli_seniman"", ""karya_baru""]",model,klasifikasi-v1,2026-10-05T15:16:10Z
914cb54d-8dc4-55e6-9bba-447bf30c7df3,c5d03f92-aa6d-5593-928e-3b2857ad1853,2,0.7551192856115346,"[""gaya_favorit"", ""harga_sesuai"", ""pernah_beli_seniman""]",model,klasifikasi-v1,2026-10-05T15:16:10Z
914cb54d-8dc4-55e6-9bba-447bf30c7df3,a724961d-392c-586e-9da5-8e9342c6fd29,3,0.7420412717964048,"[""gaya_favorit"", ""pernah_beli_seniman"", ""karya_baru""]",model,klasifikasi-v1,2026-10-05T15:16:10Z
914cb54d-8dc4-55e6-9bba-447bf30c7df3,f60efa69-e980-54e3-9729-e98c5f2fc78f,4,0.7097706949513147,"[""gaya_favorit"", ""harga_sesuai"", ""pernah_beli_seniman""]",model,klasifikasi-v1,2026-10-05T15:16:10Z
914cb54d-8dc4-55e6-9bba-447bf30c7df3,ddc6295d-239d-589a-9714-9e4d1b9fb3f9,5,0.6845701290258627,"[""gaya_favorit"", ""pernah_beli_seniman""]",model,klasifikasi-v1,2026-10-05T15:16:10Z
914cb54d-8dc4-55e6-9bba-447bf30c7df3,376f20b3-cf69-518a-95e4-669f8fe7fe40,6,0.6735181133737965,"[""gaya_favorit"", ""harga_sesuai"", ""pernah_beli_seniman""]",model,klasifikasi-v1,2026-10-05T15:16:10Z
914cb54d-8dc4-55e6-9bba-447bf30c7df3,9bdbffa3-5922-5d4c-a5b3-080cfb23f84c,7,0.6676671930715397,"[""gaya_favorit"", ""pernah_beli_seniman""]",model,klasifikasi-v1,2026-10-05T15:16:10Z
914cb54d-8dc4-55e6-9bba-447bf30c7df3,300ebf50-b10d-5efa-8722-a252a80b4557,8,0.6175352042555401,"[""gaya_favorit"", ""harga_sesuai"", ""pernah_beli_seniman""]",model,klasifikasi-v1,2026-10-05T15:16:10Z
914cb54d-8dc4-55e6-9bba-447bf30c7df3,0e102d63-ff8f-5e6b-bbdc-2a5d6e668cb1,9,0.613037807507323,"[""harga_sesuai""]",model,klasifikasi-v1,2026-10-05T15:16:10Z
914cb54d-8dc4-55e6-9bba-447bf30c7df3,6f5c741f-0fc0-523d-80e7-bce5940b7e1c,10,0.599492722744749,"[""harga_sesuai""]",model,klasifikasi-v1,2026-10-05T15:16:10Z
914cb54d-8dc4-55e6-9bba-447bf30c7df3,ded10c02-e3db-542d-8ff2-e0ab8c159069,11,0.5963456352617746,[],model,klasifikasi-v1,2026-10-05T15:16:10Z
914cb54d-8dc4-55e6-9bba-447bf30c7df3,866197c9-41b8-58ae-af14-976c6a847c11,12,0.5884109516537334,"[""gaya_ramai""]",model,klasifikasi-v1,2026-10-05T15:16:10Z
914cb54d-8dc4-55e6-9bba-447bf30c7df3,af058c54-328b-50b1-aa59-1ed52ef4b398,13,0.5883612780610109,"[""gaya_favorit"", ""harga_sesuai"", ""pernah_beli_seniman""]",model,klasifikasi-v1,2026-10-05T15:16:10Z
914cb54d-8dc4-55e6-9bba-447bf30c7df3,b93ca27f-2a5c-5964-a7c6-97f8d7bd6529,14,0.5764991690114589,"[""gaya_favorit"", ""pernah_beli_seniman""]",model,klasifikasi-v1,2026-10-05T15:16:10Z
914cb54d-8dc4-55e6-9bba-447bf30c7df3,34f160b0-2ebd-5b4b-abbf-d9e60acd2b35,15,0.5712509516993063,"[""gaya_ramai""]",model,klasifikasi-v1,2026-10-05T15:16:10Z
914cb54d-8dc4-55e6-9bba-447bf30c7df3,665144d1-d237-5681-9c1b-d82ab31ff866,16,0.5578299930510953,"[""gaya_favorit"", ""pernah_beli_seniman""]",model,klasifikasi-v1,2026-10-05T15:16:10Z
914cb54d-8dc4-55e6-9bba-447bf30c7df3,6c354900-b80d-56b8-8adc-7a97a366f095,17,0.5418512905937531,"[""gaya_favorit"", ""harga_sesuai"", ""pernah_beli_seniman""]",model,klasifikasi-v1,2026-10-05T15:16:10Z
914cb54d-8dc4-55e6-9bba-447bf30c7df3,0242a481-31c2-55aa-92b4-ebebc6011a7c,18,0.5406231708318496,"[""gaya_favorit"", ""pernah_beli_seniman""]",model,klasifikasi-v1,2026-10-05T15:16:10Z
914cb54d-8dc4-55e6-9bba-447bf30c7df3,2dc1a3d9-2af8-5aef-95bb-4580395395bd,19,0.5378644133163368,"[""gaya_ramai""]",model,klasifikasi-v1,2026-10-05T15:16:10Z
914cb54d-8dc4-55e6-9bba-447bf30c7df3,0bc9d34a-7f95-5dee-beb4-55f3af9b97c9,20,0.5376687101836435,"[""seniman_naik_daun""]",model,klasifikasi-v1,2026-10-05T15:16:10Z
509ff7d1-c1b7-532b-b451-eb13d4d19087,a8ac835e-5aad-57f7-aa47-99b583d02392,1,0.7879572273357718,"[""harga_sesuai"", ""seniman_naik_daun""]",model,klasifikasi-v1,2026-10-05T15:16:10Z
509ff7d1-c1b7-532b-b451-eb13d4d19087,79e25e0d-2c04-5f90-9130-3f1d94125223,2,0.7833238659940354,"[""harga_sesuai"", ""seniman_naik_daun"", ""karya_baru""]",model,klasifikasi-v1,2026-10-05T15:16:10Z
509ff7d1-c1b7-532b-b451-eb13d4d19087,1fe5e4ec-a2db-5ef8-a46d-3f8ffa41ebe2,3,0.719901285555002,"[""pernah_beli_seniman"", ""karya_baru""]",model,klasifikasi-v1,2026-10-05T15:16:10Z
509ff7d1-c1b7-532b-b451-eb13d4d19087,796ab8ac-bab7-52b6-9bdd-179cdc5b16a6,4,0.7040275971861999,"[""pernah_beli_seniman""]",model,klasifikasi-v1,2026-10-05T15:16:10Z
509ff7d1-c1b7-532b-b451-eb13d4d19087,987e9b9d-f4c6-5ce1-ac8c-5ef271e2ae33,5,0.7036037425706017,"[""gaya_favorit"", ""harga_sesuai"", ""gaya_ramai"", ""pernah_beli_seniman""]",model,klasifikasi-v1,2026-10-05T15:16:10Z
509ff7d1-c1b7-532b-b451-eb13d4d19087,deeacde5-7269-5bce-bc8f-9c7480c60aab,6,0.7000559864133653,"[""harga_sesuai"", ""pernah_beli_seniman""]",model,klasifikasi-v1,2026-10-05T15:16:10Z
509ff7d1-c1b7-532b-b451-eb13d4d19087,016679fd-f015-5c7e-b41e-f69d95c9d91a,7,0.6981579800635181,"[""seniman_naik_daun""]",model,klasifikasi-v1,2026-10-05T15:16:10Z
509ff7d1-c1b7-532b-b451-eb13d4d19087,0fa48617-95fc-5cfc-84dd-53e4416600eb,8,0.6960292420424767,"[""gaya_favorit"", ""harga_sesuai"", ""gaya_ramai"", ""pernah_beli_seniman""]",model,klasifikasi-v1,2026-10-05T15:16:10Z
509ff7d1-c1b7-532b-b451-eb13d4d19087,6f5ddafa-7eee-586a-b4fe-998a0bff1ad4,9,0.6932383772426846,"[""harga_sesuai"", ""pernah_beli_seniman""]",model,klasifikasi-v1,2026-10-05T15:16:10Z
509ff7d1-c1b7-532b-b451-eb13d4d19087,1fef09ac-2800-5df6-bb4b-93c0c3308a02,10,0.6790102517880805,"[""gaya_favorit"", ""harga_sesuai"", ""pernah_beli_seniman""]",model,klasifikasi-v1,2026-10-05T15:16:10Z
509ff7d1-c1b7-532b-b451-eb13d4d19087,b116070e-6e10-5b4c-8bc1-f41ce97a6883,11,0.677299773306817,"[""harga_sesuai"", ""seniman_naik_daun"", ""pernah_beli_seniman"", ""karya_baru""]",model,klasifikasi-v1,2026-10-05T15:16:10Z
509ff7d1-c1b7-532b-b451-eb13d4d19087,88258c73-bb7b-51e8-824e-bc2ca0b939b8,12,0.6656862080422994,"[""seniman_naik_daun"", ""karya_baru""]",model,klasifikasi-v1,2026-10-05T15:16:10Z
509ff7d1-c1b7-532b-b451-eb13d4d19087,64de7a06-8f63-5e8e-b4c7-532b0a72e424,13,0.6649452116744051,"[""gaya_favorit"", ""harga_sesuai"", ""pernah_beli_seniman""]",model,klasifikasi-v1,2026-10-05T15:16:10Z
509ff7d1-c1b7-532b-b451-eb13d4d19087,4ed54522-a110-5365-b35b-4c16d31aa48b,14,0.6648046646720079,"[""gaya_favorit"", ""harga_sesuai"", ""pernah_beli_seniman""]",model,klasifikasi-v1,2026-10-05T15:16:10Z
509ff7d1-c1b7-532b-b451-eb13d4d19087,07d19c93-c674-54cb-9448-012eb1b60c3f,15,0.6638983210947127,"[""harga_sesuai"", ""seniman_naik_daun""]",model,klasifikasi-v1,2026-10-05T15:16:10Z
509ff7d1-c1b7-532b-b451-eb13d4d19087,d08e8450-729f-5c84-b7fb-cbf19ed311d1,16,0.6617514437243327,"[""harga_sesuai"", ""seniman_naik_daun"", ""pernah_beli_seniman""]",model,klasifikasi-v1,2026-10-05T15:16:10Z
509ff7d1-c1b7-532b-b451-eb13d4d19087,224ba711-c5ff-581d-be53-1872a1df84ca,17,0.6611455440996623,"[""seniman_naik_daun""]",model,klasifikasi-v1,2026-10-05T15:16:10Z
509ff7d1-c1b7-532b-b451-eb13d4d19087,6cf680b2-63f6-5420-990b-5d58e43b86c3,18,0.6609428660837572,"[""gaya_favorit"", ""harga_sesuai"", ""pernah_beli_seniman""]",model,klasifikasi-v1,2026-10-05T15:16:10Z
509ff7d1-c1b7-532b-b451-eb13d4d19087,e15a9001-adb8-50c5-a837-393fbcdb506d,19,0.6541623504247516,"[""harga_sesuai"", ""pernah_beli_seniman""]",model,klasifikasi-v1,2026-10-05T15:16:10Z
509ff7d1-c1b7-532b-b451-eb13d4d19087,9ee5532a-4517-5110-ae74-b2a3048fea09,20,0.651318664340946,"[""gaya_favorit"", ""harga_sesuai"", ""gaya_ramai"", ""pernah_beli_seniman""]",model,klasifikasi-v1,2026-10-05T15:16:10Z
7f25976e-29ea-5014-ba41-8f61f001af2d,ded10c02-e3db-542d-8ff2-e0ab8c159069,1,0.7290471593336689,"[""harga_sesuai"", ""pernah_beli_seniman""]",model,klasifikasi-v1,2026-10-05T15:16:10Z
7f25976e-29ea-5014-ba41-8f61f001af2d,0e102d63-ff8f-5e6b-bbdc-2a5d6e668cb1,2,0.7288382796367624,"[""harga_sesuai"", ""pernah_beli_seniman""]",model,klasifikasi-v1,2026-10-05T15:16:10Z
7f25976e-29ea-5014-ba41-8f61f001af2d,1b284f0a-4933-57f5-a5d9-d38488a7227c,3,0.7191672383700315,"[""harga_sesuai"", ""pernah_beli_seniman""]",model,klasifikasi-v1,2026-10-05T15:16:10Z
7f25976e-29ea-5014-ba41-8f61f001af2d,6f5c741f-0fc0-523d-80e7-bce5940b7e1c,4,0.7017532229015989,"[""harga_sesuai"", ""pernah_beli_seniman""]",model,klasifikasi-v1,2026-10-05T15:16:10Z
7f25976e-29ea-5014-ba41-8f61f001af2d,80d6863c-4309-5881-81cd-79e0a6aa59a3,5,0.6802210669196225,"[""pernah_beli_seniman""]",model,klasifikasi-v1,2026-10-05T15:16:10Z
7f25976e-29ea-5014-ba41-8f61f001af2d,21d58bce-aee7-5c2c-9757-2101e0911a9e,6,0.6687663867827768,"[""pernah_beli_seniman""]",model,klasifikasi-v1,2026-10-05T15:16:10Z
7f25976e-29ea-5014-ba41-8f61f001af2d,7ba04b01-9924-5de2-9ea7-9d0e178b5a76,7,0.6611480614119778,"[""pernah_beli_seniman""]",model,klasifikasi-v1,2026-10-05T15:16:10Z
7f25976e-29ea-5014-ba41-8f61f001af2d,50f3106b-4608-5dec-abd4-f3513db77175,8,0.6509603378262984,"[""harga_sesuai"", ""pernah_beli_seniman""]",model,klasifikasi-v1,2026-10-05T15:16:10Z
7f25976e-29ea-5014-ba41-8f61f001af2d,556ac5bd-b36f-5124-8750-d92fefc82d2d,9,0.6407133402335699,"[""gaya_favorit"", ""harga_sesuai"", ""pernah_beli_seniman"", ""karya_baru""]",model,klasifikasi-v1,2026-10-05T15:16:10Z
7f25976e-29ea-5014-ba41-8f61f001af2d,c5d03f92-aa6d-5593-928e-3b2857ad1853,10,0.637316397602855,"[""pernah_beli_seniman""]",model,klasifikasi-v1,2026-10-05T15:16:10Z
7f25976e-29ea-5014-ba41-8f61f001af2d,a724961d-392c-586e-9da5-8e9342c6fd29,11,0.6340425742693946,"[""gaya_favorit"", ""pernah_beli_seniman"", ""karya_baru""]",model,klasifikasi-v1,2026-10-05T15:16:10Z
7f25976e-29ea-5014-ba41-8f61f001af2d,f01a7b2c-1e11-597c-afeb-96705f31b4d5,12,0.6011649113423752,"[""gaya_favorit"", ""harga_sesuai"", ""gaya_ramai"", ""pernah_beli_seniman""]",model,klasifikasi-v1,2026-10-05T15:16:10Z
7f25976e-29ea-5014-ba41-8f61f001af2d,376f20b3-cf69-518a-95e4-669f8fe7fe40,13,0.5935278689705785,"[""gaya_favorit"", ""harga_sesuai"", ""pernah_beli_seniman""]",model,klasifikasi-v1,2026-10-05T15:16:10Z
7f25976e-29ea-5014-ba41-8f61f001af2d,300ebf50-b10d-5efa-8722-a252a80b4557,14,0.5875706460910656,"[""gaya_favorit"", ""harga_sesuai"", ""pernah_beli_seniman""]",model,klasifikasi-v1,2026-10-05T15:16:10Z
7f25976e-29ea-5014-ba41-8f61f001af2d,81bea455-08c9-5dfd-aa57-c04103957e72,15,0.5817097520579549,"[""gaya_favorit"", ""pernah_beli_seniman""]",model,klasifikasi-v1,2026-10-05T15:16:10Z
7f25976e-29ea-5014-ba41-8f61f001af2d,88258c73-bb7b-51e8-824e-bc2ca0b939b8,16,0.5814130298035968,"[""seniman_naik_daun"", ""karya_baru""]",model,klasifikasi-v1,2026-10-05T15:16:10Z
7f25976e-29ea-5014-ba41-8f61f001af2d,f60efa69-e980-54e3-9729-e98c5f2fc78f,17,0.5760459525023132,"[""gaya_favorit"", ""harga_sesuai"", ""pernah_beli_seniman""]",model,klasifikasi-v1,2026-10-05T15:16:10Z
7f25976e-29ea-5014-ba41-8f61f001af2d,ddc6295d-239d-589a-9714-9e4d1b9fb3f9,18,0.5564771179628499,"[""gaya_favorit"", ""pernah_beli_seniman""]",model,klasifikasi-v1,2026-10-05T15:16:10Z
7f25976e-29ea-5014-ba41-8f61f001af2d,af058c54-328b-50b1-aa59-1ed52ef4b398,19,0.5551906826382572,"[""gaya_favorit"", ""harga_sesuai"", ""pernah_beli_seniman""]",model,klasifikasi-v1,2026-10-05T15:16:10Z
7f25976e-29ea-5014-ba41-8f61f001af2d,0242a481-31c2-55aa-92b4-ebebc6011a7c,20,0.5483286548106978,"[""gaya_favorit"", ""pernah_beli_seniman""]",model,klasifikasi-v1,2026-10-05T15:16:10Z
06774145-5f78-5cfa-93ec-719bb9cce7d4,79e25e0d-2c04-5f90-9130-3f1d94125223,1,0.7084452264852704,"[""seniman_naik_daun"", ""pernah_beli_seniman"", ""karya_baru""]",model,klasifikasi-v1,2026-10-05T15:16:10Z
06774145-5f78-5cfa-93ec-719bb9cce7d4,88258c73-bb7b-51e8-824e-bc2ca0b939b8,2,0.6140384951879672,"[""harga_sesuai"", ""seniman_naik_daun"", ""pernah_beli_seniman"", ""karya_baru""]",model,klasifikasi-v1,2026-10-05T15:16:10Z
06774145-5f78-5cfa-93ec-719bb9cce7d4,0bc9d34a-7f95-5dee-beb4-55f3af9b97c9,3,0.6089241513653469,"[""harga_sesuai"", ""seniman_naik_daun"", ""pernah_beli_seniman""]",model,klasifikasi-v1,2026-10-05T15:16:10Z
06774145-5f78-5cfa-93ec-719bb9cce7d4,2c540a0c-a2ff-5f37-ba88-a5ad28626312,4,0.5883799687759753,"[""gaya_favorit"", ""gaya_ramai""]",model,klasifikasi-v1,2026-10-05T15:16:10Z
06774145-5f78-5cfa-93ec-719bb9cce7d4,e89190bd-8eed-5643-a0b5-a9131e54c6a9,5,0.5821320087040485,"[""gaya_favorit"", ""harga_sesuai""]",model,klasifikasi-v1,2026-10-05T15:16:10Z
06774145-5f78-5cfa-93ec-719bb9cce7d4,07d19c93-c674-54cb-9448-012eb1b60c3f,6,0.5703839112869207,"[""seniman_naik_daun"", ""pernah_beli_seniman""]",model,klasifikasi-v1,2026-10-05T15:16:10Z
06774145-5f78-5cfa-93ec-719bb9cce7d4,df002552-8f03-5997-b452-e24a915621dd,7,0.5636193162312085,"[""harga_sesuai"", ""seniman_naik_daun"", ""pernah_beli_seniman""]",model,klasifikasi-v1,2026-10-05T15:16:10Z
06774145-5f78-5cfa-93ec-719bb9cce7d4,9ee5532a-4517-5110-ae74-b2a3048fea09,8,0.5556840603525275,"[""gaya_favorit"", ""gaya_ramai""]",model,klasifikasi-v1,2026-10-05T15:16:10Z
06774145-5f78-5cfa-93ec-719bb9cce7d4,1af0200c-a8bf-593f-8cb6-4f759b5f5ac1,9,0.5374332492751134,"[""seniman_naik_daun"", ""pernah_beli_seniman""]",model,klasifikasi-v1,2026-10-05T15:16:10Z
06774145-5f78-5cfa-93ec-719bb9cce7d4,a8ac835e-5aad-57f7-aa47-99b583d02392,10,0.5370516851569566,"[""seniman_naik_daun"", ""pernah_beli_seniman""]",model,klasifikasi-v1,2026-10-05T15:16:10Z
06774145-5f78-5cfa-93ec-719bb9cce7d4,2d399fc1-c809-5c2a-bdaa-6e69cefe5fb1,11,0.5363613156161681,"[""seniman_naik_daun"", ""pernah_beli_seniman""]",model,klasifikasi-v1,2026-10-05T15:16:10Z
06774145-5f78-5cfa-93ec-719bb9cce7d4,fa66638c-6d00-5064-aa96-646be0045143,12,0.5243350612030027,"[""harga_sesuai""]",model,klasifikasi-v1,2026-10-05T15:16:10Z
06774145-5f78-5cfa-93ec-719bb9cce7d4,224ba711-c5ff-581d-be53-1872a1df84ca,13,0.5201840765518703,"[""harga_sesuai"", ""seniman_naik_daun"", ""pernah_beli_seniman""]",model,klasifikasi-v1,2026-10-05T15:16:10Z
06774145-5f78-5cfa-93ec-719bb9cce7d4,0fa48617-95fc-5cfc-84dd-53e4416600eb,14,0.5177148897119079,"[""gaya_favorit"", ""gaya_ramai""]",model,klasifikasi-v1,2026-10-05T15:16:10Z
06774145-5f78-5cfa-93ec-719bb9cce7d4,987e9b9d-f4c6-5ce1-ac8c-5ef271e2ae33,15,0.5170748909140337,"[""gaya_favorit"", ""gaya_ramai""]",model,klasifikasi-v1,2026-10-05T15:16:10Z
06774145-5f78-5cfa-93ec-719bb9cce7d4,49c62221-8e30-57aa-89b1-b313a4f7e5b8,16,0.5127656500179651,[],model,klasifikasi-v1,2026-10-05T15:16:10Z
06774145-5f78-5cfa-93ec-719bb9cce7d4,8bfc1f4d-519c-5412-8e3e-9b7ad4729b26,17,0.5126765703977955,"[""gaya_favorit"", ""seniman_naik_daun"", ""gaya_ramai""]",model,klasifikasi-v1,2026-10-05T15:16:10Z
06774145-5f78-5cfa-93ec-719bb9cce7d4,6a9a552c-870e-5cd3-b409-273d6c5865eb,18,0.50819923083543,"[""harga_sesuai"", ""seniman_naik_daun"", ""pernah_beli_seniman""]",model,klasifikasi-v1,2026-10-05T15:16:10Z
06774145-5f78-5cfa-93ec-719bb9cce7d4,8856b1b5-28c4-536b-9a51-9ff06bfdbd80,19,0.5072537750691424,"[""harga_sesuai"", ""seniman_naik_daun"", ""pernah_beli_seniman""]",model,klasifikasi-v1,2026-10-05T15:16:10Z
06774145-5f78-5cfa-93ec-719bb9cce7d4,231b14d2-2e75-5193-9c40-949b484944ca,20,0.5071147265790695,"[""seniman_naik_daun"", ""pernah_beli_seniman""]",model,klasifikasi-v1,2026-10-05T15:16:10Z
e1b49a89-7c6d-56bf-a382-7777e54336b5,1fe5e4ec-a2db-5ef8-a46d-3f8ffa41ebe2,1,0.8294534771559762,"[""harga_sesuai"", ""karya_baru""]",model,klasifikasi-v1,2026-10-05T15:16:10Z
e1b49a89-7c6d-56bf-a382-7777e54336b5,796ab8ac-bab7-52b6-9bdd-179cdc5b16a6,2,0.7731837842023659,"[""harga_sesuai""]",model,klasifikasi-v1,2026-10-05T15:16:10Z
e1b49a89-7c6d-56bf-a382-7777e54336b5,b4aac21a-42bc-574d-86a1-5f41e762343d,3,0.7271260277925493,"[""gaya_favorit"", ""harga_sesuai"", ""gaya_ramai""]",model,klasifikasi-v1,2026-10-05T15:16:10Z
e1b49a89-7c6d-56bf-a382-7777e54336b5,f303778e-fffb-5010-a42b-73c993e4ecc0,4,0.7160425301783169,"[""harga_sesuai""]",model,klasifikasi-v1,2026-10-05T15:16:10Z
e1b49a89-7c6d-56bf-a382-7777e54336b5,0c5e9dfa-8237-51cd-bca5-0a877365c9e1,5,0.7116279267124265,"[""gaya_favorit"", ""harga_sesuai"", ""gaya_ramai""]",model,klasifikasi-v1,2026-10-05T15:16:10Z
e1b49a89-7c6d-56bf-a382-7777e54336b5,7dcfe448-fc37-55f9-94bc-fbf7e72e3f1e,6,0.7076598511945642,"[""gaya_favorit"", ""harga_sesuai"", ""gaya_ramai""]",model,klasifikasi-v1,2026-10-05T15:16:10Z
e1b49a89-7c6d-56bf-a382-7777e54336b5,79e25e0d-2c04-5f90-9130-3f1d94125223,7,0.6919581632571525,"[""seniman_naik_daun"", ""karya_baru""]",model,klasifikasi-v1,2026-10-05T15:16:10Z
e1b49a89-7c6d-56bf-a382-7777e54336b5,21a5e5a2-936d-55eb-afa5-8663bf78e333,8,0.6797359774977123,[],model,klasifikasi-v1,2026-10-05T15:16:10Z
e1b49a89-7c6d-56bf-a382-7777e54336b5,987e9b9d-f4c6-5ce1-ac8c-5ef271e2ae33,9,0.6715883721166643,"[""gaya_favorit"", ""gaya_ramai""]",model,klasifikasi-v1,2026-10-05T15:16:10Z
e1b49a89-7c6d-56bf-a382-7777e54336b5,0fa48617-95fc-5cfc-84dd-53e4416600eb,10,0.6651547699952,"[""gaya_favorit"", ""gaya_ramai""]",model,klasifikasi-v1,2026-10-05T15:16:10Z
e1b49a89-7c6d-56bf-a382-7777e54336b5,f3f399a9-3985-5980-9416-8c4c83cd308f,11,0.6582069549531185,"[""gaya_favorit"", ""gaya_ramai""]",model,klasifikasi-v1,2026-10-05T15:16:10Z
e1b49a89-7c6d-56bf-a382-7777e54336b5,24317a94-a301-5bfc-81a7-2883eb9dda68,12,0.6502511223146012,[],model,klasifikasi-v1,2026-10-05T15:16:10Z
e1b49a89-7c6d-56bf-a382-7777e54336b5,e106e6b9-57ac-565d-9afc-ccbe2195ab79,13,0.641078012680936,[],model,klasifikasi-v1,2026-10-05T15:16:10Z
e1b49a89-7c6d-56bf-a382-7777e54336b5,9ee5532a-4517-5110-ae74-b2a3048fea09,14,0.6130521994518712,"[""gaya_favorit"", ""gaya_ramai""]",model,klasifikasi-v1,2026-10-05T15:16:10Z
e1b49a89-7c6d-56bf-a382-7777e54336b5,1fed6ddc-0cf3-5652-8cbf-41581bc2834c,15,0.6125183428003561,[],model,klasifikasi-v1,2026-10-05T15:16:10Z
e1b49a89-7c6d-56bf-a382-7777e54336b5,d45eb7ea-6cc1-5cac-8993-db3628a32cce,16,0.6101201406246549,[],model,klasifikasi-v1,2026-10-05T15:16:10Z
e1b49a89-7c6d-56bf-a382-7777e54336b5,ce6de445-6dd8-5fe3-bc3b-7011fd44d80b,17,0.6074484936302849,[],model,klasifikasi-v1,2026-10-05T15:16:10Z
e1b49a89-7c6d-56bf-a382-7777e54336b5,877d1b33-0a8a-5d9e-814e-1a6760c48d7a,18,0.6024060078637833,"[""harga_sesuai""]",model,klasifikasi-v1,2026-10-05T15:16:10Z
e1b49a89-7c6d-56bf-a382-7777e54336b5,c7ad9b49-0ab3-5f56-bc96-86a5cff02449,19,0.5986633610996381,[],model,klasifikasi-v1,2026-10-05T15:16:10Z
e1b49a89-7c6d-56bf-a382-7777e54336b5,714f5e59-6e4e-5567-a0b5-ffdf77360b28,20,0.5953333044456933,"[""harga_sesuai""]",model,klasifikasi-v1,2026-10-05T15:16:10Z
03397d72-03b1-59c3-865b-c50062422b90,ded10c02-e3db-542d-8ff2-e0ab8c159069,1,0.8257730327029917,"[""gaya_favorit"", ""harga_sesuai"", ""pernah_beli_seniman""]",model,klasifikasi-v1,2026-10-05T15:16:10Z
03397d72-03b1-59c3-865b-c50062422b90,0e102d63-ff8f-5e6b-bbdc-2a5d6e668cb1,2,0.7642649866913672,"[""gaya_favorit"", ""pernah_beli_seniman""]",model,klasifikasi-v1,2026-10-05T15:16:10Z
03397d72-03b1-59c3-865b-c50062422b90,21d58bce-aee7-5c2c-9757-2101e0911a9e,3,0.756533003880567,"[""gaya_favorit"", ""pernah_beli_seniman""]",model,klasifikasi-v1,2026-10-05T15:16:10Z
03397d72-03b1-59c3-865b-c50062422b90,1b284f0a-4933-57f5-a5d9-d38488a7227c,4,0.7495495415516431,"[""gaya_favorit"", ""harga_sesuai"", ""pernah_beli_seniman""]",model,klasifikasi-v1,2026-10-05T15:16:10Z
03397d72-03b1-59c3-865b-c50062422b90,7ba04b01-9924-5de2-9ea7-9d0e178b5a76,5,0.7303827636970733,"[""gaya_favorit"", ""harga_sesuai"", ""pernah_beli_seniman""]",model,klasifikasi-v1,2026-10-05T15:16:10Z
03397d72-03b1-59c3-865b-c50062422b90,50f3106b-4608-5dec-abd4-f3513db77175,6,0.6798275256230529,"[""gaya_favorit"", ""pernah_beli_seniman""]",model,klasifikasi-v1,2026-10-05T15:16:10Z
03397d72-03b1-59c3-865b-c50062422b90,6f5c741f-0fc0-523d-80e7-bce5940b7e1c,7,0.6626913169197558,"[""gaya_favorit"", ""pernah_beli_seniman""]",model,klasifikasi-v1,2026-10-05T15:16:10Z
03397d72-03b1-59c3-865b-c50062422b90,ab56a64c-b79d-5092-8002-0652f839ad06,8,0.6286909339769149,"[""gaya_favorit"", ""harga_sesuai""]",model,klasifikasi-v1,2026-10-05T15:16:10Z
03397d72-03b1-59c3-865b-c50062422b90,1c18f330-e3a0-5c45-8b4a-4340319c6f6b,9,0.5990433745981113,"[""gaya_favorit"", ""harga_sesuai""]",model,klasifikasi-v1,2026-10-05T15:16:10Z
03397d72-03b1-59c3-865b-c50062422b90,88258c73-bb7b-51e8-824e-bc2ca0b939b8,10,0.5979978049199268,"[""seniman_naik_daun"", ""karya_baru""]",model,klasifikasi-v1,2026-10-05T15:16:10Z
03397d72-03b1-59c3-865b-c50062422b90,3d61eac2-6d83-5347-9d59-799ac69edc5a,11,0.5958839690973857,"[""gaya_favorit"", ""harga_sesuai""]",model,klasifikasi-v1,2026-10-05T15:16:10Z
03397d72-03b1-59c3-865b-c50062422b90,0bc9d34a-7f95-5dee-beb4-55f3af9b97c9,12,0.5639395475473067,"[""seniman_naik_daun""]",model,klasifikasi-v1,2026-10-05T15:16:10Z
03397d72-03b1-59c3-865b-c50062422b90,c5d03f92-aa6d-5593-928e-3b2857ad1853,13,0.5601463773720076,"[""gaya_favorit""]",model,klasifikasi-v1,2026-10-05T15:16:10Z
03397d72-03b1-59c3-865b-c50062422b90,b82ffac4-9b18-5129-bb4f-76d6267ef825,14,0.5475600022096567,"[""harga_sesuai"", ""seniman_naik_daun""]",model,klasifikasi-v1,2026-10-05T15:16:10Z
03397d72-03b1-59c3-865b-c50062422b90,653fc4b1-75f3-5eac-afe6-586c962be798,15,0.546073848353584,"[""gaya_favorit""]",model,klasifikasi-v1,2026-10-05T15:16:10Z
03397d72-03b1-59c3-865b-c50062422b90,16545722-15c8-55bc-b78b-f46c0496a505,16,0.5457446237225392,"[""gaya_favorit"", ""harga_sesuai""]",model,klasifikasi-v1,2026-10-05T15:16:10Z
03397d72-03b1-59c3-865b-c50062422b90,e4e1ce05-e95f-55ae-95fd-b46c0e364e4d,17,0.5248515729039228,"[""harga_sesuai"", ""seniman_naik_daun""]",model,klasifikasi-v1,2026-10-05T15:16:10Z
03397d72-03b1-59c3-865b-c50062422b90,80d6863c-4309-5881-81cd-79e0a6aa59a3,18,0.5203680835403222,"[""gaya_favorit"", ""pernah_beli_seniman""]",model,klasifikasi-v1,2026-10-05T15:16:10Z
03397d72-03b1-59c3-865b-c50062422b90,1af0200c-a8bf-593f-8cb6-4f759b5f5ac1,19,0.5200991451336265,"[""seniman_naik_daun""]",model,klasifikasi-v1,2026-10-05T15:16:10Z
03397d72-03b1-59c3-865b-c50062422b90,231b14d2-2e75-5193-9c40-949b484944ca,20,0.4897232129479972,"[""seniman_naik_daun""]",model,klasifikasi-v1,2026-10-05T15:16:10Z
6f338842-5807-511a-8b0f-216469d03cb4,19b131db-ca02-5bed-b3f6-a8c0b19d8461,1,0.6814258440867458,"[""gaya_favorit"", ""harga_sesuai"", ""gaya_ramai"", ""pernah_beli_seniman""]",model,klasifikasi-v1,2026-10-05T15:16:10Z
6f338842-5807-511a-8b0f-216469d03cb4,6ab910ee-99bd-5039-9bf7-2e6828f994a7,2,0.6810950960295563,"[""gaya_favorit"", ""gaya_ramai"", ""pernah_beli_seniman""]",model,klasifikasi-v1,2026-10-05T15:16:10Z
6f338842-5807-511a-8b0f-216469d03cb4,556ac5bd-b36f-5124-8750-d92fefc82d2d,3,0.6542802505127968,"[""pernah_beli_seniman"", ""karya_baru""]",model,klasifikasi-v1,2026-10-05T15:16:10Z
6f338842-5807-511a-8b0f-216469d03cb4,c5d03f92-aa6d-5593-928e-3b2857ad1853,4,0.6485196220838254,"[""pernah_beli_seniman""]",model,klasifikasi-v1,2026-10-05T15:16:10Z
6f338842-5807-511a-8b0f-216469d03cb4,af387163-4059-5c28-add7-46500bfd3add,5,0.6387281760985544,"[""harga_sesuai"", ""gaya_ramai"", ""pernah_beli_seniman""]",model,klasifikasi-v1,2026-10-05T15:16:10Z
6f338842-5807-511a-8b0f-216469d03cb4,2dc1a3d9-2af8-5aef-95bb-4580395395bd,6,0.6359433538096567,"[""harga_sesuai"", ""gaya_ramai"", ""pernah_beli_seniman""]",model,klasifikasi-v1,2026-10-05T15:16:10Z
6f338842-5807-511a-8b0f-216469d03cb4,9349bf99-62dc-596c-915f-6594321c44de,7,0.6248831098250659,"[""harga_sesuai"", ""gaya_ramai"", ""pernah_beli_seniman""]",model,klasifikasi-v1,2026-10-05T15:16:10Z
6f338842-5807-511a-8b0f-216469d03cb4,3dbbe20e-9781-5936-bae9-c1cfacd61a09,8,0.6248831098250659,"[""harga_sesuai"", ""gaya_ramai"", ""pernah_beli_seniman""]",model,klasifikasi-v1,2026-10-05T15:16:10Z
6f338842-5807-511a-8b0f-216469d03cb4,8cb05ef6-4cf2-5ee6-9061-2889d32eed8b,9,0.6168034554665696,"[""harga_sesuai"", ""gaya_ramai"", ""pernah_beli_seniman""]",model,klasifikasi-v1,2026-10-05T15:16:10Z
6f338842-5807-511a-8b0f-216469d03cb4,47ed54a4-6a2e-5276-9603-36c52ea415de,10,0.6103014490189276,"[""harga_sesuai"", ""gaya_ramai"", ""pernah_beli_seniman""]",model,klasifikasi-v1,2026-10-05T15:16:10Z
6f338842-5807-511a-8b0f-216469d03cb4,f01a7b2c-1e11-597c-afeb-96705f31b4d5,11,0.6016494457723619,"[""gaya_favorit"", ""gaya_ramai"", ""pernah_beli_seniman""]",model,klasifikasi-v1,2026-10-05T15:16:10Z
6f338842-5807-511a-8b0f-216469d03cb4,d0932440-31b0-5025-ab5b-f83ac95c2aea,12,0.60128113170973,"[""harga_sesuai"", ""gaya_ramai"", ""pernah_beli_seniman""]",model,klasifikasi-v1,2026-10-05T15:16:10Z
6f338842-5807-511a-8b0f-216469d03cb4,cd22a6e8-3391-53f2-9ab1-8174b63d5943,13,0.5999050594153003,"[""harga_sesuai"", ""gaya_ramai"", ""pernah_beli_seniman""]",model,klasifikasi-v1,2026-10-05T15:16:10Z
6f338842-5807-511a-8b0f-216469d03cb4,3f8dedef-81a9-5162-9bf4-59f3eb4eb26b,14,0.596343223124788,"[""harga_sesuai"", ""gaya_ramai"", ""pernah_beli_seniman""]",model,klasifikasi-v1,2026-10-05T15:16:10Z
6f338842-5807-511a-8b0f-216469d03cb4,b9c614f8-fc4b-54a8-b4f2-38cae682326f,15,0.5936012736684143,"[""gaya_favorit"", ""gaya_ramai"", ""pernah_beli_seniman""]",model,klasifikasi-v1,2026-10-05T15:16:10Z
6f338842-5807-511a-8b0f-216469d03cb4,998d5b90-e146-544c-8f57-8d949cc3b1a0,16,0.5830831083621227,"[""harga_sesuai"", ""pernah_beli_seniman""]",model,klasifikasi-v1,2026-10-05T15:16:10Z
6f338842-5807-511a-8b0f-216469d03cb4,07a581f5-4b2e-5999-bbd7-4405da0a3973,17,0.5813161375457359,"[""gaya_favorit"", ""harga_sesuai"", ""gaya_ramai"", ""pernah_beli_seniman""]",model,klasifikasi-v1,2026-10-05T15:16:10Z
6f338842-5807-511a-8b0f-216469d03cb4,6ccd5319-a365-5623-8263-83aee2187374,18,0.5675851366651816,"[""harga_sesuai"", ""pernah_beli_seniman""]",model,klasifikasi-v1,2026-10-05T15:16:10Z
6f338842-5807-511a-8b0f-216469d03cb4,866197c9-41b8-58ae-af14-976c6a847c11,19,0.566472846552921,"[""harga_sesuai"", ""gaya_ramai"", ""pernah_beli_seniman""]",model,klasifikasi-v1,2026-10-05T15:16:10Z
6f338842-5807-511a-8b0f-216469d03cb4,e296022f-e45c-5909-ac21-2cff0f53e0b2,20,0.5623049525381031,"[""harga_sesuai"", ""gaya_ramai"", ""pernah_beli_seniman""]",model,klasifikasi-v1,2026-10-05T15:16:10Z
83333cf0-523d-5361-94bd-c5d79ea72d30,0bc9d34a-7f95-5dee-beb4-55f3af9b97c9,1,0.7978417317298174,"[""seniman_naik_daun"", ""pernah_beli_seniman""]",model,klasifikasi-v1,2026-10-05T15:16:10Z
83333cf0-523d-5361-94bd-c5d79ea72d30,ded10c02-e3db-542d-8ff2-e0ab8c159069,2,0.7506833133249781,"[""gaya_favorit"", ""pernah_beli_seniman""]",model,klasifikasi-v1,2026-10-05T15:16:10Z
83333cf0-523d-5361-94bd-c5d79ea72d30,b82ffac4-9b18-5129-bb4f-76d6267ef825,3,0.7156342884595845,"[""harga_sesuai"", ""seniman_naik_daun"", ""pernah_beli_seniman""]",model,klasifikasi-v1,2026-10-05T15:16:10Z
83333cf0-523d-5361-94bd-c5d79ea72d30,88258c73-bb7b-51e8-824e-bc2ca0b939b8,4,0.7074166385325789,"[""seniman_naik_daun"", ""pernah_beli_seniman"", ""karya_baru""]",model,klasifikasi-v1,2026-10-05T15:16:10Z
83333cf0-523d-5361-94bd-c5d79ea72d30,0e102d63-ff8f-5e6b-bbdc-2a5d6e668cb1,5,0.6902493177213445,"[""gaya_favorit"", ""harga_sesuai"", ""pernah_beli_seniman""]",model,klasifikasi-v1,2026-10-05T15:16:10Z
83333cf0-523d-5361-94bd-c5d79ea72d30,1af0200c-a8bf-593f-8cb6-4f759b5f5ac1,6,0.6879250137984944,"[""seniman_naik_daun"", ""pernah_beli_seniman""]",model,klasifikasi-v1,2026-10-05T15:16:10Z
83333cf0-523d-5361-94bd-c5d79ea72d30,e4e1ce05-e95f-55ae-95fd-b46c0e364e4d,7,0.6866563046276115,"[""seniman_naik_daun"", ""pernah_beli_seniman""]",model,klasifikasi-v1,2026-10-05T15:16:10Z
83333cf0-523d-5361-94bd-c5d79ea72d30,21d58bce-aee7-5c2c-9757-2101e0911a9e,8,0.6819747904675698,"[""gaya_favorit"", ""pernah_beli_seniman""]",model,klasifikasi-v1,2026-10-05T15:16:10Z
83333cf0-523d-5361-94bd-c5d79ea72d30,6f5c741f-0fc0-523d-80e7-bce5940b7e1c,9,0.6704523620946559,"[""gaya_favorit"", ""harga_sesuai"", ""pernah_beli_seniman""]",model,klasifikasi-v1,2026-10-05T15:16:10Z
83333cf0-523d-5361-94bd-c5d79ea72d30,1b284f0a-4933-57f5-a5d9-d38488a7227c,10,0.669610145449286,"[""gaya_favorit"", ""harga_sesuai"", ""pernah_beli_seniman""]",model,klasifikasi-v1,2026-10-05T15:16:10Z
83333cf0-523d-5361-94bd-c5d79ea72d30,c5d03f92-aa6d-5593-928e-3b2857ad1853,11,0.665636870264716,"[""gaya_favorit"", ""harga_sesuai"", ""pernah_beli_seniman""]",model,klasifikasi-v1,2026-10-05T15:16:10Z
83333cf0-523d-5361-94bd-c5d79ea72d30,231b14d2-2e75-5193-9c40-949b484944ca,12,0.6585243955499634,"[""seniman_naik_daun"", ""pernah_beli_seniman""]",model,klasifikasi-v1,2026-10-05T15:16:10Z
83333cf0-523d-5361-94bd-c5d79ea72d30,50f3106b-4608-5dec-abd4-f3513db77175,13,0.616937589137005,"[""gaya_favorit"", ""harga_sesuai"", ""pernah_beli_seniman""]",model,klasifikasi-v1,2026-10-05T15:16:10Z
83333cf0-523d-5361-94bd-c5d79ea72d30,2c540a0c-a2ff-5f37-ba88-a5ad28626312,14,0.6163145527646031,"[""gaya_favorit"", ""gaya_ramai"", ""pernah_beli_seniman""]",model,klasifikasi-v1,2026-10-05T15:16:10Z
83333cf0-523d-5361-94bd-c5d79ea72d30,79e25e0d-2c04-5f90-9130-3f1d94125223,15,0.6157529079392596,"[""seniman_naik_daun"", ""pernah_beli_seniman"", ""karya_baru""]",model,klasifikasi-v1,2026-10-05T15:16:10Z
83333cf0-523d-5361-94bd-c5d79ea72d30,f01a7b2c-1e11-597c-afeb-96705f31b4d5,16,0.613156688291758,"[""harga_sesuai"", ""gaya_ramai"", ""pernah_beli_seniman""]",model,klasifikasi-v1,2026-10-05T15:16:10Z
83333cf0-523d-5361-94bd-c5d79ea72d30,7ba04b01-9924-5de2-9ea7-9d0e178b5a76,17,0.6127694515389682,"[""gaya_favorit"", ""pernah_beli_seniman""]",model,klasifikasi-v1,2026-10-05T15:16:10Z
83333cf0-523d-5361-94bd-c5d79ea72d30,a724961d-392c-586e-9da5-8e9342c6fd29,18,0.6126576233371545,"[""karya_baru""]",model,klasifikasi-v1,2026-10-05T15:16:10Z
83333cf0-523d-5361-94bd-c5d79ea72d30,d68447f6-03c0-5053-9f02-5a417aff794d,19,0.5768804808974284,"[""gaya_favorit"", ""harga_sesuai"", ""gaya_ramai""]",model,klasifikasi-v1,2026-10-05T15:16:10Z
83333cf0-523d-5361-94bd-c5d79ea72d30,df002552-8f03-5997-b452-e24a915621dd,20,0.5707052361514202,"[""seniman_naik_daun"", ""pernah_beli_seniman""]",model,klasifikasi-v1,2026-10-05T15:16:10Z
7826a75f-b01b-5b15-8090-950a730170ee,79e25e0d-2c04-5f90-9130-3f1d94125223,1,0.7462578710054091,"[""harga_sesuai"", ""seniman_naik_daun"", ""karya_baru""]",model,klasifikasi-v1,2026-10-05T15:16:10Z
7826a75f-b01b-5b15-8090-950a730170ee,987e9b9d-f4c6-5ce1-ac8c-5ef271e2ae33,2,0.690660304751015,"[""gaya_favorit"", ""harga_sesuai"", ""gaya_ramai""]",model,klasifikasi-v1,2026-10-05T15:16:10Z
7826a75f-b01b-5b15-8090-950a730170ee,2c540a0c-a2ff-5f37-ba88-a5ad28626312,3,0.6674005263617726,"[""gaya_favorit"", ""gaya_ramai""]",model,klasifikasi-v1,2026-10-05T15:16:10Z
7826a75f-b01b-5b15-8090-950a730170ee,88258c73-bb7b-51e8-824e-bc2ca0b939b8,4,0.6597521088953522,"[""seniman_naik_daun"", ""karya_baru""]",model,klasifikasi-v1,2026-10-05T15:16:10Z
7826a75f-b01b-5b15-8090-950a730170ee,0fa48617-95fc-5cfc-84dd-53e4416600eb,5,0.658855766203458,"[""gaya_favorit"", ""harga_sesuai"", ""gaya_ramai""]",model,klasifikasi-v1,2026-10-05T15:16:10Z
7826a75f-b01b-5b15-8090-950a730170ee,830ff9e5-41a2-5091-9bf2-1d5c5b9826f9,6,0.6549178068470977,"[""gaya_favorit"", ""gaya_ramai""]",model,klasifikasi-v1,2026-10-05T15:16:10Z
7826a75f-b01b-5b15-8090-950a730170ee,57484960-cbe1-544b-94b3-2f911835d343,7,0.6495514699953095,"[""gaya_favorit"", ""gaya_ramai""]",model,klasifikasi-v1,2026-10-05T15:16:10Z
7826a75f-b01b-5b15-8090-950a730170ee,3f8e8589-04d2-5dac-97c5-907b7fcd2c76,8,0.636974883538013,"[""gaya_favorit"", ""gaya_ramai""]",model,klasifikasi-v1,2026-10-05T15:16:10Z
7826a75f-b01b-5b15-8090-950a730170ee,07d19c93-c674-54cb-9448-012eb1b60c3f,9,0.61640703525324,"[""harga_sesuai"", ""seniman_naik_daun""]",model,klasifikasi-v1,2026-10-05T15:16:10Z
7826a75f-b01b-5b15-8090-950a730170ee,33908291-b269-567e-a365-72904f1f8c85,10,0.6117030488124502,"[""gaya_favorit"", ""harga_sesuai"", ""seniman_naik_daun"", ""gaya_ramai"", ""pernah_beli_seniman"", ""karya_baru""]",model,klasifikasi-v1,2026-10-05T15:16:10Z
7826a75f-b01b-5b15-8090-950a730170ee,e1957c7e-5e35-5a24-88ec-273b0b81a81a,11,0.6035629631132141,"[""gaya_favorit"", ""gaya_ramai""]",model,klasifikasi-v1,2026-10-05T15:16:10Z
7826a75f-b01b-5b15-8090-950a730170ee,2d399fc1-c809-5c2a-bdaa-6e69cefe5fb1,12,0.6005486945134133,"[""harga_sesuai"", ""seniman_naik_daun""]",model,klasifikasi-v1,2026-10-05T15:16:10Z
7826a75f-b01b-5b15-8090-950a730170ee,df002552-8f03-5997-b452-e24a915621dd,13,0.6002222657423871,"[""harga_sesuai"", ""seniman_naik_daun""]",model,klasifikasi-v1,2026-10-05T15:16:10Z
7826a75f-b01b-5b15-8090-950a730170ee,f1067009-38fa-5639-9333-76bfb4dff9dc,14,0.5979813957480282,"[""gaya_favorit"", ""gaya_ramai""]",model,klasifikasi-v1,2026-10-05T15:16:10Z
7826a75f-b01b-5b15-8090-950a730170ee,9ee5532a-4517-5110-ae74-b2a3048fea09,15,0.5955933181099169,"[""gaya_favorit"", ""gaya_ramai""]",model,klasifikasi-v1,2026-10-05T15:16:10Z
7826a75f-b01b-5b15-8090-950a730170ee,dc7a20d7-16a5-5b10-b618-60ee216567be,16,0.5946117900124027,"[""gaya_favorit"", ""gaya_ramai""]",model,klasifikasi-v1,2026-10-05T15:16:10Z
7826a75f-b01b-5b15-8090-950a730170ee,79661a66-667a-5942-bffd-27fcf6e60186,17,0.5942025137528427,"[""gaya_favorit"", ""gaya_ramai""]",model,klasifikasi-v1,2026-10-05T15:16:10Z
7826a75f-b01b-5b15-8090-950a730170ee,0bc9d34a-7f95-5dee-beb4-55f3af9b97c9,18,0.5920615666936851,"[""seniman_naik_daun""]",model,klasifikasi-v1,2026-10-05T15:16:10Z
7826a75f-b01b-5b15-8090-950a730170ee,cc8ec430-b2a8-5642-84dc-bf79c3c50610,19,0.5865939297521113,"[""gaya_favorit"", ""harga_sesuai"", ""gaya_ramai""]",model,klasifikasi-v1,2026-10-05T15:16:10Z
7826a75f-b01b-5b15-8090-950a730170ee,904ad30a-642f-5489-aec6-5a311e0cdacd,20,0.5807860299185019,"[""gaya_favorit"", ""harga_sesuai"", ""gaya_ramai"", ""pernah_beli_seniman""]",model,klasifikasi-v1,2026-10-05T15:16:10Z
8ad954bc-1b99-5407-973d-73554444435a,c5d03f92-aa6d-5593-928e-3b2857ad1853,1,0.694163379188911,"[""gaya_favorit"", ""harga_sesuai"", ""pernah_beli_seniman""]",model,klasifikasi-v1,2026-10-05T15:16:10Z
8ad954bc-1b99-5407-973d-73554444435a,653fc4b1-75f3-5eac-afe6-586c962be798,2,0.6509708171819966,"[""harga_sesuai"", ""pernah_beli_seniman""]",model,klasifikasi-v1,2026-10-05T15:16:10Z
8ad954bc-1b99-5407-973d-73554444435a,7ed552db-962e-5e78-a1a4-2d32fefa1f0c,3,0.6471436532020186,"[""harga_sesuai"", ""pernah_beli_seniman""]",model,klasifikasi-v1,2026-10-05T15:16:10Z
8ad954bc-1b99-5407-973d-73554444435a,3d61eac2-6d83-5347-9d59-799ac69edc5a,4,0.6324128063934641,"[""pernah_beli_seniman""]",model,klasifikasi-v1,2026-10-05T15:16:10Z
8ad954bc-1b99-5407-973d-73554444435a,6f5c741f-0fc0-523d-80e7-bce5940b7e1c,5,0.6207888214159858,"[""harga_sesuai""]",model,klasifikasi-v1,2026-10-05T15:16:10Z
8ad954bc-1b99-5407-973d-73554444435a,866197c9-41b8-58ae-af14-976c6a847c11,6,0.6151633622237243,"[""gaya_favorit"", ""harga_sesuai"", ""gaya_ramai""]",model,klasifikasi-v1,2026-10-05T15:16:10Z
8ad954bc-1b99-5407-973d-73554444435a,34f160b0-2ebd-5b4b-abbf-d9e60acd2b35,7,0.6045266778977401,"[""gaya_favorit"", ""harga_sesuai"", ""gaya_ramai""]",model,klasifikasi-v1,2026-10-05T15:16:10Z
8ad954bc-1b99-5407-973d-73554444435a,80d6863c-4309-5881-81cd-79e0a6aa59a3,8,0.5950485850159356,"[""harga_sesuai""]",model,klasifikasi-v1,2026-10-05T15:16:10Z
8ad954bc-1b99-5407-973d-73554444435a,2dc1a3d9-2af8-5aef-95bb-4580395395bd,9,0.5925139942744889,"[""gaya_favorit"", ""gaya_ramai""]",model,klasifikasi-v1,2026-10-05T15:16:10Z
8ad954bc-1b99-5407-973d-73554444435a,af387163-4059-5c28-add7-46500bfd3add,10,0.5925139942744889,"[""gaya_favorit"", ""gaya_ramai""]",model,klasifikasi-v1,2026-10-05T15:16:10Z
8ad954bc-1b99-5407-973d-73554444435a,a724961d-392c-586e-9da5-8e9342c6fd29,11,0.5913421875972438,"[""karya_baru""]",model,klasifikasi-v1,2026-10-05T15:16:10Z
8ad954bc-1b99-5407-973d-73554444435a,ded10c02-e3db-542d-8ff2-e0ab8c159069,12,0.5811534903582495,[],model,klasifikasi-v1,2026-10-05T15:16:10Z
8ad954bc-1b99-5407-973d-73554444435a,d0932440-31b0-5025-ab5b-f83ac95c2aea,13,0.5720918046661332,"[""gaya_favorit"", ""harga_sesuai"", ""gaya_ramai""]",model,klasifikasi-v1,2026-10-05T15:16:10Z
8ad954bc-1b99-5407-973d-73554444435a,8cb05ef6-4cf2-5ee6-9061-2889d32eed8b,14,0.5696741878519473,"[""gaya_favorit"", ""gaya_ramai""]",model,klasifikasi-v1,2026-10-05T15:16:10Z
8ad954bc-1b99-5407-973d-73554444435a,2693b62a-7ed0-56ef-a511-0bb356e0e009,15,0.5683808074962775,"[""harga_sesuai"", ""pernah_beli_seniman""]",model,klasifikasi-v1,2026-10-05T15:16:10Z
8ad954bc-1b99-5407-973d-73554444435a,3f8dedef-81a9-5162-9bf4-59f3eb4eb26b,16,0.5682086966585921,"[""gaya_favorit"", ""harga_sesuai"", ""gaya_ramai""]",model,klasifikasi-v1,2026-10-05T15:16:10Z
8ad954bc-1b99-5407-973d-73554444435a,0e102d63-ff8f-5e6b-bbdc-2a5d6e668cb1,17,0.5668144104075318,"[""harga_sesuai""]",model,klasifikasi-v1,2026-10-05T15:16:10Z
8ad954bc-1b99-5407-973d-73554444435a,34be515c-745a-552e-88f7-004446f79132,18,0.5663146285389523,"[""gaya_favorit"", ""harga_sesuai"", ""gaya_ramai""]",model,klasifikasi-v1,2026-10-05T15:16:10Z
8ad954bc-1b99-5407-973d-73554444435a,47ed54a4-6a2e-5276-9603-36c52ea415de,19,0.5629391466320375,"[""gaya_favorit"", ""gaya_ramai""]",model,klasifikasi-v1,2026-10-05T15:16:10Z
8ad954bc-1b99-5407-973d-73554444435a,cd22a6e8-3391-53f2-9ab1-8174b63d5943,20,0.5588198455115512,"[""gaya_favorit"", ""gaya_ramai""]",model,klasifikasi-v1,2026-10-05T15:16:10Z
9f9080b9-7195-5910-8532-44b6139f476e,f01a7b2c-1e11-597c-afeb-96705f31b4d5,1,0.7728119622972816,"[""gaya_favorit"", ""harga_sesuai"", ""gaya_ramai"", ""pernah_beli_seniman""]",model,klasifikasi-v1,2026-10-05T15:16:10Z
9f9080b9-7195-5910-8532-44b6139f476e,6ab910ee-99bd-5039-9bf7-2e6828f994a7,2,0.7627351019819727,"[""gaya_favorit"", ""harga_sesuai"", ""gaya_ramai"", ""pernah_beli_seniman""]",model,klasifikasi-v1,2026-10-05T15:16:10Z
9f9080b9-7195-5910-8532-44b6139f476e,ad22fc44-1c65-50c5-be50-d2e1c3bbdc50,3,0.6378687705055551,"[""gaya_favorit"", ""gaya_ramai"", ""pernah_beli_seniman""]",model,klasifikasi-v1,2026-10-05T15:16:10Z
9f9080b9-7195-5910-8532-44b6139f476e,6f5c741f-0fc0-523d-80e7-bce5940b7e1c,4,0.6089048898235159,"[""harga_sesuai""]",model,klasifikasi-v1,2026-10-05T15:16:10Z
9f9080b9-7195-5910-8532-44b6139f476e,0e102d63-ff8f-5e6b-bbdc-2a5d6e668cb1,5,0.590251109919721,"[""harga_sesuai""]",model,klasifikasi-v1,2026-10-05T15:16:10Z
9f9080b9-7195-5910-8532-44b6139f476e,556ac5bd-b36f-5124-8750-d92fefc82d2d,6,0.5752816143949546,"[""harga_sesuai"", ""karya_baru""]",model,klasifikasi-v1,2026-10-05T15:16:10Z
9f9080b9-7195-5910-8532-44b6139f476e,ded10c02-e3db-542d-8ff2-e0ab8c159069,7,0.5590639312375335,[],model,klasifikasi-v1,2026-10-05T15:16:10Z
9f9080b9-7195-5910-8532-44b6139f476e,d3d263d8-8c28-527a-b394-4889d2ea788f,8,0.5573083946638204,"[""gaya_favorit"", ""harga_sesuai"", ""gaya_ramai"", ""pernah_beli_seniman""]",model,klasifikasi-v1,2026-10-05T15:16:10Z
9f9080b9-7195-5910-8532-44b6139f476e,e3dfd2f2-3476-5028-96e3-7cffa5f15e1e,9,0.5548106304421431,"[""gaya_favorit"", ""gaya_ramai"", ""pernah_beli_seniman""]",model,klasifikasi-v1,2026-10-05T15:16:10Z
9f9080b9-7195-5910-8532-44b6139f476e,0bc9d34a-7f95-5dee-beb4-55f3af9b97c9,10,0.5539262423244057,"[""seniman_naik_daun""]",model,klasifikasi-v1,2026-10-05T15:16:10Z
9f9080b9-7195-5910-8532-44b6139f476e,1b284f0a-4933-57f5-a5d9-d38488a7227c,11,0.5401991763489639,"[""harga_sesuai""]",model,klasifikasi-v1,2026-10-05T15:16:10Z
9f9080b9-7195-5910-8532-44b6139f476e,320bd1ba-15dc-57a0-8b9b-ca2f0b67eb8a,12,0.53674772145113,"[""gaya_favorit"", ""gaya_ramai"", ""pernah_beli_seniman""]",model,klasifikasi-v1,2026-10-05T15:16:10Z
9f9080b9-7195-5910-8532-44b6139f476e,46f27d0f-be60-514a-93e6-8f28a761a005,13,0.5357429325209988,"[""gaya_favorit"", ""gaya_ramai"", ""pernah_beli_seniman""]",model,klasifikasi-v1,2026-10-05T15:16:10Z
9f9080b9-7195-5910-8532-44b6139f476e,b82ffac4-9b18-5129-bb4f-76d6267ef825,14,0.5351177823273179,"[""harga_sesuai"", ""seniman_naik_daun""]",model,klasifikasi-v1,2026-10-05T15:16:10Z
9f9080b9-7195-5910-8532-44b6139f476e,a724961d-392c-586e-9da5-8e9342c6fd29,15,0.5334728805091683,"[""karya_baru""]",model,klasifikasi-v1,2026-10-05T15:16:10Z
9f9080b9-7195-5910-8532-44b6139f476e,362980dc-4085-5d99-aaff-80518930cbc5,16,0.5313175371177667,"[""gaya_favorit"", ""gaya_ramai"", ""pernah_beli_seniman""]",model,klasifikasi-v1,2026-10-05T15:16:10Z
9f9080b9-7195-5910-8532-44b6139f476e,54fdf259-6487-562b-912f-ac0e1163f187,17,0.531219081557623,"[""gaya_favorit"", ""gaya_ramai"", ""pernah_beli_seniman""]",model,klasifikasi-v1,2026-10-05T15:16:10Z
9f9080b9-7195-5910-8532-44b6139f476e,50f3106b-4608-5dec-abd4-f3513db77175,18,0.5311249033076089,"[""harga_sesuai""]",model,klasifikasi-v1,2026-10-05T15:16:10Z
9f9080b9-7195-5910-8532-44b6139f476e,c5d03f92-aa6d-5593-928e-3b2857ad1853,19,0.5301844688902876,"[""harga_sesuai"", ""pernah_beli_seniman""]",model,klasifikasi-v1,2026-10-05T15:16:10Z
9f9080b9-7195-5910-8532-44b6139f476e,80d6863c-4309-5881-81cd-79e0a6aa59a3,20,0.4981257671819983,"[""harga_sesuai""]",model,klasifikasi-v1,2026-10-05T15:16:10Z
08bfd8c9-9c9a-5fe7-9381-ba6e7679d814,c5d03f92-aa6d-5593-928e-3b2857ad1853,1,0.7275077212844465,"[""harga_sesuai"", ""pernah_beli_seniman""]",model,klasifikasi-v1,2026-10-05T15:16:10Z
08bfd8c9-9c9a-5fe7-9381-ba6e7679d814,e15ac87c-418d-5877-b3de-5f27acd81302,2,0.651483367031671,"[""gaya_favorit"", ""harga_sesuai"", ""gaya_ramai""]",model,klasifikasi-v1,2026-10-05T15:16:10Z
08bfd8c9-9c9a-5fe7-9381-ba6e7679d814,ab4a3c71-9387-56bc-a801-1beeee2639d7,3,0.6320419025843148,"[""gaya_favorit"", ""gaya_ramai""]",model,klasifikasi-v1,2026-10-05T15:16:10Z
08bfd8c9-9c9a-5fe7-9381-ba6e7679d814,de0649c2-892b-5173-87f3-b53210592193,4,0.616844367275821,"[""gaya_favorit"", ""harga_sesuai"", ""gaya_ramai"", ""pernah_beli_seniman""]",model,klasifikasi-v1,2026-10-05T15:16:10Z
08bfd8c9-9c9a-5fe7-9381-ba6e7679d814,866197c9-41b8-58ae-af14-976c6a847c11,5,0.603312503707082,"[""gaya_favorit"", ""harga_sesuai"", ""gaya_ramai"", ""pernah_beli_seniman""]",model,klasifikasi-v1,2026-10-05T15:16:10Z
08bfd8c9-9c9a-5fe7-9381-ba6e7679d814,d48d3793-0d94-54bf-8cd8-bd45835a8231,6,0.6013895914227307,"[""gaya_favorit"", ""gaya_ramai""]",model,klasifikasi-v1,2026-10-05T15:16:10Z
08bfd8c9-9c9a-5fe7-9381-ba6e7679d814,6c354900-b80d-56b8-8adc-7a97a366f095,7,0.5974849224025399,"[""harga_sesuai"", ""pernah_beli_seniman""]",model,klasifikasi-v1,2026-10-05T15:16:10Z
08bfd8c9-9c9a-5fe7-9381-ba6e7679d814,a724961d-392c-586e-9da5-8e9342c6fd29,8,0.5852987584047983,"[""karya_baru""]",model,klasifikasi-v1,2026-10-05T15:16:10Z
08bfd8c9-9c9a-5fe7-9381-ba6e7679d814,f01a7b2c-1e11-597c-afeb-96705f31b4d5,9,0.5847798083138738,"[""harga_sesuai"", ""gaya_ramai"", ""pernah_beli_seniman""]",model,klasifikasi-v1,2026-10-05T15:16:10Z
08bfd8c9-9c9a-5fe7-9381-ba6e7679d814,6f5c741f-0fc0-523d-80e7-bce5940b7e1c,10,0.581819076737315,"[""harga_sesuai""]",model,klasifikasi-v1,2026-10-05T15:16:10Z
08bfd8c9-9c9a-5fe7-9381-ba6e7679d814,2c540a0c-a2ff-5f37-ba88-a5ad28626312,11,0.5797160165071594,"[""gaya_favorit"", ""gaya_ramai""]",model,klasifikasi-v1,2026-10-05T15:16:10Z
08bfd8c9-9c9a-5fe7-9381-ba6e7679d814,05f320fb-5f39-5107-a07b-43b287844058,12,0.5796803729018307,"[""gaya_favorit"", ""harga_sesuai"", ""gaya_ramai"", ""pernah_beli_seniman""]",model,klasifikasi-v1,2026-10-05T15:16:10Z
08bfd8c9-9c9a-5fe7-9381-ba6e7679d814,eb44d2ea-12dc-577e-8aa5-20be6e0c9098,13,0.5675301390823191,"[""gaya_favorit"", ""harga_sesuai"", ""gaya_ramai""]",model,klasifikasi-v1,2026-10-05T15:16:10Z
08bfd8c9-9c9a-5fe7-9381-ba6e7679d814,77940c72-1025-5f31-8dff-3763e93c7cf0,14,0.5653288567593753,"[""gaya_favorit"", ""harga_sesuai"", ""gaya_ramai""]",model,klasifikasi-v1,2026-10-05T15:16:10Z
08bfd8c9-9c9a-5fe7-9381-ba6e7679d814,d0932440-31b0-5025-ab5b-f83ac95c2aea,15,0.5596220010025709,"[""gaya_favorit"", ""gaya_ramai"", ""pernah_beli_seniman""]",model,klasifikasi-v1,2026-10-05T15:16:10Z
08bfd8c9-9c9a-5fe7-9381-ba6e7679d814,556ac5bd-b36f-5124-8750-d92fefc82d2d,16,0.5589795853146177,"[""harga_sesuai"", ""karya_baru""]",model,klasifikasi-v1,2026-10-05T15:16:10Z
08bfd8c9-9c9a-5fe7-9381-ba6e7679d814,2b114701-6eaa-53bb-93f7-b655e90e143d,17,0.5583145864733317,"[""gaya_favorit"", ""gaya_ramai"", ""pernah_beli_seniman""]",model,klasifikasi-v1,2026-10-05T15:16:10Z
08bfd8c9-9c9a-5fe7-9381-ba6e7679d814,0e102d63-ff8f-5e6b-bbdc-2a5d6e668cb1,18,0.5474324319670361,"[""harga_sesuai""]",model,klasifikasi-v1,2026-10-05T15:16:10Z
08bfd8c9-9c9a-5fe7-9381-ba6e7679d814,d68447f6-03c0-5053-9f02-5a417aff794d,19,0.5448670690191733,"[""gaya_favorit"", ""harga_sesuai"", ""gaya_ramai"", ""pernah_beli_seniman""]",model,klasifikasi-v1,2026-10-05T15:16:10Z
08bfd8c9-9c9a-5fe7-9381-ba6e7679d814,d3a8b338-b612-53d4-9c39-d14ffe191dfa,20,0.5413454606145045,"[""gaya_favorit"", ""harga_sesuai"", ""gaya_ramai""]",model,klasifikasi-v1,2026-10-05T15:16:10Z
9a779412-e497-579b-8d83-f9ab37185061,6f5c741f-0fc0-523d-80e7-bce5940b7e1c,1,0.8210904305813603,"[""harga_sesuai"", ""pernah_beli_seniman""]",model,klasifikasi-v1,2026-10-05T15:16:10Z
9a779412-e497-579b-8d83-f9ab37185061,c5d03f92-aa6d-5593-928e-3b2857ad1853,2,0.8039561667477931,"[""gaya_favorit"", ""harga_sesuai"", ""pernah_beli_seniman""]",model,klasifikasi-v1,2026-10-05T15:16:10Z
9a779412-e497-579b-8d83-f9ab37185061,80d6863c-4309-5881-81cd-79e0a6aa59a3,3,0.8015025967948076,"[""harga_sesuai"", ""pernah_beli_seniman""]",model,klasifikasi-v1,2026-10-05T15:16:10Z
9a779412-e497-579b-8d83-f9ab37185061,ded10c02-e3db-542d-8ff2-e0ab8c159069,4,0.7876273925770519,"[""pernah_beli_seniman""]",model,klasifikasi-v1,2026-10-05T15:16:10Z
9a779412-e497-579b-8d83-f9ab37185061,0e102d63-ff8f-5e6b-bbdc-2a5d6e668cb1,5,0.7856900968733526,"[""harga_sesuai"", ""pernah_beli_seniman""]",model,klasifikasi-v1,2026-10-05T15:16:10Z
9a779412-e497-579b-8d83-f9ab37185061,50f3106b-4608-5dec-abd4-f3513db77175,6,0.7582152147342998,"[""harga_sesuai"", ""pernah_beli_seniman""]",model,klasifikasi-v1,2026-10-05T15:16:10Z
9a779412-e497-579b-8d83-f9ab37185061,1b284f0a-4933-57f5-a5d9-d38488a7227c,7,0.73789561376789,"[""harga_sesuai"", ""pernah_beli_seniman""]",model,klasifikasi-v1,2026-10-05T15:16:10Z
9a779412-e497-579b-8d83-f9ab37185061,6c354900-b80d-56b8-8adc-7a97a366f095,8,0.6966749265798107,"[""gaya_favorit"", ""harga_sesuai"", ""pernah_beli_seniman""]",model,klasifikasi-v1,2026-10-05T15:16:10Z
9a779412-e497-579b-8d83-f9ab37185061,9bdbffa3-5922-5d4c-a5b3-080cfb23f84c,9,0.6956111902633166,"[""gaya_favorit"", ""pernah_beli_seniman""]",model,klasifikasi-v1,2026-10-05T15:16:10Z
9a779412-e497-579b-8d83-f9ab37185061,6ab910ee-99bd-5039-9bf7-2e6828f994a7,10,0.6679362412702465,"[""gaya_favorit"", ""harga_sesuai"", ""gaya_ramai"", ""pernah_beli_seniman""]",model,klasifikasi-v1,2026-10-05T15:16:10Z
9a779412-e497-579b-8d83-f9ab37185061,21d58bce-aee7-5c2c-9757-2101e0911a9e,11,0.656621616698283,"[""pernah_beli_seniman""]",model,klasifikasi-v1,2026-10-05T15:16:10Z
9a779412-e497-579b-8d83-f9ab37185061,7ba04b01-9924-5de2-9ea7-9d0e178b5a76,12,0.6347251769147391,"[""pernah_beli_seniman""]",model,klasifikasi-v1,2026-10-05T15:16:10Z
9a779412-e497-579b-8d83-f9ab37185061,53d13623-0761-554d-b668-e79215702755,13,0.6214230167354424,"[""gaya_favorit"", ""harga_sesuai"", ""pernah_beli_seniman""]",model,klasifikasi-v1,2026-10-05T15:16:10Z
9a779412-e497-579b-8d83-f9ab37185061,f01a7b2c-1e11-597c-afeb-96705f31b4d5,14,0.5822425235242175,"[""gaya_favorit"", ""harga_sesuai"", ""gaya_ramai"", ""pernah_beli_seniman""]",model,klasifikasi-v1,2026-10-05T15:16:10Z
9a779412-e497-579b-8d83-f9ab37185061,4c6861aa-290c-53f1-808e-3e6cbd17a516,15,0.5692727082719077,"[""gaya_favorit"", ""karya_baru""]",model,klasifikasi-v1,2026-10-05T15:16:10Z
9a779412-e497-579b-8d83-f9ab37185061,556ac5bd-b36f-5124-8750-d92fefc82d2d,16,0.5517106642987383,"[""harga_sesuai"", ""karya_baru""]",model,klasifikasi-v1,2026-10-05T15:16:10Z
9a779412-e497-579b-8d83-f9ab37185061,998d5b90-e146-544c-8f57-8d949cc3b1a0,17,0.5381150461651991,"[""gaya_favorit"", ""pernah_beli_seniman""]",model,klasifikasi-v1,2026-10-05T15:16:10Z
9a779412-e497-579b-8d83-f9ab37185061,866197c9-41b8-58ae-af14-976c6a847c11,18,0.520420392860058,"[""harga_sesuai"", ""gaya_ramai"", ""pernah_beli_seniman""]",model,klasifikasi-v1,2026-10-05T15:16:10Z
9a779412-e497-579b-8d83-f9ab37185061,a724961d-392c-586e-9da5-8e9342c6fd29,19,0.5156242871602642,"[""karya_baru""]",model,klasifikasi-v1,2026-10-05T15:16:10Z
9a779412-e497-579b-8d83-f9ab37185061,79bc3eb9-28b3-57e3-bf83-b1745b6e1891,20,0.5133684969674516,"[""gaya_ramai"", ""pernah_beli_seniman""]",model,klasifikasi-v1,2026-10-05T15:16:10Z
eb1d1455-54ab-59dd-b1a7-8bcffaffe2b4,79e25e0d-2c04-5f90-9130-3f1d94125223,1,0.6780077193753657,"[""seniman_naik_daun"", ""karya_baru""]",model,klasifikasi-v1,2026-10-05T15:16:10Z
eb1d1455-54ab-59dd-b1a7-8bcffaffe2b4,2c540a0c-a2ff-5f37-ba88-a5ad28626312,2,0.6162273876219553,"[""gaya_favorit"", ""harga_sesuai"", ""gaya_ramai""]",model,klasifikasi-v1,2026-10-05T15:16:10Z
eb1d1455-54ab-59dd-b1a7-8bcffaffe2b4,88258c73-bb7b-51e8-824e-bc2ca0b939b8,3,0.602583341610966,"[""seniman_naik_daun"", ""karya_baru""]",model,klasifikasi-v1,2026-10-05T15:16:10Z
eb1d1455-54ab-59dd-b1a7-8bcffaffe2b4,0bc9d34a-7f95-5dee-beb4-55f3af9b97c9,4,0.5705332802690788,"[""seniman_naik_daun""]",model,klasifikasi-v1,2026-10-05T15:16:10Z
eb1d1455-54ab-59dd-b1a7-8bcffaffe2b4,1af0200c-a8bf-593f-8cb6-4f759b5f5ac1,5,0.5541944029172782,"[""harga_sesuai"", ""seniman_naik_daun""]",model,klasifikasi-v1,2026-10-05T15:16:10Z
eb1d1455-54ab-59dd-b1a7-8bcffaffe2b4,07d19c93-c674-54cb-9448-012eb1b60c3f,6,0.55236298728846,"[""seniman_naik_daun""]",model,klasifikasi-v1,2026-10-05T15:16:10Z
eb1d1455-54ab-59dd-b1a7-8bcffaffe2b4,866197c9-41b8-58ae-af14-976c6a847c11,7,0.5435590748418399,"[""gaya_favorit"", ""gaya_ramai""]",model,klasifikasi-v1,2026-10-05T15:16:10Z
eb1d1455-54ab-59dd-b1a7-8bcffaffe2b4,ab4a3c71-9387-56bc-a801-1beeee2639d7,8,0.5357781623167176,"[""gaya_favorit"", ""harga_sesuai"", ""gaya_ramai"", ""pernah_beli_seniman""]",model,klasifikasi-v1,2026-10-05T15:16:10Z
eb1d1455-54ab-59dd-b1a7-8bcffaffe2b4,ded10c02-e3db-542d-8ff2-e0ab8c159069,9,0.5318744089336316,"[""harga_sesuai""]",model,klasifikasi-v1,2026-10-05T15:16:10Z
eb1d1455-54ab-59dd-b1a7-8bcffaffe2b4,72ddb5bd-c130-58fb-8657-ea12f7cd200f,10,0.5304371293804515,"[""harga_sesuai"", ""pernah_beli_seniman""]",model,klasifikasi-v1,2026-10-05T15:16:10Z
eb1d1455-54ab-59dd-b1a7-8bcffaffe2b4,e4e1ce05-e95f-55ae-95fd-b46c0e364e4d,11,0.5240014620552295,"[""harga_sesuai"", ""seniman_naik_daun""]",model,klasifikasi-v1,2026-10-05T15:16:10Z
eb1d1455-54ab-59dd-b1a7-8bcffaffe2b4,231b14d2-2e75-5193-9c40-949b484944ca,12,0.5240014620552295,"[""harga_sesuai"", ""seniman_naik_daun""]",model,klasifikasi-v1,2026-10-05T15:16:10Z
eb1d1455-54ab-59dd-b1a7-8bcffaffe2b4,d48d3793-0d94-54bf-8cd8-bd45835a8231,13,0.5132885441583475,"[""gaya_favorit"", ""harga_sesuai"", ""gaya_ramai"", ""pernah_beli_seniman""]",model,klasifikasi-v1,2026-10-05T15:16:10Z
eb1d1455-54ab-59dd-b1a7-8bcffaffe2b4,8856b1b5-28c4-536b-9a51-9ff06bfdbd80,14,0.5127364245576451,"[""seniman_naik_daun""]",model,klasifikasi-v1,2026-10-05T15:16:10Z
eb1d1455-54ab-59dd-b1a7-8bcffaffe2b4,ab56a64c-b79d-5092-8002-0652f839ad06,15,0.512296071315549,"[""harga_sesuai""]",model,klasifikasi-v1,2026-10-05T15:16:10Z
eb1d1455-54ab-59dd-b1a7-8bcffaffe2b4,7fe57ce0-0aa4-5a4e-855c-fbc916a4c08e,16,0.5056676980019761,"[""pernah_beli_seniman""]",model,klasifikasi-v1,2026-10-05T15:16:10Z
eb1d1455-54ab-59dd-b1a7-8bcffaffe2b4,0e102d63-ff8f-5e6b-bbdc-2a5d6e668cb1,17,0.5003679595022162,[],model,klasifikasi-v1,2026-10-05T15:16:10Z
eb1d1455-54ab-59dd-b1a7-8bcffaffe2b4,3b697b60-34f0-5398-a34f-709b545c0335,18,0.4952802399615374,"[""pernah_beli_seniman""]",model,klasifikasi-v1,2026-10-05T15:16:10Z
eb1d1455-54ab-59dd-b1a7-8bcffaffe2b4,d68447f6-03c0-5053-9f02-5a417aff794d,19,0.48730542069052596,"[""gaya_favorit"", ""gaya_ramai""]",model,klasifikasi-v1,2026-10-05T15:16:10Z
eb1d1455-54ab-59dd-b1a7-8bcffaffe2b4,f1067009-38fa-5639-9333-76bfb4dff9dc,20,0.48676696549742665,"[""gaya_favorit"", ""harga_sesuai"", ""gaya_ramai"", ""pernah_beli_seniman""]",model,klasifikasi-v1,2026-10-05T15:16:10Z
4e3ced83-fd56-55fd-abd7-47be78725639,79e25e0d-2c04-5f90-9130-3f1d94125223,1,0.7865475658967781,"[""harga_sesuai"", ""seniman_naik_daun"", ""karya_baru""]",model,klasifikasi-v1,2026-10-05T15:16:10Z
4e3ced83-fd56-55fd-abd7-47be78725639,88258c73-bb7b-51e8-824e-bc2ca0b939b8,2,0.692803597230195,"[""harga_sesuai"", ""seniman_naik_daun"", ""karya_baru""]",model,klasifikasi-v1,2026-10-05T15:16:10Z
4e3ced83-fd56-55fd-abd7-47be78725639,07d19c93-c674-54cb-9448-012eb1b60c3f,3,0.6805669296352221,"[""harga_sesuai"", ""seniman_naik_daun""]",model,klasifikasi-v1,2026-10-05T15:16:10Z
4e3ced83-fd56-55fd-abd7-47be78725639,1fef09ac-2800-5df6-bb4b-93c0c3308a02,4,0.6771082010583884,"[""harga_sesuai"", ""pernah_beli_seniman""]",model,klasifikasi-v1,2026-10-05T15:16:10Z
4e3ced83-fd56-55fd-abd7-47be78725639,2d399fc1-c809-5c2a-bdaa-6e69cefe5fb1,5,0.6659234902089063,"[""harga_sesuai"", ""seniman_naik_daun""]",model,klasifikasi-v1,2026-10-05T15:16:10Z
4e3ced83-fd56-55fd-abd7-47be78725639,df002552-8f03-5997-b452-e24a915621dd,6,0.6557107974693892,"[""harga_sesuai"", ""seniman_naik_daun""]",model,klasifikasi-v1,2026-10-05T15:16:10Z
4e3ced83-fd56-55fd-abd7-47be78725639,8bfc1f4d-519c-5412-8e3e-9b7ad4729b26,7,0.6474808744393963,"[""gaya_favorit"", ""harga_sesuai"", ""seniman_naik_daun"", ""gaya_ramai"", ""pernah_beli_seniman""]",model,klasifikasi-v1,2026-10-05T15:16:10Z
4e3ced83-fd56-55fd-abd7-47be78725639,9c41c05d-b958-5fe0-902f-c466d102b664,8,0.6467759877010032,"[""harga_sesuai"", ""pernah_beli_seniman""]",model,klasifikasi-v1,2026-10-05T15:16:10Z
4e3ced83-fd56-55fd-abd7-47be78725639,a75ec521-369a-5e79-9b6f-f9851164e909,9,0.6467759877010032,"[""harga_sesuai"", ""pernah_beli_seniman""]",model,klasifikasi-v1,2026-10-05T15:16:10Z
4e3ced83-fd56-55fd-abd7-47be78725639,6a9a552c-870e-5cd3-b409-273d6c5865eb,10,0.64513445790667,"[""harga_sesuai"", ""seniman_naik_daun""]",model,klasifikasi-v1,2026-10-05T15:16:10Z
4e3ced83-fd56-55fd-abd7-47be78725639,64de7a06-8f63-5e8e-b4c7-532b0a72e424,11,0.641250855520909,"[""harga_sesuai"", ""pernah_beli_seniman""]",model,klasifikasi-v1,2026-10-05T15:16:10Z
4e3ced83-fd56-55fd-abd7-47be78725639,0931aca3-ffbb-57aa-b84e-284c01f774f1,12,0.6405815158566643,"[""harga_sesuai"", ""seniman_naik_daun""]",model,klasifikasi-v1,2026-10-05T15:16:10Z
4e3ced83-fd56-55fd-abd7-47be78725639,6cf680b2-63f6-5420-990b-5d58e43b86c3,13,0.6398222597826738,"[""harga_sesuai"", ""pernah_beli_seniman""]",model,klasifikasi-v1,2026-10-05T15:16:10Z
4e3ced83-fd56-55fd-abd7-47be78725639,4ed54522-a110-5365-b35b-4c16d31aa48b,14,0.6390663331107147,"[""harga_sesuai"", ""pernah_beli_seniman""]",model,klasifikasi-v1,2026-10-05T15:16:10Z
4e3ced83-fd56-55fd-abd7-47be78725639,8d8c6d42-894a-5d83-a68b-c458ead32750,15,0.6191677375434391,"[""harga_sesuai"", ""seniman_naik_daun""]",model,klasifikasi-v1,2026-10-05T15:16:10Z
4e3ced83-fd56-55fd-abd7-47be78725639,94afa8d0-6fca-5820-9dfe-5fb67fd9b665,16,0.6158271323581924,"[""harga_sesuai"", ""seniman_naik_daun""]",model,klasifikasi-v1,2026-10-05T15:16:10Z
4e3ced83-fd56-55fd-abd7-47be78725639,8856b1b5-28c4-536b-9a51-9ff06bfdbd80,17,0.6101577226345116,"[""harga_sesuai"", ""seniman_naik_daun""]",model,klasifikasi-v1,2026-10-05T15:16:10Z
4e3ced83-fd56-55fd-abd7-47be78725639,0fa48617-95fc-5cfc-84dd-53e4416600eb,18,0.6012906014454088,"[""harga_sesuai"", ""gaya_ramai"", ""pernah_beli_seniman""]",model,klasifikasi-v1,2026-10-05T15:16:10Z
4e3ced83-fd56-55fd-abd7-47be78725639,0bc9d34a-7f95-5dee-beb4-55f3af9b97c9,19,0.5980886241827953,"[""seniman_naik_daun""]",model,klasifikasi-v1,2026-10-05T15:16:10Z
4e3ced83-fd56-55fd-abd7-47be78725639,a8ac835e-5aad-57f7-aa47-99b583d02392,20,0.5974241365898323,"[""harga_sesuai"", ""seniman_naik_daun""]",model,klasifikasi-v1,2026-10-05T15:16:10Z
028762f8-d024-5dc2-9c0d-7884b2807dc5,79e25e0d-2c04-5f90-9130-3f1d94125223,1,0.8008568471265212,"[""harga_sesuai"", ""seniman_naik_daun"", ""pernah_beli_seniman"", ""karya_baru""]",model,klasifikasi-v1,2026-10-05T15:16:10Z
028762f8-d024-5dc2-9c0d-7884b2807dc5,88258c73-bb7b-51e8-824e-bc2ca0b939b8,2,0.7803754614083875,"[""harga_sesuai"", ""seniman_naik_daun"", ""pernah_beli_seniman"", ""karya_baru""]",model,klasifikasi-v1,2026-10-05T15:16:10Z
028762f8-d024-5dc2-9c0d-7884b2807dc5,df002552-8f03-5997-b452-e24a915621dd,3,0.7311494964776847,"[""harga_sesuai"", ""seniman_naik_daun"", ""pernah_beli_seniman""]",model,klasifikasi-v1,2026-10-05T15:16:10Z
028762f8-d024-5dc2-9c0d-7884b2807dc5,07d19c93-c674-54cb-9448-012eb1b60c3f,4,0.7080792469361544,"[""harga_sesuai"", ""seniman_naik_daun"", ""pernah_beli_seniman""]",model,klasifikasi-v1,2026-10-05T15:16:10Z
028762f8-d024-5dc2-9c0d-7884b2807dc5,8856b1b5-28c4-536b-9a51-9ff06bfdbd80,5,0.6968944498668737,"[""harga_sesuai"", ""seniman_naik_daun"", ""pernah_beli_seniman""]",model,klasifikasi-v1,2026-10-05T15:16:10Z
028762f8-d024-5dc2-9c0d-7884b2807dc5,0931aca3-ffbb-57aa-b84e-284c01f774f1,6,0.6798009141272765,"[""harga_sesuai"", ""seniman_naik_daun"", ""pernah_beli_seniman""]",model,klasifikasi-v1,2026-10-05T15:16:10Z
028762f8-d024-5dc2-9c0d-7884b2807dc5,1fe5e4ec-a2db-5ef8-a46d-3f8ffa41ebe2,7,0.6731742498144393,"[""gaya_favorit"", ""pernah_beli_seniman"", ""karya_baru""]",model,klasifikasi-v1,2026-10-05T15:16:10Z
028762f8-d024-5dc2-9c0d-7884b2807dc5,2d399fc1-c809-5c2a-bdaa-6e69cefe5fb1,8,0.672751774339292,"[""harga_sesuai"", ""seniman_naik_daun"", ""pernah_beli_seniman""]",model,klasifikasi-v1,2026-10-05T15:16:10Z
028762f8-d024-5dc2-9c0d-7884b2807dc5,6a9a552c-870e-5cd3-b409-273d6c5865eb,9,0.6615382967971265,"[""harga_sesuai"", ""seniman_naik_daun"", ""pernah_beli_seniman""]",model,klasifikasi-v1,2026-10-05T15:16:10Z
028762f8-d024-5dc2-9c0d-7884b2807dc5,1af0200c-a8bf-593f-8cb6-4f759b5f5ac1,10,0.6609656321583811,"[""harga_sesuai"", ""seniman_naik_daun"", ""pernah_beli_seniman""]",model,klasifikasi-v1,2026-10-05T15:16:10Z
028762f8-d024-5dc2-9c0d-7884b2807dc5,0bc9d34a-7f95-5dee-beb4-55f3af9b97c9,11,0.6546755422011212,"[""harga_sesuai"", ""seniman_naik_daun"", ""pernah_beli_seniman""]",model,klasifikasi-v1,2026-10-05T15:16:10Z
028762f8-d024-5dc2-9c0d-7884b2807dc5,854f6550-ae71-509e-859c-39396df1a99e,12,0.6530405760527448,"[""harga_sesuai"", ""seniman_naik_daun"", ""pernah_beli_seniman""]",model,klasifikasi-v1,2026-10-05T15:16:10Z
028762f8-d024-5dc2-9c0d-7884b2807dc5,94afa8d0-6fca-5820-9dfe-5fb67fd9b665,13,0.651079200929951,"[""harga_sesuai"", ""seniman_naik_daun"", ""pernah_beli_seniman""]",model,klasifikasi-v1,2026-10-05T15:16:10Z
028762f8-d024-5dc2-9c0d-7884b2807dc5,8d8c6d42-894a-5d83-a68b-c458ead32750,14,0.6469288478019016,"[""seniman_naik_daun"", ""pernah_beli_seniman""]",model,klasifikasi-v1,2026-10-05T15:16:10Z
028762f8-d024-5dc2-9c0d-7884b2807dc5,1fef09ac-2800-5df6-bb4b-93c0c3308a02,15,0.6245207027057692,[],model,klasifikasi-v1,2026-10-05T15:16:10Z
028762f8-d024-5dc2-9c0d-7884b2807dc5,9c41c05d-b958-5fe0-902f-c466d102b664,16,0.6131563288917994,[],model,klasifikasi-v1,2026-10-05T15:16:10Z
028762f8-d024-5dc2-9c0d-7884b2807dc5,a75ec521-369a-5e79-9b6f-f9851164e909,17,0.6131563288917994,[],model,klasifikasi-v1,2026-10-05T15:16:10Z
028762f8-d024-5dc2-9c0d-7884b2807dc5,04393ef2-a47c-5658-89fa-61d255a593b4,18,0.6034234361188842,"[""harga_sesuai"", ""seniman_naik_daun"", ""pernah_beli_seniman""]",model,klasifikasi-v1,2026-10-05T15:16:10Z
028762f8-d024-5dc2-9c0d-7884b2807dc5,231b14d2-2e75-5193-9c40-949b484944ca,19,0.6033498857900053,"[""harga_sesuai"", ""seniman_naik_daun"", ""pernah_beli_seniman""]",model,klasifikasi-v1,2026-10-05T15:16:10Z
028762f8-d024-5dc2-9c0d-7884b2807dc5,e4e1ce05-e95f-55ae-95fd-b46c0e364e4d,20,0.5999648358572037,"[""seniman_naik_daun"", ""pernah_beli_seniman""]",model,klasifikasi-v1,2026-10-05T15:16:10Z
4e10f433-6104-54e3-bdda-547a8530d03b,3f8dedef-81a9-5162-9bf4-59f3eb4eb26b,1,0.750799233218573,"[""gaya_favorit"", ""harga_sesuai"", ""gaya_ramai"", ""pernah_beli_seniman""]",model,klasifikasi-v1,2026-10-05T15:16:10Z
4e10f433-6104-54e3-bdda-547a8530d03b,d0932440-31b0-5025-ab5b-f83ac95c2aea,2,0.7476568330399512,"[""gaya_favorit"", ""harga_sesuai"", ""gaya_ramai"", ""pernah_beli_seniman""]",model,klasifikasi-v1,2026-10-05T15:16:10Z
4e10f433-6104-54e3-bdda-547a8530d03b,9349bf99-62dc-596c-915f-6594321c44de,3,0.7038605004382464,"[""gaya_favorit"", ""harga_sesuai"", ""gaya_ramai"", ""pernah_beli_seniman""]",model,klasifikasi-v1,2026-10-05T15:16:10Z
4e10f433-6104-54e3-bdda-547a8530d03b,3dbbe20e-9781-5936-bae9-c1cfacd61a09,4,0.7038605004382464,"[""gaya_favorit"", ""harga_sesuai"", ""gaya_ramai"", ""pernah_beli_seniman""]",model,klasifikasi-v1,2026-10-05T15:16:10Z
4e10f433-6104-54e3-bdda-547a8530d03b,8cb05ef6-4cf2-5ee6-9061-2889d32eed8b,5,0.6930644874797135,"[""gaya_favorit"", ""harga_sesuai"", ""gaya_ramai"", ""pernah_beli_seniman""]",model,klasifikasi-v1,2026-10-05T15:16:10Z
4e10f433-6104-54e3-bdda-547a8530d03b,07425d78-e06e-583d-8083-ee3395fa2d20,6,0.692478586493338,"[""gaya_favorit"", ""gaya_ramai"", ""pernah_beli_seniman""]",model,klasifikasi-v1,2026-10-05T15:16:10Z
4e10f433-6104-54e3-bdda-547a8530d03b,47ed54a4-6a2e-5276-9603-36c52ea415de,7,0.6872002458575351,"[""gaya_favorit"", ""harga_sesuai"", ""gaya_ramai"", ""pernah_beli_seniman""]",model,klasifikasi-v1,2026-10-05T15:16:10Z
4e10f433-6104-54e3-bdda-547a8530d03b,af387163-4059-5c28-add7-46500bfd3add,8,0.6870568320278871,"[""gaya_favorit"", ""harga_sesuai"", ""gaya_ramai"", ""pernah_beli_seniman""]",model,klasifikasi-v1,2026-10-05T15:16:10Z
4e10f433-6104-54e3-bdda-547a8530d03b,cd22a6e8-3391-53f2-9ab1-8174b63d5943,9,0.6835938420359224,"[""gaya_favorit"", ""harga_sesuai"", ""gaya_ramai"", ""pernah_beli_seniman""]",model,klasifikasi-v1,2026-10-05T15:16:10Z
4e10f433-6104-54e3-bdda-547a8530d03b,da1e02a9-b5b0-5dd8-b213-4302c25d95f9,10,0.6814554235457108,"[""gaya_favorit"", ""gaya_ramai"", ""pernah_beli_seniman""]",model,klasifikasi-v1,2026-10-05T15:16:10Z
4e10f433-6104-54e3-bdda-547a8530d03b,087419b7-5d7b-53df-aa0f-1e80f02a0377,11,0.6814554235457108,"[""gaya_favorit"", ""gaya_ramai"", ""pernah_beli_seniman""]",model,klasifikasi-v1,2026-10-05T15:16:10Z
4e10f433-6104-54e3-bdda-547a8530d03b,daeb60e8-db84-5a23-a92f-401fc4f8c8e9,12,0.6754732394514555,"[""gaya_favorit"", ""gaya_ramai"", ""pernah_beli_seniman""]",model,klasifikasi-v1,2026-10-05T15:16:10Z
4e10f433-6104-54e3-bdda-547a8530d03b,784f6648-d504-5733-ba76-2d90ce171c97,13,0.6754732394514555,"[""gaya_favorit"", ""gaya_ramai"", ""pernah_beli_seniman""]",model,klasifikasi-v1,2026-10-05T15:16:10Z
4e10f433-6104-54e3-bdda-547a8530d03b,882125dc-b120-5048-9014-2ba4d49923bf,14,0.6649027253687552,"[""gaya_favorit"", ""gaya_ramai"", ""pernah_beli_seniman""]",model,klasifikasi-v1,2026-10-05T15:16:10Z
4e10f433-6104-54e3-bdda-547a8530d03b,5fbcd220-b0c0-5a3c-9d6c-ad272567d4b4,15,0.6618635217924458,"[""gaya_favorit"", ""harga_sesuai"", ""gaya_ramai"", ""pernah_beli_seniman""]",model,klasifikasi-v1,2026-10-05T15:16:10Z
4e10f433-6104-54e3-bdda-547a8530d03b,c5d03f92-aa6d-5593-928e-3b2857ad1853,16,0.6607133968827187,"[""gaya_favorit"", ""harga_sesuai"", ""pernah_beli_seniman""]",model,klasifikasi-v1,2026-10-05T15:16:10Z
4e10f433-6104-54e3-bdda-547a8530d03b,a724961d-392c-586e-9da5-8e9342c6fd29,17,0.6590551945707842,"[""pernah_beli_seniman"", ""karya_baru""]",model,klasifikasi-v1,2026-10-05T15:16:10Z
4e10f433-6104-54e3-bdda-547a8530d03b,833169db-d471-58fa-8abf-d93643696f4b,18,0.6583219606570305,"[""gaya_favorit"", ""harga_sesuai"", ""gaya_ramai"", ""pernah_beli_seniman""]",model,klasifikasi-v1,2026-10-05T15:16:10Z
4e10f433-6104-54e3-bdda-547a8530d03b,2dc1a3d9-2af8-5aef-95bb-4580395395bd,19,0.6506000953217648,"[""gaya_favorit"", ""harga_sesuai"", ""gaya_ramai"", ""pernah_beli_seniman""]",model,klasifikasi-v1,2026-10-05T15:16:10Z
4e10f433-6104-54e3-bdda-547a8530d03b,34f160b0-2ebd-5b4b-abbf-d9e60acd2b35,20,0.6493559995331237,"[""gaya_favorit"", ""harga_sesuai"", ""gaya_ramai"", ""pernah_beli_seniman""]",model,klasifikasi-v1,2026-10-05T15:16:10Z
e202f1c8-c8f5-564c-9c97-af7d4d524141,e15ac87c-418d-5877-b3de-5f27acd81302,1,0.7384571965902745,"[""gaya_favorit"", ""harga_sesuai"", ""gaya_ramai"", ""pernah_beli_seniman""]",model,klasifikasi-v1,2026-10-05T15:16:10Z
e202f1c8-c8f5-564c-9c97-af7d4d524141,866197c9-41b8-58ae-af14-976c6a847c11,2,0.6885732378905924,"[""gaya_favorit"", ""harga_sesuai"", ""gaya_ramai"", ""pernah_beli_seniman""]",model,klasifikasi-v1,2026-10-05T15:16:10Z
e202f1c8-c8f5-564c-9c97-af7d4d524141,daa8c931-6f28-5aae-87f3-dc9cd4fb7f63,3,0.6742247850842631,"[""gaya_favorit"", ""harga_sesuai"", ""gaya_ramai"", ""pernah_beli_seniman""]",model,klasifikasi-v1,2026-10-05T15:16:10Z
e202f1c8-c8f5-564c-9c97-af7d4d524141,ecc1925d-5e66-5cb1-9433-9856fad6a864,4,0.6583310735843801,"[""gaya_favorit"", ""harga_sesuai"", ""gaya_ramai"", ""pernah_beli_seniman""]",model,klasifikasi-v1,2026-10-05T15:16:10Z
e202f1c8-c8f5-564c-9c97-af7d4d524141,ab4a3c71-9387-56bc-a801-1beeee2639d7,5,0.6507210225336211,"[""gaya_favorit"", ""gaya_ramai""]",model,klasifikasi-v1,2026-10-05T15:16:10Z
e202f1c8-c8f5-564c-9c97-af7d4d524141,34be515c-745a-552e-88f7-004446f79132,6,0.6436448005227955,"[""gaya_favorit"", ""harga_sesuai"", ""gaya_ramai"", ""pernah_beli_seniman""]",model,klasifikasi-v1,2026-10-05T15:16:10Z
e202f1c8-c8f5-564c-9c97-af7d4d524141,6f5c741f-0fc0-523d-80e7-bce5940b7e1c,7,0.6334013670119751,"[""harga_sesuai""]",model,klasifikasi-v1,2026-10-05T15:16:10Z
e202f1c8-c8f5-564c-9c97-af7d4d524141,fe1a1879-a98f-5673-b481-0cff8f509f6b,8,0.6213817232791142,"[""gaya_favorit"", ""harga_sesuai"", ""gaya_ramai"", ""pernah_beli_seniman""]",model,klasifikasi-v1,2026-10-05T15:16:10Z
e202f1c8-c8f5-564c-9c97-af7d4d524141,de0649c2-892b-5173-87f3-b53210592193,9,0.6190297131021922,"[""gaya_favorit"", ""harga_sesuai"", ""gaya_ramai"", ""pernah_beli_seniman""]",model,klasifikasi-v1,2026-10-05T15:16:10Z
e202f1c8-c8f5-564c-9c97-af7d4d524141,79bc3eb9-28b3-57e3-bf83-b1745b6e1891,10,0.6171413814665018,"[""gaya_favorit"", ""gaya_ramai"", ""pernah_beli_seniman""]",model,klasifikasi-v1,2026-10-05T15:16:10Z
e202f1c8-c8f5-564c-9c97-af7d4d524141,0e102d63-ff8f-5e6b-bbdc-2a5d6e668cb1,11,0.6124055705120359,"[""harga_sesuai""]",model,klasifikasi-v1,2026-10-05T15:16:10Z
e202f1c8-c8f5-564c-9c97-af7d4d524141,eb44d2ea-12dc-577e-8aa5-20be6e0c9098,12,0.6045321315273641,"[""gaya_favorit"", ""harga_sesuai"", ""gaya_ramai"", ""pernah_beli_seniman""]",model,klasifikasi-v1,2026-10-05T15:16:10Z
e202f1c8-c8f5-564c-9c97-af7d4d524141,80d6863c-4309-5881-81cd-79e0a6aa59a3,13,0.6031951334550965,"[""harga_sesuai""]",model,klasifikasi-v1,2026-10-05T15:16:10Z
e202f1c8-c8f5-564c-9c97-af7d4d524141,ded10c02-e3db-542d-8ff2-e0ab8c159069,14,0.6009534094752325,[],model,klasifikasi-v1,2026-10-05T15:16:10Z
e202f1c8-c8f5-564c-9c97-af7d4d524141,1710dd55-8ba2-5707-8232-b4ff654c9e8b,15,0.593708328630685,"[""gaya_favorit"", ""harga_sesuai"", ""gaya_ramai"", ""pernah_beli_seniman""]",model,klasifikasi-v1,2026-10-05T15:16:10Z
e202f1c8-c8f5-564c-9c97-af7d4d524141,05f320fb-5f39-5107-a07b-43b287844058,16,0.5931806400866362,"[""gaya_favorit"", ""harga_sesuai"", ""gaya_ramai""]",model,klasifikasi-v1,2026-10-05T15:16:10Z
e202f1c8-c8f5-564c-9c97-af7d4d524141,dd1ea1ee-96da-5e5b-b582-04814de395d1,17,0.5922880727424572,"[""gaya_favorit"", ""harga_sesuai"", ""gaya_ramai"", ""pernah_beli_seniman""]",model,klasifikasi-v1,2026-10-05T15:16:10Z
e202f1c8-c8f5-564c-9c97-af7d4d524141,5fb395fb-fce6-5bf5-850f-533ba0346ded,18,0.5922880727424572,"[""gaya_favorit"", ""harga_sesuai"", ""gaya_ramai"", ""pernah_beli_seniman""]",model,klasifikasi-v1,2026-10-05T15:16:10Z
e202f1c8-c8f5-564c-9c97-af7d4d524141,95a307c1-e13a-584e-b5a7-bdb273f5d066,19,0.5833165858455696,"[""gaya_favorit"", ""harga_sesuai"", ""gaya_ramai"", ""pernah_beli_seniman""]",model,klasifikasi-v1,2026-10-05T15:16:10Z
e202f1c8-c8f5-564c-9c97-af7d4d524141,d3a8b338-b612-53d4-9c39-d14ffe191dfa,20,0.5815728820320888,"[""gaya_favorit"", ""harga_sesuai"", ""gaya_ramai"", ""pernah_beli_seniman""]",model,klasifikasi-v1,2026-10-05T15:16:10Z
9e764bb8-a7de-565b-b008-4ab804012d64,f01a7b2c-1e11-597c-afeb-96705f31b4d5,1,0.7714646854096071,"[""gaya_favorit"", ""harga_sesuai"", ""gaya_ramai"", ""pernah_beli_seniman""]",model,klasifikasi-v1,2026-10-05T15:16:10Z
9e764bb8-a7de-565b-b008-4ab804012d64,6ab910ee-99bd-5039-9bf7-2e6828f994a7,2,0.731240784209035,"[""gaya_favorit"", ""harga_sesuai"", ""gaya_ramai"", ""pernah_beli_seniman""]",model,klasifikasi-v1,2026-10-05T15:16:10Z
9e764bb8-a7de-565b-b008-4ab804012d64,0bc9d34a-7f95-5dee-beb4-55f3af9b97c9,3,0.6923740523784124,"[""seniman_naik_daun""]",model,klasifikasi-v1,2026-10-05T15:16:10Z
9e764bb8-a7de-565b-b008-4ab804012d64,224ba711-c5ff-581d-be53-1872a1df84ca,4,0.6590866298143597,"[""seniman_naik_daun""]",model,klasifikasi-v1,2026-10-05T15:16:10Z
9e764bb8-a7de-565b-b008-4ab804012d64,ad22fc44-1c65-50c5-be50-d2e1c3bbdc50,5,0.6268790742413014,"[""gaya_favorit"", ""gaya_ramai"", ""pernah_beli_seniman""]",model,klasifikasi-v1,2026-10-05T15:16:10Z
9e764bb8-a7de-565b-b008-4ab804012d64,a724961d-392c-586e-9da5-8e9342c6fd29,6,0.5875327955444193,"[""karya_baru""]",model,klasifikasi-v1,2026-10-05T15:16:10Z
9e764bb8-a7de-565b-b008-4ab804012d64,0e102d63-ff8f-5e6b-bbdc-2a5d6e668cb1,7,0.5801296712829637,"[""harga_sesuai""]",model,klasifikasi-v1,2026-10-05T15:16:10Z
9e764bb8-a7de-565b-b008-4ab804012d64,6668aaa3-cf17-5996-8538-ab41cc230eab,8,0.5791067660375476,"[""gaya_favorit"", ""gaya_ramai""]",model,klasifikasi-v1,2026-10-05T15:16:10Z
9e764bb8-a7de-565b-b008-4ab804012d64,6f5c741f-0fc0-523d-80e7-bce5940b7e1c,9,0.566247707146413,"[""harga_sesuai""]",model,klasifikasi-v1,2026-10-05T15:16:10Z
9e764bb8-a7de-565b-b008-4ab804012d64,320bd1ba-15dc-57a0-8b9b-ca2f0b67eb8a,10,0.5641320952347074,"[""gaya_favorit"", ""gaya_ramai"", ""pernah_beli_seniman""]",model,klasifikasi-v1,2026-10-05T15:16:10Z
9e764bb8-a7de-565b-b008-4ab804012d64,46f27d0f-be60-514a-93e6-8f28a761a005,11,0.5631383596783689,"[""gaya_favorit"", ""gaya_ramai"", ""pernah_beli_seniman""]",model,klasifikasi-v1,2026-10-05T15:16:10Z
9e764bb8-a7de-565b-b008-4ab804012d64,ded10c02-e3db-542d-8ff2-e0ab8c159069,12,0.5630297998816668,[],model,klasifikasi-v1,2026-10-05T15:16:10Z
9e764bb8-a7de-565b-b008-4ab804012d64,556ac5bd-b36f-5124-8750-d92fefc82d2d,13,0.5612491225262075,"[""harga_sesuai"", ""karya_baru""]",model,klasifikasi-v1,2026-10-05T15:16:10Z
9e764bb8-a7de-565b-b008-4ab804012d64,54fdf259-6487-562b-912f-ac0e1163f187,14,0.5586615483560711,"[""gaya_favorit"", ""gaya_ramai"", ""pernah_beli_seniman""]",model,klasifikasi-v1,2026-10-05T15:16:10Z
9e764bb8-a7de-565b-b008-4ab804012d64,d3d263d8-8c28-527a-b394-4889d2ea788f,15,0.5423376665058568,"[""gaya_favorit"", ""harga_sesuai"", ""gaya_ramai"", ""pernah_beli_seniman""]",model,klasifikasi-v1,2026-10-05T15:16:10Z
9e764bb8-a7de-565b-b008-4ab804012d64,e3dfd2f2-3476-5028-96e3-7cffa5f15e1e,16,0.5350544966906767,"[""gaya_favorit"", ""gaya_ramai"", ""pernah_beli_seniman""]",model,klasifikasi-v1,2026-10-05T15:16:10Z
9e764bb8-a7de-565b-b008-4ab804012d64,88258c73-bb7b-51e8-824e-bc2ca0b939b8,17,0.5301335249291261,"[""seniman_naik_daun"", ""karya_baru""]",model,klasifikasi-v1,2026-10-05T15:16:10Z
9e764bb8-a7de-565b-b008-4ab804012d64,362980dc-4085-5d99-aaff-80518930cbc5,18,0.5285141107189211,"[""gaya_favorit"", ""gaya_ramai"", ""pernah_beli_seniman""]",model,klasifikasi-v1,2026-10-05T15:16:10Z
9e764bb8-a7de-565b-b008-4ab804012d64,8e04173b-c26a-5b43-b711-d2b456c71647,19,0.5268182585888923,"[""gaya_favorit"", ""gaya_ramai""]",model,klasifikasi-v1,2026-10-05T15:16:10Z
9e764bb8-a7de-565b-b008-4ab804012d64,21d58bce-aee7-5c2c-9757-2101e0911a9e,20,0.5214609997709071,[],model,klasifikasi-v1,2026-10-05T15:16:10Z
3227257d-7266-599b-b2b0-6dfa5ee81df5,05f320fb-5f39-5107-a07b-43b287844058,1,0.6403787158926861,"[""gaya_favorit"", ""harga_sesuai"", ""gaya_ramai"", ""pernah_beli_seniman""]",model,klasifikasi-v1,2026-10-05T15:16:10Z
3227257d-7266-599b-b2b0-6dfa5ee81df5,e15ac87c-418d-5877-b3de-5f27acd81302,2,0.6156925692034007,"[""gaya_favorit"", ""harga_sesuai"", ""gaya_ramai"", ""pernah_beli_seniman""]",model,klasifikasi-v1,2026-10-05T15:16:10Z
3227257d-7266-599b-b2b0-6dfa5ee81df5,6f5c741f-0fc0-523d-80e7-bce5940b7e1c,3,0.6091837936313723,"[""harga_sesuai""]",model,klasifikasi-v1,2026-10-05T15:16:10Z
3227257d-7266-599b-b2b0-6dfa5ee81df5,866197c9-41b8-58ae-af14-976c6a847c11,4,0.6063714648096631,"[""gaya_favorit"", ""harga_sesuai"", ""gaya_ramai"", ""pernah_beli_seniman""]",model,klasifikasi-v1,2026-10-05T15:16:10Z
3227257d-7266-599b-b2b0-6dfa5ee81df5,de0649c2-892b-5173-87f3-b53210592193,5,0.5986762929728411,"[""gaya_favorit"", ""harga_sesuai"", ""gaya_ramai"", ""pernah_beli_seniman""]",model,klasifikasi-v1,2026-10-05T15:16:10Z
3227257d-7266-599b-b2b0-6dfa5ee81df5,35761db0-2c06-54dc-bda1-3a407fbac6e6,6,0.5977651585148984,"[""gaya_favorit"", ""harga_sesuai"", ""gaya_ramai"", ""pernah_beli_seniman""]",model,klasifikasi-v1,2026-10-05T15:16:10Z
3227257d-7266-599b-b2b0-6dfa5ee81df5,2b114701-6eaa-53bb-93f7-b655e90e143d,7,0.5959079610401508,"[""gaya_favorit"", ""gaya_ramai"", ""pernah_beli_seniman""]",model,klasifikasi-v1,2026-10-05T15:16:10Z
3227257d-7266-599b-b2b0-6dfa5ee81df5,556ac5bd-b36f-5124-8750-d92fefc82d2d,8,0.5809501790151366,"[""harga_sesuai"", ""pernah_beli_seniman"", ""karya_baru""]",model,klasifikasi-v1,2026-10-05T15:16:10Z
3227257d-7266-599b-b2b0-6dfa5ee81df5,d0932440-31b0-5025-ab5b-f83ac95c2aea,9,0.5754432361082179,"[""gaya_favorit"", ""gaya_ramai"", ""pernah_beli_seniman""]",model,klasifikasi-v1,2026-10-05T15:16:10Z
3227257d-7266-599b-b2b0-6dfa5ee81df5,0e102d63-ff8f-5e6b-bbdc-2a5d6e668cb1,10,0.5754052113665723,"[""harga_sesuai""]",model,klasifikasi-v1,2026-10-05T15:16:10Z
3227257d-7266-599b-b2b0-6dfa5ee81df5,34f160b0-2ebd-5b4b-abbf-d9e60acd2b35,11,0.5726317248932589,"[""gaya_favorit"", ""gaya_ramai"", ""pernah_beli_seniman""]",model,klasifikasi-v1,2026-10-05T15:16:10Z
3227257d-7266-599b-b2b0-6dfa5ee81df5,ab4a3c71-9387-56bc-a801-1beeee2639d7,12,0.572252327295124,"[""gaya_favorit"", ""gaya_ramai""]",model,klasifikasi-v1,2026-10-05T15:16:10Z
3227257d-7266-599b-b2b0-6dfa5ee81df5,f45cab8f-3561-5397-9eb7-6764db930090,13,0.5682076490884229,"[""gaya_favorit"", ""harga_sesuai"", ""gaya_ramai"", ""pernah_beli_seniman""]",model,klasifikasi-v1,2026-10-05T15:16:10Z
3227257d-7266-599b-b2b0-6dfa5ee81df5,63078eef-3a0a-599e-975d-9095328eea7f,14,0.5653600483126686,"[""gaya_favorit"", ""harga_sesuai"", ""gaya_ramai"", ""pernah_beli_seniman""]",model,klasifikasi-v1,2026-10-05T15:16:10Z
3227257d-7266-599b-b2b0-6dfa5ee81df5,d2b19c93-3410-5803-aea2-6ea598e91ef7,15,0.565130677267384,"[""gaya_favorit"", ""harga_sesuai"", ""gaya_ramai"", ""pernah_beli_seniman""]",model,klasifikasi-v1,2026-10-05T15:16:10Z
3227257d-7266-599b-b2b0-6dfa5ee81df5,ded10c02-e3db-542d-8ff2-e0ab8c159069,16,0.5543311713988239,[],model,klasifikasi-v1,2026-10-05T15:16:10Z
3227257d-7266-599b-b2b0-6dfa5ee81df5,3f8dedef-81a9-5162-9bf4-59f3eb4eb26b,17,0.5535230954532924,"[""gaya_favorit"", ""gaya_ramai"", ""pernah_beli_seniman""]",model,klasifikasi-v1,2026-10-05T15:16:10Z
3227257d-7266-599b-b2b0-6dfa5ee81df5,a724961d-392c-586e-9da5-8e9342c6fd29,18,0.5506457542148999,"[""pernah_beli_seniman"", ""karya_baru""]",model,klasifikasi-v1,2026-10-05T15:16:10Z
3227257d-7266-599b-b2b0-6dfa5ee81df5,d48d3793-0d94-54bf-8cd8-bd45835a8231,19,0.5501736251508281,"[""gaya_favorit"", ""gaya_ramai""]",model,klasifikasi-v1,2026-10-05T15:16:10Z
3227257d-7266-599b-b2b0-6dfa5ee81df5,833169db-d471-58fa-8abf-d93643696f4b,20,0.5461592195169149,"[""gaya_favorit"", ""gaya_ramai"", ""pernah_beli_seniman""]",model,klasifikasi-v1,2026-10-05T15:16:10Z
fdf6aa1c-ef4c-51c5-80c3-15a6df7ea57c,6ab910ee-99bd-5039-9bf7-2e6828f994a7,1,0.8242677198994589,"[""gaya_favorit"", ""harga_sesuai"", ""gaya_ramai"", ""pernah_beli_seniman""]",model,klasifikasi-v1,2026-10-05T15:16:10Z
fdf6aa1c-ef4c-51c5-80c3-15a6df7ea57c,f01a7b2c-1e11-597c-afeb-96705f31b4d5,2,0.7576867854806807,"[""gaya_favorit"", ""harga_sesuai"", ""gaya_ramai"", ""pernah_beli_seniman""]",model,klasifikasi-v1,2026-10-05T15:16:10Z
fdf6aa1c-ef4c-51c5-80c3-15a6df7ea57c,07a581f5-4b2e-5999-bbd7-4405da0a3973,3,0.7235427533982199,"[""gaya_favorit"", ""gaya_ramai"", ""pernah_beli_seniman""]",model,klasifikasi-v1,2026-10-05T15:16:10Z
fdf6aa1c-ef4c-51c5-80c3-15a6df7ea57c,b9c614f8-fc4b-54a8-b4f2-38cae682326f,4,0.7094993604049622,"[""gaya_favorit"", ""gaya_ramai"", ""pernah_beli_seniman""]",model,klasifikasi-v1,2026-10-05T15:16:10Z
fdf6aa1c-ef4c-51c5-80c3-15a6df7ea57c,df583dd7-04e0-5491-bcbb-5426ed211985,5,0.7031782405497912,"[""gaya_favorit"", ""gaya_ramai"", ""pernah_beli_seniman""]",model,klasifikasi-v1,2026-10-05T15:16:10Z
fdf6aa1c-ef4c-51c5-80c3-15a6df7ea57c,19b131db-ca02-5bed-b3f6-a8c0b19d8461,6,0.6770805669045143,"[""gaya_favorit"", ""harga_sesuai"", ""gaya_ramai"", ""pernah_beli_seniman""]",model,klasifikasi-v1,2026-10-05T15:16:10Z
fdf6aa1c-ef4c-51c5-80c3-15a6df7ea57c,fdabfc66-2971-53a8-9c7f-da6fdee1e48e,7,0.66860131270813,"[""gaya_favorit"", ""gaya_ramai"", ""pernah_beli_seniman""]",model,klasifikasi-v1,2026-10-05T15:16:10Z
fdf6aa1c-ef4c-51c5-80c3-15a6df7ea57c,ded10c02-e3db-542d-8ff2-e0ab8c159069,8,0.6530825821142526,[],model,klasifikasi-v1,2026-10-05T15:16:10Z
fdf6aa1c-ef4c-51c5-80c3-15a6df7ea57c,103c76e9-4997-5b31-92e1-e92276b6b167,9,0.6178335426798757,"[""gaya_favorit"", ""harga_sesuai"", ""gaya_ramai""]",model,klasifikasi-v1,2026-10-05T15:16:10Z
fdf6aa1c-ef4c-51c5-80c3-15a6df7ea57c,6f5c741f-0fc0-523d-80e7-bce5940b7e1c,10,0.5983124615349747,"[""harga_sesuai""]",model,klasifikasi-v1,2026-10-05T15:16:10Z
fdf6aa1c-ef4c-51c5-80c3-15a6df7ea57c,80d6863c-4309-5881-81cd-79e0a6aa59a3,11,0.5570641028509812,"[""harga_sesuai""]",model,klasifikasi-v1,2026-10-05T15:16:10Z
fdf6aa1c-ef4c-51c5-80c3-15a6df7ea57c,0e102d63-ff8f-5e6b-bbdc-2a5d6e668cb1,12,0.551559055575496,[],model,klasifikasi-v1,2026-10-05T15:16:10Z
fdf6aa1c-ef4c-51c5-80c3-15a6df7ea57c,c5d03f92-aa6d-5593-928e-3b2857ad1853,13,0.5282741767947895,"[""harga_sesuai"", ""pernah_beli_seniman""]",model,klasifikasi-v1,2026-10-05T15:16:10Z
fdf6aa1c-ef4c-51c5-80c3-15a6df7ea57c,d3d263d8-8c28-527a-b394-4889d2ea788f,14,0.5120668322353138,"[""gaya_favorit"", ""gaya_ramai"", ""pernah_beli_seniman""]",model,klasifikasi-v1,2026-10-05T15:16:10Z
fdf6aa1c-ef4c-51c5-80c3-15a6df7ea57c,556ac5bd-b36f-5124-8750-d92fefc82d2d,15,0.49718301937268017,"[""harga_sesuai"", ""karya_baru""]",model,klasifikasi-v1,2026-10-05T15:16:10Z
fdf6aa1c-ef4c-51c5-80c3-15a6df7ea57c,50f3106b-4608-5dec-abd4-f3513db77175,16,0.4858697801957603,[],model,klasifikasi-v1,2026-10-05T15:16:10Z
fdf6aa1c-ef4c-51c5-80c3-15a6df7ea57c,7ed552db-962e-5e78-a1a4-2d32fefa1f0c,17,0.4782614319119386,"[""harga_sesuai""]",model,klasifikasi-v1,2026-10-05T15:16:10Z
fdf6aa1c-ef4c-51c5-80c3-15a6df7ea57c,866197c9-41b8-58ae-af14-976c6a847c11,18,0.4698993483668149,"[""harga_sesuai"", ""gaya_ramai"", ""pernah_beli_seniman""]",model,klasifikasi-v1,2026-10-05T15:16:10Z
fdf6aa1c-ef4c-51c5-80c3-15a6df7ea57c,1b284f0a-4933-57f5-a5d9-d38488a7227c,19,0.4657586707110849,[],model,klasifikasi-v1,2026-10-05T15:16:10Z
fdf6aa1c-ef4c-51c5-80c3-15a6df7ea57c,8a247c64-cda5-5c99-9be2-94998d4b1275,20,0.455903449896421,"[""harga_sesuai""]",model,klasifikasi-v1,2026-10-05T15:16:10Z
3be1e571-daec-5866-82bf-9bb952bce71b,a8ac835e-5aad-57f7-aa47-99b583d02392,1,0.8975421453470434,"[""gaya_favorit"", ""seniman_naik_daun""]",model,klasifikasi-v1,2026-10-05T15:16:10Z
3be1e571-daec-5866-82bf-9bb952bce71b,224ba711-c5ff-581d-be53-1872a1df84ca,2,0.8412293404389584,"[""gaya_favorit"", ""seniman_naik_daun""]",model,klasifikasi-v1,2026-10-05T15:16:10Z
3be1e571-daec-5866-82bf-9bb952bce71b,016679fd-f015-5c7e-b41e-f69d95c9d91a,3,0.8316857301490737,"[""gaya_favorit"", ""harga_sesuai"", ""seniman_naik_daun""]",model,klasifikasi-v1,2026-10-05T15:16:10Z
3be1e571-daec-5866-82bf-9bb952bce71b,d08e8450-729f-5c84-b7fb-cbf19ed311d1,4,0.8243673106870703,"[""gaya_favorit"", ""seniman_naik_daun""]",model,klasifikasi-v1,2026-10-05T15:16:10Z
3be1e571-daec-5866-82bf-9bb952bce71b,c706bcb6-4b50-5c7c-95b6-cf08cee6e0bd,5,0.7824126941063287,"[""gaya_favorit"", ""harga_sesuai"", ""seniman_naik_daun""]",model,klasifikasi-v1,2026-10-05T15:16:10Z
3be1e571-daec-5866-82bf-9bb952bce71b,b116070e-6e10-5b4c-8bc1-f41ce97a6883,6,0.7348697405160038,"[""gaya_favorit"", ""seniman_naik_daun"", ""karya_baru""]",model,klasifikasi-v1,2026-10-05T15:16:10Z
3be1e571-daec-5866-82bf-9bb952bce71b,79e25e0d-2c04-5f90-9130-3f1d94125223,7,0.7166892691910937,"[""seniman_naik_daun"", ""karya_baru""]",model,klasifikasi-v1,2026-10-05T15:16:10Z
3be1e571-daec-5866-82bf-9bb952bce71b,8f923243-748b-5547-b90c-2a220e52c01f,8,0.7154812684682225,"[""gaya_favorit"", ""pernah_beli_seniman""]",model,klasifikasi-v1,2026-10-05T15:16:10Z
3be1e571-daec-5866-82bf-9bb952bce71b,16f72504-2d49-5ca7-9355-34533c8b0016,9,0.6965813035149416,"[""gaya_favorit""]",model,klasifikasi-v1,2026-10-05T15:16:10Z
3be1e571-daec-5866-82bf-9bb952bce71b,88258c73-bb7b-51e8-824e-bc2ca0b939b8,10,0.6604483888383925,"[""harga_sesuai"", ""seniman_naik_daun"", ""karya_baru""]",model,klasifikasi-v1,2026-10-05T15:16:10Z
3be1e571-daec-5866-82bf-9bb952bce71b,13fa15ae-007f-52e4-b51b-12adaf62629b,11,0.6502371718035126,"[""gaya_favorit""]",model,klasifikasi-v1,2026-10-05T15:16:10Z
3be1e571-daec-5866-82bf-9bb952bce71b,fd36ce1f-b940-538e-8eb0-451813c8566d,12,0.6230142300750205,"[""gaya_favorit"", ""harga_sesuai"", ""pernah_beli_seniman""]",model,klasifikasi-v1,2026-10-05T15:16:10Z
3be1e571-daec-5866-82bf-9bb952bce71b,0bc9d34a-7f95-5dee-beb4-55f3af9b97c9,13,0.6061922560995288,"[""seniman_naik_daun""]",model,klasifikasi-v1,2026-10-05T15:16:10Z
3be1e571-daec-5866-82bf-9bb952bce71b,07d19c93-c674-54cb-9448-012eb1b60c3f,14,0.5971706117543586,"[""seniman_naik_daun""]",model,klasifikasi-v1,2026-10-05T15:16:10Z
3be1e571-daec-5866-82bf-9bb952bce71b,df002552-8f03-5997-b452-e24a915621dd,15,0.596132503496187,"[""harga_sesuai"", ""seniman_naik_daun""]",model,klasifikasi-v1,2026-10-05T15:16:10Z
3be1e571-daec-5866-82bf-9bb952bce71b,2d399fc1-c809-5c2a-bdaa-6e69cefe5fb1,16,0.577332561287411,"[""seniman_naik_daun""]",model,klasifikasi-v1,2026-10-05T15:16:10Z
3be1e571-daec-5866-82bf-9bb952bce71b,8856b1b5-28c4-536b-9a51-9ff06bfdbd80,17,0.5744447198428282,"[""harga_sesuai"", ""seniman_naik_daun""]",model,klasifikasi-v1,2026-10-05T15:16:10Z
3be1e571-daec-5866-82bf-9bb952bce71b,1fe5e4ec-a2db-5ef8-a46d-3f8ffa41ebe2,18,0.5743880895353757,"[""karya_baru""]",model,klasifikasi-v1,2026-10-05T15:16:10Z
3be1e571-daec-5866-82bf-9bb952bce71b,1af0200c-a8bf-593f-8cb6-4f759b5f5ac1,19,0.5589197675203804,"[""seniman_naik_daun""]",model,klasifikasi-v1,2026-10-05T15:16:10Z
3be1e571-daec-5866-82bf-9bb952bce71b,6a9a552c-870e-5cd3-b409-273d6c5865eb,20,0.5549784709286454,"[""harga_sesuai"", ""seniman_naik_daun""]",model,klasifikasi-v1,2026-10-05T15:16:10Z
8f2d1c90-b967-5b2f-95ac-e3ad4ba706a3,e15ac87c-418d-5877-b3de-5f27acd81302,1,0.7389765071379468,"[""gaya_favorit"", ""harga_sesuai"", ""gaya_ramai"", ""pernah_beli_seniman""]",model,klasifikasi-v1,2026-10-05T15:16:10Z
8f2d1c90-b967-5b2f-95ac-e3ad4ba706a3,ab4a3c71-9387-56bc-a801-1beeee2639d7,2,0.7180745296195369,"[""gaya_favorit"", ""gaya_ramai""]",model,klasifikasi-v1,2026-10-05T15:16:10Z
8f2d1c90-b967-5b2f-95ac-e3ad4ba706a3,d48d3793-0d94-54bf-8cd8-bd45835a8231,3,0.7050627894560862,"[""gaya_favorit"", ""gaya_ramai""]",model,klasifikasi-v1,2026-10-05T15:16:10Z
8f2d1c90-b967-5b2f-95ac-e3ad4ba706a3,866197c9-41b8-58ae-af14-976c6a847c11,4,0.7049659344065704,"[""gaya_favorit"", ""gaya_ramai""]",model,klasifikasi-v1,2026-10-05T15:16:10Z
8f2d1c90-b967-5b2f-95ac-e3ad4ba706a3,34f160b0-2ebd-5b4b-abbf-d9e60acd2b35,5,0.6979330612297515,"[""gaya_favorit"", ""gaya_ramai""]",model,klasifikasi-v1,2026-10-05T15:16:10Z
8f2d1c90-b967-5b2f-95ac-e3ad4ba706a3,3f8dedef-81a9-5162-9bf4-59f3eb4eb26b,6,0.6832280472106875,"[""gaya_favorit"", ""gaya_ramai""]",model,klasifikasi-v1,2026-10-05T15:16:10Z
8f2d1c90-b967-5b2f-95ac-e3ad4ba706a3,d0932440-31b0-5025-ab5b-f83ac95c2aea,7,0.6795971988469987,"[""gaya_favorit"", ""gaya_ramai""]",model,klasifikasi-v1,2026-10-05T15:16:10Z
8f2d1c90-b967-5b2f-95ac-e3ad4ba706a3,830ff9e5-41a2-5091-9bf2-1d5c5b9826f9,8,0.6759903346741227,"[""gaya_favorit"", ""gaya_ramai""]",model,klasifikasi-v1,2026-10-05T15:16:10Z
8f2d1c90-b967-5b2f-95ac-e3ad4ba706a3,2dc1a3d9-2af8-5aef-95bb-4580395395bd,9,0.6712381881850581,"[""gaya_favorit"", ""gaya_ramai""]",model,klasifikasi-v1,2026-10-05T15:16:10Z
8f2d1c90-b967-5b2f-95ac-e3ad4ba706a3,af387163-4059-5c28-add7-46500bfd3add,10,0.6712381881850581,"[""gaya_favorit"", ""gaya_ramai""]",model,klasifikasi-v1,2026-10-05T15:16:10Z
8f2d1c90-b967-5b2f-95ac-e3ad4ba706a3,eb44d2ea-12dc-577e-8aa5-20be6e0c9098,11,0.6617887006018602,"[""gaya_favorit"", ""gaya_ramai"", ""pernah_beli_seniman""]",model,klasifikasi-v1,2026-10-05T15:16:10Z
8f2d1c90-b967-5b2f-95ac-e3ad4ba706a3,9349bf99-62dc-596c-915f-6594321c44de,12,0.6579718567119675,"[""gaya_favorit"", ""gaya_ramai""]",model,klasifikasi-v1,2026-10-05T15:16:10Z
8f2d1c90-b967-5b2f-95ac-e3ad4ba706a3,3dbbe20e-9781-5936-bae9-c1cfacd61a09,13,0.6579718567119675,"[""gaya_favorit"", ""gaya_ramai""]",model,klasifikasi-v1,2026-10-05T15:16:10Z
8f2d1c90-b967-5b2f-95ac-e3ad4ba706a3,833169db-d471-58fa-8abf-d93643696f4b,14,0.6531672503876853,"[""gaya_favorit"", ""gaya_ramai""]",model,klasifikasi-v1,2026-10-05T15:16:10Z
8f2d1c90-b967-5b2f-95ac-e3ad4ba706a3,77940c72-1025-5f31-8dff-3763e93c7cf0,15,0.653088949916482,"[""gaya_favorit"", ""gaya_ramai""]",model,klasifikasi-v1,2026-10-05T15:16:10Z
8f2d1c90-b967-5b2f-95ac-e3ad4ba706a3,8cb05ef6-4cf2-5ee6-9061-2889d32eed8b,16,0.6502059503900863,"[""gaya_favorit"", ""gaya_ramai""]",model,klasifikasi-v1,2026-10-05T15:16:10Z
8f2d1c90-b967-5b2f-95ac-e3ad4ba706a3,2b114701-6eaa-53bb-93f7-b655e90e143d,17,0.6485834794010402,"[""gaya_favorit"", ""gaya_ramai""]",model,klasifikasi-v1,2026-10-05T15:16:10Z
8f2d1c90-b967-5b2f-95ac-e3ad4ba706a3,05f320fb-5f39-5107-a07b-43b287844058,18,0.6465511190516727,"[""gaya_favorit"", ""gaya_ramai""]",model,klasifikasi-v1,2026-10-05T15:16:10Z
8f2d1c90-b967-5b2f-95ac-e3ad4ba706a3,47ed54a4-6a2e-5276-9603-36c52ea415de,19,0.6439435386556381,"[""gaya_favorit"", ""gaya_ramai""]",model,klasifikasi-v1,2026-10-05T15:16:10Z
8f2d1c90-b967-5b2f-95ac-e3ad4ba706a3,c7d02806-7ba6-5d64-8e04-efee892cd534,20,0.6435115309971269,"[""gaya_favorit"", ""gaya_ramai""]",model,klasifikasi-v1,2026-10-05T15:16:10Z
cb68b468-58e2-5344-9336-c3ea8f529a6d,796ab8ac-bab7-52b6-9bdd-179cdc5b16a6,1,0.7878306390494263,"[""harga_sesuai""]",model,klasifikasi-v1,2026-10-05T15:16:10Z
cb68b468-58e2-5344-9336-c3ea8f529a6d,1fe5e4ec-a2db-5ef8-a46d-3f8ffa41ebe2,2,0.7770308410661142,"[""harga_sesuai"", ""karya_baru""]",model,klasifikasi-v1,2026-10-05T15:16:10Z
cb68b468-58e2-5344-9336-c3ea8f529a6d,79e25e0d-2c04-5f90-9130-3f1d94125223,3,0.7302352078712973,"[""seniman_naik_daun"", ""karya_baru""]",model,klasifikasi-v1,2026-10-05T15:16:10Z
cb68b468-58e2-5344-9336-c3ea8f529a6d,1fed6ddc-0cf3-5652-8cbf-41581bc2834c,4,0.6970893059020674,"[""harga_sesuai""]",model,klasifikasi-v1,2026-10-05T15:16:10Z
cb68b468-58e2-5344-9336-c3ea8f529a6d,21a5e5a2-936d-55eb-afa5-8663bf78e333,5,0.6913363543304196,"[""gaya_favorit"", ""pernah_beli_seniman""]",model,klasifikasi-v1,2026-10-05T15:16:10Z
cb68b468-58e2-5344-9336-c3ea8f529a6d,f303778e-fffb-5010-a42b-73c993e4ecc0,6,0.6910215849038256,"[""harga_sesuai""]",model,klasifikasi-v1,2026-10-05T15:16:10Z
cb68b468-58e2-5344-9336-c3ea8f529a6d,7cb79284-74fe-518b-b545-748c382ba243,7,0.6767448045666216,"[""gaya_favorit"", ""harga_sesuai"", ""pernah_beli_seniman""]",model,klasifikasi-v1,2026-10-05T15:16:10Z
cb68b468-58e2-5344-9336-c3ea8f529a6d,6fe52fff-845b-57c8-beab-b5906844774f,8,0.673215479229716,"[""gaya_favorit"", ""harga_sesuai"", ""pernah_beli_seniman""]",model,klasifikasi-v1,2026-10-05T15:16:10Z
cb68b468-58e2-5344-9336-c3ea8f529a6d,da66b667-46bf-505e-b38c-36009dd8f908,9,0.647979216394808,"[""gaya_favorit"", ""pernah_beli_seniman""]",model,klasifikasi-v1,2026-10-05T15:16:10Z
cb68b468-58e2-5344-9336-c3ea8f529a6d,901372f3-deed-5aa0-81ea-73e63ce8a453,10,0.6433858461774704,"[""harga_sesuai""]",model,klasifikasi-v1,2026-10-05T15:16:10Z
cb68b468-58e2-5344-9336-c3ea8f529a6d,ba08abb1-4e64-5cbf-8c31-d9b80b67d1ca,11,0.6399187838581563,"[""harga_sesuai""]",model,klasifikasi-v1,2026-10-05T15:16:10Z
cb68b468-58e2-5344-9336-c3ea8f529a6d,d45eb7ea-6cc1-5cac-8993-db3628a32cce,12,0.6299540019403804,"[""harga_sesuai"", ""pernah_beli_seniman""]",model,klasifikasi-v1,2026-10-05T15:16:10Z
cb68b468-58e2-5344-9336-c3ea8f529a6d,09b4fbdb-1194-5d25-9b9d-b31fad8d76db,13,0.6281031587455268,"[""harga_sesuai""]",model,klasifikasi-v1,2026-10-05T15:16:10Z
cb68b468-58e2-5344-9336-c3ea8f529a6d,07d19c93-c674-54cb-9448-012eb1b60c3f,14,0.6147133216532578,"[""seniman_naik_daun""]",model,klasifikasi-v1,2026-10-05T15:16:10Z
cb68b468-58e2-5344-9336-c3ea8f529a6d,7eca2ad9-1f5a-5725-8c48-2dfb6f3033df,15,0.6045724345607867,"[""gaya_favorit"", ""harga_sesuai"", ""seniman_naik_daun"", ""pernah_beli_seniman""]",model,klasifikasi-v1,2026-10-05T15:16:10Z
cb68b468-58e2-5344-9336-c3ea8f529a6d,2d399fc1-c809-5c2a-bdaa-6e69cefe5fb1,16,0.5997869334131574,"[""seniman_naik_daun""]",model,klasifikasi-v1,2026-10-05T15:16:10Z
cb68b468-58e2-5344-9336-c3ea8f529a6d,6a55b110-41bb-545d-aab3-c99376dafed5,17,0.597459330107266,"[""harga_sesuai""]",model,klasifikasi-v1,2026-10-05T15:16:10Z
cb68b468-58e2-5344-9336-c3ea8f529a6d,ce6de445-6dd8-5fe3-bc3b-7011fd44d80b,18,0.5936979276997776,"[""harga_sesuai"", ""pernah_beli_seniman""]",model,klasifikasi-v1,2026-10-05T15:16:10Z
cb68b468-58e2-5344-9336-c3ea8f529a6d,e106e6b9-57ac-565d-9afc-ccbe2195ab79,19,0.592515291882313,"[""harga_sesuai""]",model,klasifikasi-v1,2026-10-05T15:16:10Z
cb68b468-58e2-5344-9336-c3ea8f529a6d,6e7f8647-4d69-5697-b99e-494bb7890caf,20,0.5915352262645414,[],model,klasifikasi-v1,2026-10-05T15:16:10Z
7dd9860e-b390-50c5-899d-08c943295c11,79e25e0d-2c04-5f90-9130-3f1d94125223,1,0.79296426719431,"[""gaya_favorit"", ""seniman_naik_daun"", ""pernah_beli_seniman"", ""karya_baru""]",model,klasifikasi-v1,2026-10-05T15:16:10Z
7dd9860e-b390-50c5-899d-08c943295c11,88258c73-bb7b-51e8-824e-bc2ca0b939b8,2,0.7555692406902452,"[""gaya_favorit"", ""seniman_naik_daun"", ""pernah_beli_seniman"", ""karya_baru""]",model,klasifikasi-v1,2026-10-05T15:16:10Z
7dd9860e-b390-50c5-899d-08c943295c11,df002552-8f03-5997-b452-e24a915621dd,3,0.7424171952784008,"[""gaya_favorit"", ""seniman_naik_daun"", ""pernah_beli_seniman""]",model,klasifikasi-v1,2026-10-05T15:16:10Z
7dd9860e-b390-50c5-899d-08c943295c11,07d19c93-c674-54cb-9448-012eb1b60c3f,4,0.7124516349555571,"[""gaya_favorit"", ""seniman_naik_daun"", ""pernah_beli_seniman""]",model,klasifikasi-v1,2026-10-05T15:16:10Z
7dd9860e-b390-50c5-899d-08c943295c11,1af0200c-a8bf-593f-8cb6-4f759b5f5ac1,5,0.7116343860398802,"[""gaya_favorit"", ""harga_sesuai"", ""seniman_naik_daun"", ""pernah_beli_seniman""]",model,klasifikasi-v1,2026-10-05T15:16:10Z
7dd9860e-b390-50c5-899d-08c943295c11,0bc9d34a-7f95-5dee-beb4-55f3af9b97c9,6,0.7107791220839018,"[""gaya_favorit"", ""harga_sesuai"", ""seniman_naik_daun"", ""pernah_beli_seniman""]",model,klasifikasi-v1,2026-10-05T15:16:10Z
7dd9860e-b390-50c5-899d-08c943295c11,231b14d2-2e75-5193-9c40-949b484944ca,7,0.6834395724114776,"[""gaya_favorit"", ""harga_sesuai"", ""seniman_naik_daun"", ""pernah_beli_seniman""]",model,klasifikasi-v1,2026-10-05T15:16:10Z
7dd9860e-b390-50c5-899d-08c943295c11,8856b1b5-28c4-536b-9a51-9ff06bfdbd80,8,0.6820600851843425,"[""gaya_favorit"", ""seniman_naik_daun"", ""pernah_beli_seniman""]",model,klasifikasi-v1,2026-10-05T15:16:10Z
7dd9860e-b390-50c5-899d-08c943295c11,0931aca3-ffbb-57aa-b84e-284c01f774f1,9,0.6817648921143769,"[""gaya_favorit"", ""seniman_naik_daun"", ""pernah_beli_seniman""]",model,klasifikasi-v1,2026-10-05T15:16:10Z
7dd9860e-b390-50c5-899d-08c943295c11,e4e1ce05-e95f-55ae-95fd-b46c0e364e4d,10,0.6787735077628623,"[""gaya_favorit"", ""harga_sesuai"", ""seniman_naik_daun"", ""pernah_beli_seniman""]",model,klasifikasi-v1,2026-10-05T15:16:10Z
7dd9860e-b390-50c5-899d-08c943295c11,a724961d-392c-586e-9da5-8e9342c6fd29,11,0.6716345708777884,"[""harga_sesuai"", ""pernah_beli_seniman"", ""karya_baru""]",model,klasifikasi-v1,2026-10-05T15:16:10Z
7dd9860e-b390-50c5-899d-08c943295c11,224ba711-c5ff-581d-be53-1872a1df84ca,12,0.6652985459652042,"[""harga_sesuai"", ""seniman_naik_daun"", ""pernah_beli_seniman""]",model,klasifikasi-v1,2026-10-05T15:16:10Z
7dd9860e-b390-50c5-899d-08c943295c11,854f6550-ae71-509e-859c-39396df1a99e,13,0.6495414858540065,"[""gaya_favorit"", ""seniman_naik_daun"", ""pernah_beli_seniman""]",model,klasifikasi-v1,2026-10-05T15:16:10Z
7dd9860e-b390-50c5-899d-08c943295c11,016679fd-f015-5c7e-b41e-f69d95c9d91a,14,0.6255710203680825,"[""seniman_naik_daun"", ""pernah_beli_seniman""]",model,klasifikasi-v1,2026-10-05T15:16:10Z
7dd9860e-b390-50c5-899d-08c943295c11,2d399fc1-c809-5c2a-bdaa-6e69cefe5fb1,15,0.6187976145464354,"[""gaya_favorit"", ""seniman_naik_daun"", ""pernah_beli_seniman""]",model,klasifikasi-v1,2026-10-05T15:16:10Z
7dd9860e-b390-50c5-899d-08c943295c11,ddc6295d-239d-589a-9714-9e4d1b9fb3f9,16,0.6179100098556537,"[""harga_sesuai"", ""pernah_beli_seniman""]",model,klasifikasi-v1,2026-10-05T15:16:10Z
7dd9860e-b390-50c5-899d-08c943295c11,b82ffac4-9b18-5129-bb4f-76d6267ef825,17,0.6118591851046064,"[""gaya_favorit"", ""harga_sesuai"", ""seniman_naik_daun"", ""pernah_beli_seniman""]",model,klasifikasi-v1,2026-10-05T15:16:10Z
7dd9860e-b390-50c5-899d-08c943295c11,04393ef2-a47c-5658-89fa-61d255a593b4,18,0.605584080988148,"[""gaya_favorit"", ""seniman_naik_daun"", ""pernah_beli_seniman""]",model,klasifikasi-v1,2026-10-05T15:16:10Z
7dd9860e-b390-50c5-899d-08c943295c11,a8ac835e-5aad-57f7-aa47-99b583d02392,19,0.5988606725661215,"[""seniman_naik_daun"", ""pernah_beli_seniman""]",model,klasifikasi-v1,2026-10-05T15:16:10Z
7dd9860e-b390-50c5-899d-08c943295c11,94afa8d0-6fca-5820-9dfe-5fb67fd9b665,20,0.5956992094436617,"[""gaya_favorit"", ""seniman_naik_daun"", ""pernah_beli_seniman""]",model,klasifikasi-v1,2026-10-05T15:16:10Z
fc4da2d0-8d87-5205-aaa9-4ebe75859f3d,c5d03f92-aa6d-5593-928e-3b2857ad1853,1,0.8435884781719124,"[""gaya_favorit"", ""pernah_beli_seniman""]",model,klasifikasi-v1,2026-10-05T15:16:10Z
fc4da2d0-8d87-5205-aaa9-4ebe75859f3d,7bff47f0-16f0-5de4-9435-5616df9279ca,2,0.8023311696946038,"[""gaya_favorit"", ""pernah_beli_seniman""]",model,klasifikasi-v1,2026-10-05T15:16:10Z
fc4da2d0-8d87-5205-aaa9-4ebe75859f3d,9bdbffa3-5922-5d4c-a5b3-080cfb23f84c,3,0.7953291236147648,"[""gaya_favorit"", ""harga_sesuai"", ""pernah_beli_seniman""]",model,klasifikasi-v1,2026-10-05T15:16:10Z
fc4da2d0-8d87-5205-aaa9-4ebe75859f3d,998d5b90-e146-544c-8f57-8d949cc3b1a0,4,0.7896379476158205,"[""gaya_favorit"", ""pernah_beli_seniman""]",model,klasifikasi-v1,2026-10-05T15:16:10Z
fc4da2d0-8d87-5205-aaa9-4ebe75859f3d,6ccd5319-a365-5623-8263-83aee2187374,5,0.7717035907228106,"[""gaya_favorit"", ""pernah_beli_seniman""]",model,klasifikasi-v1,2026-10-05T15:16:10Z
fc4da2d0-8d87-5205-aaa9-4ebe75859f3d,1d10619f-065b-57d0-8382-fd82d2e97ef5,6,0.7264192427648142,"[""gaya_favorit"", ""pernah_beli_seniman""]",model,klasifikasi-v1,2026-10-05T15:16:10Z
fc4da2d0-8d87-5205-aaa9-4ebe75859f3d,6c354900-b80d-56b8-8adc-7a97a366f095,7,0.7215312449349867,"[""gaya_favorit""]",model,klasifikasi-v1,2026-10-05T15:16:10Z
fc4da2d0-8d87-5205-aaa9-4ebe75859f3d,45708b8a-e64f-5bf6-8151-c025612ef611,8,0.6669299915747074,"[""gaya_favorit"", ""pernah_beli_seniman""]",model,klasifikasi-v1,2026-10-05T15:16:10Z
fc4da2d0-8d87-5205-aaa9-4ebe75859f3d,53d13623-0761-554d-b668-e79215702755,9,0.6545589611841371,"[""gaya_favorit""]",model,klasifikasi-v1,2026-10-05T15:16:10Z
fc4da2d0-8d87-5205-aaa9-4ebe75859f3d,ded10c02-e3db-542d-8ff2-e0ab8c159069,10,0.6094011202479501,[],model,klasifikasi-v1,2026-10-05T15:16:10Z
fc4da2d0-8d87-5205-aaa9-4ebe75859f3d,2dc1a3d9-2af8-5aef-95bb-4580395395bd,11,0.5289017489261273,"[""gaya_ramai""]",model,klasifikasi-v1,2026-10-05T15:16:10Z
fc4da2d0-8d87-5205-aaa9-4ebe75859f3d,6f5c741f-0fc0-523d-80e7-bce5940b7e1c,12,0.5238598870807402,[],model,klasifikasi-v1,2026-10-05T15:16:10Z
fc4da2d0-8d87-5205-aaa9-4ebe75859f3d,556ac5bd-b36f-5124-8750-d92fefc82d2d,13,0.5151283046599219,"[""karya_baru""]",model,klasifikasi-v1,2026-10-05T15:16:10Z
fc4da2d0-8d87-5205-aaa9-4ebe75859f3d,3f8dedef-81a9-5162-9bf4-59f3eb4eb26b,14,0.5061882592680133,"[""harga_sesuai"", ""gaya_ramai""]",model,klasifikasi-v1,2026-10-05T15:16:10Z
fc4da2d0-8d87-5205-aaa9-4ebe75859f3d,34f160b0-2ebd-5b4b-abbf-d9e60acd2b35,15,0.5038793582780212,"[""harga_sesuai"", ""gaya_ramai""]",model,klasifikasi-v1,2026-10-05T15:16:10Z
fc4da2d0-8d87-5205-aaa9-4ebe75859f3d,d0932440-31b0-5025-ab5b-f83ac95c2aea,16,0.4993982469925163,"[""harga_sesuai"", ""gaya_ramai""]",model,klasifikasi-v1,2026-10-05T15:16:10Z
fc4da2d0-8d87-5205-aaa9-4ebe75859f3d,866197c9-41b8-58ae-af14-976c6a847c11,17,0.48725423901219755,"[""gaya_ramai""]",model,klasifikasi-v1,2026-10-05T15:16:10Z
fc4da2d0-8d87-5205-aaa9-4ebe75859f3d,80d6863c-4309-5881-81cd-79e0a6aa59a3,18,0.4861713420172879,[],model,klasifikasi-v1,2026-10-05T15:16:10Z
fc4da2d0-8d87-5205-aaa9-4ebe75859f3d,cd22a6e8-3391-53f2-9ab1-8174b63d5943,19,0.4834804047668539,"[""gaya_ramai""]",model,klasifikasi-v1,2026-10-05T15:16:10Z
fc4da2d0-8d87-5205-aaa9-4ebe75859f3d,0e102d63-ff8f-5e6b-bbdc-2a5d6e668cb1,20,0.48297639758600447,[],model,klasifikasi-v1,2026-10-05T15:16:10Z
5e836647-71e8-5142-aaab-f158e91ead18,c5d03f92-aa6d-5593-928e-3b2857ad1853,1,0.8529667318388664,"[""gaya_favorit"", ""pernah_beli_seniman""]",model,klasifikasi-v1,2026-10-05T15:16:10Z
5e836647-71e8-5142-aaab-f158e91ead18,7bff47f0-16f0-5de4-9435-5616df9279ca,2,0.7866402494545575,"[""gaya_favorit"", ""pernah_beli_seniman""]",model,klasifikasi-v1,2026-10-05T15:16:10Z
5e836647-71e8-5142-aaab-f158e91ead18,d9485a40-ad4f-54c8-9cf6-e5fc915283b1,3,0.7681623290622968,"[""gaya_favorit"", ""gaya_ramai"", ""pernah_beli_seniman""]",model,klasifikasi-v1,2026-10-05T15:16:10Z
5e836647-71e8-5142-aaab-f158e91ead18,45708b8a-e64f-5bf6-8151-c025612ef611,4,0.7644466062939029,"[""gaya_favorit"", ""pernah_beli_seniman""]",model,klasifikasi-v1,2026-10-05T15:16:10Z
5e836647-71e8-5142-aaab-f158e91ead18,18734d52-cdca-5070-bf26-9015a87f5d42,5,0.762124133016441,"[""gaya_favorit"", ""gaya_ramai"", ""pernah_beli_seniman""]",model,klasifikasi-v1,2026-10-05T15:16:10Z
5e836647-71e8-5142-aaab-f158e91ead18,c510d302-6a06-596b-bb6c-984607ee00bd,6,0.762124133016441,"[""gaya_favorit"", ""harga_sesuai"", ""gaya_ramai"", ""pernah_beli_seniman""]",model,klasifikasi-v1,2026-10-05T15:16:10Z
5e836647-71e8-5142-aaab-f158e91ead18,76e47ebb-eedd-5be9-b99b-eb0d0d3b84a3,7,0.7620855557611896,"[""gaya_favorit"", ""harga_sesuai"", ""gaya_ramai"", ""pernah_beli_seniman""]",model,klasifikasi-v1,2026-10-05T15:16:10Z
5e836647-71e8-5142-aaab-f158e91ead18,2ab1fde1-1a62-502f-936a-dc83e4b3cec1,8,0.7620855557611896,"[""gaya_favorit"", ""harga_sesuai"", ""gaya_ramai"", ""pernah_beli_seniman""]",model,klasifikasi-v1,2026-10-05T15:16:10Z
5e836647-71e8-5142-aaab-f158e91ead18,f6b44c7c-4e4b-50a2-8c28-8142c29b9ebd,9,0.756306236091073,"[""gaya_favorit"", ""gaya_ramai"", ""pernah_beli_seniman""]",model,klasifikasi-v1,2026-10-05T15:16:10Z
5e836647-71e8-5142-aaab-f158e91ead18,bb245894-5ba5-5e26-b383-95d243655742,10,0.756306236091073,"[""gaya_favorit"", ""gaya_ramai"", ""pernah_beli_seniman""]",model,klasifikasi-v1,2026-10-05T15:16:10Z
5e836647-71e8-5142-aaab-f158e91ead18,f1972e07-b50b-56ff-a8e7-22af84557016,11,0.7536208019966338,"[""gaya_favorit"", ""gaya_ramai"", ""pernah_beli_seniman""]",model,klasifikasi-v1,2026-10-05T15:16:10Z
5e836647-71e8-5142-aaab-f158e91ead18,6ccd5319-a365-5623-8263-83aee2187374,12,0.7472828037702525,"[""gaya_favorit"", ""pernah_beli_seniman""]",model,klasifikasi-v1,2026-10-05T15:16:10Z
5e836647-71e8-5142-aaab-f158e91ead18,998d5b90-e146-544c-8f57-8d949cc3b1a0,13,0.7350156471972019,"[""gaya_favorit"", ""pernah_beli_seniman""]",model,klasifikasi-v1,2026-10-05T15:16:10Z
5e836647-71e8-5142-aaab-f158e91ead18,9bdbffa3-5922-5d4c-a5b3-080cfb23f84c,14,0.7178579859099271,"[""gaya_favorit"", ""pernah_beli_seniman""]",model,klasifikasi-v1,2026-10-05T15:16:10Z
5e836647-71e8-5142-aaab-f158e91ead18,0157ca84-76ff-52ea-a56e-c149ccbfbac6,15,0.7147948788781016,"[""gaya_favorit"", ""gaya_ramai"", ""pernah_beli_seniman""]",model,klasifikasi-v1,2026-10-05T15:16:10Z
5e836647-71e8-5142-aaab-f158e91ead18,6cb356f7-661c-5f77-bba8-4bc133307827,16,0.7147948788781016,"[""gaya_favorit"", ""gaya_ramai"", ""pernah_beli_seniman""]",model,klasifikasi-v1,2026-10-05T15:16:10Z
5e836647-71e8-5142-aaab-f158e91ead18,da1e02a9-b5b0-5dd8-b213-4302c25d95f9,17,0.7117646881508776,"[""gaya_favorit"", ""gaya_ramai"", ""pernah_beli_seniman""]",model,klasifikasi-v1,2026-10-05T15:16:10Z
5e836647-71e8-5142-aaab-f158e91ead18,087419b7-5d7b-53df-aa0f-1e80f02a0377,18,0.7117646881508776,"[""gaya_favorit"", ""gaya_ramai"", ""pernah_beli_seniman""]",model,klasifikasi-v1,2026-10-05T15:16:10Z
5e836647-71e8-5142-aaab-f158e91ead18,5ddad8f1-12e2-5786-8d35-c12f1acb99da,19,0.7094063365672696,"[""gaya_favorit"", ""gaya_ramai"", ""pernah_beli_seniman""]",model,klasifikasi-v1,2026-10-05T15:16:10Z
5e836647-71e8-5142-aaab-f158e91ead18,f5f10293-8e79-51a6-a714-6cb70a6cef11,20,0.7082793598009944,"[""gaya_favorit"", ""gaya_ramai"", ""pernah_beli_seniman""]",model,klasifikasi-v1,2026-10-05T15:16:10Z
32db13d2-219b-51ce-9f01-b6e1be1702ce,1c18f330-e3a0-5c45-8b4a-4340319c6f6b,1,0.7312979162097878,"[""gaya_favorit"", ""pernah_beli_seniman""]",model,klasifikasi-v1,2026-10-05T15:16:10Z
32db13d2-219b-51ce-9f01-b6e1be1702ce,653fc4b1-75f3-5eac-afe6-586c962be798,2,0.7306055442447255,"[""gaya_favorit"", ""harga_sesuai"", ""pernah_beli_seniman""]",model,klasifikasi-v1,2026-10-05T15:16:10Z
32db13d2-219b-51ce-9f01-b6e1be1702ce,7ed552db-962e-5e78-a1a4-2d32fefa1f0c,3,0.7273468856871116,"[""gaya_favorit"", ""pernah_beli_seniman""]",model,klasifikasi-v1,2026-10-05T15:16:10Z
32db13d2-219b-51ce-9f01-b6e1be1702ce,3d61eac2-6d83-5347-9d59-799ac69edc5a,4,0.7226254432897277,"[""gaya_favorit"", ""pernah_beli_seniman""]",model,klasifikasi-v1,2026-10-05T15:16:10Z
32db13d2-219b-51ce-9f01-b6e1be1702ce,f01a7b2c-1e11-597c-afeb-96705f31b4d5,5,0.6704088246939003,"[""gaya_favorit"", ""harga_sesuai"", ""gaya_ramai"", ""pernah_beli_seniman""]",model,klasifikasi-v1,2026-10-05T15:16:10Z
32db13d2-219b-51ce-9f01-b6e1be1702ce,8a247c64-cda5-5c99-9be2-94998d4b1275,6,0.6072284105987713,"[""gaya_favorit"", ""pernah_beli_seniman""]",model,klasifikasi-v1,2026-10-05T15:16:10Z
32db13d2-219b-51ce-9f01-b6e1be1702ce,6f5c741f-0fc0-523d-80e7-bce5940b7e1c,7,0.5931693953877111,[],model,klasifikasi-v1,2026-10-05T15:16:10Z
32db13d2-219b-51ce-9f01-b6e1be1702ce,16545722-15c8-55bc-b78b-f46c0496a505,8,0.5924544866548751,"[""gaya_favorit"", ""pernah_beli_seniman""]",model,klasifikasi-v1,2026-10-05T15:16:10Z
32db13d2-219b-51ce-9f01-b6e1be1702ce,ab56a64c-b79d-5092-8002-0652f839ad06,9,0.5836511167889102,"[""gaya_favorit"", ""pernah_beli_seniman""]",model,klasifikasi-v1,2026-10-05T15:16:10Z
32db13d2-219b-51ce-9f01-b6e1be1702ce,0e102d63-ff8f-5e6b-bbdc-2a5d6e668cb1,10,0.5802680391379191,"[""harga_sesuai""]",model,klasifikasi-v1,2026-10-05T15:16:10Z
32db13d2-219b-51ce-9f01-b6e1be1702ce,2693b62a-7ed0-56ef-a511-0bb356e0e009,11,0.5800319539946777,"[""gaya_favorit"", ""pernah_beli_seniman""]",model,klasifikasi-v1,2026-10-05T15:16:10Z
32db13d2-219b-51ce-9f01-b6e1be1702ce,556ac5bd-b36f-5124-8750-d92fefc82d2d,12,0.5643200574566982,"[""karya_baru""]",model,klasifikasi-v1,2026-10-05T15:16:10Z
32db13d2-219b-51ce-9f01-b6e1be1702ce,a6c80043-8c7f-50af-b91c-091f153d3eba,13,0.5604255639618739,"[""gaya_favorit"", ""pernah_beli_seniman""]",model,klasifikasi-v1,2026-10-05T15:16:10Z
32db13d2-219b-51ce-9f01-b6e1be1702ce,0bc9d34a-7f95-5dee-beb4-55f3af9b97c9,14,0.5567463237194201,"[""seniman_naik_daun""]",model,klasifikasi-v1,2026-10-05T15:16:10Z
32db13d2-219b-51ce-9f01-b6e1be1702ce,19b131db-ca02-5bed-b3f6-a8c0b19d8461,15,0.5558260366088141,"[""gaya_favorit"", ""gaya_ramai""]",model,klasifikasi-v1,2026-10-05T15:16:10Z
32db13d2-219b-51ce-9f01-b6e1be1702ce,6ab910ee-99bd-5039-9bf7-2e6828f994a7,16,0.549270060191658,"[""gaya_favorit"", ""gaya_ramai"", ""pernah_beli_seniman""]",model,klasifikasi-v1,2026-10-05T15:16:10Z
32db13d2-219b-51ce-9f01-b6e1be1702ce,ad22fc44-1c65-50c5-be50-d2e1c3bbdc50,17,0.5451792801897049,"[""gaya_favorit"", ""gaya_ramai""]",model,klasifikasi-v1,2026-10-05T15:16:10Z
32db13d2-219b-51ce-9f01-b6e1be1702ce,50f3106b-4608-5dec-abd4-f3513db77175,18,0.5360611757626185,"[""harga_sesuai""]",model,klasifikasi-v1,2026-10-05T15:16:10Z
32db13d2-219b-51ce-9f01-b6e1be1702ce,ded10c02-e3db-542d-8ff2-e0ab8c159069,19,0.5293780357501389,[],model,klasifikasi-v1,2026-10-05T15:16:10Z
32db13d2-219b-51ce-9f01-b6e1be1702ce,a724961d-392c-586e-9da5-8e9342c6fd29,20,0.5175391468187562,"[""karya_baru""]",model,klasifikasi-v1,2026-10-05T15:16:10Z
1aae0750-4c8f-5879-8b25-ec14e411b5ed,c5d03f92-aa6d-5593-928e-3b2857ad1853,1,0.8358457167382182,"[""gaya_favorit"", ""pernah_beli_seniman""]",model,klasifikasi-v1,2026-10-05T15:16:10Z
1aae0750-4c8f-5879-8b25-ec14e411b5ed,9bdbffa3-5922-5d4c-a5b3-080cfb23f84c,2,0.7874413440171147,"[""gaya_favorit"", ""harga_sesuai"", ""pernah_beli_seniman""]",model,klasifikasi-v1,2026-10-05T15:16:10Z
1aae0750-4c8f-5879-8b25-ec14e411b5ed,7bff47f0-16f0-5de4-9435-5616df9279ca,3,0.7845750325993941,"[""gaya_favorit"", ""harga_sesuai"", ""pernah_beli_seniman""]",model,klasifikasi-v1,2026-10-05T15:16:10Z
1aae0750-4c8f-5879-8b25-ec14e411b5ed,6ccd5319-a365-5623-8263-83aee2187374,4,0.7767545886103008,"[""gaya_favorit"", ""harga_sesuai"", ""pernah_beli_seniman""]",model,klasifikasi-v1,2026-10-05T15:16:10Z
1aae0750-4c8f-5879-8b25-ec14e411b5ed,998d5b90-e146-544c-8f57-8d949cc3b1a0,5,0.7733696809575132,"[""gaya_favorit"", ""harga_sesuai"", ""pernah_beli_seniman""]",model,klasifikasi-v1,2026-10-05T15:16:10Z
1aae0750-4c8f-5879-8b25-ec14e411b5ed,1d10619f-065b-57d0-8382-fd82d2e97ef5,6,0.7379493665554339,"[""gaya_favorit"", ""harga_sesuai"", ""pernah_beli_seniman""]",model,klasifikasi-v1,2026-10-05T15:16:10Z
1aae0750-4c8f-5879-8b25-ec14e411b5ed,6c354900-b80d-56b8-8adc-7a97a366f095,7,0.7076971440974767,"[""gaya_favorit""]",model,klasifikasi-v1,2026-10-05T15:16:10Z
1aae0750-4c8f-5879-8b25-ec14e411b5ed,45708b8a-e64f-5bf6-8151-c025612ef611,8,0.6621928113507461,"[""gaya_favorit"", ""pernah_beli_seniman""]",model,klasifikasi-v1,2026-10-05T15:16:10Z
1aae0750-4c8f-5879-8b25-ec14e411b5ed,653fc4b1-75f3-5eac-afe6-586c962be798,9,0.647562956505608,"[""gaya_favorit"", ""pernah_beli_seniman""]",model,klasifikasi-v1,2026-10-05T15:16:10Z
1aae0750-4c8f-5879-8b25-ec14e411b5ed,53d13623-0761-554d-b668-e79215702755,10,0.6329252295090377,"[""gaya_favorit""]",model,klasifikasi-v1,2026-10-05T15:16:10Z
1aae0750-4c8f-5879-8b25-ec14e411b5ed,8a247c64-cda5-5c99-9be2-94998d4b1275,11,0.6205130581148925,"[""gaya_favorit"", ""harga_sesuai"", ""pernah_beli_seniman""]",model,klasifikasi-v1,2026-10-05T15:16:10Z
1aae0750-4c8f-5879-8b25-ec14e411b5ed,a6c80043-8c7f-50af-b91c-091f153d3eba,12,0.6185265426703492,"[""gaya_favorit"", ""harga_sesuai"", ""pernah_beli_seniman""]",model,klasifikasi-v1,2026-10-05T15:16:10Z
1aae0750-4c8f-5879-8b25-ec14e411b5ed,7ed552db-962e-5e78-a1a4-2d32fefa1f0c,13,0.6050745599742919,"[""gaya_favorit"", ""pernah_beli_seniman""]",model,klasifikasi-v1,2026-10-05T15:16:10Z
1aae0750-4c8f-5879-8b25-ec14e411b5ed,5ab09023-1f78-582e-83e8-ae95a0e3eec9,14,0.560148439608168,"[""gaya_favorit"", ""harga_sesuai"", ""pernah_beli_seniman""]",model,klasifikasi-v1,2026-10-05T15:16:10Z
1aae0750-4c8f-5879-8b25-ec14e411b5ed,3d61eac2-6d83-5347-9d59-799ac69edc5a,15,0.5529119237247164,"[""gaya_favorit"", ""pernah_beli_seniman""]",model,klasifikasi-v1,2026-10-05T15:16:10Z
1aae0750-4c8f-5879-8b25-ec14e411b5ed,2693b62a-7ed0-56ef-a511-0bb356e0e009,16,0.5236103155564918,"[""gaya_favorit"", ""pernah_beli_seniman""]",model,klasifikasi-v1,2026-10-05T15:16:10Z
1aae0750-4c8f-5879-8b25-ec14e411b5ed,2dc1a3d9-2af8-5aef-95bb-4580395395bd,17,0.4912342478286544,"[""harga_sesuai"", ""gaya_ramai""]",model,klasifikasi-v1,2026-10-05T15:16:10Z
1aae0750-4c8f-5879-8b25-ec14e411b5ed,af387163-4059-5c28-add7-46500bfd3add,18,0.48221410076880944,"[""harga_sesuai"", ""gaya_ramai""]",model,klasifikasi-v1,2026-10-05T15:16:10Z
1aae0750-4c8f-5879-8b25-ec14e411b5ed,3f8dedef-81a9-5162-9bf4-59f3eb4eb26b,19,0.4752044585890756,"[""harga_sesuai"", ""gaya_ramai""]",model,klasifikasi-v1,2026-10-05T15:16:10Z
1aae0750-4c8f-5879-8b25-ec14e411b5ed,6f5c741f-0fc0-523d-80e7-bce5940b7e1c,20,0.4699143739852286,[],model,klasifikasi-v1,2026-10-05T15:16:10Z
9c6e09a0-2346-5608-ba26-22aa33f52834,c5d03f92-aa6d-5593-928e-3b2857ad1853,1,0.7730805356389505,"[""gaya_favorit"", ""harga_sesuai"", ""pernah_beli_seniman""]",model,klasifikasi-v1,2026-10-05T15:16:10Z
9c6e09a0-2346-5608-ba26-22aa33f52834,7ed552db-962e-5e78-a1a4-2d32fefa1f0c,2,0.7031354110400257,"[""harga_sesuai"", ""pernah_beli_seniman""]",model,klasifikasi-v1,2026-10-05T15:16:10Z
9c6e09a0-2346-5608-ba26-22aa33f52834,653fc4b1-75f3-5eac-afe6-586c962be798,3,0.6923104362659027,"[""harga_sesuai"", ""pernah_beli_seniman""]",model,klasifikasi-v1,2026-10-05T15:16:10Z
9c6e09a0-2346-5608-ba26-22aa33f52834,3d61eac2-6d83-5347-9d59-799ac69edc5a,4,0.6836037622090377,"[""harga_sesuai"", ""pernah_beli_seniman""]",model,klasifikasi-v1,2026-10-05T15:16:10Z
9c6e09a0-2346-5608-ba26-22aa33f52834,9bdbffa3-5922-5d4c-a5b3-080cfb23f84c,5,0.6581779046813597,"[""gaya_favorit"", ""pernah_beli_seniman""]",model,klasifikasi-v1,2026-10-05T15:16:10Z
9c6e09a0-2346-5608-ba26-22aa33f52834,6c354900-b80d-56b8-8adc-7a97a366f095,6,0.6270997985476975,"[""gaya_favorit"", ""harga_sesuai""]",model,klasifikasi-v1,2026-10-05T15:16:10Z
9c6e09a0-2346-5608-ba26-22aa33f52834,2693b62a-7ed0-56ef-a511-0bb356e0e009,7,0.6252140417741922,"[""harga_sesuai"", ""pernah_beli_seniman""]",model,klasifikasi-v1,2026-10-05T15:16:10Z
9c6e09a0-2346-5608-ba26-22aa33f52834,998d5b90-e146-544c-8f57-8d949cc3b1a0,8,0.6222796108998331,"[""gaya_favorit"", ""pernah_beli_seniman""]",model,klasifikasi-v1,2026-10-05T15:16:10Z
9c6e09a0-2346-5608-ba26-22aa33f52834,6ab910ee-99bd-5039-9bf7-2e6828f994a7,9,0.6208243112401961,"[""harga_sesuai"", ""gaya_ramai"", ""pernah_beli_seniman""]",model,klasifikasi-v1,2026-10-05T15:16:10Z
9c6e09a0-2346-5608-ba26-22aa33f52834,f01a7b2c-1e11-597c-afeb-96705f31b4d5,10,0.6118473367664699,"[""harga_sesuai"", ""gaya_ramai"", ""pernah_beli_seniman""]",model,klasifikasi-v1,2026-10-05T15:16:10Z
9c6e09a0-2346-5608-ba26-22aa33f52834,866197c9-41b8-58ae-af14-976c6a847c11,11,0.6065450196653027,"[""harga_sesuai"", ""gaya_ramai"", ""pernah_beli_seniman""]",model,klasifikasi-v1,2026-10-05T15:16:10Z
9c6e09a0-2346-5608-ba26-22aa33f52834,34f160b0-2ebd-5b4b-abbf-d9e60acd2b35,12,0.5985022124718178,"[""gaya_ramai"", ""pernah_beli_seniman""]",model,klasifikasi-v1,2026-10-05T15:16:10Z
9c6e09a0-2346-5608-ba26-22aa33f52834,a724961d-392c-586e-9da5-8e9342c6fd29,13,0.5939743706729755,"[""karya_baru""]",model,klasifikasi-v1,2026-10-05T15:16:10Z
9c6e09a0-2346-5608-ba26-22aa33f52834,8a247c64-cda5-5c99-9be2-94998d4b1275,14,0.586090689778227,"[""harga_sesuai"", ""pernah_beli_seniman""]",model,klasifikasi-v1,2026-10-05T15:16:10Z
9c6e09a0-2346-5608-ba26-22aa33f52834,2dc1a3d9-2af8-5aef-95bb-4580395395bd,15,0.5797167387514628,"[""gaya_ramai"", ""pernah_beli_seniman""]",model,klasifikasi-v1,2026-10-05T15:16:10Z
9c6e09a0-2346-5608-ba26-22aa33f52834,a6c80043-8c7f-50af-b91c-091f153d3eba,16,0.5744717131753752,"[""pernah_beli_seniman""]",model,klasifikasi-v1,2026-10-05T15:16:10Z
9c6e09a0-2346-5608-ba26-22aa33f52834,ab56a64c-b79d-5092-8002-0652f839ad06,17,0.5707137976186245,"[""pernah_beli_seniman""]",model,klasifikasi-v1,2026-10-05T15:16:10Z
9c6e09a0-2346-5608-ba26-22aa33f52834,1d10619f-065b-57d0-8382-fd82d2e97ef5,18,0.5692981468556038,"[""gaya_favorit"", ""pernah_beli_seniman""]",model,klasifikasi-v1,2026-10-05T15:16:10Z
9c6e09a0-2346-5608-ba26-22aa33f52834,1c18f330-e3a0-5c45-8b4a-4340319c6f6b,19,0.5597130803329261,"[""pernah_beli_seniman""]",model,klasifikasi-v1,2026-10-05T15:16:10Z
9c6e09a0-2346-5608-ba26-22aa33f52834,80d6863c-4309-5881-81cd-79e0a6aa59a3,20,0.5556899429298724,"[""harga_sesuai""]",model,klasifikasi-v1,2026-10-05T15:16:10Z
e0627b49-ed43-537c-b7b3-7f3d6c5c4ff3,a724961d-392c-586e-9da5-8e9342c6fd29,1,0.786239162479908,"[""gaya_favorit"", ""pernah_beli_seniman"", ""karya_baru""]",model,klasifikasi-v1,2026-10-05T15:16:10Z
e0627b49-ed43-537c-b7b3-7f3d6c5c4ff3,556ac5bd-b36f-5124-8750-d92fefc82d2d,2,0.73730130948606,"[""gaya_favorit"", ""harga_sesuai"", ""pernah_beli_seniman"", ""karya_baru""]",model,klasifikasi-v1,2026-10-05T15:16:10Z
e0627b49-ed43-537c-b7b3-7f3d6c5c4ff3,c5d03f92-aa6d-5593-928e-3b2857ad1853,3,0.6932857943500639,"[""gaya_favorit"", ""harga_sesuai"", ""pernah_beli_seniman""]",model,klasifikasi-v1,2026-10-05T15:16:10Z
e0627b49-ed43-537c-b7b3-7f3d6c5c4ff3,376f20b3-cf69-518a-95e4-669f8fe7fe40,4,0.6279858238622419,"[""gaya_favorit"", ""harga_sesuai"", ""pernah_beli_seniman""]",model,klasifikasi-v1,2026-10-05T15:16:10Z
e0627b49-ed43-537c-b7b3-7f3d6c5c4ff3,f60efa69-e980-54e3-9729-e98c5f2fc78f,5,0.6188010966129314,"[""gaya_favorit"", ""harga_sesuai"", ""pernah_beli_seniman""]",model,klasifikasi-v1,2026-10-05T15:16:10Z
e0627b49-ed43-537c-b7b3-7f3d6c5c4ff3,6f5c741f-0fc0-523d-80e7-bce5940b7e1c,6,0.6041719339130008,"[""harga_sesuai""]",model,klasifikasi-v1,2026-10-05T15:16:10Z
e0627b49-ed43-537c-b7b3-7f3d6c5c4ff3,300ebf50-b10d-5efa-8722-a252a80b4557,7,0.5798897308855135,"[""gaya_favorit"", ""harga_sesuai"", ""pernah_beli_seniman""]",model,klasifikasi-v1,2026-10-05T15:16:10Z
e0627b49-ed43-537c-b7b3-7f3d6c5c4ff3,80d6863c-4309-5881-81cd-79e0a6aa59a3,8,0.5780703850902186,"[""harga_sesuai""]",model,klasifikasi-v1,2026-10-05T15:16:10Z
e0627b49-ed43-537c-b7b3-7f3d6c5c4ff3,af058c54-328b-50b1-aa59-1ed52ef4b398,9,0.566638050546117,"[""gaya_favorit"", ""pernah_beli_seniman""]",model,klasifikasi-v1,2026-10-05T15:16:10Z
e0627b49-ed43-537c-b7b3-7f3d6c5c4ff3,ded10c02-e3db-542d-8ff2-e0ab8c159069,10,0.5640475362825512,[],model,klasifikasi-v1,2026-10-05T15:16:10Z
e0627b49-ed43-537c-b7b3-7f3d6c5c4ff3,6c354900-b80d-56b8-8adc-7a97a366f095,11,0.5544214919405991,"[""gaya_favorit"", ""harga_sesuai""]",model,klasifikasi-v1,2026-10-05T15:16:10Z
e0627b49-ed43-537c-b7b3-7f3d6c5c4ff3,0e102d63-ff8f-5e6b-bbdc-2a5d6e668cb1,12,0.5495485560310496,"[""harga_sesuai""]",model,klasifikasi-v1,2026-10-05T15:16:10Z
e0627b49-ed43-537c-b7b3-7f3d6c5c4ff3,4c6861aa-290c-53f1-808e-3e6cbd17a516,13,0.5395455890719189,"[""gaya_favorit"", ""karya_baru""]",model,klasifikasi-v1,2026-10-05T15:16:10Z
e0627b49-ed43-537c-b7b3-7f3d6c5c4ff3,ddc6295d-239d-589a-9714-9e4d1b9fb3f9,14,0.5307339661380722,"[""gaya_favorit"", ""pernah_beli_seniman""]",model,klasifikasi-v1,2026-10-05T15:16:10Z
e0627b49-ed43-537c-b7b3-7f3d6c5c4ff3,53d13623-0761-554d-b668-e79215702755,15,0.5190425535244371,"[""gaya_favorit"", ""harga_sesuai""]",model,klasifikasi-v1,2026-10-05T15:16:10Z
e0627b49-ed43-537c-b7b3-7f3d6c5c4ff3,7ed552db-962e-5e78-a1a4-2d32fefa1f0c,16,0.5099816609598353,"[""harga_sesuai""]",model,klasifikasi-v1,2026-10-05T15:16:10Z
e0627b49-ed43-537c-b7b3-7f3d6c5c4ff3,1b284f0a-4933-57f5-a5d9-d38488a7227c,17,0.5060199662368138,[],model,klasifikasi-v1,2026-10-05T15:16:10Z
e0627b49-ed43-537c-b7b3-7f3d6c5c4ff3,0242a481-31c2-55aa-92b4-ebebc6011a7c,18,0.48983808230562254,"[""gaya_favorit"", ""pernah_beli_seniman""]",model,klasifikasi-v1,2026-10-05T15:16:10Z
e0627b49-ed43-537c-b7b3-7f3d6c5c4ff3,653fc4b1-75f3-5eac-afe6-586c962be798,19,0.4824164196311506,"[""harga_sesuai""]",model,klasifikasi-v1,2026-10-05T15:16:10Z
e0627b49-ed43-537c-b7b3-7f3d6c5c4ff3,b93ca27f-2a5c-5964-a7c6-97f8d7bd6529,20,0.4773433076849546,"[""gaya_favorit"", ""pernah_beli_seniman""]",model,klasifikasi-v1,2026-10-05T15:16:10Z
bfedcb39-8cfe-5eea-91f2-43a30581ac27,3d61eac2-6d83-5347-9d59-799ac69edc5a,1,0.8513583527894454,"[""gaya_favorit"", ""pernah_beli_seniman""]",model,klasifikasi-v1,2026-10-05T15:16:10Z
bfedcb39-8cfe-5eea-91f2-43a30581ac27,7ed552db-962e-5e78-a1a4-2d32fefa1f0c,2,0.8483508303040801,"[""gaya_favorit"", ""harga_sesuai"", ""pernah_beli_seniman""]",model,klasifikasi-v1,2026-10-05T15:16:10Z
bfedcb39-8cfe-5eea-91f2-43a30581ac27,653fc4b1-75f3-5eac-afe6-586c962be798,3,0.8470952882778922,"[""gaya_favorit"", ""harga_sesuai"", ""pernah_beli_seniman""]",model,klasifikasi-v1,2026-10-05T15:16:10Z
bfedcb39-8cfe-5eea-91f2-43a30581ac27,8a247c64-cda5-5c99-9be2-94998d4b1275,4,0.8375419497897857,"[""gaya_favorit"", ""harga_sesuai"", ""pernah_beli_seniman""]",model,klasifikasi-v1,2026-10-05T15:16:10Z
bfedcb39-8cfe-5eea-91f2-43a30581ac27,2693b62a-7ed0-56ef-a511-0bb356e0e009,5,0.7901212217837175,"[""gaya_favorit"", ""harga_sesuai"", ""pernah_beli_seniman""]",model,klasifikasi-v1,2026-10-05T15:16:10Z
bfedcb39-8cfe-5eea-91f2-43a30581ac27,16545722-15c8-55bc-b78b-f46c0496a505,6,0.77822780374718,"[""gaya_favorit"", ""pernah_beli_seniman""]",model,klasifikasi-v1,2026-10-05T15:16:10Z
bfedcb39-8cfe-5eea-91f2-43a30581ac27,a6c80043-8c7f-50af-b91c-091f153d3eba,7,0.766953808849686,"[""gaya_favorit"", ""harga_sesuai"", ""pernah_beli_seniman""]",model,klasifikasi-v1,2026-10-05T15:16:10Z
bfedcb39-8cfe-5eea-91f2-43a30581ac27,5ab09023-1f78-582e-83e8-ae95a0e3eec9,8,0.746706168918346,"[""gaya_favorit"", ""harga_sesuai"", ""pernah_beli_seniman""]",model,klasifikasi-v1,2026-10-05T15:16:10Z
bfedcb39-8cfe-5eea-91f2-43a30581ac27,e190f16b-1166-5132-9fba-89df2753bcd5,9,0.6448117778590297,"[""gaya_favorit"", ""pernah_beli_seniman""]",model,klasifikasi-v1,2026-10-05T15:16:10Z
bfedcb39-8cfe-5eea-91f2-43a30581ac27,ab56a64c-b79d-5092-8002-0652f839ad06,10,0.6368608101420945,"[""gaya_favorit"", ""pernah_beli_seniman""]",model,klasifikasi-v1,2026-10-05T15:16:10Z
bfedcb39-8cfe-5eea-91f2-43a30581ac27,ded10c02-e3db-542d-8ff2-e0ab8c159069,11,0.6310048489390282,[],model,klasifikasi-v1,2026-10-05T15:16:10Z
bfedcb39-8cfe-5eea-91f2-43a30581ac27,1c18f330-e3a0-5c45-8b4a-4340319c6f6b,12,0.6236149831086667,"[""gaya_favorit"", ""pernah_beli_seniman""]",model,klasifikasi-v1,2026-10-05T15:16:10Z
bfedcb39-8cfe-5eea-91f2-43a30581ac27,6f5c741f-0fc0-523d-80e7-bce5940b7e1c,13,0.6035201628478213,"[""harga_sesuai""]",model,klasifikasi-v1,2026-10-05T15:16:10Z
bfedcb39-8cfe-5eea-91f2-43a30581ac27,80d6863c-4309-5881-81cd-79e0a6aa59a3,14,0.562415461452317,"[""harga_sesuai""]",model,klasifikasi-v1,2026-10-05T15:16:10Z
bfedcb39-8cfe-5eea-91f2-43a30581ac27,0e102d63-ff8f-5e6b-bbdc-2a5d6e668cb1,15,0.5504046336573113,[],model,klasifikasi-v1,2026-10-05T15:16:10Z
bfedcb39-8cfe-5eea-91f2-43a30581ac27,556ac5bd-b36f-5124-8750-d92fefc82d2d,16,0.5350255150440005,"[""harga_sesuai"", ""karya_baru""]",model,klasifikasi-v1,2026-10-05T15:16:10Z
bfedcb39-8cfe-5eea-91f2-43a30581ac27,c5d03f92-aa6d-5593-928e-3b2857ad1853,17,0.4989998249231679,"[""harga_sesuai""]",model,klasifikasi-v1,2026-10-05T15:16:10Z
bfedcb39-8cfe-5eea-91f2-43a30581ac27,50f3106b-4608-5dec-abd4-f3513db77175,18,0.49129580926418676,[],model,klasifikasi-v1,2026-10-05T15:16:10Z
bfedcb39-8cfe-5eea-91f2-43a30581ac27,866197c9-41b8-58ae-af14-976c6a847c11,19,0.4907985111384305,"[""harga_sesuai"", ""gaya_ramai""]",model,klasifikasi-v1,2026-10-05T15:16:10Z
bfedcb39-8cfe-5eea-91f2-43a30581ac27,34f160b0-2ebd-5b4b-abbf-d9e60acd2b35,20,0.4894392368221707,"[""harga_sesuai"", ""gaya_ramai""]",model,klasifikasi-v1,2026-10-05T15:16:10Z
91208491-af2c-5360-b7a5-93ffd255697d,6ab910ee-99bd-5039-9bf7-2e6828f994a7,1,0.7265727053098467,"[""gaya_favorit"", ""harga_sesuai"", ""gaya_ramai"", ""pernah_beli_seniman""]",model,klasifikasi-v1,2026-10-05T15:16:10Z
91208491-af2c-5360-b7a5-93ffd255697d,f01a7b2c-1e11-597c-afeb-96705f31b4d5,2,0.7027673669809137,"[""gaya_favorit"", ""harga_sesuai"", ""gaya_ramai"", ""pernah_beli_seniman""]",model,klasifikasi-v1,2026-10-05T15:16:10Z
91208491-af2c-5360-b7a5-93ffd255697d,19b131db-ca02-5bed-b3f6-a8c0b19d8461,3,0.6659652828840927,"[""gaya_favorit"", ""gaya_ramai""]",model,klasifikasi-v1,2026-10-05T15:16:10Z
91208491-af2c-5360-b7a5-93ffd255697d,103c76e9-4997-5b31-92e1-e92276b6b167,4,0.6326209330168462,"[""gaya_favorit"", ""gaya_ramai"", ""pernah_beli_seniman""]",model,klasifikasi-v1,2026-10-05T15:16:10Z
91208491-af2c-5360-b7a5-93ffd255697d,ded10c02-e3db-542d-8ff2-e0ab8c159069,5,0.6094011202479501,[],model,klasifikasi-v1,2026-10-05T15:16:10Z
91208491-af2c-5360-b7a5-93ffd255697d,07a581f5-4b2e-5999-bbd7-4405da0a3973,6,0.6063610475760787,"[""gaya_favorit"", ""gaya_ramai"", ""pernah_beli_seniman""]",model,klasifikasi-v1,2026-10-05T15:16:10Z
91208491-af2c-5360-b7a5-93ffd255697d,6f5c741f-0fc0-523d-80e7-bce5940b7e1c,7,0.5813748335935648,"[""harga_sesuai""]",model,klasifikasi-v1,2026-10-05T15:16:10Z
91208491-af2c-5360-b7a5-93ffd255697d,df583dd7-04e0-5491-bcbb-5426ed211985,8,0.5619005902397324,"[""gaya_favorit"", ""gaya_ramai"", ""pernah_beli_seniman""]",model,klasifikasi-v1,2026-10-05T15:16:10Z
91208491-af2c-5360-b7a5-93ffd255697d,80d6863c-4309-5881-81cd-79e0a6aa59a3,9,0.5499278527957048,"[""harga_sesuai""]",model,klasifikasi-v1,2026-10-05T15:16:10Z
91208491-af2c-5360-b7a5-93ffd255697d,fdabfc66-2971-53a8-9c7f-da6fdee1e48e,10,0.5431123635718097,"[""gaya_favorit"", ""gaya_ramai"", ""pernah_beli_seniman""]",model,klasifikasi-v1,2026-10-05T15:16:10Z
91208491-af2c-5360-b7a5-93ffd255697d,d3d263d8-8c28-527a-b394-4889d2ea788f,11,0.5430770765626939,"[""gaya_favorit"", ""gaya_ramai""]",model,klasifikasi-v1,2026-10-05T15:16:10Z
91208491-af2c-5360-b7a5-93ffd255697d,0e102d63-ff8f-5e6b-bbdc-2a5d6e668cb1,12,0.5276146768655825,[],model,klasifikasi-v1,2026-10-05T15:16:10Z
91208491-af2c-5360-b7a5-93ffd255697d,b9c614f8-fc4b-54a8-b4f2-38cae682326f,13,0.5175180984532468,"[""gaya_favorit"", ""gaya_ramai"", ""pernah_beli_seniman""]",model,klasifikasi-v1,2026-10-05T15:16:10Z
91208491-af2c-5360-b7a5-93ffd255697d,556ac5bd-b36f-5124-8750-d92fefc82d2d,14,0.5065025872343195,"[""harga_sesuai"", ""karya_baru""]",model,klasifikasi-v1,2026-10-05T15:16:10Z
91208491-af2c-5360-b7a5-93ffd255697d,866197c9-41b8-58ae-af14-976c6a847c11,15,0.4774843671658043,"[""harga_sesuai"", ""gaya_ramai""]",model,klasifikasi-v1,2026-10-05T15:16:10Z
91208491-af2c-5360-b7a5-93ffd255697d,ad22fc44-1c65-50c5-be50-d2e1c3bbdc50,16,0.4774350236132686,"[""gaya_favorit"", ""gaya_ramai""]",model,klasifikasi-v1,2026-10-05T15:16:10Z
91208491-af2c-5360-b7a5-93ffd255697d,d0932440-31b0-5025-ab5b-f83ac95c2aea,17,0.47446557091551594,"[""harga_sesuai"", ""gaya_ramai""]",model,klasifikasi-v1,2026-10-05T15:16:10Z
91208491-af2c-5360-b7a5-93ffd255697d,7ed552db-962e-5e78-a1a4-2d32fefa1f0c,18,0.4630870938419275,"[""harga_sesuai"", ""pernah_beli_seniman""]",model,klasifikasi-v1,2026-10-05T15:16:10Z
91208491-af2c-5360-b7a5-93ffd255697d,50f3106b-4608-5dec-abd4-f3513db77175,19,0.46184019331931186,[],model,klasifikasi-v1,2026-10-05T15:16:10Z
91208491-af2c-5360-b7a5-93ffd255697d,1b284f0a-4933-57f5-a5d9-d38488a7227c,20,0.4613577699116663,[],model,klasifikasi-v1,2026-10-05T15:16:10Z
d10b4e12-8728-5b1b-98cf-9eb8c29367c5,ded10c02-e3db-542d-8ff2-e0ab8c159069,1,0.758540940154379,"[""harga_sesuai"", ""pernah_beli_seniman""]",model,klasifikasi-v1,2026-10-05T15:16:10Z
d10b4e12-8728-5b1b-98cf-9eb8c29367c5,0e102d63-ff8f-5e6b-bbdc-2a5d6e668cb1,2,0.7010819112433341,"[""harga_sesuai"", ""pernah_beli_seniman""]",model,klasifikasi-v1,2026-10-05T15:16:10Z
d10b4e12-8728-5b1b-98cf-9eb8c29367c5,ab4a3c71-9387-56bc-a801-1beeee2639d7,3,0.6777445787361513,"[""gaya_favorit"", ""harga_sesuai"", ""gaya_ramai"", ""pernah_beli_seniman""]",model,klasifikasi-v1,2026-10-05T15:16:10Z
d10b4e12-8728-5b1b-98cf-9eb8c29367c5,2c540a0c-a2ff-5f37-ba88-a5ad28626312,4,0.6619898292432349,"[""gaya_favorit"", ""harga_sesuai"", ""gaya_ramai"", ""pernah_beli_seniman""]",model,klasifikasi-v1,2026-10-05T15:16:10Z
d10b4e12-8728-5b1b-98cf-9eb8c29367c5,1b284f0a-4933-57f5-a5d9-d38488a7227c,5,0.6600380928594443,"[""harga_sesuai"", ""pernah_beli_seniman""]",model,klasifikasi-v1,2026-10-05T15:16:10Z
d10b4e12-8728-5b1b-98cf-9eb8c29367c5,21d58bce-aee7-5c2c-9757-2101e0911a9e,6,0.6575356596323172,"[""pernah_beli_seniman""]",model,klasifikasi-v1,2026-10-05T15:16:10Z
d10b4e12-8728-5b1b-98cf-9eb8c29367c5,d48d3793-0d94-54bf-8cd8-bd45835a8231,7,0.6500036514434266,"[""gaya_favorit"", ""harga_sesuai"", ""gaya_ramai"", ""pernah_beli_seniman""]",model,klasifikasi-v1,2026-10-05T15:16:10Z
d10b4e12-8728-5b1b-98cf-9eb8c29367c5,7ba04b01-9924-5de2-9ea7-9d0e178b5a76,8,0.6416984319692499,"[""harga_sesuai"", ""pernah_beli_seniman""]",model,klasifikasi-v1,2026-10-05T15:16:10Z
d10b4e12-8728-5b1b-98cf-9eb8c29367c5,556ac5bd-b36f-5124-8750-d92fefc82d2d,9,0.6263854395546897,"[""pernah_beli_seniman"", ""karya_baru""]",model,klasifikasi-v1,2026-10-05T15:16:10Z
d10b4e12-8728-5b1b-98cf-9eb8c29367c5,6f5c741f-0fc0-523d-80e7-bce5940b7e1c,10,0.6256707821044394,"[""pernah_beli_seniman""]",model,klasifikasi-v1,2026-10-05T15:16:10Z
d10b4e12-8728-5b1b-98cf-9eb8c29367c5,50f3106b-4608-5dec-abd4-f3513db77175,11,0.6193951705675449,"[""pernah_beli_seniman""]",model,klasifikasi-v1,2026-10-05T15:16:10Z
d10b4e12-8728-5b1b-98cf-9eb8c29367c5,a724961d-392c-586e-9da5-8e9342c6fd29,12,0.6185899343380307,"[""harga_sesuai"", ""pernah_beli_seniman"", ""karya_baru""]",model,klasifikasi-v1,2026-10-05T15:16:10Z
d10b4e12-8728-5b1b-98cf-9eb8c29367c5,80d6863c-4309-5881-81cd-79e0a6aa59a3,13,0.6138454903477008,"[""pernah_beli_seniman""]",model,klasifikasi-v1,2026-10-05T15:16:10Z
d10b4e12-8728-5b1b-98cf-9eb8c29367c5,88258c73-bb7b-51e8-824e-bc2ca0b939b8,14,0.6087368268751898,"[""seniman_naik_daun"", ""pernah_beli_seniman"", ""karya_baru""]",model,klasifikasi-v1,2026-10-05T15:16:10Z
d10b4e12-8728-5b1b-98cf-9eb8c29367c5,3f8e8589-04d2-5dac-97c5-907b7fcd2c76,15,0.599881990884227,"[""gaya_favorit"", ""gaya_ramai"", ""pernah_beli_seniman""]",model,klasifikasi-v1,2026-10-05T15:16:10Z
d10b4e12-8728-5b1b-98cf-9eb8c29367c5,e15ac87c-418d-5877-b3de-5f27acd81302,16,0.595673404829881,"[""gaya_favorit"", ""gaya_ramai"", ""pernah_beli_seniman""]",model,klasifikasi-v1,2026-10-05T15:16:10Z
d10b4e12-8728-5b1b-98cf-9eb8c29367c5,f1067009-38fa-5639-9333-76bfb4dff9dc,17,0.5949922832825438,"[""gaya_favorit"", ""harga_sesuai"", ""gaya_ramai"", ""pernah_beli_seniman""]",model,klasifikasi-v1,2026-10-05T15:16:10Z
d10b4e12-8728-5b1b-98cf-9eb8c29367c5,2b114701-6eaa-53bb-93f7-b655e90e143d,18,0.5919776383846873,"[""gaya_favorit"", ""harga_sesuai"", ""gaya_ramai""]",model,klasifikasi-v1,2026-10-05T15:16:10Z
d10b4e12-8728-5b1b-98cf-9eb8c29367c5,1f26c708-fc57-592d-a841-b891c55231bd,19,0.5732165900754254,"[""gaya_favorit"", ""harga_sesuai"", ""gaya_ramai"", ""pernah_beli_seniman""]",model,klasifikasi-v1,2026-10-05T15:16:10Z
d10b4e12-8728-5b1b-98cf-9eb8c29367c5,de0649c2-892b-5173-87f3-b53210592193,20,0.5696786722725407,"[""gaya_favorit"", ""gaya_ramai""]",model,klasifikasi-v1,2026-10-05T15:16:10Z
130ec63c-8ce6-5e6d-9a74-9ac7ba68756a,79e25e0d-2c04-5f90-9130-3f1d94125223,1,0.8204598601317866,"[""harga_sesuai"", ""seniman_naik_daun"", ""pernah_beli_seniman"", ""karya_baru""]",model,klasifikasi-v1,2026-10-05T15:16:10Z
130ec63c-8ce6-5e6d-9a74-9ac7ba68756a,88258c73-bb7b-51e8-824e-bc2ca0b939b8,2,0.7695220753104304,"[""harga_sesuai"", ""seniman_naik_daun"", ""pernah_beli_seniman"", ""karya_baru""]",model,klasifikasi-v1,2026-10-05T15:16:10Z
130ec63c-8ce6-5e6d-9a74-9ac7ba68756a,df002552-8f03-5997-b452-e24a915621dd,3,0.756105623190187,"[""harga_sesuai"", ""seniman_naik_daun"", ""pernah_beli_seniman""]",model,klasifikasi-v1,2026-10-05T15:16:10Z
130ec63c-8ce6-5e6d-9a74-9ac7ba68756a,07d19c93-c674-54cb-9448-012eb1b60c3f,4,0.7472313844890351,"[""harga_sesuai"", ""seniman_naik_daun"", ""pernah_beli_seniman""]",model,klasifikasi-v1,2026-10-05T15:16:10Z
130ec63c-8ce6-5e6d-9a74-9ac7ba68756a,2d399fc1-c809-5c2a-bdaa-6e69cefe5fb1,5,0.714733146214283,"[""seniman_naik_daun"", ""pernah_beli_seniman""]",model,klasifikasi-v1,2026-10-05T15:16:10Z
130ec63c-8ce6-5e6d-9a74-9ac7ba68756a,0931aca3-ffbb-57aa-b84e-284c01f774f1,6,0.7076174125030716,"[""harga_sesuai"", ""seniman_naik_daun"", ""pernah_beli_seniman""]",model,klasifikasi-v1,2026-10-05T15:16:10Z
130ec63c-8ce6-5e6d-9a74-9ac7ba68756a,8856b1b5-28c4-536b-9a51-9ff06bfdbd80,7,0.6985348272640296,"[""harga_sesuai"", ""seniman_naik_daun"", ""pernah_beli_seniman""]",model,klasifikasi-v1,2026-10-05T15:16:10Z
130ec63c-8ce6-5e6d-9a74-9ac7ba68756a,94afa8d0-6fca-5820-9dfe-5fb67fd9b665,8,0.6945786429836157,"[""seniman_naik_daun"", ""pernah_beli_seniman""]",model,klasifikasi-v1,2026-10-05T15:16:10Z
130ec63c-8ce6-5e6d-9a74-9ac7ba68756a,6a9a552c-870e-5cd3-b409-273d6c5865eb,9,0.6902183461433191,"[""harga_sesuai"", ""seniman_naik_daun"", ""pernah_beli_seniman""]",model,klasifikasi-v1,2026-10-05T15:16:10Z
130ec63c-8ce6-5e6d-9a74-9ac7ba68756a,0bc9d34a-7f95-5dee-beb4-55f3af9b97c9,10,0.6806886739239573,"[""harga_sesuai"", ""seniman_naik_daun"", ""pernah_beli_seniman""]",model,klasifikasi-v1,2026-10-05T15:16:10Z
130ec63c-8ce6-5e6d-9a74-9ac7ba68756a,1af0200c-a8bf-593f-8cb6-4f759b5f5ac1,11,0.6693063668008583,"[""harga_sesuai"", ""seniman_naik_daun"", ""pernah_beli_seniman""]",model,klasifikasi-v1,2026-10-05T15:16:10Z
130ec63c-8ce6-5e6d-9a74-9ac7ba68756a,854f6550-ae71-509e-859c-39396df1a99e,12,0.6639545354360795,"[""harga_sesuai"", ""seniman_naik_daun"", ""pernah_beli_seniman""]",model,klasifikasi-v1,2026-10-05T15:16:10Z
130ec63c-8ce6-5e6d-9a74-9ac7ba68756a,8d8c6d42-894a-5d83-a68b-c458ead32750,13,0.6578187760363422,"[""seniman_naik_daun"", ""pernah_beli_seniman""]",model,klasifikasi-v1,2026-10-05T15:16:10Z
130ec63c-8ce6-5e6d-9a74-9ac7ba68756a,1fef09ac-2800-5df6-bb4b-93c0c3308a02,14,0.6389566053095251,"[""gaya_favorit"", ""pernah_beli_seniman""]",model,klasifikasi-v1,2026-10-05T15:16:10Z
130ec63c-8ce6-5e6d-9a74-9ac7ba68756a,04393ef2-a47c-5658-89fa-61d255a593b4,15,0.6343057291472276,"[""harga_sesuai"", ""seniman_naik_daun"", ""pernah_beli_seniman""]",model,klasifikasi-v1,2026-10-05T15:16:10Z
130ec63c-8ce6-5e6d-9a74-9ac7ba68756a,9c41c05d-b958-5fe0-902f-c466d102b664,16,0.6277687359574126,"[""gaya_favorit"", ""pernah_beli_seniman""]",model,klasifikasi-v1,2026-10-05T15:16:10Z
130ec63c-8ce6-5e6d-9a74-9ac7ba68756a,a75ec521-369a-5e79-9b6f-f9851164e909,17,0.6277687359574126,"[""gaya_favorit"", ""pernah_beli_seniman""]",model,klasifikasi-v1,2026-10-05T15:16:10Z
130ec63c-8ce6-5e6d-9a74-9ac7ba68756a,0fa48617-95fc-5cfc-84dd-53e4416600eb,18,0.6274440578779891,"[""gaya_favorit"", ""gaya_ramai"", ""pernah_beli_seniman""]",model,klasifikasi-v1,2026-10-05T15:16:10Z
130ec63c-8ce6-5e6d-9a74-9ac7ba68756a,987e9b9d-f4c6-5ce1-ac8c-5ef271e2ae33,19,0.6211611291170889,"[""gaya_favorit"", ""harga_sesuai"", ""gaya_ramai"", ""pernah_beli_seniman""]",model,klasifikasi-v1,2026-10-05T15:16:10Z
130ec63c-8ce6-5e6d-9a74-9ac7ba68756a,231b14d2-2e75-5193-9c40-949b484944ca,20,0.6122765841057716,"[""harga_sesuai"", ""seniman_naik_daun"", ""pernah_beli_seniman""]",model,klasifikasi-v1,2026-10-05T15:16:10Z
247281d2-7eb2-5256-af64-c4f7968da59d,a8ac835e-5aad-57f7-aa47-99b583d02392,1,0.7893155958280829,"[""gaya_favorit"", ""harga_sesuai"", ""seniman_naik_daun""]",model,klasifikasi-v1,2026-10-05T15:16:10Z
247281d2-7eb2-5256-af64-c4f7968da59d,79e25e0d-2c04-5f90-9130-3f1d94125223,2,0.7485946445210347,"[""seniman_naik_daun"", ""karya_baru""]",model,klasifikasi-v1,2026-10-05T15:16:10Z
247281d2-7eb2-5256-af64-c4f7968da59d,b116070e-6e10-5b4c-8bc1-f41ce97a6883,3,0.7227436005766983,"[""gaya_favorit"", ""harga_sesuai"", ""seniman_naik_daun"", ""karya_baru""]",model,klasifikasi-v1,2026-10-05T15:16:10Z
247281d2-7eb2-5256-af64-c4f7968da59d,1fe5e4ec-a2db-5ef8-a46d-3f8ffa41ebe2,4,0.7223370961971695,"[""gaya_favorit"", ""pernah_beli_seniman"", ""karya_baru""]",model,klasifikasi-v1,2026-10-05T15:16:10Z
247281d2-7eb2-5256-af64-c4f7968da59d,00795856-93c3-5b39-a80b-14c1fd15860f,5,0.7154387679990565,"[""gaya_favorit"", ""harga_sesuai"", ""pernah_beli_seniman""]",model,klasifikasi-v1,2026-10-05T15:16:10Z
247281d2-7eb2-5256-af64-c4f7968da59d,6f5ddafa-7eee-586a-b4fe-998a0bff1ad4,6,0.7130713021563926,"[""gaya_favorit"", ""harga_sesuai"", ""pernah_beli_seniman""]",model,klasifikasi-v1,2026-10-05T15:16:10Z
247281d2-7eb2-5256-af64-c4f7968da59d,796ab8ac-bab7-52b6-9bdd-179cdc5b16a6,7,0.7130008416519019,"[""gaya_favorit"", ""pernah_beli_seniman""]",model,klasifikasi-v1,2026-10-05T15:16:10Z
247281d2-7eb2-5256-af64-c4f7968da59d,a3257c02-ae31-5da0-ae8e-d2092e70840b,8,0.7115011151271441,"[""gaya_favorit"", ""harga_sesuai"", ""pernah_beli_seniman""]",model,klasifikasi-v1,2026-10-05T15:16:10Z
247281d2-7eb2-5256-af64-c4f7968da59d,9d724b79-1052-5cf1-9034-4f1b66c74122,9,0.6927107083337414,"[""gaya_favorit"", ""harga_sesuai"", ""pernah_beli_seniman""]",model,klasifikasi-v1,2026-10-05T15:16:10Z
247281d2-7eb2-5256-af64-c4f7968da59d,deeacde5-7269-5bce-bc8f-9c7480c60aab,10,0.6918756935957152,"[""gaya_favorit"", ""harga_sesuai"", ""pernah_beli_seniman""]",model,klasifikasi-v1,2026-10-05T15:16:10Z
247281d2-7eb2-5256-af64-c4f7968da59d,0101b37d-e928-5118-9fd0-e4072ae53d59,11,0.6786417782187614,"[""gaya_favorit"", ""harga_sesuai"", ""pernah_beli_seniman""]",model,klasifikasi-v1,2026-10-05T15:16:10Z
247281d2-7eb2-5256-af64-c4f7968da59d,49c62221-8e30-57aa-89b1-b313a4f7e5b8,12,0.6755027262368067,"[""gaya_favorit"", ""harga_sesuai"", ""pernah_beli_seniman""]",model,klasifikasi-v1,2026-10-05T15:16:10Z
247281d2-7eb2-5256-af64-c4f7968da59d,0f9a9b31-d8c8-5234-b8f5-9010101a22df,13,0.6700640790201146,"[""gaya_favorit"", ""harga_sesuai"", ""pernah_beli_seniman""]",model,klasifikasi-v1,2026-10-05T15:16:10Z
247281d2-7eb2-5256-af64-c4f7968da59d,d08e8450-729f-5c84-b7fb-cbf19ed311d1,14,0.660611200471988,"[""gaya_favorit"", ""seniman_naik_daun""]",model,klasifikasi-v1,2026-10-05T15:16:10Z
247281d2-7eb2-5256-af64-c4f7968da59d,da66b667-46bf-505e-b38c-36009dd8f908,15,0.6588556089784515,"[""gaya_favorit""]",model,klasifikasi-v1,2026-10-05T15:16:10Z
247281d2-7eb2-5256-af64-c4f7968da59d,d79dcc5c-3894-557c-85d6-9fab000e5ee5,16,0.6566954582652367,"[""gaya_favorit"", ""harga_sesuai"", ""pernah_beli_seniman""]",model,klasifikasi-v1,2026-10-05T15:16:10Z
247281d2-7eb2-5256-af64-c4f7968da59d,f65ec0d2-a533-5a7e-b1c3-9b7a40f965ce,17,0.6518531518150605,"[""gaya_favorit"", ""harga_sesuai"", ""pernah_beli_seniman""]",model,klasifikasi-v1,2026-10-05T15:16:10Z
247281d2-7eb2-5256-af64-c4f7968da59d,016679fd-f015-5c7e-b41e-f69d95c9d91a,18,0.6518251106446269,"[""gaya_favorit"", ""seniman_naik_daun""]",model,klasifikasi-v1,2026-10-05T15:16:10Z
247281d2-7eb2-5256-af64-c4f7968da59d,eb58a587-23fb-5ce1-9617-ef945f2b3473,19,0.65087438590628,"[""gaya_favorit"", ""pernah_beli_seniman""]",model,klasifikasi-v1,2026-10-05T15:16:10Z
247281d2-7eb2-5256-af64-c4f7968da59d,49cbb133-8880-53a9-812d-d0a0d4332b75,20,0.6436889575162621,"[""gaya_favorit"", ""harga_sesuai"", ""pernah_beli_seniman""]",model,klasifikasi-v1,2026-10-05T15:16:10Z
e69f25d4-db0e-5769-abb3-02218d82888c,0e102d63-ff8f-5e6b-bbdc-2a5d6e668cb1,1,0.7745978182478686,"[""pernah_beli_seniman""]",model,klasifikasi-v1,2026-10-05T15:16:10Z
e69f25d4-db0e-5769-abb3-02218d82888c,ded10c02-e3db-542d-8ff2-e0ab8c159069,2,0.772943471867371,"[""harga_sesuai"", ""pernah_beli_seniman""]",model,klasifikasi-v1,2026-10-05T15:16:10Z
e69f25d4-db0e-5769-abb3-02218d82888c,1b284f0a-4933-57f5-a5d9-d38488a7227c,3,0.7577418052390223,"[""harga_sesuai"", ""pernah_beli_seniman""]",model,klasifikasi-v1,2026-10-05T15:16:10Z
e69f25d4-db0e-5769-abb3-02218d82888c,50f3106b-4608-5dec-abd4-f3513db77175,4,0.7461603211773389,"[""pernah_beli_seniman""]",model,klasifikasi-v1,2026-10-05T15:16:10Z
e69f25d4-db0e-5769-abb3-02218d82888c,6f5c741f-0fc0-523d-80e7-bce5940b7e1c,5,0.7136322273889528,"[""pernah_beli_seniman""]",model,klasifikasi-v1,2026-10-05T15:16:10Z
e69f25d4-db0e-5769-abb3-02218d82888c,21d58bce-aee7-5c2c-9757-2101e0911a9e,6,0.7107250435839232,"[""harga_sesuai"", ""pernah_beli_seniman""]",model,klasifikasi-v1,2026-10-05T15:16:10Z
e69f25d4-db0e-5769-abb3-02218d82888c,7ba04b01-9924-5de2-9ea7-9d0e178b5a76,7,0.6847224434164552,"[""harga_sesuai"", ""pernah_beli_seniman""]",model,klasifikasi-v1,2026-10-05T15:16:10Z
e69f25d4-db0e-5769-abb3-02218d82888c,72ddb5bd-c130-58fb-8657-ea12f7cd200f,8,0.6644420671186481,"[""harga_sesuai"", ""pernah_beli_seniman""]",model,klasifikasi-v1,2026-10-05T15:16:10Z
e69f25d4-db0e-5769-abb3-02218d82888c,79e25e0d-2c04-5f90-9130-3f1d94125223,9,0.6632578519022873,"[""seniman_naik_daun"", ""karya_baru""]",model,klasifikasi-v1,2026-10-05T15:16:10Z
e69f25d4-db0e-5769-abb3-02218d82888c,6668aaa3-cf17-5996-8538-ab41cc230eab,10,0.6480273385443442,"[""gaya_favorit"", ""gaya_ramai"", ""pernah_beli_seniman""]",model,klasifikasi-v1,2026-10-05T15:16:10Z
e69f25d4-db0e-5769-abb3-02218d82888c,7fe57ce0-0aa4-5a4e-855c-fbc916a4c08e,11,0.6300480247324209,"[""pernah_beli_seniman""]",model,klasifikasi-v1,2026-10-05T15:16:10Z
e69f25d4-db0e-5769-abb3-02218d82888c,2c540a0c-a2ff-5f37-ba88-a5ad28626312,12,0.6125021344433925,"[""harga_sesuai"", ""gaya_ramai""]",model,klasifikasi-v1,2026-10-05T15:16:10Z
e69f25d4-db0e-5769-abb3-02218d82888c,80d6863c-4309-5881-81cd-79e0a6aa59a3,13,0.6079735372176307,"[""pernah_beli_seniman""]",model,klasifikasi-v1,2026-10-05T15:16:10Z
e69f25d4-db0e-5769-abb3-02218d82888c,88258c73-bb7b-51e8-824e-bc2ca0b939b8,14,0.6025467706217057,"[""seniman_naik_daun"", ""karya_baru""]",model,klasifikasi-v1,2026-10-05T15:16:10Z
e69f25d4-db0e-5769-abb3-02218d82888c,f01a7b2c-1e11-597c-afeb-96705f31b4d5,15,0.5986847044674249,"[""gaya_favorit"", ""gaya_ramai""]",model,klasifikasi-v1,2026-10-05T15:16:10Z
e69f25d4-db0e-5769-abb3-02218d82888c,79bc3eb9-28b3-57e3-bf83-b1745b6e1891,16,0.5750650846326597,"[""harga_sesuai"", ""gaya_ramai"", ""pernah_beli_seniman""]",model,klasifikasi-v1,2026-10-05T15:16:10Z
e69f25d4-db0e-5769-abb3-02218d82888c,ab4a3c71-9387-56bc-a801-1beeee2639d7,17,0.571672244156718,"[""harga_sesuai"", ""gaya_ramai"", ""pernah_beli_seniman""]",model,klasifikasi-v1,2026-10-05T15:16:10Z
e69f25d4-db0e-5769-abb3-02218d82888c,d48d3793-0d94-54bf-8cd8-bd45835a8231,18,0.5643981467051262,"[""harga_sesuai"", ""gaya_ramai"", ""pernah_beli_seniman""]",model,klasifikasi-v1,2026-10-05T15:16:10Z
e69f25d4-db0e-5769-abb3-02218d82888c,2b114701-6eaa-53bb-93f7-b655e90e143d,19,0.562335231170699,"[""harga_sesuai"", ""gaya_ramai"", ""pernah_beli_seniman""]",model,klasifikasi-v1,2026-10-05T15:16:10Z
e69f25d4-db0e-5769-abb3-02218d82888c,0bc9d34a-7f95-5dee-beb4-55f3af9b97c9,20,0.5611857705962985,"[""seniman_naik_daun""]",model,klasifikasi-v1,2026-10-05T15:16:10Z
43e43bc7-da18-5ea2-8732-6d0f1a2ceff3,556ac5bd-b36f-5124-8750-d92fefc82d2d,1,0.7608972039777846,"[""harga_sesuai"", ""pernah_beli_seniman"", ""karya_baru""]",model,klasifikasi-v1,2026-10-05T15:16:10Z
43e43bc7-da18-5ea2-8732-6d0f1a2ceff3,a724961d-392c-586e-9da5-8e9342c6fd29,2,0.7394524828470072,"[""pernah_beli_seniman"", ""karya_baru""]",model,klasifikasi-v1,2026-10-05T15:16:10Z
43e43bc7-da18-5ea2-8732-6d0f1a2ceff3,c5d03f92-aa6d-5593-928e-3b2857ad1853,3,0.7272051021761929,"[""harga_sesuai"", ""pernah_beli_seniman""]",model,klasifikasi-v1,2026-10-05T15:16:10Z
43e43bc7-da18-5ea2-8732-6d0f1a2ceff3,f60efa69-e980-54e3-9729-e98c5f2fc78f,4,0.7152281408364335,"[""harga_sesuai"", ""pernah_beli_seniman""]",model,klasifikasi-v1,2026-10-05T15:16:10Z
43e43bc7-da18-5ea2-8732-6d0f1a2ceff3,376f20b3-cf69-518a-95e4-669f8fe7fe40,5,0.689501649251137,"[""harga_sesuai"", ""pernah_beli_seniman""]",model,klasifikasi-v1,2026-10-05T15:16:10Z
43e43bc7-da18-5ea2-8732-6d0f1a2ceff3,ddc6295d-239d-589a-9714-9e4d1b9fb3f9,6,0.6879223409359083,"[""pernah_beli_seniman""]",model,klasifikasi-v1,2026-10-05T15:16:10Z
43e43bc7-da18-5ea2-8732-6d0f1a2ceff3,6f5c741f-0fc0-523d-80e7-bce5940b7e1c,7,0.6648119921967606,"[""harga_sesuai"", ""pernah_beli_seniman""]",model,klasifikasi-v1,2026-10-05T15:16:10Z
43e43bc7-da18-5ea2-8732-6d0f1a2ceff3,300ebf50-b10d-5efa-8722-a252a80b4557,8,0.6493055918802797,"[""harga_sesuai"", ""pernah_beli_seniman""]",model,klasifikasi-v1,2026-10-05T15:16:10Z
43e43bc7-da18-5ea2-8732-6d0f1a2ceff3,0e102d63-ff8f-5e6b-bbdc-2a5d6e668cb1,9,0.6391447427584663,"[""harga_sesuai"", ""pernah_beli_seniman""]",model,klasifikasi-v1,2026-10-05T15:16:10Z
43e43bc7-da18-5ea2-8732-6d0f1a2ceff3,af058c54-328b-50b1-aa59-1ed52ef4b398,10,0.6229312531526746,"[""pernah_beli_seniman""]",model,klasifikasi-v1,2026-10-05T15:16:10Z
43e43bc7-da18-5ea2-8732-6d0f1a2ceff3,6c354900-b80d-56b8-8adc-7a97a366f095,11,0.6197519392248844,"[""harga_sesuai"", ""pernah_beli_seniman""]",model,klasifikasi-v1,2026-10-05T15:16:10Z
43e43bc7-da18-5ea2-8732-6d0f1a2ceff3,d0932440-31b0-5025-ab5b-f83ac95c2aea,12,0.6145935145482887,"[""gaya_ramai"", ""pernah_beli_seniman""]",model,klasifikasi-v1,2026-10-05T15:16:10Z
43e43bc7-da18-5ea2-8732-6d0f1a2ceff3,6ab910ee-99bd-5039-9bf7-2e6828f994a7,13,0.6119664047427305,"[""harga_sesuai"", ""gaya_ramai"", ""pernah_beli_seniman""]",model,klasifikasi-v1,2026-10-05T15:16:10Z
43e43bc7-da18-5ea2-8732-6d0f1a2ceff3,ded10c02-e3db-542d-8ff2-e0ab8c159069,14,0.6093922196448605,"[""pernah_beli_seniman""]",model,klasifikasi-v1,2026-10-05T15:16:10Z
43e43bc7-da18-5ea2-8732-6d0f1a2ceff3,866197c9-41b8-58ae-af14-976c6a847c11,15,0.6093219966148402,"[""harga_sesuai"", ""gaya_ramai"", ""pernah_beli_seniman""]",model,klasifikasi-v1,2026-10-05T15:16:10Z
43e43bc7-da18-5ea2-8732-6d0f1a2ceff3,50f3106b-4608-5dec-abd4-f3513db77175,16,0.6052985369626127,"[""harga_sesuai"", ""pernah_beli_seniman""]",model,klasifikasi-v1,2026-10-05T15:16:10Z
43e43bc7-da18-5ea2-8732-6d0f1a2ceff3,80d6863c-4309-5881-81cd-79e0a6aa59a3,17,0.6042166648003485,"[""harga_sesuai"", ""pernah_beli_seniman""]",model,klasifikasi-v1,2026-10-05T15:16:10Z
43e43bc7-da18-5ea2-8732-6d0f1a2ceff3,1b284f0a-4933-57f5-a5d9-d38488a7227c,18,0.5962879437799029,"[""harga_sesuai"", ""pernah_beli_seniman""]",model,klasifikasi-v1,2026-10-05T15:16:10Z
43e43bc7-da18-5ea2-8732-6d0f1a2ceff3,b93ca27f-2a5c-5964-a7c6-97f8d7bd6529,19,0.5911075665016304,"[""pernah_beli_seniman""]",model,klasifikasi-v1,2026-10-05T15:16:10Z
43e43bc7-da18-5ea2-8732-6d0f1a2ceff3,f01a7b2c-1e11-597c-afeb-96705f31b4d5,20,0.5908995088690371,"[""harga_sesuai"", ""gaya_ramai"", ""pernah_beli_seniman""]",model,klasifikasi-v1,2026-10-05T15:16:10Z
4ed5288c-a104-5753-982d-16b46a560585,79e25e0d-2c04-5f90-9130-3f1d94125223,1,0.7682931893814562,"[""harga_sesuai"", ""seniman_naik_daun"", ""karya_baru""]",model,klasifikasi-v1,2026-10-05T15:16:10Z
4ed5288c-a104-5753-982d-16b46a560585,2d399fc1-c809-5c2a-bdaa-6e69cefe5fb1,2,0.6729832771123241,"[""harga_sesuai"", ""seniman_naik_daun""]",model,klasifikasi-v1,2026-10-05T15:16:10Z
4ed5288c-a104-5753-982d-16b46a560585,88258c73-bb7b-51e8-824e-bc2ca0b939b8,3,0.6653681823657863,"[""seniman_naik_daun"", ""karya_baru""]",model,klasifikasi-v1,2026-10-05T15:16:10Z
4ed5288c-a104-5753-982d-16b46a560585,796ab8ac-bab7-52b6-9bdd-179cdc5b16a6,4,0.6567859276491744,[],model,klasifikasi-v1,2026-10-05T15:16:10Z
4ed5288c-a104-5753-982d-16b46a560585,00795856-93c3-5b39-a80b-14c1fd15860f,5,0.6534091190846176,"[""harga_sesuai""]",model,klasifikasi-v1,2026-10-05T15:16:10Z
4ed5288c-a104-5753-982d-16b46a560585,8bfc1f4d-519c-5412-8e3e-9b7ad4729b26,6,0.6529042896868729,"[""gaya_favorit"", ""harga_sesuai"", ""seniman_naik_daun"", ""gaya_ramai""]",model,klasifikasi-v1,2026-10-05T15:16:10Z
4ed5288c-a104-5753-982d-16b46a560585,1fe5e4ec-a2db-5ef8-a46d-3f8ffa41ebe2,7,0.6498665702793348,"[""karya_baru""]",model,klasifikasi-v1,2026-10-05T15:16:10Z
4ed5288c-a104-5753-982d-16b46a560585,deeacde5-7269-5bce-bc8f-9c7480c60aab,8,0.6469144758260033,"[""harga_sesuai""]",model,klasifikasi-v1,2026-10-05T15:16:10Z
4ed5288c-a104-5753-982d-16b46a560585,07d19c93-c674-54cb-9448-012eb1b60c3f,9,0.6443446031364931,"[""harga_sesuai"", ""seniman_naik_daun""]",model,klasifikasi-v1,2026-10-05T15:16:10Z
4ed5288c-a104-5753-982d-16b46a560585,6f5ddafa-7eee-586a-b4fe-998a0bff1ad4,10,0.6437714629589837,"[""harga_sesuai""]",model,klasifikasi-v1,2026-10-05T15:16:10Z
4ed5288c-a104-5753-982d-16b46a560585,1fef09ac-2800-5df6-bb4b-93c0c3308a02,11,0.6417874904919166,"[""harga_sesuai"", ""pernah_beli_seniman""]",model,klasifikasi-v1,2026-10-05T15:16:10Z
4ed5288c-a104-5753-982d-16b46a560585,9d724b79-1052-5cf1-9034-4f1b66c74122,12,0.6336116621504219,"[""harga_sesuai""]",model,klasifikasi-v1,2026-10-05T15:16:10Z
4ed5288c-a104-5753-982d-16b46a560585,a3257c02-ae31-5da0-ae8e-d2092e70840b,13,0.6318180792963431,"[""harga_sesuai""]",model,klasifikasi-v1,2026-10-05T15:16:10Z
4ed5288c-a104-5753-982d-16b46a560585,49c62221-8e30-57aa-89b1-b313a4f7e5b8,14,0.627476302765758,"[""harga_sesuai""]",model,klasifikasi-v1,2026-10-05T15:16:10Z
4ed5288c-a104-5753-982d-16b46a560585,6cf680b2-63f6-5420-990b-5d58e43b86c3,15,0.6274476059635413,"[""harga_sesuai"", ""pernah_beli_seniman""]",model,klasifikasi-v1,2026-10-05T15:16:10Z
4ed5288c-a104-5753-982d-16b46a560585,f65ec0d2-a533-5a7e-b1c3-9b7a40f965ce,16,0.6227269142133944,"[""harga_sesuai""]",model,klasifikasi-v1,2026-10-05T15:16:10Z
4ed5288c-a104-5753-982d-16b46a560585,64de7a06-8f63-5e8e-b4c7-532b0a72e424,17,0.6171868763488582,"[""harga_sesuai"", ""pernah_beli_seniman""]",model,klasifikasi-v1,2026-10-05T15:16:10Z
4ed5288c-a104-5753-982d-16b46a560585,80744072-3c82-556e-8d31-28065e6ac7bb,18,0.6163116840331456,"[""harga_sesuai"", ""pernah_beli_seniman""]",model,klasifikasi-v1,2026-10-05T15:16:10Z
4ed5288c-a104-5753-982d-16b46a560585,85e26979-7329-5374-9452-c403d03cf6d3,19,0.6114627013957569,"[""gaya_favorit"", ""harga_sesuai"", ""gaya_ramai"", ""pernah_beli_seniman""]",model,klasifikasi-v1,2026-10-05T15:16:10Z
4ed5288c-a104-5753-982d-16b46a560585,9c41c05d-b958-5fe0-902f-c466d102b664,20,0.6100481386065322,"[""harga_sesuai"", ""pernah_beli_seniman""]",model,klasifikasi-v1,2026-10-05T15:16:10Z
aff844a9-441c-5139-8580-f9e7608f9e5c,b82ffac4-9b18-5129-bb4f-76d6267ef825,1,0.7633955680377157,"[""harga_sesuai"", ""seniman_naik_daun"", ""pernah_beli_seniman""]",model,klasifikasi-v1,2026-10-05T15:16:10Z
aff844a9-441c-5139-8580-f9e7608f9e5c,0bc9d34a-7f95-5dee-beb4-55f3af9b97c9,2,0.7341790453768936,"[""seniman_naik_daun"", ""pernah_beli_seniman""]",model,klasifikasi-v1,2026-10-05T15:16:10Z
aff844a9-441c-5139-8580-f9e7608f9e5c,88258c73-bb7b-51e8-824e-bc2ca0b939b8,3,0.6608137847696538,"[""seniman_naik_daun"", ""pernah_beli_seniman"", ""karya_baru""]",model,klasifikasi-v1,2026-10-05T15:16:10Z
aff844a9-441c-5139-8580-f9e7608f9e5c,05f320fb-5f39-5107-a07b-43b287844058,4,0.6603424504422122,"[""gaya_favorit"", ""harga_sesuai"", ""gaya_ramai"", ""pernah_beli_seniman""]",model,klasifikasi-v1,2026-10-05T15:16:10Z
aff844a9-441c-5139-8580-f9e7608f9e5c,e15ac87c-418d-5877-b3de-5f27acd81302,5,0.6587627884750913,"[""gaya_favorit"", ""harga_sesuai"", ""gaya_ramai"", ""pernah_beli_seniman""]",model,klasifikasi-v1,2026-10-05T15:16:10Z
aff844a9-441c-5139-8580-f9e7608f9e5c,c5d03f92-aa6d-5593-928e-3b2857ad1853,6,0.6554539943105343,"[""harga_sesuai"", ""pernah_beli_seniman""]",model,klasifikasi-v1,2026-10-05T15:16:10Z
aff844a9-441c-5139-8580-f9e7608f9e5c,866197c9-41b8-58ae-af14-976c6a847c11,7,0.6410423305055136,"[""gaya_favorit"", ""gaya_ramai"", ""pernah_beli_seniman""]",model,klasifikasi-v1,2026-10-05T15:16:10Z
aff844a9-441c-5139-8580-f9e7608f9e5c,0e102d63-ff8f-5e6b-bbdc-2a5d6e668cb1,8,0.6273756216819041,"[""harga_sesuai"", ""pernah_beli_seniman""]",model,klasifikasi-v1,2026-10-05T15:16:10Z
aff844a9-441c-5139-8580-f9e7608f9e5c,2b114701-6eaa-53bb-93f7-b655e90e143d,9,0.6187931867012462,"[""gaya_favorit"", ""gaya_ramai"", ""pernah_beli_seniman""]",model,klasifikasi-v1,2026-10-05T15:16:10Z
aff844a9-441c-5139-8580-f9e7608f9e5c,ab4a3c71-9387-56bc-a801-1beeee2639d7,10,0.6003911510402806,"[""gaya_favorit"", ""gaya_ramai"", ""pernah_beli_seniman""]",model,klasifikasi-v1,2026-10-05T15:16:10Z
aff844a9-441c-5139-8580-f9e7608f9e5c,35761db0-2c06-54dc-bda1-3a407fbac6e6,11,0.5991428970057704,"[""gaya_favorit"", ""harga_sesuai"", ""gaya_ramai"", ""pernah_beli_seniman""]",model,klasifikasi-v1,2026-10-05T15:16:10Z
aff844a9-441c-5139-8580-f9e7608f9e5c,6c354900-b80d-56b8-8adc-7a97a366f095,12,0.5947353190824939,"[""harga_sesuai"", ""pernah_beli_seniman""]",model,klasifikasi-v1,2026-10-05T15:16:10Z
aff844a9-441c-5139-8580-f9e7608f9e5c,d48d3793-0d94-54bf-8cd8-bd45835a8231,13,0.5941067402085426,"[""gaya_favorit"", ""gaya_ramai"", ""pernah_beli_seniman""]",model,klasifikasi-v1,2026-10-05T15:16:10Z
aff844a9-441c-5139-8580-f9e7608f9e5c,79bc3eb9-28b3-57e3-bf83-b1745b6e1891,14,0.5932996434879058,"[""gaya_favorit"", ""harga_sesuai"", ""gaya_ramai"", ""pernah_beli_seniman""]",model,klasifikasi-v1,2026-10-05T15:16:10Z
aff844a9-441c-5139-8580-f9e7608f9e5c,d0932440-31b0-5025-ab5b-f83ac95c2aea,15,0.5908411545979843,"[""gaya_favorit"", ""gaya_ramai"", ""pernah_beli_seniman""]",model,klasifikasi-v1,2026-10-05T15:16:10Z
aff844a9-441c-5139-8580-f9e7608f9e5c,6f5c741f-0fc0-523d-80e7-bce5940b7e1c,16,0.5859512792456202,"[""harga_sesuai"", ""pernah_beli_seniman""]",model,klasifikasi-v1,2026-10-05T15:16:10Z
aff844a9-441c-5139-8580-f9e7608f9e5c,1af0200c-a8bf-593f-8cb6-4f759b5f5ac1,17,0.5799240405795787,"[""seniman_naik_daun"", ""pernah_beli_seniman""]",model,klasifikasi-v1,2026-10-05T15:16:10Z
aff844a9-441c-5139-8580-f9e7608f9e5c,ded10c02-e3db-542d-8ff2-e0ab8c159069,18,0.5727685568942384,"[""harga_sesuai"", ""pernah_beli_seniman""]",model,klasifikasi-v1,2026-10-05T15:16:10Z
aff844a9-441c-5139-8580-f9e7608f9e5c,d3a8b338-b612-53d4-9c39-d14ffe191dfa,19,0.5714045800712607,"[""gaya_favorit"", ""harga_sesuai"", ""gaya_ramai"", ""pernah_beli_seniman""]",model,klasifikasi-v1,2026-10-05T15:16:10Z
aff844a9-441c-5139-8580-f9e7608f9e5c,f45cab8f-3561-5397-9eb7-6764db930090,20,0.5695234149137891,"[""gaya_favorit"", ""harga_sesuai"", ""gaya_ramai"", ""pernah_beli_seniman""]",model,klasifikasi-v1,2026-10-05T15:16:10Z
48515244-c393-5b36-a148-4688976b9626,79e25e0d-2c04-5f90-9130-3f1d94125223,1,0.759853347961058,"[""harga_sesuai"", ""seniman_naik_daun"", ""karya_baru""]",model,klasifikasi-v1,2026-10-05T15:16:10Z
48515244-c393-5b36-a148-4688976b9626,e89190bd-8eed-5643-a0b5-a9131e54c6a9,2,0.6709955702906558,"[""gaya_favorit""]",model,klasifikasi-v1,2026-10-05T15:16:10Z
48515244-c393-5b36-a148-4688976b9626,cb0386cd-e3e3-58ca-ac38-9e5b708564d1,3,0.6511544074086977,"[""gaya_favorit"", ""harga_sesuai"", ""pernah_beli_seniman""]",model,klasifikasi-v1,2026-10-05T15:16:10Z
48515244-c393-5b36-a148-4688976b9626,88258c73-bb7b-51e8-824e-bc2ca0b939b8,4,0.6421091990235788,"[""seniman_naik_daun"", ""karya_baru""]",model,klasifikasi-v1,2026-10-05T15:16:10Z
48515244-c393-5b36-a148-4688976b9626,07d19c93-c674-54cb-9448-012eb1b60c3f,5,0.6335434159858644,"[""harga_sesuai"", ""seniman_naik_daun""]",model,klasifikasi-v1,2026-10-05T15:16:10Z
48515244-c393-5b36-a148-4688976b9626,a3dfd416-62c6-5cdf-9ee4-e82226d12fdc,6,0.6255822219545228,"[""harga_sesuai""]",model,klasifikasi-v1,2026-10-05T15:16:10Z
48515244-c393-5b36-a148-4688976b9626,796ab8ac-bab7-52b6-9bdd-179cdc5b16a6,7,0.6183078740489887,[],model,klasifikasi-v1,2026-10-05T15:16:10Z
48515244-c393-5b36-a148-4688976b9626,2d399fc1-c809-5c2a-bdaa-6e69cefe5fb1,8,0.6179544301161612,"[""harga_sesuai"", ""seniman_naik_daun""]",model,klasifikasi-v1,2026-10-05T15:16:10Z
48515244-c393-5b36-a148-4688976b9626,f06f5c52-f306-5509-9a82-0de8c7d16150,9,0.6148948663503074,"[""gaya_favorit"", ""seniman_naik_daun""]",model,klasifikasi-v1,2026-10-05T15:16:10Z
48515244-c393-5b36-a148-4688976b9626,1fe5e4ec-a2db-5ef8-a46d-3f8ffa41ebe2,10,0.5990959453728573,"[""karya_baru""]",model,klasifikasi-v1,2026-10-05T15:16:10Z
48515244-c393-5b36-a148-4688976b9626,c49ebb8c-5786-54e1-8e59-3612aab1a10d,11,0.5772200559143569,"[""gaya_favorit"", ""harga_sesuai"", ""seniman_naik_daun""]",model,klasifikasi-v1,2026-10-05T15:16:10Z
48515244-c393-5b36-a148-4688976b9626,1fef09ac-2800-5df6-bb4b-93c0c3308a02,12,0.5713482944706773,[],model,klasifikasi-v1,2026-10-05T15:16:10Z
48515244-c393-5b36-a148-4688976b9626,750d5d2b-a27d-582a-aaf3-785c7153367d,13,0.569318370200457,"[""gaya_favorit"", ""harga_sesuai"", ""pernah_beli_seniman""]",model,klasifikasi-v1,2026-10-05T15:16:10Z
48515244-c393-5b36-a148-4688976b9626,fa66638c-6d00-5064-aa96-646be0045143,14,0.5655699712705073,[],model,klasifikasi-v1,2026-10-05T15:16:10Z
48515244-c393-5b36-a148-4688976b9626,94afa8d0-6fca-5820-9dfe-5fb67fd9b665,15,0.5653597910238745,"[""harga_sesuai"", ""seniman_naik_daun""]",model,klasifikasi-v1,2026-10-05T15:16:10Z
48515244-c393-5b36-a148-4688976b9626,a8ac835e-5aad-57f7-aa47-99b583d02392,16,0.5587564903486562,"[""seniman_naik_daun""]",model,klasifikasi-v1,2026-10-05T15:16:10Z
48515244-c393-5b36-a148-4688976b9626,c3b6659f-6cde-5547-a82c-e3a8774d5eaa,17,0.5573385397499823,"[""gaya_favorit""]",model,klasifikasi-v1,2026-10-05T15:16:10Z
48515244-c393-5b36-a148-4688976b9626,49c62221-8e30-57aa-89b1-b313a4f7e5b8,18,0.553999329868835,[],model,klasifikasi-v1,2026-10-05T15:16:10Z
48515244-c393-5b36-a148-4688976b9626,e15a9001-adb8-50c5-a837-393fbcdb506d,19,0.553158457293952,"[""harga_sesuai""]",model,klasifikasi-v1,2026-10-05T15:16:10Z
48515244-c393-5b36-a148-4688976b9626,8d8c6d42-894a-5d83-a68b-c458ead32750,20,0.5501789313170528,"[""seniman_naik_daun""]",model,klasifikasi-v1,2026-10-05T15:16:10Z
56106975-37fe-55fe-a6fd-24180e933953,0fa48617-95fc-5cfc-84dd-53e4416600eb,1,0.7495492776083347,"[""gaya_favorit"", ""harga_sesuai"", ""gaya_ramai"", ""pernah_beli_seniman""]",model,klasifikasi-v1,2026-10-05T15:16:10Z
56106975-37fe-55fe-a6fd-24180e933953,79e25e0d-2c04-5f90-9130-3f1d94125223,2,0.7216662470717776,"[""harga_sesuai"", ""seniman_naik_daun"", ""karya_baru""]",model,klasifikasi-v1,2026-10-05T15:16:10Z
56106975-37fe-55fe-a6fd-24180e933953,987e9b9d-f4c6-5ce1-ac8c-5ef271e2ae33,3,0.6832021452798025,"[""gaya_favorit"", ""harga_sesuai"", ""gaya_ramai"", ""pernah_beli_seniman""]",model,klasifikasi-v1,2026-10-05T15:16:10Z
56106975-37fe-55fe-a6fd-24180e933953,6f5ddafa-7eee-586a-b4fe-998a0bff1ad4,4,0.6746493067213192,"[""gaya_favorit"", ""harga_sesuai"", ""pernah_beli_seniman""]",model,klasifikasi-v1,2026-10-05T15:16:10Z
56106975-37fe-55fe-a6fd-24180e933953,1fe5e4ec-a2db-5ef8-a46d-3f8ffa41ebe2,5,0.6691106571062249,"[""gaya_favorit"", ""pernah_beli_seniman"", ""karya_baru""]",model,klasifikasi-v1,2026-10-05T15:16:10Z
56106975-37fe-55fe-a6fd-24180e933953,9d724b79-1052-5cf1-9034-4f1b66c74122,6,0.6577419216527884,"[""gaya_favorit"", ""harga_sesuai"", ""pernah_beli_seniman""]",model,klasifikasi-v1,2026-10-05T15:16:10Z
56106975-37fe-55fe-a6fd-24180e933953,796ab8ac-bab7-52b6-9bdd-179cdc5b16a6,7,0.6576406658980192,"[""gaya_favorit"", ""pernah_beli_seniman""]",model,klasifikasi-v1,2026-10-05T15:16:10Z
56106975-37fe-55fe-a6fd-24180e933953,00795856-93c3-5b39-a80b-14c1fd15860f,8,0.6565428585285388,"[""gaya_favorit"", ""harga_sesuai"", ""pernah_beli_seniman""]",model,klasifikasi-v1,2026-10-05T15:16:10Z
56106975-37fe-55fe-a6fd-24180e933953,deeacde5-7269-5bce-bc8f-9c7480c60aab,9,0.6520005922808173,"[""gaya_favorit"", ""harga_sesuai"", ""pernah_beli_seniman""]",model,klasifikasi-v1,2026-10-05T15:16:10Z
56106975-37fe-55fe-a6fd-24180e933953,9ee5532a-4517-5110-ae74-b2a3048fea09,10,0.6478264007005804,"[""gaya_favorit"", ""harga_sesuai"", ""gaya_ramai"", ""pernah_beli_seniman""]",model,klasifikasi-v1,2026-10-05T15:16:10Z
56106975-37fe-55fe-a6fd-24180e933953,a3257c02-ae31-5da0-ae8e-d2092e70840b,11,0.6414484401256508,"[""gaya_favorit"", ""harga_sesuai"", ""pernah_beli_seniman""]",model,klasifikasi-v1,2026-10-05T15:16:10Z
56106975-37fe-55fe-a6fd-24180e933953,904ad30a-642f-5489-aec6-5a311e0cdacd,12,0.6401767073540376,"[""gaya_favorit"", ""harga_sesuai"", ""gaya_ramai"", ""pernah_beli_seniman""]",model,klasifikasi-v1,2026-10-05T15:16:10Z
56106975-37fe-55fe-a6fd-24180e933953,88258c73-bb7b-51e8-824e-bc2ca0b939b8,13,0.6272068626562807,"[""seniman_naik_daun"", ""karya_baru""]",model,klasifikasi-v1,2026-10-05T15:16:10Z
56106975-37fe-55fe-a6fd-24180e933953,49c62221-8e30-57aa-89b1-b313a4f7e5b8,14,0.6165873169149834,"[""gaya_favorit"", ""harga_sesuai"", ""pernah_beli_seniman""]",model,klasifikasi-v1,2026-10-05T15:16:10Z
56106975-37fe-55fe-a6fd-24180e933953,8d8c6d42-894a-5d83-a68b-c458ead32750,15,0.6135922821296145,"[""harga_sesuai"", ""seniman_naik_daun""]",model,klasifikasi-v1,2026-10-05T15:16:10Z
56106975-37fe-55fe-a6fd-24180e933953,07d19c93-c674-54cb-9448-012eb1b60c3f,16,0.603084396762138,"[""harga_sesuai"", ""seniman_naik_daun""]",model,klasifikasi-v1,2026-10-05T15:16:10Z
56106975-37fe-55fe-a6fd-24180e933953,df8449fa-2a43-5927-8238-7cb631bf5b55,17,0.6016155151328894,"[""gaya_favorit"", ""harga_sesuai"", ""seniman_naik_daun"", ""gaya_ramai"", ""pernah_beli_seniman""]",model,klasifikasi-v1,2026-10-05T15:16:10Z
56106975-37fe-55fe-a6fd-24180e933953,a8ac835e-5aad-57f7-aa47-99b583d02392,18,0.5952700482009702,"[""harga_sesuai"", ""seniman_naik_daun""]",model,klasifikasi-v1,2026-10-05T15:16:10Z
56106975-37fe-55fe-a6fd-24180e933953,1d28cb31-b5ca-5418-83ed-f049b5c13955,19,0.5925089708488521,"[""gaya_favorit"", ""harga_sesuai"", ""seniman_naik_daun"", ""gaya_ramai"", ""pernah_beli_seniman""]",model,klasifikasi-v1,2026-10-05T15:16:10Z
56106975-37fe-55fe-a6fd-24180e933953,2d399fc1-c809-5c2a-bdaa-6e69cefe5fb1,20,0.5870442659174949,"[""harga_sesuai"", ""seniman_naik_daun""]",model,klasifikasi-v1,2026-10-05T15:16:10Z
ab0a5d93-6d62-5a71-8bed-671920b3abca,a6c80043-8c7f-50af-b91c-091f153d3eba,1,0.8774151527581587,"[""gaya_favorit"", ""harga_sesuai"", ""pernah_beli_seniman""]",model,klasifikasi-v1,2026-10-05T15:16:10Z
ab0a5d93-6d62-5a71-8bed-671920b3abca,8a247c64-cda5-5c99-9be2-94998d4b1275,2,0.8771761031423578,"[""gaya_favorit"", ""harga_sesuai"", ""pernah_beli_seniman""]",model,klasifikasi-v1,2026-10-05T15:16:10Z
ab0a5d93-6d62-5a71-8bed-671920b3abca,7ed552db-962e-5e78-a1a4-2d32fefa1f0c,3,0.843029720055508,"[""gaya_favorit"", ""pernah_beli_seniman""]",model,klasifikasi-v1,2026-10-05T15:16:10Z
ab0a5d93-6d62-5a71-8bed-671920b3abca,5ab09023-1f78-582e-83e8-ae95a0e3eec9,4,0.8390192588565526,"[""gaya_favorit"", ""harga_sesuai"", ""pernah_beli_seniman""]",model,klasifikasi-v1,2026-10-05T15:16:10Z
ab0a5d93-6d62-5a71-8bed-671920b3abca,2693b62a-7ed0-56ef-a511-0bb356e0e009,5,0.8315227920471362,"[""gaya_favorit"", ""pernah_beli_seniman""]",model,klasifikasi-v1,2026-10-05T15:16:10Z
ab0a5d93-6d62-5a71-8bed-671920b3abca,653fc4b1-75f3-5eac-afe6-586c962be798,6,0.8142665731140182,"[""gaya_favorit"", ""pernah_beli_seniman""]",model,klasifikasi-v1,2026-10-05T15:16:10Z
ab0a5d93-6d62-5a71-8bed-671920b3abca,3d61eac2-6d83-5347-9d59-799ac69edc5a,7,0.7697477767072886,"[""gaya_favorit"", ""pernah_beli_seniman""]",model,klasifikasi-v1,2026-10-05T15:16:10Z
ab0a5d93-6d62-5a71-8bed-671920b3abca,6fa02afc-54a1-5e3b-a9b8-477cfb40791d,8,0.7476440677348517,"[""gaya_favorit"", ""harga_sesuai"", ""pernah_beli_seniman""]",model,klasifikasi-v1,2026-10-05T15:16:10Z
ab0a5d93-6d62-5a71-8bed-671920b3abca,e190f16b-1166-5132-9fba-89df2753bcd5,9,0.728048166517421,"[""gaya_favorit"", ""harga_sesuai"", ""pernah_beli_seniman""]",model,klasifikasi-v1,2026-10-05T15:16:10Z
ab0a5d93-6d62-5a71-8bed-671920b3abca,5dc6ab20-8a7a-5cdc-9d46-27d42a77085f,10,0.659875670750106,"[""gaya_favorit"", ""pernah_beli_seniman""]",model,klasifikasi-v1,2026-10-05T15:16:10Z
ab0a5d93-6d62-5a71-8bed-671920b3abca,16545722-15c8-55bc-b78b-f46c0496a505,11,0.6476326719807749,"[""gaya_favorit"", ""pernah_beli_seniman""]",model,klasifikasi-v1,2026-10-05T15:16:10Z
ab0a5d93-6d62-5a71-8bed-671920b3abca,b470e030-c7e7-53ee-942b-4ed497fbe2ea,12,0.5350869650954253,"[""gaya_favorit"", ""harga_sesuai"", ""pernah_beli_seniman""]",model,klasifikasi-v1,2026-10-05T15:16:10Z
ab0a5d93-6d62-5a71-8bed-671920b3abca,a1c92378-ef32-526d-84e7-aec566d0c16a,13,0.5330720187352223,"[""gaya_favorit"", ""harga_sesuai"", ""pernah_beli_seniman""]",model,klasifikasi-v1,2026-10-05T15:16:10Z
ab0a5d93-6d62-5a71-8bed-671920b3abca,ab56a64c-b79d-5092-8002-0652f839ad06,14,0.5270615264314801,"[""gaya_favorit"", ""pernah_beli_seniman""]",model,klasifikasi-v1,2026-10-05T15:16:10Z
ab0a5d93-6d62-5a71-8bed-671920b3abca,af387163-4059-5c28-add7-46500bfd3add,15,0.51914688523187,"[""harga_sesuai"", ""gaya_ramai""]",model,klasifikasi-v1,2026-10-05T15:16:10Z
ab0a5d93-6d62-5a71-8bed-671920b3abca,2dc1a3d9-2af8-5aef-95bb-4580395395bd,16,0.5184091667619899,"[""harga_sesuai"", ""gaya_ramai""]",model,klasifikasi-v1,2026-10-05T15:16:10Z
ab0a5d93-6d62-5a71-8bed-671920b3abca,8cb05ef6-4cf2-5ee6-9061-2889d32eed8b,17,0.4956948767609813,"[""harga_sesuai"", ""gaya_ramai""]",model,klasifikasi-v1,2026-10-05T15:16:10Z
ab0a5d93-6d62-5a71-8bed-671920b3abca,47ed54a4-6a2e-5276-9603-36c52ea415de,18,0.49439364213325054,"[""harga_sesuai"", ""gaya_ramai""]",model,klasifikasi-v1,2026-10-05T15:16:10Z
ab0a5d93-6d62-5a71-8bed-671920b3abca,3f8dedef-81a9-5162-9bf4-59f3eb4eb26b,19,0.49365498719401013,"[""harga_sesuai"", ""gaya_ramai""]",model,klasifikasi-v1,2026-10-05T15:16:10Z
ab0a5d93-6d62-5a71-8bed-671920b3abca,6f5c741f-0fc0-523d-80e7-bce5940b7e1c,20,0.4873853724691868,[],model,klasifikasi-v1,2026-10-05T15:16:10Z
d40d88e1-3c6a-5173-bc4f-f00512c8ae9e,7bff47f0-16f0-5de4-9435-5616df9279ca,1,0.7267272278122765,"[""gaya_favorit"", ""harga_sesuai"", ""pernah_beli_seniman""]",model,klasifikasi-v1,2026-10-05T15:16:10Z
d40d88e1-3c6a-5173-bc4f-f00512c8ae9e,d9485a40-ad4f-54c8-9cf6-e5fc915283b1,2,0.7104428581288176,"[""harga_sesuai"", ""gaya_ramai"", ""pernah_beli_seniman""]",model,klasifikasi-v1,2026-10-05T15:16:10Z
d40d88e1-3c6a-5173-bc4f-f00512c8ae9e,998d5b90-e146-544c-8f57-8d949cc3b1a0,3,0.7016195838622802,"[""gaya_favorit"", ""pernah_beli_seniman""]",model,klasifikasi-v1,2026-10-05T15:16:10Z
d40d88e1-3c6a-5173-bc4f-f00512c8ae9e,18734d52-cdca-5070-bf26-9015a87f5d42,4,0.6999107775446795,"[""harga_sesuai"", ""gaya_ramai"", ""pernah_beli_seniman""]",model,klasifikasi-v1,2026-10-05T15:16:10Z
d40d88e1-3c6a-5173-bc4f-f00512c8ae9e,c510d302-6a06-596b-bb6c-984607ee00bd,5,0.6999107775446795,"[""harga_sesuai"", ""gaya_ramai"", ""pernah_beli_seniman""]",model,klasifikasi-v1,2026-10-05T15:16:10Z
d40d88e1-3c6a-5173-bc4f-f00512c8ae9e,76e47ebb-eedd-5be9-b99b-eb0d0d3b84a3,6,0.6998660842309188,"[""harga_sesuai"", ""gaya_ramai"", ""pernah_beli_seniman""]",model,klasifikasi-v1,2026-10-05T15:16:10Z
d40d88e1-3c6a-5173-bc4f-f00512c8ae9e,2ab1fde1-1a62-502f-936a-dc83e4b3cec1,7,0.6998660842309188,"[""harga_sesuai"", ""gaya_ramai"", ""pernah_beli_seniman""]",model,klasifikasi-v1,2026-10-05T15:16:10Z
d40d88e1-3c6a-5173-bc4f-f00512c8ae9e,f6b44c7c-4e4b-50a2-8c28-8142c29b9ebd,8,0.6980253017734034,"[""harga_sesuai"", ""gaya_ramai"", ""pernah_beli_seniman""]",model,klasifikasi-v1,2026-10-05T15:16:10Z
d40d88e1-3c6a-5173-bc4f-f00512c8ae9e,bb245894-5ba5-5e26-b383-95d243655742,9,0.6980253017734034,"[""harga_sesuai"", ""gaya_ramai"", ""pernah_beli_seniman""]",model,klasifikasi-v1,2026-10-05T15:16:10Z
d40d88e1-3c6a-5173-bc4f-f00512c8ae9e,dc2a2db4-6a1a-57b0-b1c0-6198d20bc6ff,10,0.6917401821118977,"[""harga_sesuai"", ""gaya_ramai"", ""pernah_beli_seniman""]",model,klasifikasi-v1,2026-10-05T15:16:10Z
d40d88e1-3c6a-5173-bc4f-f00512c8ae9e,f1972e07-b50b-56ff-a8e7-22af84557016,11,0.6885317624323393,"[""harga_sesuai"", ""gaya_ramai"", ""pernah_beli_seniman""]",model,klasifikasi-v1,2026-10-05T15:16:10Z
d40d88e1-3c6a-5173-bc4f-f00512c8ae9e,5df9a9af-d153-5652-a0bb-552500df0b52,12,0.6859995845226717,"[""harga_sesuai"", ""gaya_ramai"", ""pernah_beli_seniman""]",model,klasifikasi-v1,2026-10-05T15:16:10Z
d40d88e1-3c6a-5173-bc4f-f00512c8ae9e,66e2dad2-2178-551e-b284-a05f5e66f04f,13,0.6719250669000324,"[""harga_sesuai"", ""gaya_ramai"", ""pernah_beli_seniman""]",model,klasifikasi-v1,2026-10-05T15:16:10Z
d40d88e1-3c6a-5173-bc4f-f00512c8ae9e,6ccd5319-a365-5623-8263-83aee2187374,14,0.6665273583938509,"[""gaya_favorit"", ""pernah_beli_seniman""]",model,klasifikasi-v1,2026-10-05T15:16:10Z
d40d88e1-3c6a-5173-bc4f-f00512c8ae9e,c5d03f92-aa6d-5593-928e-3b2857ad1853,15,0.6661224029577573,"[""gaya_favorit"", ""pernah_beli_seniman""]",model,klasifikasi-v1,2026-10-05T15:16:10Z
d40d88e1-3c6a-5173-bc4f-f00512c8ae9e,af387163-4059-5c28-add7-46500bfd3add,16,0.6559843508126008,"[""gaya_ramai"", ""pernah_beli_seniman""]",model,klasifikasi-v1,2026-10-05T15:16:10Z
d40d88e1-3c6a-5173-bc4f-f00512c8ae9e,da1e02a9-b5b0-5dd8-b213-4302c25d95f9,17,0.6508426873671679,"[""gaya_ramai"", ""pernah_beli_seniman""]",model,klasifikasi-v1,2026-10-05T15:16:10Z
d40d88e1-3c6a-5173-bc4f-f00512c8ae9e,087419b7-5d7b-53df-aa0f-1e80f02a0377,18,0.6508426873671679,"[""gaya_ramai"", ""pernah_beli_seniman""]",model,klasifikasi-v1,2026-10-05T15:16:10Z
d40d88e1-3c6a-5173-bc4f-f00512c8ae9e,0157ca84-76ff-52ea-a56e-c149ccbfbac6,19,0.6498452801779545,"[""harga_sesuai"", ""gaya_ramai"", ""pernah_beli_seniman""]",model,klasifikasi-v1,2026-10-05T15:16:10Z
d40d88e1-3c6a-5173-bc4f-f00512c8ae9e,6cb356f7-661c-5f77-bba8-4bc133307827,20,0.6498452801779545,"[""harga_sesuai"", ""gaya_ramai"", ""pernah_beli_seniman""]",model,klasifikasi-v1,2026-10-05T15:16:10Z
9144077e-2a07-55b3-bcf2-4c054eb2d349,3d61eac2-6d83-5347-9d59-799ac69edc5a,1,0.7700142134468623,"[""gaya_favorit"", ""harga_sesuai"", ""pernah_beli_seniman""]",model,klasifikasi-v1,2026-10-05T15:16:10Z
9144077e-2a07-55b3-bcf2-4c054eb2d349,653fc4b1-75f3-5eac-afe6-586c962be798,2,0.7602917038019904,"[""gaya_favorit"", ""harga_sesuai"", ""pernah_beli_seniman""]",model,klasifikasi-v1,2026-10-05T15:16:10Z
9144077e-2a07-55b3-bcf2-4c054eb2d349,7ed552db-962e-5e78-a1a4-2d32fefa1f0c,3,0.728107652874903,"[""gaya_favorit"", ""harga_sesuai"", ""pernah_beli_seniman""]",model,klasifikasi-v1,2026-10-05T15:16:10Z
9144077e-2a07-55b3-bcf2-4c054eb2d349,0e102d63-ff8f-5e6b-bbdc-2a5d6e668cb1,4,0.7249715208949883,"[""harga_sesuai"", ""pernah_beli_seniman""]",model,klasifikasi-v1,2026-10-05T15:16:10Z
9144077e-2a07-55b3-bcf2-4c054eb2d349,ded10c02-e3db-542d-8ff2-e0ab8c159069,5,0.7185198311574157,"[""harga_sesuai"", ""pernah_beli_seniman""]",model,klasifikasi-v1,2026-10-05T15:16:10Z
9144077e-2a07-55b3-bcf2-4c054eb2d349,ab56a64c-b79d-5092-8002-0652f839ad06,6,0.707219746178681,"[""gaya_favorit"", ""harga_sesuai"", ""pernah_beli_seniman""]",model,klasifikasi-v1,2026-10-05T15:16:10Z
9144077e-2a07-55b3-bcf2-4c054eb2d349,6f5c741f-0fc0-523d-80e7-bce5940b7e1c,7,0.6916385309294373,"[""harga_sesuai"", ""pernah_beli_seniman""]",model,klasifikasi-v1,2026-10-05T15:16:10Z
9144077e-2a07-55b3-bcf2-4c054eb2d349,1b284f0a-4933-57f5-a5d9-d38488a7227c,8,0.6783334688232618,"[""harga_sesuai"", ""pernah_beli_seniman""]",model,klasifikasi-v1,2026-10-05T15:16:10Z
9144077e-2a07-55b3-bcf2-4c054eb2d349,2693b62a-7ed0-56ef-a511-0bb356e0e009,9,0.6642850842215349,"[""gaya_favorit"", ""harga_sesuai"", ""pernah_beli_seniman""]",model,klasifikasi-v1,2026-10-05T15:16:10Z
9144077e-2a07-55b3-bcf2-4c054eb2d349,80d6863c-4309-5881-81cd-79e0a6aa59a3,10,0.6636829406634301,"[""harga_sesuai"", ""pernah_beli_seniman""]",model,klasifikasi-v1,2026-10-05T15:16:10Z
9144077e-2a07-55b3-bcf2-4c054eb2d349,16545722-15c8-55bc-b78b-f46c0496a505,11,0.6513527429855612,"[""gaya_favorit"", ""harga_sesuai"", ""pernah_beli_seniman""]",model,klasifikasi-v1,2026-10-05T15:16:10Z
9144077e-2a07-55b3-bcf2-4c054eb2d349,50f3106b-4608-5dec-abd4-f3513db77175,12,0.6465216398580308,"[""harga_sesuai"", ""pernah_beli_seniman""]",model,klasifikasi-v1,2026-10-05T15:16:10Z
9144077e-2a07-55b3-bcf2-4c054eb2d349,8a247c64-cda5-5c99-9be2-94998d4b1275,13,0.640619468735733,"[""gaya_favorit"", ""pernah_beli_seniman""]",model,klasifikasi-v1,2026-10-05T15:16:10Z
9144077e-2a07-55b3-bcf2-4c054eb2d349,866197c9-41b8-58ae-af14-976c6a847c11,14,0.6348375273434163,"[""gaya_favorit"", ""gaya_ramai""]",model,klasifikasi-v1,2026-10-05T15:16:10Z
9144077e-2a07-55b3-bcf2-4c054eb2d349,7ba04b01-9924-5de2-9ea7-9d0e178b5a76,15,0.611558272874675,"[""pernah_beli_seniman""]",model,klasifikasi-v1,2026-10-05T15:16:10Z
9144077e-2a07-55b3-bcf2-4c054eb2d349,21d58bce-aee7-5c2c-9757-2101e0911a9e,16,0.6059608011356755,"[""pernah_beli_seniman""]",model,klasifikasi-v1,2026-10-05T15:16:10Z
9144077e-2a07-55b3-bcf2-4c054eb2d349,0bc9d34a-7f95-5dee-beb4-55f3af9b97c9,17,0.5903620070827241,"[""seniman_naik_daun""]",model,klasifikasi-v1,2026-10-05T15:16:10Z
9144077e-2a07-55b3-bcf2-4c054eb2d349,1c18f330-e3a0-5c45-8b4a-4340319c6f6b,18,0.5900424572337093,"[""gaya_favorit"", ""harga_sesuai"", ""pernah_beli_seniman""]",model,klasifikasi-v1,2026-10-05T15:16:10Z
9144077e-2a07-55b3-bcf2-4c054eb2d349,d0932440-31b0-5025-ab5b-f83ac95c2aea,19,0.5826055882667667,"[""gaya_favorit"", ""gaya_ramai""]",model,klasifikasi-v1,2026-10-05T15:16:10Z
9144077e-2a07-55b3-bcf2-4c054eb2d349,e15ac87c-418d-5877-b3de-5f27acd81302,20,0.5741575541866134,"[""gaya_favorit"", ""harga_sesuai"", ""gaya_ramai""]",model,klasifikasi-v1,2026-10-05T15:16:10Z
12ee4118-a9de-5537-a1ec-80bcdd910cb7,79e25e0d-2c04-5f90-9130-3f1d94125223,1,0.8345957662739837,"[""gaya_favorit"", ""harga_sesuai"", ""seniman_naik_daun"", ""pernah_beli_seniman"", ""karya_baru""]",model,klasifikasi-v1,2026-10-05T15:16:10Z
12ee4118-a9de-5537-a1ec-80bcdd910cb7,07d19c93-c674-54cb-9448-012eb1b60c3f,2,0.7562902661629705,"[""gaya_favorit"", ""harga_sesuai"", ""seniman_naik_daun"", ""pernah_beli_seniman""]",model,klasifikasi-v1,2026-10-05T15:16:10Z
12ee4118-a9de-5537-a1ec-80bcdd910cb7,88258c73-bb7b-51e8-824e-bc2ca0b939b8,3,0.746412182534992,"[""gaya_favorit"", ""seniman_naik_daun"", ""pernah_beli_seniman"", ""karya_baru""]",model,klasifikasi-v1,2026-10-05T15:16:10Z
12ee4118-a9de-5537-a1ec-80bcdd910cb7,a8ac835e-5aad-57f7-aa47-99b583d02392,4,0.7444604914265072,"[""gaya_favorit"", ""harga_sesuai"", ""seniman_naik_daun"", ""pernah_beli_seniman""]",model,klasifikasi-v1,2026-10-05T15:16:10Z
12ee4118-a9de-5537-a1ec-80bcdd910cb7,2d399fc1-c809-5c2a-bdaa-6e69cefe5fb1,5,0.7245273474146564,"[""gaya_favorit"", ""harga_sesuai"", ""seniman_naik_daun"", ""pernah_beli_seniman""]",model,klasifikasi-v1,2026-10-05T15:16:10Z
12ee4118-a9de-5537-a1ec-80bcdd910cb7,94afa8d0-6fca-5820-9dfe-5fb67fd9b665,6,0.7047789978908868,"[""gaya_favorit"", ""harga_sesuai"", ""seniman_naik_daun"", ""pernah_beli_seniman""]",model,klasifikasi-v1,2026-10-05T15:16:10Z
12ee4118-a9de-5537-a1ec-80bcdd910cb7,a3dfd416-62c6-5cdf-9ee4-e82226d12fdc,7,0.6763992134370892,"[""gaya_favorit"", ""harga_sesuai"", ""pernah_beli_seniman""]",model,klasifikasi-v1,2026-10-05T15:16:10Z
12ee4118-a9de-5537-a1ec-80bcdd910cb7,df002552-8f03-5997-b452-e24a915621dd,8,0.6762260159880336,"[""gaya_favorit"", ""harga_sesuai"", ""seniman_naik_daun"", ""pernah_beli_seniman""]",model,klasifikasi-v1,2026-10-05T15:16:10Z
12ee4118-a9de-5537-a1ec-80bcdd910cb7,8856b1b5-28c4-536b-9a51-9ff06bfdbd80,9,0.6713470256338584,"[""gaya_favorit"", ""seniman_naik_daun"", ""pernah_beli_seniman""]",model,klasifikasi-v1,2026-10-05T15:16:10Z
12ee4118-a9de-5537-a1ec-80bcdd910cb7,0931aca3-ffbb-57aa-b84e-284c01f774f1,10,0.6696207643688833,"[""gaya_favorit"", ""harga_sesuai"", ""seniman_naik_daun"", ""pernah_beli_seniman""]",model,klasifikasi-v1,2026-10-05T15:16:10Z
12ee4118-a9de-5537-a1ec-80bcdd910cb7,8d8c6d42-894a-5d83-a68b-c458ead32750,11,0.6695341945794092,"[""gaya_favorit"", ""harga_sesuai"", ""seniman_naik_daun"", ""pernah_beli_seniman""]",model,klasifikasi-v1,2026-10-05T15:16:10Z
12ee4118-a9de-5537-a1ec-80bcdd910cb7,6a9a552c-870e-5cd3-b409-273d6c5865eb,12,0.668779492336545,"[""gaya_favorit"", ""harga_sesuai"", ""seniman_naik_daun"", ""pernah_beli_seniman""]",model,klasifikasi-v1,2026-10-05T15:16:10Z
12ee4118-a9de-5537-a1ec-80bcdd910cb7,796ab8ac-bab7-52b6-9bdd-179cdc5b16a6,13,0.6667742536681504,"[""gaya_favorit"", ""pernah_beli_seniman""]",model,klasifikasi-v1,2026-10-05T15:16:10Z
12ee4118-a9de-5537-a1ec-80bcdd910cb7,1fef09ac-2800-5df6-bb4b-93c0c3308a02,14,0.6660789354964644,"[""gaya_favorit"", ""harga_sesuai"", ""pernah_beli_seniman""]",model,klasifikasi-v1,2026-10-05T15:16:10Z
12ee4118-a9de-5537-a1ec-80bcdd910cb7,d08e8450-729f-5c84-b7fb-cbf19ed311d1,15,0.666023991356204,"[""gaya_favorit"", ""harga_sesuai"", ""seniman_naik_daun"", ""pernah_beli_seniman""]",model,klasifikasi-v1,2026-10-05T15:16:10Z
12ee4118-a9de-5537-a1ec-80bcdd910cb7,0bc9d34a-7f95-5dee-beb4-55f3af9b97c9,16,0.6594962910563806,"[""gaya_favorit"", ""seniman_naik_daun"", ""pernah_beli_seniman""]",model,klasifikasi-v1,2026-10-05T15:16:10Z
12ee4118-a9de-5537-a1ec-80bcdd910cb7,9c41c05d-b958-5fe0-902f-c466d102b664,17,0.6552780897893091,"[""gaya_favorit"", ""harga_sesuai"", ""pernah_beli_seniman""]",model,klasifikasi-v1,2026-10-05T15:16:10Z
12ee4118-a9de-5537-a1ec-80bcdd910cb7,a75ec521-369a-5e79-9b6f-f9851164e909,18,0.6552780897893091,"[""gaya_favorit"", ""harga_sesuai"", ""pernah_beli_seniman""]",model,klasifikasi-v1,2026-10-05T15:16:10Z
12ee4118-a9de-5537-a1ec-80bcdd910cb7,b116070e-6e10-5b4c-8bc1-f41ce97a6883,19,0.6532037305319245,"[""gaya_favorit"", ""harga_sesuai"", ""seniman_naik_daun"", ""pernah_beli_seniman"", ""karya_baru""]",model,klasifikasi-v1,2026-10-05T15:16:10Z
12ee4118-a9de-5537-a1ec-80bcdd910cb7,1af0200c-a8bf-593f-8cb6-4f759b5f5ac1,20,0.6409640005944471,"[""gaya_favorit"", ""seniman_naik_daun"", ""pernah_beli_seniman""]",model,klasifikasi-v1,2026-10-05T15:16:10Z
8623984d-842f-570f-85ac-09bcb15b3953,e15ac87c-418d-5877-b3de-5f27acd81302,1,0.7622816130945814,"[""gaya_favorit"", ""harga_sesuai"", ""gaya_ramai"", ""pernah_beli_seniman""]",model,klasifikasi-v1,2026-10-05T15:16:10Z
8623984d-842f-570f-85ac-09bcb15b3953,daa8c931-6f28-5aae-87f3-dc9cd4fb7f63,2,0.7311782491032788,"[""gaya_favorit"", ""harga_sesuai"", ""gaya_ramai"", ""pernah_beli_seniman""]",model,klasifikasi-v1,2026-10-05T15:16:10Z
8623984d-842f-570f-85ac-09bcb15b3953,ab4a3c71-9387-56bc-a801-1beeee2639d7,3,0.7209970465825949,"[""gaya_favorit"", ""gaya_ramai"", ""pernah_beli_seniman""]",model,klasifikasi-v1,2026-10-05T15:16:10Z
8623984d-842f-570f-85ac-09bcb15b3953,866197c9-41b8-58ae-af14-976c6a847c11,4,0.720488525659201,"[""gaya_favorit"", ""harga_sesuai"", ""gaya_ramai"", ""pernah_beli_seniman""]",model,klasifikasi-v1,2026-10-05T15:16:10Z
8623984d-842f-570f-85ac-09bcb15b3953,2dc1a3d9-2af8-5aef-95bb-4580395395bd,5,0.7172555027561243,"[""gaya_favorit"", ""gaya_ramai"", ""pernah_beli_seniman""]",model,klasifikasi-v1,2026-10-05T15:16:10Z
8623984d-842f-570f-85ac-09bcb15b3953,34f160b0-2ebd-5b4b-abbf-d9e60acd2b35,6,0.7136753872632802,"[""gaya_favorit"", ""gaya_ramai"", ""pernah_beli_seniman""]",model,klasifikasi-v1,2026-10-05T15:16:10Z
8623984d-842f-570f-85ac-09bcb15b3953,af387163-4059-5c28-add7-46500bfd3add,7,0.7106038950081611,"[""gaya_favorit"", ""gaya_ramai"", ""pernah_beli_seniman""]",model,klasifikasi-v1,2026-10-05T15:16:10Z
8623984d-842f-570f-85ac-09bcb15b3953,d0932440-31b0-5025-ab5b-f83ac95c2aea,8,0.700398479046814,"[""gaya_favorit"", ""harga_sesuai"", ""gaya_ramai"", ""pernah_beli_seniman""]",model,klasifikasi-v1,2026-10-05T15:16:10Z
8623984d-842f-570f-85ac-09bcb15b3953,3f8dedef-81a9-5162-9bf4-59f3eb4eb26b,9,0.6994066673748734,"[""gaya_favorit"", ""gaya_ramai"", ""pernah_beli_seniman""]",model,klasifikasi-v1,2026-10-05T15:16:10Z
8623984d-842f-570f-85ac-09bcb15b3953,eb44d2ea-12dc-577e-8aa5-20be6e0c9098,10,0.6946325511662143,"[""gaya_favorit"", ""harga_sesuai"", ""gaya_ramai"", ""pernah_beli_seniman""]",model,klasifikasi-v1,2026-10-05T15:16:10Z
8623984d-842f-570f-85ac-09bcb15b3953,34be515c-745a-552e-88f7-004446f79132,11,0.6909772299502382,"[""gaya_favorit"", ""harga_sesuai"", ""gaya_ramai"", ""pernah_beli_seniman""]",model,klasifikasi-v1,2026-10-05T15:16:10Z
8623984d-842f-570f-85ac-09bcb15b3953,8cb05ef6-4cf2-5ee6-9061-2889d32eed8b,12,0.6909304598071732,"[""gaya_favorit"", ""gaya_ramai"", ""pernah_beli_seniman""]",model,klasifikasi-v1,2026-10-05T15:16:10Z
8623984d-842f-570f-85ac-09bcb15b3953,47ed54a4-6a2e-5276-9603-36c52ea415de,13,0.6850439744601557,"[""gaya_favorit"", ""gaya_ramai"", ""pernah_beli_seniman""]",model,klasifikasi-v1,2026-10-05T15:16:10Z
8623984d-842f-570f-85ac-09bcb15b3953,cd22a6e8-3391-53f2-9ab1-8174b63d5943,14,0.6814242350483377,"[""gaya_favorit"", ""gaya_ramai"", ""pernah_beli_seniman""]",model,klasifikasi-v1,2026-10-05T15:16:10Z
8623984d-842f-570f-85ac-09bcb15b3953,77940c72-1025-5f31-8dff-3763e93c7cf0,15,0.6757899133587223,"[""gaya_favorit"", ""harga_sesuai"", ""gaya_ramai"", ""pernah_beli_seniman""]",model,klasifikasi-v1,2026-10-05T15:16:10Z
8623984d-842f-570f-85ac-09bcb15b3953,833169db-d471-58fa-8abf-d93643696f4b,16,0.6748634966793732,"[""gaya_favorit"", ""harga_sesuai"", ""gaya_ramai"", ""pernah_beli_seniman""]",model,klasifikasi-v1,2026-10-05T15:16:10Z
8623984d-842f-570f-85ac-09bcb15b3953,700a2def-609a-56e1-91db-ba5c350436d0,17,0.6698247668410563,"[""gaya_favorit"", ""harga_sesuai"", ""gaya_ramai"", ""pernah_beli_seniman""]",model,klasifikasi-v1,2026-10-05T15:16:10Z
8623984d-842f-570f-85ac-09bcb15b3953,9349bf99-62dc-596c-915f-6594321c44de,18,0.6671320712180407,"[""gaya_favorit"", ""gaya_ramai"", ""pernah_beli_seniman""]",model,klasifikasi-v1,2026-10-05T15:16:10Z
8623984d-842f-570f-85ac-09bcb15b3953,3dbbe20e-9781-5936-bae9-c1cfacd61a09,19,0.6671320712180407,"[""gaya_favorit"", ""gaya_ramai"", ""pernah_beli_seniman""]",model,klasifikasi-v1,2026-10-05T15:16:10Z
8623984d-842f-570f-85ac-09bcb15b3953,05f320fb-5f39-5107-a07b-43b287844058,20,0.6667656013310639,"[""gaya_favorit"", ""gaya_ramai""]",model,klasifikasi-v1,2026-10-05T15:16:10Z
e85971e4-3225-5d5a-a717-ec6494f3ea35,79e25e0d-2c04-5f90-9130-3f1d94125223,1,0.7929415187563553,"[""gaya_favorit"", ""seniman_naik_daun"", ""pernah_beli_seniman"", ""karya_baru""]",model,klasifikasi-v1,2026-10-05T15:16:10Z
e85971e4-3225-5d5a-a717-ec6494f3ea35,88258c73-bb7b-51e8-824e-bc2ca0b939b8,2,0.7628702533159303,"[""gaya_favorit"", ""seniman_naik_daun"", ""pernah_beli_seniman"", ""karya_baru""]",model,klasifikasi-v1,2026-10-05T15:16:10Z
e85971e4-3225-5d5a-a717-ec6494f3ea35,0bc9d34a-7f95-5dee-beb4-55f3af9b97c9,3,0.700997032325108,"[""gaya_favorit"", ""seniman_naik_daun"", ""pernah_beli_seniman""]",model,klasifikasi-v1,2026-10-05T15:16:10Z
e85971e4-3225-5d5a-a717-ec6494f3ea35,1af0200c-a8bf-593f-8cb6-4f759b5f5ac1,4,0.691692324815014,"[""gaya_favorit"", ""harga_sesuai"", ""seniman_naik_daun"", ""pernah_beli_seniman""]",model,klasifikasi-v1,2026-10-05T15:16:10Z
e85971e4-3225-5d5a-a717-ec6494f3ea35,07d19c93-c674-54cb-9448-012eb1b60c3f,5,0.6882986180747337,"[""gaya_favorit"", ""seniman_naik_daun"", ""pernah_beli_seniman""]",model,klasifikasi-v1,2026-10-05T15:16:10Z
e85971e4-3225-5d5a-a717-ec6494f3ea35,e4e1ce05-e95f-55ae-95fd-b46c0e364e4d,6,0.6759664789756982,"[""gaya_favorit"", ""harga_sesuai"", ""seniman_naik_daun"", ""pernah_beli_seniman""]",model,klasifikasi-v1,2026-10-05T15:16:10Z
e85971e4-3225-5d5a-a717-ec6494f3ea35,8856b1b5-28c4-536b-9a51-9ff06bfdbd80,7,0.6755022033951694,"[""gaya_favorit"", ""seniman_naik_daun"", ""pernah_beli_seniman""]",model,klasifikasi-v1,2026-10-05T15:16:10Z
e85971e4-3225-5d5a-a717-ec6494f3ea35,df002552-8f03-5997-b452-e24a915621dd,8,0.6651877372711111,"[""gaya_favorit"", ""seniman_naik_daun"", ""pernah_beli_seniman""]",model,klasifikasi-v1,2026-10-05T15:16:10Z
e85971e4-3225-5d5a-a717-ec6494f3ea35,231b14d2-2e75-5193-9c40-949b484944ca,9,0.6624724859395741,"[""gaya_favorit"", ""harga_sesuai"", ""seniman_naik_daun"", ""pernah_beli_seniman""]",model,klasifikasi-v1,2026-10-05T15:16:10Z
e85971e4-3225-5d5a-a717-ec6494f3ea35,2c540a0c-a2ff-5f37-ba88-a5ad28626312,10,0.6453238063805528,"[""gaya_favorit"", ""harga_sesuai"", ""gaya_ramai"", ""pernah_beli_seniman""]",model,klasifikasi-v1,2026-10-05T15:16:10Z
e85971e4-3225-5d5a-a717-ec6494f3ea35,b82ffac4-9b18-5129-bb4f-76d6267ef825,11,0.6327254015253713,"[""gaya_favorit"", ""harga_sesuai"", ""seniman_naik_daun"", ""pernah_beli_seniman""]",model,klasifikasi-v1,2026-10-05T15:16:10Z
e85971e4-3225-5d5a-a717-ec6494f3ea35,0931aca3-ffbb-57aa-b84e-284c01f774f1,12,0.5941758166792217,"[""gaya_favorit"", ""seniman_naik_daun"", ""pernah_beli_seniman""]",model,klasifikasi-v1,2026-10-05T15:16:10Z
e85971e4-3225-5d5a-a717-ec6494f3ea35,ab4a3c71-9387-56bc-a801-1beeee2639d7,13,0.5786926934618203,"[""gaya_favorit"", ""harga_sesuai"", ""gaya_ramai""]",model,klasifikasi-v1,2026-10-05T15:16:10Z
e85971e4-3225-5d5a-a717-ec6494f3ea35,6a9a552c-870e-5cd3-b409-273d6c5865eb,14,0.5740892693128574,"[""gaya_favorit"", ""seniman_naik_daun"", ""pernah_beli_seniman""]",model,klasifikasi-v1,2026-10-05T15:16:10Z
e85971e4-3225-5d5a-a717-ec6494f3ea35,866197c9-41b8-58ae-af14-976c6a847c11,15,0.5631336581365382,"[""gaya_favorit"", ""gaya_ramai""]",model,klasifikasi-v1,2026-10-05T15:16:10Z
e85971e4-3225-5d5a-a717-ec6494f3ea35,d48d3793-0d94-54bf-8cd8-bd45835a8231,16,0.5565613891902315,"[""gaya_favorit"", ""harga_sesuai"", ""gaya_ramai""]",model,klasifikasi-v1,2026-10-05T15:16:10Z
e85971e4-3225-5d5a-a717-ec6494f3ea35,5a1a4eef-6e5c-5c41-a684-b8d3c8592d61,17,0.5526249258647385,"[""gaya_favorit"", ""seniman_naik_daun"", ""pernah_beli_seniman""]",model,klasifikasi-v1,2026-10-05T15:16:10Z
e85971e4-3225-5d5a-a717-ec6494f3ea35,854f6550-ae71-509e-859c-39396df1a99e,18,0.55192054804942,"[""gaya_favorit"", ""seniman_naik_daun"", ""pernah_beli_seniman""]",model,klasifikasi-v1,2026-10-05T15:16:10Z
e85971e4-3225-5d5a-a717-ec6494f3ea35,c5d03f92-aa6d-5593-928e-3b2857ad1853,19,0.5489582040053348,[],model,klasifikasi-v1,2026-10-05T15:16:10Z
e85971e4-3225-5d5a-a717-ec6494f3ea35,2d399fc1-c809-5c2a-bdaa-6e69cefe5fb1,20,0.5341093744625972,"[""gaya_favorit"", ""seniman_naik_daun"", ""pernah_beli_seniman""]",model,klasifikasi-v1,2026-10-05T15:16:10Z
20c215f6-dead-53da-9e03-a4122e455668,3d61eac2-6d83-5347-9d59-799ac69edc5a,1,0.6871941249570097,"[""harga_sesuai"", ""pernah_beli_seniman""]",model,klasifikasi-v1,2026-10-05T15:16:10Z
20c215f6-dead-53da-9e03-a4122e455668,88258c73-bb7b-51e8-824e-bc2ca0b939b8,2,0.6861423890075974,"[""seniman_naik_daun"", ""karya_baru""]",model,klasifikasi-v1,2026-10-05T15:16:10Z
20c215f6-dead-53da-9e03-a4122e455668,0bc9d34a-7f95-5dee-beb4-55f3af9b97c9,3,0.6572744366452153,"[""seniman_naik_daun""]",model,klasifikasi-v1,2026-10-05T15:16:10Z
20c215f6-dead-53da-9e03-a4122e455668,ab56a64c-b79d-5092-8002-0652f839ad06,4,0.6298642768330529,"[""harga_sesuai"", ""pernah_beli_seniman""]",model,klasifikasi-v1,2026-10-05T15:16:10Z
20c215f6-dead-53da-9e03-a4122e455668,7ed552db-962e-5e78-a1a4-2d32fefa1f0c,5,0.6214229469670871,"[""pernah_beli_seniman""]",model,klasifikasi-v1,2026-10-05T15:16:10Z
20c215f6-dead-53da-9e03-a4122e455668,653fc4b1-75f3-5eac-afe6-586c962be798,6,0.5962831247665347,"[""harga_sesuai"", ""pernah_beli_seniman""]",model,klasifikasi-v1,2026-10-05T15:16:10Z
20c215f6-dead-53da-9e03-a4122e455668,f01a7b2c-1e11-597c-afeb-96705f31b4d5,7,0.5923377327924123,"[""gaya_favorit"", ""harga_sesuai"", ""gaya_ramai"", ""pernah_beli_seniman""]",model,klasifikasi-v1,2026-10-05T15:16:10Z
20c215f6-dead-53da-9e03-a4122e455668,16545722-15c8-55bc-b78b-f46c0496a505,8,0.5867145175933736,"[""harga_sesuai"", ""pernah_beli_seniman""]",model,klasifikasi-v1,2026-10-05T15:16:10Z
20c215f6-dead-53da-9e03-a4122e455668,1b284f0a-4933-57f5-a5d9-d38488a7227c,9,0.5682393648190244,"[""harga_sesuai""]",model,klasifikasi-v1,2026-10-05T15:16:10Z
20c215f6-dead-53da-9e03-a4122e455668,0e102d63-ff8f-5e6b-bbdc-2a5d6e668cb1,10,0.5624344982304674,"[""harga_sesuai""]",model,klasifikasi-v1,2026-10-05T15:16:10Z
20c215f6-dead-53da-9e03-a4122e455668,2693b62a-7ed0-56ef-a511-0bb356e0e009,11,0.5618447817657919,"[""pernah_beli_seniman""]",model,klasifikasi-v1,2026-10-05T15:16:10Z
20c215f6-dead-53da-9e03-a4122e455668,ded10c02-e3db-542d-8ff2-e0ab8c159069,12,0.5561280784232769,"[""harga_sesuai""]",model,klasifikasi-v1,2026-10-05T15:16:10Z
20c215f6-dead-53da-9e03-a4122e455668,6f5c741f-0fc0-523d-80e7-bce5940b7e1c,13,0.5451837011895873,[],model,klasifikasi-v1,2026-10-05T15:16:10Z
20c215f6-dead-53da-9e03-a4122e455668,80d6863c-4309-5881-81cd-79e0a6aa59a3,14,0.5391156929508201,[],model,klasifikasi-v1,2026-10-05T15:16:10Z
20c215f6-dead-53da-9e03-a4122e455668,b82ffac4-9b18-5129-bb4f-76d6267ef825,15,0.5213722226248239,"[""harga_sesuai"", ""seniman_naik_daun""]",model,klasifikasi-v1,2026-10-05T15:16:10Z
20c215f6-dead-53da-9e03-a4122e455668,ad22fc44-1c65-50c5-be50-d2e1c3bbdc50,16,0.5198925749305774,"[""gaya_favorit"", ""gaya_ramai"", ""pernah_beli_seniman""]",model,klasifikasi-v1,2026-10-05T15:16:10Z
20c215f6-dead-53da-9e03-a4122e455668,556ac5bd-b36f-5124-8750-d92fefc82d2d,17,0.5151860115090351,"[""pernah_beli_seniman"", ""karya_baru""]",model,klasifikasi-v1,2026-10-05T15:16:10Z
20c215f6-dead-53da-9e03-a4122e455668,1c18f330-e3a0-5c45-8b4a-4340319c6f6b,18,0.5120862970054197,"[""harga_sesuai"", ""pernah_beli_seniman""]",model,klasifikasi-v1,2026-10-05T15:16:10Z
20c215f6-dead-53da-9e03-a4122e455668,320bd1ba-15dc-57a0-8b9b-ca2f0b67eb8a,19,0.5111920865102517,"[""gaya_favorit"", ""gaya_ramai"", ""pernah_beli_seniman""]",model,klasifikasi-v1,2026-10-05T15:16:10Z
20c215f6-dead-53da-9e03-a4122e455668,1af0200c-a8bf-593f-8cb6-4f759b5f5ac1,20,0.5041112681633889,"[""seniman_naik_daun""]",model,klasifikasi-v1,2026-10-05T15:16:10Z
275fa008-4c0a-5ffd-a05f-04d3a2e036ae,79e25e0d-2c04-5f90-9130-3f1d94125223,1,0.8401297662444439,"[""gaya_favorit"", ""harga_sesuai"", ""seniman_naik_daun"", ""pernah_beli_seniman"", ""karya_baru""]",model,klasifikasi-v1,2026-10-05T15:16:10Z
275fa008-4c0a-5ffd-a05f-04d3a2e036ae,07d19c93-c674-54cb-9448-012eb1b60c3f,2,0.7937403691196767,"[""gaya_favorit"", ""harga_sesuai"", ""seniman_naik_daun"", ""pernah_beli_seniman""]",model,klasifikasi-v1,2026-10-05T15:16:10Z
275fa008-4c0a-5ffd-a05f-04d3a2e036ae,0fa48617-95fc-5cfc-84dd-53e4416600eb,3,0.7688551827521113,"[""gaya_favorit"", ""harga_sesuai"", ""gaya_ramai""]",model,klasifikasi-v1,2026-10-05T15:16:10Z
275fa008-4c0a-5ffd-a05f-04d3a2e036ae,2d399fc1-c809-5c2a-bdaa-6e69cefe5fb1,4,0.7653439463592441,"[""gaya_favorit"", ""harga_sesuai"", ""seniman_naik_daun"", ""pernah_beli_seniman""]",model,klasifikasi-v1,2026-10-05T15:16:10Z
275fa008-4c0a-5ffd-a05f-04d3a2e036ae,88258c73-bb7b-51e8-824e-bc2ca0b939b8,5,0.7591097617488123,"[""gaya_favorit"", ""seniman_naik_daun"", ""pernah_beli_seniman"", ""karya_baru""]",model,klasifikasi-v1,2026-10-05T15:16:10Z
275fa008-4c0a-5ffd-a05f-04d3a2e036ae,94afa8d0-6fca-5820-9dfe-5fb67fd9b665,6,0.7475019497392694,"[""gaya_favorit"", ""harga_sesuai"", ""seniman_naik_daun"", ""pernah_beli_seniman""]",model,klasifikasi-v1,2026-10-05T15:16:10Z
275fa008-4c0a-5ffd-a05f-04d3a2e036ae,8d8c6d42-894a-5d83-a68b-c458ead32750,7,0.7325048541901102,"[""gaya_favorit"", ""harga_sesuai"", ""seniman_naik_daun"", ""pernah_beli_seniman""]",model,klasifikasi-v1,2026-10-05T15:16:10Z
275fa008-4c0a-5ffd-a05f-04d3a2e036ae,987e9b9d-f4c6-5ce1-ac8c-5ef271e2ae33,8,0.717818162383396,"[""gaya_favorit"", ""harga_sesuai"", ""gaya_ramai""]",model,klasifikasi-v1,2026-10-05T15:16:10Z
275fa008-4c0a-5ffd-a05f-04d3a2e036ae,0931aca3-ffbb-57aa-b84e-284c01f774f1,9,0.7065031301623138,"[""gaya_favorit"", ""seniman_naik_daun"", ""pernah_beli_seniman""]",model,klasifikasi-v1,2026-10-05T15:16:10Z
275fa008-4c0a-5ffd-a05f-04d3a2e036ae,904ad30a-642f-5489-aec6-5a311e0cdacd,10,0.700955415454559,"[""gaya_favorit"", ""harga_sesuai"", ""gaya_ramai"", ""pernah_beli_seniman""]",model,klasifikasi-v1,2026-10-05T15:16:10Z
275fa008-4c0a-5ffd-a05f-04d3a2e036ae,6a9a552c-870e-5cd3-b409-273d6c5865eb,11,0.6920849251243892,"[""gaya_favorit"", ""harga_sesuai"", ""seniman_naik_daun"", ""pernah_beli_seniman""]",model,klasifikasi-v1,2026-10-05T15:16:10Z
275fa008-4c0a-5ffd-a05f-04d3a2e036ae,df002552-8f03-5997-b452-e24a915621dd,12,0.6880906591819292,"[""gaya_favorit"", ""seniman_naik_daun"", ""pernah_beli_seniman""]",model,klasifikasi-v1,2026-10-05T15:16:10Z
275fa008-4c0a-5ffd-a05f-04d3a2e036ae,8856b1b5-28c4-536b-9a51-9ff06bfdbd80,13,0.670953806246115,"[""gaya_favorit"", ""seniman_naik_daun"", ""pernah_beli_seniman""]",model,klasifikasi-v1,2026-10-05T15:16:10Z
275fa008-4c0a-5ffd-a05f-04d3a2e036ae,ab0cf0c1-618c-5dba-8181-d2c2e0c656bf,14,0.6658225553744619,"[""gaya_favorit"", ""harga_sesuai"", ""gaya_ramai"", ""pernah_beli_seniman""]",model,klasifikasi-v1,2026-10-05T15:16:10Z
275fa008-4c0a-5ffd-a05f-04d3a2e036ae,9ee5532a-4517-5110-ae74-b2a3048fea09,15,0.6546298581642339,"[""gaya_favorit"", ""harga_sesuai"", ""gaya_ramai""]",model,klasifikasi-v1,2026-10-05T15:16:10Z
275fa008-4c0a-5ffd-a05f-04d3a2e036ae,33908291-b269-567e-a365-72904f1f8c85,16,0.6543190393964005,"[""gaya_favorit"", ""harga_sesuai"", ""seniman_naik_daun"", ""gaya_ramai"", ""pernah_beli_seniman"", ""karya_baru""]",model,klasifikasi-v1,2026-10-05T15:16:10Z
275fa008-4c0a-5ffd-a05f-04d3a2e036ae,796ab8ac-bab7-52b6-9bdd-179cdc5b16a6,17,0.6519423763468006,[],model,klasifikasi-v1,2026-10-05T15:16:10Z
275fa008-4c0a-5ffd-a05f-04d3a2e036ae,854f6550-ae71-509e-859c-39396df1a99e,18,0.6469360542884556,"[""gaya_favorit"", ""seniman_naik_daun"", ""pernah_beli_seniman""]",model,klasifikasi-v1,2026-10-05T15:16:10Z
275fa008-4c0a-5ffd-a05f-04d3a2e036ae,00795856-93c3-5b39-a80b-14c1fd15860f,19,0.64017474677133,"[""harga_sesuai""]",model,klasifikasi-v1,2026-10-05T15:16:10Z
275fa008-4c0a-5ffd-a05f-04d3a2e036ae,1fe5e4ec-a2db-5ef8-a46d-3f8ffa41ebe2,20,0.6365721654097964,"[""karya_baru""]",model,klasifikasi-v1,2026-10-05T15:16:10Z
081b5dc5-350a-5404-a193-831d12d55219,79e25e0d-2c04-5f90-9130-3f1d94125223,1,0.7352511385339022,"[""seniman_naik_daun"", ""karya_baru""]",model,klasifikasi-v1,2026-10-05T15:16:10Z
081b5dc5-350a-5404-a193-831d12d55219,8bfc1f4d-519c-5412-8e3e-9b7ad4729b26,2,0.7104840011375347,"[""gaya_favorit"", ""seniman_naik_daun"", ""gaya_ramai""]",model,klasifikasi-v1,2026-10-05T15:16:10Z
081b5dc5-350a-5404-a193-831d12d55219,88258c73-bb7b-51e8-824e-bc2ca0b939b8,3,0.6943131642458577,"[""seniman_naik_daun"", ""karya_baru""]",model,klasifikasi-v1,2026-10-05T15:16:10Z
081b5dc5-350a-5404-a193-831d12d55219,c67cff2a-590f-52c2-9fdd-17734dcd647a,4,0.6879228215153106,"[""gaya_favorit"", ""gaya_ramai""]",model,klasifikasi-v1,2026-10-05T15:16:10Z
081b5dc5-350a-5404-a193-831d12d55219,8532f4de-facb-5676-975c-9866ebdd8247,5,0.6549502861070315,"[""gaya_favorit"", ""seniman_naik_daun"", ""gaya_ramai""]",model,klasifikasi-v1,2026-10-05T15:16:10Z
081b5dc5-350a-5404-a193-831d12d55219,84123035-a298-5787-9622-b167937b454b,6,0.6437611450347012,"[""gaya_favorit"", ""seniman_naik_daun"", ""gaya_ramai""]",model,klasifikasi-v1,2026-10-05T15:16:10Z
081b5dc5-350a-5404-a193-831d12d55219,78490a31-c039-51ec-bcbf-77e13fb4b864,7,0.6236577870182742,"[""gaya_favorit"", ""gaya_ramai""]",model,klasifikasi-v1,2026-10-05T15:16:10Z
081b5dc5-350a-5404-a193-831d12d55219,3d71dcc2-48eb-51b6-985f-b4a7b0406d0e,8,0.6185195104207195,"[""gaya_favorit"", ""gaya_ramai"", ""pernah_beli_seniman""]",model,klasifikasi-v1,2026-10-05T15:16:10Z
081b5dc5-350a-5404-a193-831d12d55219,9e6306f7-51d6-5faa-a576-782b8b8fe477,9,0.6185195104207195,"[""gaya_favorit"", ""gaya_ramai"", ""pernah_beli_seniman""]",model,klasifikasi-v1,2026-10-05T15:16:10Z
081b5dc5-350a-5404-a193-831d12d55219,6668aaa3-cf17-5996-8538-ab41cc230eab,10,0.6127873404759169,"[""gaya_favorit"", ""gaya_ramai""]",model,klasifikasi-v1,2026-10-05T15:16:10Z
081b5dc5-350a-5404-a193-831d12d55219,fd318b72-090b-5644-aa97-8daf7c31ce52,11,0.612346576465229,"[""gaya_favorit"", ""seniman_naik_daun"", ""gaya_ramai""]",model,klasifikasi-v1,2026-10-05T15:16:10Z
081b5dc5-350a-5404-a193-831d12d55219,6f681699-9a80-5ff1-93b6-84b5d171f175,12,0.6068545073003028,"[""gaya_favorit"", ""seniman_naik_daun"", ""gaya_ramai""]",model,klasifikasi-v1,2026-10-05T15:16:10Z
081b5dc5-350a-5404-a193-831d12d55219,320bd1ba-15dc-57a0-8b9b-ca2f0b67eb8a,13,0.6016681339257113,"[""gaya_favorit"", ""gaya_ramai""]",model,klasifikasi-v1,2026-10-05T15:16:10Z
081b5dc5-350a-5404-a193-831d12d55219,46f27d0f-be60-514a-93e6-8f28a761a005,14,0.6006994031917873,"[""gaya_favorit"", ""gaya_ramai""]",model,klasifikasi-v1,2026-10-05T15:16:10Z
081b5dc5-350a-5404-a193-831d12d55219,54fdf259-6487-562b-912f-ac0e1163f187,15,0.596331591814528,"[""gaya_favorit"", ""gaya_ramai""]",model,klasifikasi-v1,2026-10-05T15:16:10Z
081b5dc5-350a-5404-a193-831d12d55219,8856b1b5-28c4-536b-9a51-9ff06bfdbd80,16,0.5950927118576805,"[""seniman_naik_daun""]",model,klasifikasi-v1,2026-10-05T15:16:10Z
081b5dc5-350a-5404-a193-831d12d55219,43f6508b-7e13-58b1-90d8-a86d3f7e3dfe,17,0.5947881761412745,"[""gaya_favorit"", ""gaya_ramai""]",model,klasifikasi-v1,2026-10-05T15:16:10Z
081b5dc5-350a-5404-a193-831d12d55219,df002552-8f03-5997-b452-e24a915621dd,18,0.5887500285651642,"[""seniman_naik_daun""]",model,klasifikasi-v1,2026-10-05T15:16:10Z
081b5dc5-350a-5404-a193-831d12d55219,2c2a9bde-53f0-59c9-a315-df8f32903acc,19,0.5840295644559268,"[""gaya_favorit"", ""gaya_ramai"", ""karya_baru""]",model,klasifikasi-v1,2026-10-05T15:16:10Z
081b5dc5-350a-5404-a193-831d12d55219,ad22fc44-1c65-50c5-be50-d2e1c3bbdc50,20,0.5797078165429006,"[""gaya_favorit"", ""gaya_ramai""]",model,klasifikasi-v1,2026-10-05T15:16:10Z
1ae98ad4-8b69-57ac-8937-47e2a8df176f,c5d03f92-aa6d-5593-928e-3b2857ad1853,1,0.7653837949251735,"[""gaya_favorit"", ""harga_sesuai"", ""pernah_beli_seniman""]",model,klasifikasi-v1,2026-10-05T15:16:10Z
1ae98ad4-8b69-57ac-8937-47e2a8df176f,7ed552db-962e-5e78-a1a4-2d32fefa1f0c,2,0.6757630727571767,"[""gaya_favorit"", ""harga_sesuai"", ""pernah_beli_seniman""]",model,klasifikasi-v1,2026-10-05T15:16:10Z
1ae98ad4-8b69-57ac-8937-47e2a8df176f,653fc4b1-75f3-5eac-afe6-586c962be798,3,0.6717178786573524,"[""gaya_favorit"", ""harga_sesuai"", ""pernah_beli_seniman""]",model,klasifikasi-v1,2026-10-05T15:16:10Z
1ae98ad4-8b69-57ac-8937-47e2a8df176f,3d61eac2-6d83-5347-9d59-799ac69edc5a,4,0.6701674555120694,"[""gaya_favorit"", ""harga_sesuai"", ""pernah_beli_seniman""]",model,klasifikasi-v1,2026-10-05T15:16:10Z
1ae98ad4-8b69-57ac-8937-47e2a8df176f,6f5c741f-0fc0-523d-80e7-bce5940b7e1c,5,0.6254899297091113,"[""harga_sesuai""]",model,klasifikasi-v1,2026-10-05T15:16:10Z
1ae98ad4-8b69-57ac-8937-47e2a8df176f,6c354900-b80d-56b8-8adc-7a97a366f095,6,0.611509821255097,"[""gaya_favorit"", ""harga_sesuai"", ""pernah_beli_seniman""]",model,klasifikasi-v1,2026-10-05T15:16:10Z
1ae98ad4-8b69-57ac-8937-47e2a8df176f,80d6863c-4309-5881-81cd-79e0a6aa59a3,7,0.5950485850159356,"[""harga_sesuai""]",model,klasifikasi-v1,2026-10-05T15:16:10Z
1ae98ad4-8b69-57ac-8937-47e2a8df176f,2693b62a-7ed0-56ef-a511-0bb356e0e009,8,0.5947973896203166,"[""gaya_favorit"", ""harga_sesuai"", ""pernah_beli_seniman""]",model,klasifikasi-v1,2026-10-05T15:16:10Z
1ae98ad4-8b69-57ac-8937-47e2a8df176f,ded10c02-e3db-542d-8ff2-e0ab8c159069,9,0.5928344561088563,[],model,klasifikasi-v1,2026-10-05T15:16:10Z
1ae98ad4-8b69-57ac-8937-47e2a8df176f,866197c9-41b8-58ae-af14-976c6a847c11,10,0.5855180461572727,"[""harga_sesuai"", ""gaya_ramai""]",model,klasifikasi-v1,2026-10-05T15:16:10Z
1ae98ad4-8b69-57ac-8937-47e2a8df176f,0e102d63-ff8f-5e6b-bbdc-2a5d6e668cb1,11,0.5817180620399496,"[""harga_sesuai""]",model,klasifikasi-v1,2026-10-05T15:16:10Z
1ae98ad4-8b69-57ac-8937-47e2a8df176f,34f160b0-2ebd-5b4b-abbf-d9e60acd2b35,12,0.5693779852227064,"[""gaya_ramai""]",model,klasifikasi-v1,2026-10-05T15:16:10Z
1ae98ad4-8b69-57ac-8937-47e2a8df176f,4c6861aa-290c-53f1-808e-3e6cbd17a516,13,0.5653317667999439,"[""gaya_favorit"", ""karya_baru""]",model,klasifikasi-v1,2026-10-05T15:16:10Z
1ae98ad4-8b69-57ac-8937-47e2a8df176f,8a247c64-cda5-5c99-9be2-94998d4b1275,14,0.5506402784203146,"[""gaya_favorit"", ""harga_sesuai"", ""pernah_beli_seniman""]",model,klasifikasi-v1,2026-10-05T15:16:10Z
1ae98ad4-8b69-57ac-8937-47e2a8df176f,2dc1a3d9-2af8-5aef-95bb-4580395395bd,15,0.5502538216091766,"[""gaya_ramai""]",model,klasifikasi-v1,2026-10-05T15:16:10Z
1ae98ad4-8b69-57ac-8937-47e2a8df176f,16545722-15c8-55bc-b78b-f46c0496a505,16,0.5432621762191577,"[""gaya_favorit"", ""harga_sesuai"", ""pernah_beli_seniman""]",model,klasifikasi-v1,2026-10-05T15:16:10Z
1ae98ad4-8b69-57ac-8937-47e2a8df176f,9bdbffa3-5922-5d4c-a5b3-080cfb23f84c,17,0.5369753568638795,"[""gaya_favorit"", ""pernah_beli_seniman""]",model,klasifikasi-v1,2026-10-05T15:16:10Z
1ae98ad4-8b69-57ac-8937-47e2a8df176f,1c18f330-e3a0-5c45-8b4a-4340319c6f6b,18,0.536325999248491,"[""gaya_favorit"", ""pernah_beli_seniman""]",model,klasifikasi-v1,2026-10-05T15:16:10Z
1ae98ad4-8b69-57ac-8937-47e2a8df176f,34be515c-745a-552e-88f7-004446f79132,19,0.5357461901517216,"[""harga_sesuai"", ""gaya_ramai""]",model,klasifikasi-v1,2026-10-05T15:16:10Z
1ae98ad4-8b69-57ac-8937-47e2a8df176f,e15ac87c-418d-5877-b3de-5f27acd81302,20,0.5342052459037092,"[""harga_sesuai"", ""gaya_ramai"", ""pernah_beli_seniman""]",model,klasifikasi-v1,2026-10-05T15:16:10Z
0b0493f3-0689-5073-9e9d-268e7130874a,9349bf99-62dc-596c-915f-6594321c44de,1,0.8164893821113866,"[""gaya_favorit"", ""harga_sesuai"", ""gaya_ramai"", ""pernah_beli_seniman""]",model,klasifikasi-v1,2026-10-05T15:16:10Z
0b0493f3-0689-5073-9e9d-268e7130874a,3dbbe20e-9781-5936-bae9-c1cfacd61a09,2,0.8164893821113866,"[""gaya_favorit"", ""harga_sesuai"", ""gaya_ramai"", ""pernah_beli_seniman""]",model,klasifikasi-v1,2026-10-05T15:16:10Z
0b0493f3-0689-5073-9e9d-268e7130874a,af387163-4059-5c28-add7-46500bfd3add,3,0.8126958878099816,"[""gaya_favorit"", ""harga_sesuai"", ""gaya_ramai"", ""pernah_beli_seniman""]",model,klasifikasi-v1,2026-10-05T15:16:10Z
0b0493f3-0689-5073-9e9d-268e7130874a,07425d78-e06e-583d-8083-ee3395fa2d20,4,0.8110173681615994,"[""gaya_favorit"", ""harga_sesuai"", ""gaya_ramai"", ""pernah_beli_seniman""]",model,klasifikasi-v1,2026-10-05T15:16:10Z
0b0493f3-0689-5073-9e9d-268e7130874a,8cb05ef6-4cf2-5ee6-9061-2889d32eed8b,5,0.8086833005397196,"[""gaya_favorit"", ""harga_sesuai"", ""gaya_ramai"", ""pernah_beli_seniman""]",model,klasifikasi-v1,2026-10-05T15:16:10Z
0b0493f3-0689-5073-9e9d-268e7130874a,da1e02a9-b5b0-5dd8-b213-4302c25d95f9,6,0.8048914804969314,"[""gaya_favorit"", ""harga_sesuai"", ""gaya_ramai"", ""pernah_beli_seniman""]",model,klasifikasi-v1,2026-10-05T15:16:10Z
0b0493f3-0689-5073-9e9d-268e7130874a,087419b7-5d7b-53df-aa0f-1e80f02a0377,7,0.8048914804969314,"[""gaya_favorit"", ""harga_sesuai"", ""gaya_ramai"", ""pernah_beli_seniman""]",model,klasifikasi-v1,2026-10-05T15:16:10Z
0b0493f3-0689-5073-9e9d-268e7130874a,47ed54a4-6a2e-5276-9603-36c52ea415de,8,0.804404629947908,"[""gaya_favorit"", ""harga_sesuai"", ""gaya_ramai"", ""pernah_beli_seniman""]",model,klasifikasi-v1,2026-10-05T15:16:10Z
0b0493f3-0689-5073-9e9d-268e7130874a,cd22a6e8-3391-53f2-9ab1-8174b63d5943,9,0.8017597095367588,"[""gaya_favorit"", ""harga_sesuai"", ""gaya_ramai"", ""pernah_beli_seniman""]",model,klasifikasi-v1,2026-10-05T15:16:10Z
0b0493f3-0689-5073-9e9d-268e7130874a,daeb60e8-db84-5a23-a92f-401fc4f8c8e9,10,0.8005489235543795,"[""gaya_favorit"", ""harga_sesuai"", ""gaya_ramai"", ""pernah_beli_seniman""]",model,klasifikasi-v1,2026-10-05T15:16:10Z
0b0493f3-0689-5073-9e9d-268e7130874a,784f6648-d504-5733-ba76-2d90ce171c97,11,0.7986611255265241,"[""gaya_favorit"", ""harga_sesuai"", ""gaya_ramai"", ""pernah_beli_seniman""]",model,klasifikasi-v1,2026-10-05T15:16:10Z
0b0493f3-0689-5073-9e9d-268e7130874a,3f8dedef-81a9-5162-9bf4-59f3eb4eb26b,12,0.7974053736821488,"[""gaya_favorit"", ""harga_sesuai"", ""gaya_ramai"", ""pernah_beli_seniman""]",model,klasifikasi-v1,2026-10-05T15:16:10Z
0b0493f3-0689-5073-9e9d-268e7130874a,d0932440-31b0-5025-ab5b-f83ac95c2aea,13,0.7946899633910207,"[""gaya_favorit"", ""gaya_ramai"", ""pernah_beli_seniman""]",model,klasifikasi-v1,2026-10-05T15:16:10Z
0b0493f3-0689-5073-9e9d-268e7130874a,2dc1a3d9-2af8-5aef-95bb-4580395395bd,14,0.794389606300369,"[""gaya_favorit"", ""harga_sesuai"", ""gaya_ramai"", ""pernah_beli_seniman""]",model,klasifikasi-v1,2026-10-05T15:16:10Z
0b0493f3-0689-5073-9e9d-268e7130874a,f6b44c7c-4e4b-50a2-8c28-8142c29b9ebd,15,0.7836889170519084,"[""gaya_favorit"", ""harga_sesuai"", ""gaya_ramai"", ""pernah_beli_seniman""]",model,klasifikasi-v1,2026-10-05T15:16:10Z
0b0493f3-0689-5073-9e9d-268e7130874a,bb245894-5ba5-5e26-b383-95d243655742,16,0.7836889170519084,"[""gaya_favorit"", ""harga_sesuai"", ""gaya_ramai"", ""pernah_beli_seniman""]",model,klasifikasi-v1,2026-10-05T15:16:10Z
0b0493f3-0689-5073-9e9d-268e7130874a,d9485a40-ad4f-54c8-9cf6-e5fc915283b1,17,0.7832951069308424,"[""gaya_favorit"", ""gaya_ramai"", ""pernah_beli_seniman""]",model,klasifikasi-v1,2026-10-05T15:16:10Z
0b0493f3-0689-5073-9e9d-268e7130874a,76e47ebb-eedd-5be9-b99b-eb0d0d3b84a3,18,0.7745349132572544,"[""gaya_favorit"", ""gaya_ramai"", ""pernah_beli_seniman""]",model,klasifikasi-v1,2026-10-05T15:16:10Z
0b0493f3-0689-5073-9e9d-268e7130874a,2ab1fde1-1a62-502f-936a-dc83e4b3cec1,19,0.7745349132572544,"[""gaya_favorit"", ""gaya_ramai"", ""pernah_beli_seniman""]",model,klasifikasi-v1,2026-10-05T15:16:10Z
0b0493f3-0689-5073-9e9d-268e7130874a,f1972e07-b50b-56ff-a8e7-22af84557016,20,0.7694178349659836,"[""gaya_favorit"", ""gaya_ramai"", ""pernah_beli_seniman""]",model,klasifikasi-v1,2026-10-05T15:16:10Z
c0ca208a-f711-5c22-95e7-6eaa871f2f38,79e25e0d-2c04-5f90-9130-3f1d94125223,1,0.7896251702308773,"[""harga_sesuai"", ""seniman_naik_daun"", ""karya_baru""]",model,klasifikasi-v1,2026-10-05T15:16:10Z
c0ca208a-f711-5c22-95e7-6eaa871f2f38,4ed54522-a110-5365-b35b-4c16d31aa48b,2,0.7090235323838546,"[""gaya_favorit"", ""harga_sesuai""]",model,klasifikasi-v1,2026-10-05T15:16:10Z
c0ca208a-f711-5c22-95e7-6eaa871f2f38,6cf680b2-63f6-5420-990b-5d58e43b86c3,3,0.7034603273148551,"[""gaya_favorit"", ""harga_sesuai""]",model,klasifikasi-v1,2026-10-05T15:16:10Z
c0ca208a-f711-5c22-95e7-6eaa871f2f38,9c41c05d-b958-5fe0-902f-c466d102b664,4,0.7034359399280178,"[""gaya_favorit"", ""harga_sesuai""]",model,klasifikasi-v1,2026-10-05T15:16:10Z
c0ca208a-f711-5c22-95e7-6eaa871f2f38,a75ec521-369a-5e79-9b6f-f9851164e909,5,0.7034359399280178,"[""gaya_favorit"", ""harga_sesuai""]",model,klasifikasi-v1,2026-10-05T15:16:10Z
c0ca208a-f711-5c22-95e7-6eaa871f2f38,1fef09ac-2800-5df6-bb4b-93c0c3308a02,6,0.6995697574703029,"[""gaya_favorit"", ""harga_sesuai""]",model,klasifikasi-v1,2026-10-05T15:16:10Z
c0ca208a-f711-5c22-95e7-6eaa871f2f38,64de7a06-8f63-5e8e-b4c7-532b0a72e424,7,0.693108098017231,"[""gaya_favorit"", ""harga_sesuai""]",model,klasifikasi-v1,2026-10-05T15:16:10Z
c0ca208a-f711-5c22-95e7-6eaa871f2f38,88258c73-bb7b-51e8-824e-bc2ca0b939b8,8,0.683401133904554,"[""harga_sesuai"", ""seniman_naik_daun"", ""karya_baru""]",model,klasifikasi-v1,2026-10-05T15:16:10Z
c0ca208a-f711-5c22-95e7-6eaa871f2f38,07d19c93-c674-54cb-9448-012eb1b60c3f,9,0.672219409124468,"[""harga_sesuai"", ""seniman_naik_daun""]",model,klasifikasi-v1,2026-10-05T15:16:10Z
c0ca208a-f711-5c22-95e7-6eaa871f2f38,2d399fc1-c809-5c2a-bdaa-6e69cefe5fb1,10,0.6341226083233985,"[""harga_sesuai"", ""seniman_naik_daun""]",model,klasifikasi-v1,2026-10-05T15:16:10Z
c0ca208a-f711-5c22-95e7-6eaa871f2f38,07040069-b09e-5004-ae84-57f3a654f363,11,0.6296620973572508,"[""gaya_favorit"", ""harga_sesuai""]",model,klasifikasi-v1,2026-10-05T15:16:10Z
c0ca208a-f711-5c22-95e7-6eaa871f2f38,1fe5e4ec-a2db-5ef8-a46d-3f8ffa41ebe2,12,0.6220904916224825,"[""karya_baru""]",model,klasifikasi-v1,2026-10-05T15:16:10Z
c0ca208a-f711-5c22-95e7-6eaa871f2f38,0211e788-36f3-51a2-ab20-0277691cacb4,13,0.613528849704418,"[""gaya_favorit"", ""harga_sesuai""]",model,klasifikasi-v1,2026-10-05T15:16:10Z
c0ca208a-f711-5c22-95e7-6eaa871f2f38,2ddddf9d-7210-5593-aaf0-2ad66eae446f,14,0.6113694570697968,"[""gaya_favorit"", ""harga_sesuai""]",model,klasifikasi-v1,2026-10-05T15:16:10Z
c0ca208a-f711-5c22-95e7-6eaa871f2f38,a0f4429d-151d-5935-a62b-82e3d34b9d39,15,0.6059555823151955,"[""gaya_favorit"", ""harga_sesuai""]",model,klasifikasi-v1,2026-10-05T15:16:10Z
c0ca208a-f711-5c22-95e7-6eaa871f2f38,3e47a0b3-d827-5a29-875b-db8a2a91f894,16,0.6034221169888287,"[""gaya_favorit"", ""harga_sesuai""]",model,klasifikasi-v1,2026-10-05T15:16:10Z
c0ca208a-f711-5c22-95e7-6eaa871f2f38,80744072-3c82-556e-8d31-28065e6ac7bb,17,0.5969126793388574,"[""gaya_favorit"", ""harga_sesuai""]",model,klasifikasi-v1,2026-10-05T15:16:10Z
c0ca208a-f711-5c22-95e7-6eaa871f2f38,6a9a552c-870e-5cd3-b409-273d6c5865eb,18,0.5942494527097809,"[""harga_sesuai"", ""seniman_naik_daun""]",model,klasifikasi-v1,2026-10-05T15:16:10Z
c0ca208a-f711-5c22-95e7-6eaa871f2f38,c5b7e1a2-0161-5bca-8100-4ee38ee0267e,19,0.5924967324268183,"[""gaya_favorit"", ""harga_sesuai""]",model,klasifikasi-v1,2026-10-05T15:16:10Z
c0ca208a-f711-5c22-95e7-6eaa871f2f38,d45eb7ea-6cc1-5cac-8993-db3628a32cce,20,0.5876846138900629,"[""gaya_favorit""]",model,klasifikasi-v1,2026-10-05T15:16:10Z
dac1cb0f-4a65-597b-a984-9970dda3e70e,ab4a3c71-9387-56bc-a801-1beeee2639d7,1,0.7222995969132112,"[""gaya_favorit"", ""harga_sesuai"", ""gaya_ramai"", ""pernah_beli_seniman""]",model,klasifikasi-v1,2026-10-05T15:16:10Z
dac1cb0f-4a65-597b-a984-9970dda3e70e,556ac5bd-b36f-5124-8750-d92fefc82d2d,2,0.7197259542764709,"[""pernah_beli_seniman"", ""karya_baru""]",model,klasifikasi-v1,2026-10-05T15:16:10Z
dac1cb0f-4a65-597b-a984-9970dda3e70e,e15ac87c-418d-5877-b3de-5f27acd81302,3,0.7111466236250189,"[""gaya_favorit"", ""harga_sesuai"", ""gaya_ramai"", ""pernah_beli_seniman""]",model,klasifikasi-v1,2026-10-05T15:16:10Z
dac1cb0f-4a65-597b-a984-9970dda3e70e,f60efa69-e980-54e3-9729-e98c5f2fc78f,4,0.7001237107653564,"[""harga_sesuai"", ""pernah_beli_seniman""]",model,klasifikasi-v1,2026-10-05T15:16:10Z
dac1cb0f-4a65-597b-a984-9970dda3e70e,d48d3793-0d94-54bf-8cd8-bd45835a8231,5,0.6820771402532125,"[""gaya_favorit"", ""harga_sesuai"", ""gaya_ramai"", ""pernah_beli_seniman""]",model,klasifikasi-v1,2026-10-05T15:16:10Z
dac1cb0f-4a65-597b-a984-9970dda3e70e,376f20b3-cf69-518a-95e4-669f8fe7fe40,6,0.6705426083127317,"[""harga_sesuai"", ""pernah_beli_seniman""]",model,klasifikasi-v1,2026-10-05T15:16:10Z
dac1cb0f-4a65-597b-a984-9970dda3e70e,a724961d-392c-586e-9da5-8e9342c6fd29,7,0.6671455365733641,"[""pernah_beli_seniman"", ""karya_baru""]",model,klasifikasi-v1,2026-10-05T15:16:10Z
dac1cb0f-4a65-597b-a984-9970dda3e70e,1f26c708-fc57-592d-a841-b891c55231bd,8,0.659205200703406,"[""gaya_favorit"", ""harga_sesuai"", ""gaya_ramai"", ""pernah_beli_seniman""]",model,klasifikasi-v1,2026-10-05T15:16:10Z
dac1cb0f-4a65-597b-a984-9970dda3e70e,ddc6295d-239d-589a-9714-9e4d1b9fb3f9,9,0.6479203353699317,"[""pernah_beli_seniman""]",model,klasifikasi-v1,2026-10-05T15:16:10Z
dac1cb0f-4a65-597b-a984-9970dda3e70e,ecc1925d-5e66-5cb1-9433-9856fad6a864,10,0.6403843652052715,"[""gaya_favorit"", ""gaya_ramai"", ""pernah_beli_seniman""]",model,klasifikasi-v1,2026-10-05T15:16:10Z
dac1cb0f-4a65-597b-a984-9970dda3e70e,0242a481-31c2-55aa-92b4-ebebc6011a7c,11,0.6338750210649585,"[""pernah_beli_seniman""]",model,klasifikasi-v1,2026-10-05T15:16:10Z
dac1cb0f-4a65-597b-a984-9970dda3e70e,daa8c931-6f28-5aae-87f3-dc9cd4fb7f63,12,0.6292650380303165,"[""gaya_favorit"", ""gaya_ramai"", ""pernah_beli_seniman""]",model,klasifikasi-v1,2026-10-05T15:16:10Z
dac1cb0f-4a65-597b-a984-9970dda3e70e,300ebf50-b10d-5efa-8722-a252a80b4557,13,0.6196667283293742,"[""harga_sesuai"", ""pernah_beli_seniman""]",model,klasifikasi-v1,2026-10-05T15:16:10Z
dac1cb0f-4a65-597b-a984-9970dda3e70e,1710dd55-8ba2-5707-8232-b4ff654c9e8b,14,0.6191725002719046,"[""gaya_favorit"", ""harga_sesuai"", ""gaya_ramai"", ""pernah_beli_seniman""]",model,klasifikasi-v1,2026-10-05T15:16:10Z
dac1cb0f-4a65-597b-a984-9970dda3e70e,866197c9-41b8-58ae-af14-976c6a847c11,15,0.6176782732223809,"[""gaya_favorit"", ""gaya_ramai""]",model,klasifikasi-v1,2026-10-05T15:16:10Z
dac1cb0f-4a65-597b-a984-9970dda3e70e,eb44d2ea-12dc-577e-8aa5-20be6e0c9098,16,0.6116285405517699,"[""gaya_favorit"", ""gaya_ramai"", ""pernah_beli_seniman""]",model,klasifikasi-v1,2026-10-05T15:16:10Z
dac1cb0f-4a65-597b-a984-9970dda3e70e,d3a8b338-b612-53d4-9c39-d14ffe191dfa,17,0.6112812147179886,"[""gaya_favorit"", ""harga_sesuai"", ""gaya_ramai"", ""pernah_beli_seniman""]",model,klasifikasi-v1,2026-10-05T15:16:10Z
dac1cb0f-4a65-597b-a984-9970dda3e70e,77940c72-1025-5f31-8dff-3763e93c7cf0,18,0.6106831685763644,"[""gaya_favorit"", ""gaya_ramai"", ""pernah_beli_seniman""]",model,klasifikasi-v1,2026-10-05T15:16:10Z
dac1cb0f-4a65-597b-a984-9970dda3e70e,79661a66-667a-5942-bffd-27fcf6e60186,19,0.6094666058096834,"[""gaya_favorit"", ""gaya_ramai"", ""pernah_beli_seniman""]",model,klasifikasi-v1,2026-10-05T15:16:10Z
dac1cb0f-4a65-597b-a984-9970dda3e70e,11ac0d17-6dd7-5868-9ad9-cf35bb1dc03f,20,0.6053858385352291,"[""gaya_favorit"", ""harga_sesuai"", ""gaya_ramai"", ""pernah_beli_seniman""]",model,klasifikasi-v1,2026-10-05T15:16:10Z
52eb5e38-9a88-5ab0-b251-16ec53ce59fa,79e25e0d-2c04-5f90-9130-3f1d94125223,1,0.8401297662444439,"[""gaya_favorit"", ""harga_sesuai"", ""seniman_naik_daun"", ""pernah_beli_seniman"", ""karya_baru""]",model,klasifikasi-v1,2026-10-05T15:16:10Z
52eb5e38-9a88-5ab0-b251-16ec53ce59fa,07d19c93-c674-54cb-9448-012eb1b60c3f,2,0.7601695484380584,"[""gaya_favorit"", ""harga_sesuai"", ""seniman_naik_daun"", ""pernah_beli_seniman""]",model,klasifikasi-v1,2026-10-05T15:16:10Z
52eb5e38-9a88-5ab0-b251-16ec53ce59fa,88258c73-bb7b-51e8-824e-bc2ca0b939b8,3,0.7591097617488123,"[""gaya_favorit"", ""seniman_naik_daun"", ""pernah_beli_seniman"", ""karya_baru""]",model,klasifikasi-v1,2026-10-05T15:16:10Z
52eb5e38-9a88-5ab0-b251-16ec53ce59fa,8d8c6d42-894a-5d83-a68b-c458ead32750,4,0.7422910387225958,"[""gaya_favorit"", ""harga_sesuai"", ""seniman_naik_daun"", ""pernah_beli_seniman""]",model,klasifikasi-v1,2026-10-05T15:16:10Z
52eb5e38-9a88-5ab0-b251-16ec53ce59fa,2d399fc1-c809-5c2a-bdaa-6e69cefe5fb1,5,0.728730873031583,"[""gaya_favorit"", ""harga_sesuai"", ""seniman_naik_daun"", ""pernah_beli_seniman""]",model,klasifikasi-v1,2026-10-05T15:16:10Z
52eb5e38-9a88-5ab0-b251-16ec53ce59fa,94afa8d0-6fca-5820-9dfe-5fb67fd9b665,6,0.7091629045494986,"[""gaya_favorit"", ""harga_sesuai"", ""seniman_naik_daun"", ""pernah_beli_seniman""]",model,klasifikasi-v1,2026-10-05T15:16:10Z
52eb5e38-9a88-5ab0-b251-16ec53ce59fa,6a9a552c-870e-5cd3-b409-273d6c5865eb,7,0.6890668917799202,"[""gaya_favorit"", ""seniman_naik_daun"", ""pernah_beli_seniman""]",model,klasifikasi-v1,2026-10-05T15:16:10Z
52eb5e38-9a88-5ab0-b251-16ec53ce59fa,8bfc1f4d-519c-5412-8e3e-9b7ad4729b26,8,0.687501441411637,"[""gaya_favorit"", ""harga_sesuai"", ""seniman_naik_daun"", ""gaya_ramai""]",model,klasifikasi-v1,2026-10-05T15:16:10Z
52eb5e38-9a88-5ab0-b251-16ec53ce59fa,0931aca3-ffbb-57aa-b84e-284c01f774f1,9,0.6871843154541493,"[""gaya_favorit"", ""seniman_naik_daun"", ""pernah_beli_seniman""]",model,klasifikasi-v1,2026-10-05T15:16:10Z
52eb5e38-9a88-5ab0-b251-16ec53ce59fa,c012c748-3935-5b6e-99cb-cc2b1b367efe,10,0.6755060750187166,"[""gaya_favorit"", ""harga_sesuai"", ""gaya_ramai"", ""pernah_beli_seniman""]",model,klasifikasi-v1,2026-10-05T15:16:10Z
52eb5e38-9a88-5ab0-b251-16ec53ce59fa,8856b1b5-28c4-536b-9a51-9ff06bfdbd80,11,0.670953806246115,"[""gaya_favorit"", ""seniman_naik_daun"", ""pernah_beli_seniman""]",model,klasifikasi-v1,2026-10-05T15:16:10Z
52eb5e38-9a88-5ab0-b251-16ec53ce59fa,df002552-8f03-5997-b452-e24a915621dd,12,0.6642321690432299,"[""gaya_favorit"", ""seniman_naik_daun"", ""pernah_beli_seniman""]",model,klasifikasi-v1,2026-10-05T15:16:10Z
52eb5e38-9a88-5ab0-b251-16ec53ce59fa,1fe5e4ec-a2db-5ef8-a46d-3f8ffa41ebe2,13,0.664029270700668,"[""karya_baru""]",model,klasifikasi-v1,2026-10-05T15:16:10Z
52eb5e38-9a88-5ab0-b251-16ec53ce59fa,85e26979-7329-5374-9452-c403d03cf6d3,14,0.6576802441877344,"[""gaya_favorit"", ""harga_sesuai"", ""gaya_ramai"", ""pernah_beli_seniman""]",model,klasifikasi-v1,2026-10-05T15:16:10Z
52eb5e38-9a88-5ab0-b251-16ec53ce59fa,1c1c6d63-4b76-5ce1-9d05-505d3145a085,15,0.6454969341550141,"[""gaya_favorit"", ""harga_sesuai"", ""gaya_ramai"", ""pernah_beli_seniman""]",model,klasifikasi-v1,2026-10-05T15:16:10Z
52eb5e38-9a88-5ab0-b251-16ec53ce59fa,854f6550-ae71-509e-859c-39396df1a99e,16,0.6429231778696798,"[""gaya_favorit"", ""seniman_naik_daun"", ""pernah_beli_seniman""]",model,klasifikasi-v1,2026-10-05T15:16:10Z
52eb5e38-9a88-5ab0-b251-16ec53ce59fa,b9dedd53-be7d-57b2-b7f4-3f22a31efa0b,17,0.6404077250214668,"[""gaya_favorit"", ""harga_sesuai"", ""seniman_naik_daun"", ""pernah_beli_seniman""]",model,klasifikasi-v1,2026-10-05T15:16:10Z
52eb5e38-9a88-5ab0-b251-16ec53ce59fa,796ab8ac-bab7-52b6-9bdd-179cdc5b16a6,18,0.6338913465789381,[],model,klasifikasi-v1,2026-10-05T15:16:10Z
52eb5e38-9a88-5ab0-b251-16ec53ce59fa,00795856-93c3-5b39-a80b-14c1fd15860f,19,0.625326279242592,"[""harga_sesuai""]",model,klasifikasi-v1,2026-10-05T15:16:10Z
52eb5e38-9a88-5ab0-b251-16ec53ce59fa,f79f5ae0-7063-5a2c-acf6-2e3ed7e29eec,20,0.622855851751148,"[""gaya_favorit"", ""harga_sesuai"", ""gaya_ramai"", ""pernah_beli_seniman""]",model,klasifikasi-v1,2026-10-05T15:16:10Z
9e09a6df-081c-5378-9fe5-48b677ed79d0,eda83e84-0da4-5e10-8806-54d78aaa1b25,1,0.6624937252145383,"[""gaya_favorit"", ""pernah_beli_seniman""]",model,klasifikasi-v1,2026-10-05T15:16:10Z
9e09a6df-081c-5378-9fe5-48b677ed79d0,a724961d-392c-586e-9da5-8e9342c6fd29,2,0.5879373133528993,"[""pernah_beli_seniman"", ""karya_baru""]",model,klasifikasi-v1,2026-10-05T15:16:10Z
9e09a6df-081c-5378-9fe5-48b677ed79d0,0bc9d34a-7f95-5dee-beb4-55f3af9b97c9,3,0.5828452282816542,"[""seniman_naik_daun"", ""pernah_beli_seniman""]",model,klasifikasi-v1,2026-10-05T15:16:10Z
9e09a6df-081c-5378-9fe5-48b677ed79d0,ded10c02-e3db-542d-8ff2-e0ab8c159069,4,0.573562743293348,[],model,klasifikasi-v1,2026-10-05T15:16:10Z
9e09a6df-081c-5378-9fe5-48b677ed79d0,2c540a0c-a2ff-5f37-ba88-a5ad28626312,5,0.5658080358717206,"[""gaya_ramai"", ""pernah_beli_seniman""]",model,klasifikasi-v1,2026-10-05T15:16:10Z
9e09a6df-081c-5378-9fe5-48b677ed79d0,b82ffac4-9b18-5129-bb4f-76d6267ef825,6,0.5594254069412607,"[""harga_sesuai"", ""seniman_naik_daun"", ""pernah_beli_seniman""]",model,klasifikasi-v1,2026-10-05T15:16:10Z
9e09a6df-081c-5378-9fe5-48b677ed79d0,866197c9-41b8-58ae-af14-976c6a847c11,7,0.549008938580058,"[""gaya_ramai"", ""pernah_beli_seniman""]",model,klasifikasi-v1,2026-10-05T15:16:10Z
9e09a6df-081c-5378-9fe5-48b677ed79d0,e15ac87c-418d-5877-b3de-5f27acd81302,8,0.548466897101828,"[""harga_sesuai"", ""gaya_ramai"", ""pernah_beli_seniman""]",model,klasifikasi-v1,2026-10-05T15:16:10Z
9e09a6df-081c-5378-9fe5-48b677ed79d0,ab4a3c71-9387-56bc-a801-1beeee2639d7,9,0.5479855914887911,"[""gaya_ramai""]",model,klasifikasi-v1,2026-10-05T15:16:10Z
9e09a6df-081c-5378-9fe5-48b677ed79d0,0e102d63-ff8f-5e6b-bbdc-2a5d6e668cb1,10,0.5398312689754718,"[""harga_sesuai""]",model,klasifikasi-v1,2026-10-05T15:16:10Z
9e09a6df-081c-5378-9fe5-48b677ed79d0,d48d3793-0d94-54bf-8cd8-bd45835a8231,11,0.5375819199727627,"[""gaya_ramai""]",model,klasifikasi-v1,2026-10-05T15:16:10Z
9e09a6df-081c-5378-9fe5-48b677ed79d0,34f160b0-2ebd-5b4b-abbf-d9e60acd2b35,12,0.5324787082001197,"[""gaya_ramai"", ""pernah_beli_seniman""]",model,klasifikasi-v1,2026-10-05T15:16:10Z
9e09a6df-081c-5378-9fe5-48b677ed79d0,d68447f6-03c0-5053-9f02-5a417aff794d,13,0.5129110682504068,"[""harga_sesuai"", ""gaya_ramai"", ""pernah_beli_seniman""]",model,klasifikasi-v1,2026-10-05T15:16:10Z
9e09a6df-081c-5378-9fe5-48b677ed79d0,88258c73-bb7b-51e8-824e-bc2ca0b939b8,14,0.5104905552035539,"[""seniman_naik_daun"", ""pernah_beli_seniman"", ""karya_baru""]",model,klasifikasi-v1,2026-10-05T15:16:10Z
9e09a6df-081c-5378-9fe5-48b677ed79d0,1b284f0a-4933-57f5-a5d9-d38488a7227c,15,0.49786821632416833,"[""harga_sesuai""]",model,klasifikasi-v1,2026-10-05T15:16:10Z
9e09a6df-081c-5378-9fe5-48b677ed79d0,3d61eac2-6d83-5347-9d59-799ac69edc5a,16,0.4950827066514171,"[""harga_sesuai"", ""pernah_beli_seniman""]",model,klasifikasi-v1,2026-10-05T15:16:10Z
9e09a6df-081c-5378-9fe5-48b677ed79d0,a787141a-03d9-521b-9547-4a579c6b4ffd,17,0.49160080831110997,"[""gaya_favorit"", ""pernah_beli_seniman""]",model,klasifikasi-v1,2026-10-05T15:16:10Z
9e09a6df-081c-5378-9fe5-48b677ed79d0,2f036957-6d6b-5189-b72d-9da47ece73bf,18,0.4846914730711668,"[""gaya_favorit"", ""pernah_beli_seniman""]",model,klasifikasi-v1,2026-10-05T15:16:10Z
9e09a6df-081c-5378-9fe5-48b677ed79d0,05f320fb-5f39-5107-a07b-43b287844058,19,0.4820465550542378,"[""harga_sesuai"", ""gaya_ramai"", ""pernah_beli_seniman""]",model,klasifikasi-v1,2026-10-05T15:16:10Z
9e09a6df-081c-5378-9fe5-48b677ed79d0,d3a8b338-b612-53d4-9c39-d14ffe191dfa,20,0.47921175167302643,"[""harga_sesuai"", ""gaya_ramai"", ""pernah_beli_seniman""]",model,klasifikasi-v1,2026-10-05T15:16:10Z
d087854d-40ba-50b7-8077-65bf58aaecfc,c5d03f92-aa6d-5593-928e-3b2857ad1853,1,0.7090933830668728,"[""gaya_favorit"", ""pernah_beli_seniman""]",model,klasifikasi-v1,2026-10-05T15:16:10Z
d087854d-40ba-50b7-8077-65bf58aaecfc,2dc1a3d9-2af8-5aef-95bb-4580395395bd,2,0.6834341104474514,"[""gaya_favorit"", ""harga_sesuai"", ""gaya_ramai"", ""pernah_beli_seniman""]",model,klasifikasi-v1,2026-10-05T15:16:10Z
d087854d-40ba-50b7-8077-65bf58aaecfc,af387163-4059-5c28-add7-46500bfd3add,3,0.6797317228508595,"[""gaya_favorit"", ""gaya_ramai"", ""pernah_beli_seniman""]",model,klasifikasi-v1,2026-10-05T15:16:10Z
d087854d-40ba-50b7-8077-65bf58aaecfc,d0932440-31b0-5025-ab5b-f83ac95c2aea,4,0.668756486205013,"[""gaya_favorit"", ""gaya_ramai"", ""pernah_beli_seniman""]",model,klasifikasi-v1,2026-10-05T15:16:10Z
d087854d-40ba-50b7-8077-65bf58aaecfc,3f8dedef-81a9-5162-9bf4-59f3eb4eb26b,5,0.6644490596779162,"[""gaya_favorit"", ""harga_sesuai"", ""gaya_ramai"", ""pernah_beli_seniman""]",model,klasifikasi-v1,2026-10-05T15:16:10Z
d087854d-40ba-50b7-8077-65bf58aaecfc,8cb05ef6-4cf2-5ee6-9061-2889d32eed8b,6,0.6589667854110132,"[""gaya_favorit"", ""gaya_ramai"", ""pernah_beli_seniman""]",model,klasifikasi-v1,2026-10-05T15:16:10Z
d087854d-40ba-50b7-8077-65bf58aaecfc,47ed54a4-6a2e-5276-9603-36c52ea415de,7,0.6527774610936319,"[""gaya_favorit"", ""gaya_ramai"", ""pernah_beli_seniman""]",model,klasifikasi-v1,2026-10-05T15:16:10Z
d087854d-40ba-50b7-8077-65bf58aaecfc,34f160b0-2ebd-5b4b-abbf-d9e60acd2b35,8,0.6490752830064455,"[""gaya_favorit"", ""harga_sesuai"", ""gaya_ramai"", ""pernah_beli_seniman""]",model,klasifikasi-v1,2026-10-05T15:16:10Z
d087854d-40ba-50b7-8077-65bf58aaecfc,cd22a6e8-3391-53f2-9ab1-8174b63d5943,9,0.6489769066255587,"[""gaya_favorit"", ""gaya_ramai"", ""pernah_beli_seniman""]",model,klasifikasi-v1,2026-10-05T15:16:10Z
d087854d-40ba-50b7-8077-65bf58aaecfc,6fa02afc-54a1-5e3b-a9b8-477cfb40791d,10,0.6391413397915636,"[""gaya_favorit"", ""pernah_beli_seniman""]",model,klasifikasi-v1,2026-10-05T15:16:10Z
d087854d-40ba-50b7-8077-65bf58aaecfc,866197c9-41b8-58ae-af14-976c6a847c11,11,0.6337794216349554,"[""gaya_favorit"", ""gaya_ramai"", ""pernah_beli_seniman""]",model,klasifikasi-v1,2026-10-05T15:16:10Z
d087854d-40ba-50b7-8077-65bf58aaecfc,f6b44c7c-4e4b-50a2-8c28-8142c29b9ebd,12,0.6146817567339602,"[""gaya_favorit"", ""gaya_ramai"", ""pernah_beli_seniman""]",model,klasifikasi-v1,2026-10-05T15:16:10Z
d087854d-40ba-50b7-8077-65bf58aaecfc,bb245894-5ba5-5e26-b383-95d243655742,13,0.6146817567339602,"[""gaya_favorit"", ""gaya_ramai"", ""pernah_beli_seniman""]",model,klasifikasi-v1,2026-10-05T15:16:10Z
d087854d-40ba-50b7-8077-65bf58aaecfc,e296022f-e45c-5909-ac21-2cff0f53e0b2,14,0.6066405827955683,"[""gaya_favorit"", ""gaya_ramai"", ""pernah_beli_seniman""]",model,klasifikasi-v1,2026-10-05T15:16:10Z
d087854d-40ba-50b7-8077-65bf58aaecfc,ded10c02-e3db-542d-8ff2-e0ab8c159069,15,0.6022485922657136,[],model,klasifikasi-v1,2026-10-05T15:16:10Z
d087854d-40ba-50b7-8077-65bf58aaecfc,e65328c6-6fb7-5a7a-93b6-e963ece8fb44,16,0.5954310356415324,"[""gaya_favorit"", ""harga_sesuai"", ""gaya_ramai"", ""pernah_beli_seniman""]",model,klasifikasi-v1,2026-10-05T15:16:10Z
d087854d-40ba-50b7-8077-65bf58aaecfc,a3985640-5560-52fe-9d83-1a767fec8bee,17,0.5952542225044943,"[""gaya_favorit"", ""gaya_ramai"", ""pernah_beli_seniman""]",model,klasifikasi-v1,2026-10-05T15:16:10Z
d087854d-40ba-50b7-8077-65bf58aaecfc,7bff47f0-16f0-5de4-9435-5616df9279ca,18,0.593459722307355,"[""gaya_favorit"", ""pernah_beli_seniman""]",model,klasifikasi-v1,2026-10-05T15:16:10Z
d087854d-40ba-50b7-8077-65bf58aaecfc,c7d02806-7ba6-5d64-8e04-efee892cd534,19,0.592629746445246,"[""gaya_favorit"", ""gaya_ramai"", ""pernah_beli_seniman""]",model,klasifikasi-v1,2026-10-05T15:16:10Z
d087854d-40ba-50b7-8077-65bf58aaecfc,9bdbffa3-5922-5d4c-a5b3-080cfb23f84c,20,0.5909599728531735,"[""gaya_favorit"", ""harga_sesuai"", ""pernah_beli_seniman""]",model,klasifikasi-v1,2026-10-05T15:16:10Z
a0e727f2-1e54-59ea-8659-39e42162df5c,79e25e0d-2c04-5f90-9130-3f1d94125223,1,0.8165323952919319,"[""gaya_favorit"", ""seniman_naik_daun"", ""pernah_beli_seniman"", ""karya_baru""]",model,klasifikasi-v1,2026-10-05T15:16:10Z
a0e727f2-1e54-59ea-8659-39e42162df5c,df002552-8f03-5997-b452-e24a915621dd,2,0.7464663763186107,"[""gaya_favorit"", ""harga_sesuai"", ""seniman_naik_daun"", ""pernah_beli_seniman""]",model,klasifikasi-v1,2026-10-05T15:16:10Z
a0e727f2-1e54-59ea-8659-39e42162df5c,07d19c93-c674-54cb-9448-012eb1b60c3f,3,0.7422053604299468,"[""gaya_favorit"", ""seniman_naik_daun"", ""pernah_beli_seniman""]",model,klasifikasi-v1,2026-10-05T15:16:10Z
a0e727f2-1e54-59ea-8659-39e42162df5c,88258c73-bb7b-51e8-824e-bc2ca0b939b8,4,0.7415844916124152,"[""gaya_favorit"", ""harga_sesuai"", ""seniman_naik_daun"", ""pernah_beli_seniman"", ""karya_baru""]",model,klasifikasi-v1,2026-10-05T15:16:10Z
a0e727f2-1e54-59ea-8659-39e42162df5c,0bc9d34a-7f95-5dee-beb4-55f3af9b97c9,5,0.7279551331720769,"[""gaya_favorit"", ""harga_sesuai"", ""seniman_naik_daun"", ""pernah_beli_seniman""]",model,klasifikasi-v1,2026-10-05T15:16:10Z
a0e727f2-1e54-59ea-8659-39e42162df5c,2d399fc1-c809-5c2a-bdaa-6e69cefe5fb1,6,0.7075424391661491,"[""gaya_favorit"", ""seniman_naik_daun"", ""pernah_beli_seniman""]",model,klasifikasi-v1,2026-10-05T15:16:10Z
a0e727f2-1e54-59ea-8659-39e42162df5c,94afa8d0-6fca-5820-9dfe-5fb67fd9b665,7,0.6871023106093003,"[""gaya_favorit"", ""seniman_naik_daun"", ""pernah_beli_seniman""]",model,klasifikasi-v1,2026-10-05T15:16:10Z
a0e727f2-1e54-59ea-8659-39e42162df5c,0931aca3-ffbb-57aa-b84e-284c01f774f1,8,0.6863647363851525,"[""gaya_favorit"", ""harga_sesuai"", ""seniman_naik_daun"", ""pernah_beli_seniman""]",model,klasifikasi-v1,2026-10-05T15:16:10Z
a0e727f2-1e54-59ea-8659-39e42162df5c,1af0200c-a8bf-593f-8cb6-4f759b5f5ac1,9,0.6822743788360445,"[""gaya_favorit"", ""harga_sesuai"", ""seniman_naik_daun"", ""pernah_beli_seniman""]",model,klasifikasi-v1,2026-10-05T15:16:10Z
a0e727f2-1e54-59ea-8659-39e42162df5c,8d8c6d42-894a-5d83-a68b-c458ead32750,10,0.6764228753500979,"[""gaya_favorit"", ""seniman_naik_daun"", ""pernah_beli_seniman""]",model,klasifikasi-v1,2026-10-05T15:16:10Z
a0e727f2-1e54-59ea-8659-39e42162df5c,6a9a552c-870e-5cd3-b409-273d6c5865eb,11,0.6682938161131164,"[""gaya_favorit"", ""harga_sesuai"", ""seniman_naik_daun"", ""pernah_beli_seniman""]",model,klasifikasi-v1,2026-10-05T15:16:10Z
a0e727f2-1e54-59ea-8659-39e42162df5c,8856b1b5-28c4-536b-9a51-9ff06bfdbd80,12,0.6657302600631376,"[""gaya_favorit"", ""harga_sesuai"", ""seniman_naik_daun"", ""pernah_beli_seniman""]",model,klasifikasi-v1,2026-10-05T15:16:10Z
a0e727f2-1e54-59ea-8659-39e42162df5c,e4e1ce05-e95f-55ae-95fd-b46c0e364e4d,13,0.6526102392828539,"[""gaya_favorit"", ""seniman_naik_daun"", ""pernah_beli_seniman""]",model,klasifikasi-v1,2026-10-05T15:16:10Z
a0e727f2-1e54-59ea-8659-39e42162df5c,231b14d2-2e75-5193-9c40-949b484944ca,14,0.6526102392828539,"[""gaya_favorit"", ""harga_sesuai"", ""seniman_naik_daun"", ""pernah_beli_seniman""]",model,klasifikasi-v1,2026-10-05T15:16:10Z
a0e727f2-1e54-59ea-8659-39e42162df5c,854f6550-ae71-509e-859c-39396df1a99e,15,0.6374950663866149,"[""gaya_favorit"", ""harga_sesuai"", ""seniman_naik_daun"", ""pernah_beli_seniman""]",model,klasifikasi-v1,2026-10-05T15:16:10Z
a0e727f2-1e54-59ea-8659-39e42162df5c,04393ef2-a47c-5658-89fa-61d255a593b4,16,0.6106562217570317,"[""gaya_favorit"", ""harga_sesuai"", ""seniman_naik_daun"", ""pernah_beli_seniman""]",model,klasifikasi-v1,2026-10-05T15:16:10Z
a0e727f2-1e54-59ea-8659-39e42162df5c,a75ec521-369a-5e79-9b6f-f9851164e909,17,0.6086380249088319,"[""gaya_favorit""]",model,klasifikasi-v1,2026-10-05T15:16:10Z
a0e727f2-1e54-59ea-8659-39e42162df5c,9c41c05d-b958-5fe0-902f-c466d102b664,18,0.602482978564287,"[""gaya_favorit""]",model,klasifikasi-v1,2026-10-05T15:16:10Z
a0e727f2-1e54-59ea-8659-39e42162df5c,1fef09ac-2800-5df6-bb4b-93c0c3308a02,19,0.6022701981555555,"[""gaya_favorit""]",model,klasifikasi-v1,2026-10-05T15:16:10Z
a0e727f2-1e54-59ea-8659-39e42162df5c,5a1a4eef-6e5c-5c41-a684-b8d3c8592d61,20,0.5976710933373447,"[""gaya_favorit"", ""harga_sesuai"", ""seniman_naik_daun"", ""pernah_beli_seniman""]",model,klasifikasi-v1,2026-10-05T15:16:10Z
011feb48-c737-5110-960a-1bf912d84b37,05f320fb-5f39-5107-a07b-43b287844058,1,0.7561857897350546,"[""gaya_favorit"", ""harga_sesuai"", ""gaya_ramai"", ""pernah_beli_seniman""]",model,klasifikasi-v1,2026-10-05T15:16:10Z
011feb48-c737-5110-960a-1bf912d84b37,e15ac87c-418d-5877-b3de-5f27acd81302,2,0.7427517569331338,"[""gaya_favorit"", ""harga_sesuai"", ""gaya_ramai"", ""pernah_beli_seniman""]",model,klasifikasi-v1,2026-10-05T15:16:10Z
011feb48-c737-5110-960a-1bf912d84b37,866197c9-41b8-58ae-af14-976c6a847c11,3,0.726442578771898,"[""gaya_favorit"", ""harga_sesuai"", ""gaya_ramai"", ""pernah_beli_seniman""]",model,klasifikasi-v1,2026-10-05T15:16:10Z
011feb48-c737-5110-960a-1bf912d84b37,2b114701-6eaa-53bb-93f7-b655e90e143d,4,0.7248944131233838,"[""gaya_favorit"", ""gaya_ramai"", ""pernah_beli_seniman""]",model,klasifikasi-v1,2026-10-05T15:16:10Z
011feb48-c737-5110-960a-1bf912d84b37,34f160b0-2ebd-5b4b-abbf-d9e60acd2b35,5,0.7131012655509411,"[""gaya_favorit"", ""gaya_ramai"", ""pernah_beli_seniman""]",model,klasifikasi-v1,2026-10-05T15:16:10Z
011feb48-c737-5110-960a-1bf912d84b37,ab4a3c71-9387-56bc-a801-1beeee2639d7,6,0.7095449075923986,"[""gaya_favorit"", ""gaya_ramai"", ""pernah_beli_seniman""]",model,klasifikasi-v1,2026-10-05T15:16:10Z
011feb48-c737-5110-960a-1bf912d84b37,3f8dedef-81a9-5162-9bf4-59f3eb4eb26b,7,0.6988160091289563,"[""gaya_favorit"", ""gaya_ramai"", ""pernah_beli_seniman""]",model,klasifikasi-v1,2026-10-05T15:16:10Z
011feb48-c737-5110-960a-1bf912d84b37,35761db0-2c06-54dc-bda1-3a407fbac6e6,8,0.695613592604831,"[""gaya_favorit"", ""harga_sesuai"", ""gaya_ramai"", ""pernah_beli_seniman""]",model,klasifikasi-v1,2026-10-05T15:16:10Z
011feb48-c737-5110-960a-1bf912d84b37,d0932440-31b0-5025-ab5b-f83ac95c2aea,9,0.6952841447453328,"[""gaya_favorit"", ""gaya_ramai"", ""pernah_beli_seniman""]",model,klasifikasi-v1,2026-10-05T15:16:10Z
011feb48-c737-5110-960a-1bf912d84b37,d48d3793-0d94-54bf-8cd8-bd45835a8231,10,0.6944910377746133,"[""gaya_favorit"", ""gaya_ramai"", ""pernah_beli_seniman""]",model,klasifikasi-v1,2026-10-05T15:16:10Z
011feb48-c737-5110-960a-1bf912d84b37,2dc1a3d9-2af8-5aef-95bb-4580395395bd,11,0.6941046673693939,"[""gaya_favorit"", ""gaya_ramai"", ""pernah_beli_seniman""]",model,klasifikasi-v1,2026-10-05T15:16:10Z
011feb48-c737-5110-960a-1bf912d84b37,f45cab8f-3561-5397-9eb7-6764db930090,12,0.688690651685839,"[""gaya_favorit"", ""harga_sesuai"", ""gaya_ramai"", ""pernah_beli_seniman""]",model,klasifikasi-v1,2026-10-05T15:16:10Z
011feb48-c737-5110-960a-1bf912d84b37,d2b19c93-3410-5803-aea2-6ea598e91ef7,13,0.6731736309981855,"[""gaya_favorit"", ""harga_sesuai"", ""gaya_ramai"", ""pernah_beli_seniman""]",model,klasifikasi-v1,2026-10-05T15:16:10Z
011feb48-c737-5110-960a-1bf912d84b37,af387163-4059-5c28-add7-46500bfd3add,14,0.6711686504769112,"[""gaya_favorit"", ""gaya_ramai"", ""pernah_beli_seniman""]",model,klasifikasi-v1,2026-10-05T15:16:10Z
011feb48-c737-5110-960a-1bf912d84b37,833169db-d471-58fa-8abf-d93643696f4b,15,0.669518943860053,"[""gaya_favorit"", ""gaya_ramai"", ""pernah_beli_seniman""]",model,klasifikasi-v1,2026-10-05T15:16:10Z
011feb48-c737-5110-960a-1bf912d84b37,830ff9e5-41a2-5091-9bf2-1d5c5b9826f9,16,0.6668795990160147,"[""gaya_favorit"", ""gaya_ramai"", ""pernah_beli_seniman""]",model,klasifikasi-v1,2026-10-05T15:16:10Z
011feb48-c737-5110-960a-1bf912d84b37,eb44d2ea-12dc-577e-8aa5-20be6e0c9098,17,0.6648654496858789,"[""gaya_favorit"", ""harga_sesuai"", ""gaya_ramai"", ""pernah_beli_seniman""]",model,klasifikasi-v1,2026-10-05T15:16:10Z
011feb48-c737-5110-960a-1bf912d84b37,63078eef-3a0a-599e-975d-9095328eea7f,18,0.6617810736215932,"[""gaya_favorit"", ""harga_sesuai"", ""gaya_ramai"", ""pernah_beli_seniman""]",model,klasifikasi-v1,2026-10-05T15:16:10Z
011feb48-c737-5110-960a-1bf912d84b37,6f5c741f-0fc0-523d-80e7-bce5940b7e1c,19,0.6609201678841377,"[""harga_sesuai""]",model,klasifikasi-v1,2026-10-05T15:16:10Z
011feb48-c737-5110-960a-1bf912d84b37,c7d02806-7ba6-5d64-8e04-efee892cd534,20,0.6600815438453922,"[""gaya_favorit"", ""gaya_ramai"", ""pernah_beli_seniman""]",model,klasifikasi-v1,2026-10-05T15:16:10Z
cab8359d-bf2b-5fd5-ae41-0788100e71b5,6fa02afc-54a1-5e3b-a9b8-477cfb40791d,1,0.7508160114744536,"[""gaya_favorit"", ""harga_sesuai"", ""pernah_beli_seniman""]",model,klasifikasi-v1,2026-10-05T15:16:10Z
cab8359d-bf2b-5fd5-ae41-0788100e71b5,c5d03f92-aa6d-5593-928e-3b2857ad1853,2,0.7087145278957864,"[""gaya_favorit"", ""pernah_beli_seniman""]",model,klasifikasi-v1,2026-10-05T15:16:10Z
cab8359d-bf2b-5fd5-ae41-0788100e71b5,ded10c02-e3db-542d-8ff2-e0ab8c159069,3,0.6337981101620057,[],model,klasifikasi-v1,2026-10-05T15:16:10Z
cab8359d-bf2b-5fd5-ae41-0788100e71b5,9bdbffa3-5922-5d4c-a5b3-080cfb23f84c,4,0.6059913530467271,"[""gaya_favorit"", ""pernah_beli_seniman""]",model,klasifikasi-v1,2026-10-05T15:16:10Z
cab8359d-bf2b-5fd5-ae41-0788100e71b5,6ccd5319-a365-5623-8263-83aee2187374,5,0.5860402672547683,"[""gaya_favorit"", ""pernah_beli_seniman""]",model,klasifikasi-v1,2026-10-05T15:16:10Z
cab8359d-bf2b-5fd5-ae41-0788100e71b5,6c354900-b80d-56b8-8adc-7a97a366f095,6,0.575480799850397,"[""gaya_favorit""]",model,klasifikasi-v1,2026-10-05T15:16:10Z
cab8359d-bf2b-5fd5-ae41-0788100e71b5,6f5c741f-0fc0-523d-80e7-bce5940b7e1c,7,0.5629201834724744,[],model,klasifikasi-v1,2026-10-05T15:16:10Z
cab8359d-bf2b-5fd5-ae41-0788100e71b5,998d5b90-e146-544c-8f57-8d949cc3b1a0,8,0.5530137638093123,"[""gaya_favorit"", ""pernah_beli_seniman""]",model,klasifikasi-v1,2026-10-05T15:16:10Z
cab8359d-bf2b-5fd5-ae41-0788100e71b5,7bff47f0-16f0-5de4-9435-5616df9279ca,9,0.5523944373478638,"[""gaya_favorit"", ""pernah_beli_seniman""]",model,klasifikasi-v1,2026-10-05T15:16:10Z
cab8359d-bf2b-5fd5-ae41-0788100e71b5,b470e030-c7e7-53ee-942b-4ed497fbe2ea,10,0.5497000281390043,"[""gaya_favorit"", ""pernah_beli_seniman""]",model,klasifikasi-v1,2026-10-05T15:16:10Z
cab8359d-bf2b-5fd5-ae41-0788100e71b5,34f160b0-2ebd-5b4b-abbf-d9e60acd2b35,11,0.5394350889625396,"[""gaya_ramai""]",model,klasifikasi-v1,2026-10-05T15:16:10Z
cab8359d-bf2b-5fd5-ae41-0788100e71b5,1d10619f-065b-57d0-8382-fd82d2e97ef5,12,0.5265237189723285,"[""gaya_favorit"", ""pernah_beli_seniman""]",model,klasifikasi-v1,2026-10-05T15:16:10Z
cab8359d-bf2b-5fd5-ae41-0788100e71b5,2dc1a3d9-2af8-5aef-95bb-4580395395bd,13,0.5208261438937035,"[""gaya_ramai""]",model,klasifikasi-v1,2026-10-05T15:16:10Z
cab8359d-bf2b-5fd5-ae41-0788100e71b5,53d13623-0761-554d-b668-e79215702755,14,0.5197057961954044,"[""gaya_favorit""]",model,klasifikasi-v1,2026-10-05T15:16:10Z
cab8359d-bf2b-5fd5-ae41-0788100e71b5,0019ed5f-6f54-5ce4-877b-703f0717315c,15,0.5166180647171749,"[""gaya_favorit"", ""pernah_beli_seniman""]",model,klasifikasi-v1,2026-10-05T15:16:10Z
cab8359d-bf2b-5fd5-ae41-0788100e71b5,3f8dedef-81a9-5162-9bf4-59f3eb4eb26b,16,0.5157448420598586,"[""gaya_ramai""]",model,klasifikasi-v1,2026-10-05T15:16:10Z
cab8359d-bf2b-5fd5-ae41-0788100e71b5,80d6863c-4309-5881-81cd-79e0a6aa59a3,17,0.5121029793148126,[],model,klasifikasi-v1,2026-10-05T15:16:10Z
cab8359d-bf2b-5fd5-ae41-0788100e71b5,0e102d63-ff8f-5e6b-bbdc-2a5d6e668cb1,18,0.5110476522428692,[],model,klasifikasi-v1,2026-10-05T15:16:10Z
cab8359d-bf2b-5fd5-ae41-0788100e71b5,866197c9-41b8-58ae-af14-976c6a847c11,19,0.5102522774304838,"[""gaya_ramai""]",model,klasifikasi-v1,2026-10-05T15:16:10Z
cab8359d-bf2b-5fd5-ae41-0788100e71b5,556ac5bd-b36f-5124-8750-d92fefc82d2d,20,0.5092711304307324,"[""karya_baru""]",model,klasifikasi-v1,2026-10-05T15:16:10Z
598cdc17-1229-5d55-8f09-5780909cb63f,ded10c02-e3db-542d-8ff2-e0ab8c159069,1,0.7648655984616196,"[""gaya_favorit"", ""harga_sesuai"", ""pernah_beli_seniman""]",model,klasifikasi-v1,2026-10-05T15:16:10Z
598cdc17-1229-5d55-8f09-5780909cb63f,0e102d63-ff8f-5e6b-bbdc-2a5d6e668cb1,2,0.6778509392201615,"[""gaya_favorit"", ""pernah_beli_seniman""]",model,klasifikasi-v1,2026-10-05T15:16:10Z
598cdc17-1229-5d55-8f09-5780909cb63f,1b284f0a-4933-57f5-a5d9-d38488a7227c,3,0.6560734494243877,"[""gaya_favorit"", ""harga_sesuai"", ""pernah_beli_seniman""]",model,klasifikasi-v1,2026-10-05T15:16:10Z
598cdc17-1229-5d55-8f09-5780909cb63f,21d58bce-aee7-5c2c-9757-2101e0911a9e,4,0.6472500605015965,"[""gaya_favorit"", ""pernah_beli_seniman""]",model,klasifikasi-v1,2026-10-05T15:16:10Z
598cdc17-1229-5d55-8f09-5780909cb63f,7ba04b01-9924-5de2-9ea7-9d0e178b5a76,5,0.6453506213043609,"[""gaya_favorit"", ""harga_sesuai"", ""pernah_beli_seniman""]",model,klasifikasi-v1,2026-10-05T15:16:10Z
598cdc17-1229-5d55-8f09-5780909cb63f,6f5c741f-0fc0-523d-80e7-bce5940b7e1c,6,0.6337955572685788,"[""gaya_favorit"", ""pernah_beli_seniman""]",model,klasifikasi-v1,2026-10-05T15:16:10Z
598cdc17-1229-5d55-8f09-5780909cb63f,50f3106b-4608-5dec-abd4-f3513db77175,7,0.6228793192150618,"[""gaya_favorit"", ""pernah_beli_seniman""]",model,klasifikasi-v1,2026-10-05T15:16:10Z
598cdc17-1229-5d55-8f09-5780909cb63f,556ac5bd-b36f-5124-8750-d92fefc82d2d,8,0.6084223170158961,"[""pernah_beli_seniman"", ""karya_baru""]",model,klasifikasi-v1,2026-10-05T15:16:10Z
598cdc17-1229-5d55-8f09-5780909cb63f,a724961d-392c-586e-9da5-8e9342c6fd29,9,0.60580896100271,"[""harga_sesuai"", ""pernah_beli_seniman"", ""karya_baru""]",model,klasifikasi-v1,2026-10-05T15:16:10Z
598cdc17-1229-5d55-8f09-5780909cb63f,80d6863c-4309-5881-81cd-79e0a6aa59a3,10,0.6039118911348637,"[""gaya_favorit"", ""pernah_beli_seniman""]",model,klasifikasi-v1,2026-10-05T15:16:10Z
598cdc17-1229-5d55-8f09-5780909cb63f,c5d03f92-aa6d-5593-928e-3b2857ad1853,11,0.5954801847116511,[],model,klasifikasi-v1,2026-10-05T15:16:10Z
598cdc17-1229-5d55-8f09-5780909cb63f,88258c73-bb7b-51e8-824e-bc2ca0b939b8,12,0.5923357684332397,"[""seniman_naik_daun"", ""karya_baru""]",model,klasifikasi-v1,2026-10-05T15:16:10Z
598cdc17-1229-5d55-8f09-5780909cb63f,ddc6295d-239d-589a-9714-9e4d1b9fb3f9,13,0.5428315162379471,"[""harga_sesuai"", ""pernah_beli_seniman""]",model,klasifikasi-v1,2026-10-05T15:16:10Z
598cdc17-1229-5d55-8f09-5780909cb63f,376f20b3-cf69-518a-95e4-669f8fe7fe40,14,0.5344961195294042,"[""pernah_beli_seniman""]",model,klasifikasi-v1,2026-10-05T15:16:10Z
598cdc17-1229-5d55-8f09-5780909cb63f,ab4a3c71-9387-56bc-a801-1beeee2639d7,15,0.5320277035799857,"[""harga_sesuai"", ""gaya_ramai"", ""pernah_beli_seniman""]",model,klasifikasi-v1,2026-10-05T15:16:10Z
598cdc17-1229-5d55-8f09-5780909cb63f,300ebf50-b10d-5efa-8722-a252a80b4557,16,0.530219127530005,"[""harga_sesuai"", ""pernah_beli_seniman""]",model,klasifikasi-v1,2026-10-05T15:16:10Z
598cdc17-1229-5d55-8f09-5780909cb63f,af058c54-328b-50b1-aa59-1ed52ef4b398,17,0.5275511223277639,"[""harga_sesuai"", ""pernah_beli_seniman""]",model,klasifikasi-v1,2026-10-05T15:16:10Z
598cdc17-1229-5d55-8f09-5780909cb63f,f60efa69-e980-54e3-9729-e98c5f2fc78f,18,0.5130154319694967,"[""pernah_beli_seniman""]",model,klasifikasi-v1,2026-10-05T15:16:10Z
598cdc17-1229-5d55-8f09-5780909cb63f,0bc9d34a-7f95-5dee-beb4-55f3af9b97c9,19,0.5102464719087365,"[""seniman_naik_daun""]",model,klasifikasi-v1,2026-10-05T15:16:10Z
598cdc17-1229-5d55-8f09-5780909cb63f,b82ffac4-9b18-5129-bb4f-76d6267ef825,20,0.5069904528176883,"[""harga_sesuai"", ""seniman_naik_daun""]",model,klasifikasi-v1,2026-10-05T15:16:10Z
915218bb-3657-5a11-bfd2-7d216c02e86d,796ab8ac-bab7-52b6-9bdd-179cdc5b16a6,1,0.7655381916609568,"[""harga_sesuai""]",model,klasifikasi-v1,2026-10-05T15:16:10Z
915218bb-3657-5a11-bfd2-7d216c02e86d,1fe5e4ec-a2db-5ef8-a46d-3f8ffa41ebe2,2,0.7530403916836931,"[""harga_sesuai"", ""karya_baru""]",model,klasifikasi-v1,2026-10-05T15:16:10Z
915218bb-3657-5a11-bfd2-7d216c02e86d,f303778e-fffb-5010-a42b-73c993e4ecc0,3,0.7120952575540049,"[""harga_sesuai""]",model,klasifikasi-v1,2026-10-05T15:16:10Z
915218bb-3657-5a11-bfd2-7d216c02e86d,21a5e5a2-936d-55eb-afa5-8663bf78e333,4,0.6719039150695211,"[""harga_sesuai""]",model,klasifikasi-v1,2026-10-05T15:16:10Z
915218bb-3657-5a11-bfd2-7d216c02e86d,877d1b33-0a8a-5d9e-814e-1a6760c48d7a,5,0.6577039930992177,"[""harga_sesuai""]",model,klasifikasi-v1,2026-10-05T15:16:10Z
915218bb-3657-5a11-bfd2-7d216c02e86d,bf6835b6-9de9-5f5c-bdc5-8d750ee42291,6,0.6260115496197555,"[""gaya_favorit"", ""harga_sesuai""]",model,klasifikasi-v1,2026-10-05T15:16:10Z
915218bb-3657-5a11-bfd2-7d216c02e86d,ffeca52d-0e43-5b99-abd4-1fa41dc25635,7,0.605633906290084,"[""gaya_favorit"", ""pernah_beli_seniman""]",model,klasifikasi-v1,2026-10-05T15:16:10Z
915218bb-3657-5a11-bfd2-7d216c02e86d,6e7f8647-4d69-5697-b99e-494bb7890caf,8,0.6027491542805965,"[""harga_sesuai""]",model,klasifikasi-v1,2026-10-05T15:16:10Z
915218bb-3657-5a11-bfd2-7d216c02e86d,b0a47c6b-e49a-54f4-b8f4-8742e75228de,9,0.5965589330325453,"[""harga_sesuai"", ""pernah_beli_seniman""]",model,klasifikasi-v1,2026-10-05T15:16:10Z
915218bb-3657-5a11-bfd2-7d216c02e86d,ce429a3f-ec80-53ff-afb8-96599df29666,10,0.5897164327066342,"[""harga_sesuai""]",model,klasifikasi-v1,2026-10-05T15:16:10Z
915218bb-3657-5a11-bfd2-7d216c02e86d,1fed6ddc-0cf3-5652-8cbf-41581bc2834c,11,0.5792496988500972,[],model,klasifikasi-v1,2026-10-05T15:16:10Z
915218bb-3657-5a11-bfd2-7d216c02e86d,d45eb7ea-6cc1-5cac-8993-db3628a32cce,12,0.5767878588262402,[],model,klasifikasi-v1,2026-10-05T15:16:10Z
915218bb-3657-5a11-bfd2-7d216c02e86d,714f5e59-6e4e-5567-a0b5-ffdf77360b28,13,0.568786128087844,"[""harga_sesuai""]",model,klasifikasi-v1,2026-10-05T15:16:10Z
915218bb-3657-5a11-bfd2-7d216c02e86d,6a55b110-41bb-545d-aab3-c99376dafed5,14,0.566178971706152,"[""harga_sesuai""]",model,klasifikasi-v1,2026-10-05T15:16:10Z
915218bb-3657-5a11-bfd2-7d216c02e86d,3ce28b20-ef82-5f1e-9bf6-80fc312bedf3,15,0.5660964119034315,"[""harga_sesuai""]",model,klasifikasi-v1,2026-10-05T15:16:10Z
915218bb-3657-5a11-bfd2-7d216c02e86d,b15ba806-6ff3-5049-9e25-adc4256a5b4b,16,0.5611222987580881,"[""harga_sesuai""]",model,klasifikasi-v1,2026-10-05T15:16:10Z
915218bb-3657-5a11-bfd2-7d216c02e86d,79e25e0d-2c04-5f90-9130-3f1d94125223,17,0.5592469766075239,"[""seniman_naik_daun"", ""karya_baru""]",model,klasifikasi-v1,2026-10-05T15:16:10Z
915218bb-3657-5a11-bfd2-7d216c02e86d,e3c6152c-d502-5046-aefd-046a7877967c,18,0.5500420830417208,"[""harga_sesuai""]",model,klasifikasi-v1,2026-10-05T15:16:10Z
915218bb-3657-5a11-bfd2-7d216c02e86d,5a371e52-386c-5e3f-96f4-f6632dd77f3e,19,0.5498788547631619,"[""harga_sesuai""]",model,klasifikasi-v1,2026-10-05T15:16:10Z
915218bb-3657-5a11-bfd2-7d216c02e86d,8e27e456-742c-55ff-9f7f-2e3336a61858,20,0.546338792628795,"[""harga_sesuai""]",model,klasifikasi-v1,2026-10-05T15:16:10Z
0fcdaaab-0983-523a-8e1e-1c48f8e127cd,a8ac835e-5aad-57f7-aa47-99b583d02392,1,0.835082895362402,"[""gaya_favorit"", ""harga_sesuai"", ""seniman_naik_daun"", ""pernah_beli_seniman""]",model,klasifikasi-v1,2026-10-05T15:16:10Z
0fcdaaab-0983-523a-8e1e-1c48f8e127cd,79e25e0d-2c04-5f90-9130-3f1d94125223,2,0.828279027079687,"[""harga_sesuai"", ""seniman_naik_daun"", ""pernah_beli_seniman"", ""karya_baru""]",model,klasifikasi-v1,2026-10-05T15:16:10Z
0fcdaaab-0983-523a-8e1e-1c48f8e127cd,88258c73-bb7b-51e8-824e-bc2ca0b939b8,3,0.7942812423427041,"[""harga_sesuai"", ""seniman_naik_daun"", ""pernah_beli_seniman"", ""karya_baru""]",model,klasifikasi-v1,2026-10-05T15:16:10Z
0fcdaaab-0983-523a-8e1e-1c48f8e127cd,016679fd-f015-5c7e-b41e-f69d95c9d91a,4,0.7621458362066214,"[""gaya_favorit"", ""harga_sesuai"", ""seniman_naik_daun"", ""pernah_beli_seniman""]",model,klasifikasi-v1,2026-10-05T15:16:10Z
0fcdaaab-0983-523a-8e1e-1c48f8e127cd,d08e8450-729f-5c84-b7fb-cbf19ed311d1,5,0.755258076972408,"[""gaya_favorit"", ""harga_sesuai"", ""seniman_naik_daun"", ""pernah_beli_seniman""]",model,klasifikasi-v1,2026-10-05T15:16:10Z
0fcdaaab-0983-523a-8e1e-1c48f8e127cd,224ba711-c5ff-581d-be53-1872a1df84ca,6,0.7531282789188831,"[""gaya_favorit"", ""seniman_naik_daun"", ""pernah_beli_seniman""]",model,klasifikasi-v1,2026-10-05T15:16:10Z
0fcdaaab-0983-523a-8e1e-1c48f8e127cd,df002552-8f03-5997-b452-e24a915621dd,7,0.7458079262493015,"[""harga_sesuai"", ""seniman_naik_daun"", ""pernah_beli_seniman""]",model,klasifikasi-v1,2026-10-05T15:16:10Z
0fcdaaab-0983-523a-8e1e-1c48f8e127cd,07d19c93-c674-54cb-9448-012eb1b60c3f,8,0.7441963090057432,"[""harga_sesuai"", ""seniman_naik_daun"", ""pernah_beli_seniman""]",model,klasifikasi-v1,2026-10-05T15:16:10Z
0fcdaaab-0983-523a-8e1e-1c48f8e127cd,b116070e-6e10-5b4c-8bc1-f41ce97a6883,9,0.7302944114397524,"[""gaya_favorit"", ""seniman_naik_daun"", ""pernah_beli_seniman"", ""karya_baru""]",model,klasifikasi-v1,2026-10-05T15:16:10Z
0fcdaaab-0983-523a-8e1e-1c48f8e127cd,0931aca3-ffbb-57aa-b84e-284c01f774f1,10,0.7198117751156223,"[""harga_sesuai"", ""seniman_naik_daun"", ""pernah_beli_seniman""]",model,klasifikasi-v1,2026-10-05T15:16:10Z
0fcdaaab-0983-523a-8e1e-1c48f8e127cd,8856b1b5-28c4-536b-9a51-9ff06bfdbd80,11,0.7141497856051922,"[""harga_sesuai"", ""seniman_naik_daun"", ""pernah_beli_seniman""]",model,klasifikasi-v1,2026-10-05T15:16:10Z
0fcdaaab-0983-523a-8e1e-1c48f8e127cd,2d399fc1-c809-5c2a-bdaa-6e69cefe5fb1,12,0.7114585350266699,"[""harga_sesuai"", ""seniman_naik_daun"", ""pernah_beli_seniman""]",model,klasifikasi-v1,2026-10-05T15:16:10Z
0fcdaaab-0983-523a-8e1e-1c48f8e127cd,c706bcb6-4b50-5c7c-95b6-cf08cee6e0bd,13,0.7004301753739723,"[""gaya_favorit"", ""harga_sesuai"", ""seniman_naik_daun"", ""pernah_beli_seniman""]",model,klasifikasi-v1,2026-10-05T15:16:10Z
0fcdaaab-0983-523a-8e1e-1c48f8e127cd,854f6550-ae71-509e-859c-39396df1a99e,14,0.6926802968800501,"[""harga_sesuai"", ""seniman_naik_daun"", ""pernah_beli_seniman""]",model,klasifikasi-v1,2026-10-05T15:16:10Z
0fcdaaab-0983-523a-8e1e-1c48f8e127cd,94afa8d0-6fca-5820-9dfe-5fb67fd9b665,15,0.6911726419365347,"[""harga_sesuai"", ""seniman_naik_daun"", ""pernah_beli_seniman""]",model,klasifikasi-v1,2026-10-05T15:16:10Z
0fcdaaab-0983-523a-8e1e-1c48f8e127cd,6a9a552c-870e-5cd3-b409-273d6c5865eb,16,0.6899452848495152,"[""harga_sesuai"", ""seniman_naik_daun"", ""pernah_beli_seniman""]",model,klasifikasi-v1,2026-10-05T15:16:10Z
0fcdaaab-0983-523a-8e1e-1c48f8e127cd,1af0200c-a8bf-593f-8cb6-4f759b5f5ac1,17,0.6698461377814894,"[""seniman_naik_daun"", ""pernah_beli_seniman""]",model,klasifikasi-v1,2026-10-05T15:16:10Z
0fcdaaab-0983-523a-8e1e-1c48f8e127cd,8d8c6d42-894a-5d83-a68b-c458ead32750,18,0.6654453585481007,"[""harga_sesuai"", ""seniman_naik_daun"", ""pernah_beli_seniman""]",model,klasifikasi-v1,2026-10-05T15:16:10Z
0fcdaaab-0983-523a-8e1e-1c48f8e127cd,0bc9d34a-7f95-5dee-beb4-55f3af9b97c9,19,0.6636369618730469,"[""seniman_naik_daun"", ""pernah_beli_seniman""]",model,klasifikasi-v1,2026-10-05T15:16:10Z
0fcdaaab-0983-523a-8e1e-1c48f8e127cd,1fe5e4ec-a2db-5ef8-a46d-3f8ffa41ebe2,20,0.6512753364416727,"[""pernah_beli_seniman"", ""karya_baru""]",model,klasifikasi-v1,2026-10-05T15:16:10Z
7b4d85c8-868f-5ea4-8316-f36e9a7e06c4,88258c73-bb7b-51e8-824e-bc2ca0b939b8,1,0.7446461619738372,"[""seniman_naik_daun"", ""pernah_beli_seniman"", ""karya_baru""]",model,klasifikasi-v1,2026-10-05T15:16:10Z
7b4d85c8-868f-5ea4-8316-f36e9a7e06c4,b82ffac4-9b18-5129-bb4f-76d6267ef825,2,0.7311806560289206,"[""harga_sesuai"", ""seniman_naik_daun"", ""pernah_beli_seniman""]",model,klasifikasi-v1,2026-10-05T15:16:10Z
7b4d85c8-868f-5ea4-8316-f36e9a7e06c4,0bc9d34a-7f95-5dee-beb4-55f3af9b97c9,3,0.7021333451342846,"[""seniman_naik_daun"", ""pernah_beli_seniman""]",model,klasifikasi-v1,2026-10-05T15:16:10Z
7b4d85c8-868f-5ea4-8316-f36e9a7e06c4,1af0200c-a8bf-593f-8cb6-4f759b5f5ac1,4,0.68810203004285,"[""seniman_naik_daun"", ""pernah_beli_seniman""]",model,klasifikasi-v1,2026-10-05T15:16:10Z
7b4d85c8-868f-5ea4-8316-f36e9a7e06c4,e4e1ce05-e95f-55ae-95fd-b46c0e364e4d,5,0.6834951854454246,"[""seniman_naik_daun"", ""pernah_beli_seniman""]",model,klasifikasi-v1,2026-10-05T15:16:10Z
7b4d85c8-868f-5ea4-8316-f36e9a7e06c4,a724961d-392c-586e-9da5-8e9342c6fd29,6,0.6627135120860772,"[""pernah_beli_seniman"", ""karya_baru""]",model,klasifikasi-v1,2026-10-05T15:16:10Z
7b4d85c8-868f-5ea4-8316-f36e9a7e06c4,231b14d2-2e75-5193-9c40-949b484944ca,7,0.6587098149366818,"[""seniman_naik_daun"", ""pernah_beli_seniman""]",model,klasifikasi-v1,2026-10-05T15:16:10Z
7b4d85c8-868f-5ea4-8316-f36e9a7e06c4,df002552-8f03-5997-b452-e24a915621dd,8,0.6536541729976193,"[""seniman_naik_daun"", ""pernah_beli_seniman""]",model,klasifikasi-v1,2026-10-05T15:16:10Z
7b4d85c8-868f-5ea4-8316-f36e9a7e06c4,556ac5bd-b36f-5124-8750-d92fefc82d2d,9,0.6380379591561826,"[""pernah_beli_seniman"", ""karya_baru""]",model,klasifikasi-v1,2026-10-05T15:16:10Z
7b4d85c8-868f-5ea4-8316-f36e9a7e06c4,79e25e0d-2c04-5f90-9130-3f1d94125223,10,0.6356794200182971,"[""seniman_naik_daun"", ""pernah_beli_seniman"", ""karya_baru""]",model,klasifikasi-v1,2026-10-05T15:16:10Z
7b4d85c8-868f-5ea4-8316-f36e9a7e06c4,ddc6295d-239d-589a-9714-9e4d1b9fb3f9,11,0.6138975603177323,"[""harga_sesuai"", ""pernah_beli_seniman""]",model,klasifikasi-v1,2026-10-05T15:16:10Z
7b4d85c8-868f-5ea4-8316-f36e9a7e06c4,c5d03f92-aa6d-5593-928e-3b2857ad1853,12,0.6046026484804549,"[""gaya_favorit"", ""pernah_beli_seniman""]",model,klasifikasi-v1,2026-10-05T15:16:10Z
7b4d85c8-868f-5ea4-8316-f36e9a7e06c4,300ebf50-b10d-5efa-8722-a252a80b4557,13,0.5995349508384656,"[""harga_sesuai"", ""pernah_beli_seniman""]",model,klasifikasi-v1,2026-10-05T15:16:10Z
7b4d85c8-868f-5ea4-8316-f36e9a7e06c4,8856b1b5-28c4-536b-9a51-9ff06bfdbd80,14,0.584315313863085,"[""seniman_naik_daun"", ""pernah_beli_seniman""]",model,klasifikasi-v1,2026-10-05T15:16:10Z
7b4d85c8-868f-5ea4-8316-f36e9a7e06c4,376f20b3-cf69-518a-95e4-669f8fe7fe40,15,0.5828286016645905,"[""pernah_beli_seniman""]",model,klasifikasi-v1,2026-10-05T15:16:10Z
7b4d85c8-868f-5ea4-8316-f36e9a7e06c4,ded10c02-e3db-542d-8ff2-e0ab8c159069,16,0.5826260873564273,"[""harga_sesuai"", ""pernah_beli_seniman""]",model,klasifikasi-v1,2026-10-05T15:16:10Z
7b4d85c8-868f-5ea4-8316-f36e9a7e06c4,af058c54-328b-50b1-aa59-1ed52ef4b398,17,0.5800038935063124,"[""harga_sesuai"", ""pernah_beli_seniman""]",model,klasifikasi-v1,2026-10-05T15:16:10Z
7b4d85c8-868f-5ea4-8316-f36e9a7e06c4,0242a481-31c2-55aa-92b4-ebebc6011a7c,18,0.5792587044475666,"[""pernah_beli_seniman""]",model,klasifikasi-v1,2026-10-05T15:16:10Z
7b4d85c8-868f-5ea4-8316-f36e9a7e06c4,f60efa69-e980-54e3-9729-e98c5f2fc78f,19,0.5717844005836258,"[""pernah_beli_seniman""]",model,klasifikasi-v1,2026-10-05T15:16:10Z
7b4d85c8-868f-5ea4-8316-f36e9a7e06c4,b93ca27f-2a5c-5964-a7c6-97f8d7bd6529,20,0.5655811992526985,"[""harga_sesuai"", ""pernah_beli_seniman""]",model,klasifikasi-v1,2026-10-05T15:16:10Z
b4e13e44-297b-50b1-9462-4de4a9df9d7c,79e25e0d-2c04-5f90-9130-3f1d94125223,1,0.6978146690961867,"[""harga_sesuai"", ""seniman_naik_daun"", ""karya_baru""]",model,klasifikasi-v1,2026-10-05T15:16:10Z
b4e13e44-297b-50b1-9462-4de4a9df9d7c,88258c73-bb7b-51e8-824e-bc2ca0b939b8,2,0.6717954171052666,"[""harga_sesuai"", ""seniman_naik_daun"", ""karya_baru""]",model,klasifikasi-v1,2026-10-05T15:16:10Z
b4e13e44-297b-50b1-9462-4de4a9df9d7c,df002552-8f03-5997-b452-e24a915621dd,3,0.6212644280127739,"[""harga_sesuai"", ""seniman_naik_daun""]",model,klasifikasi-v1,2026-10-05T15:16:10Z
b4e13e44-297b-50b1-9462-4de4a9df9d7c,8bfc1f4d-519c-5412-8e3e-9b7ad4729b26,4,0.6099018132627364,"[""gaya_favorit"", ""seniman_naik_daun"", ""gaya_ramai""]",model,klasifikasi-v1,2026-10-05T15:16:10Z
b4e13e44-297b-50b1-9462-4de4a9df9d7c,6668aaa3-cf17-5996-8538-ab41cc230eab,5,0.589806316755439,"[""gaya_favorit"", ""harga_sesuai"", ""gaya_ramai"", ""pernah_beli_seniman""]",model,klasifikasi-v1,2026-10-05T15:16:10Z
b4e13e44-297b-50b1-9462-4de4a9df9d7c,8856b1b5-28c4-536b-9a51-9ff06bfdbd80,6,0.5868679835840644,"[""harga_sesuai"", ""seniman_naik_daun""]",model,klasifikasi-v1,2026-10-05T15:16:10Z
b4e13e44-297b-50b1-9462-4de4a9df9d7c,0fa48617-95fc-5cfc-84dd-53e4416600eb,7,0.5866566766365706,"[""gaya_favorit"", ""gaya_ramai""]",model,klasifikasi-v1,2026-10-05T15:16:10Z
b4e13e44-297b-50b1-9462-4de4a9df9d7c,57484960-cbe1-544b-94b3-2f911835d343,8,0.5853850773884187,"[""gaya_favorit"", ""harga_sesuai"", ""gaya_ramai""]",model,klasifikasi-v1,2026-10-05T15:16:10Z
b4e13e44-297b-50b1-9462-4de4a9df9d7c,9ee5532a-4517-5110-ae74-b2a3048fea09,9,0.5753991862334613,"[""gaya_favorit"", ""gaya_ramai""]",model,klasifikasi-v1,2026-10-05T15:16:10Z
b4e13e44-297b-50b1-9462-4de4a9df9d7c,07d19c93-c674-54cb-9448-012eb1b60c3f,10,0.5750546953176875,"[""harga_sesuai"", ""seniman_naik_daun""]",model,klasifikasi-v1,2026-10-05T15:16:10Z
b4e13e44-297b-50b1-9462-4de4a9df9d7c,2d399fc1-c809-5c2a-bdaa-6e69cefe5fb1,11,0.5678810045504457,"[""seniman_naik_daun""]",model,klasifikasi-v1,2026-10-05T15:16:10Z
b4e13e44-297b-50b1-9462-4de4a9df9d7c,987e9b9d-f4c6-5ce1-ac8c-5ef271e2ae33,12,0.5670948758408173,"[""gaya_favorit"", ""harga_sesuai"", ""gaya_ramai""]",model,klasifikasi-v1,2026-10-05T15:16:10Z
b4e13e44-297b-50b1-9462-4de4a9df9d7c,6a9a552c-870e-5cd3-b409-273d6c5865eb,13,0.5611427911221994,"[""harga_sesuai"", ""seniman_naik_daun""]",model,klasifikasi-v1,2026-10-05T15:16:10Z
b4e13e44-297b-50b1-9462-4de4a9df9d7c,0bc9d34a-7f95-5dee-beb4-55f3af9b97c9,14,0.5603462570352408,"[""harga_sesuai"", ""seniman_naik_daun""]",model,klasifikasi-v1,2026-10-05T15:16:10Z
b4e13e44-297b-50b1-9462-4de4a9df9d7c,c67cff2a-590f-52c2-9fdd-17734dcd647a,15,0.5597455512553423,"[""gaya_favorit"", ""harga_sesuai"", ""gaya_ramai"", ""pernah_beli_seniman""]",model,klasifikasi-v1,2026-10-05T15:16:10Z
b4e13e44-297b-50b1-9462-4de4a9df9d7c,a8ac835e-5aad-57f7-aa47-99b583d02392,16,0.5551849348957678,"[""seniman_naik_daun""]",model,klasifikasi-v1,2026-10-05T15:16:10Z
b4e13e44-297b-50b1-9462-4de4a9df9d7c,1af0200c-a8bf-593f-8cb6-4f759b5f5ac1,17,0.5503993607233281,"[""harga_sesuai"", ""seniman_naik_daun""]",model,klasifikasi-v1,2026-10-05T15:16:10Z
b4e13e44-297b-50b1-9462-4de4a9df9d7c,1fe5e4ec-a2db-5ef8-a46d-3f8ffa41ebe2,18,0.5415763028998544,"[""karya_baru""]",model,klasifikasi-v1,2026-10-05T15:16:10Z
b4e13e44-297b-50b1-9462-4de4a9df9d7c,8532f4de-facb-5676-975c-9866ebdd8247,19,0.5406630590053081,"[""gaya_favorit"", ""harga_sesuai"", ""seniman_naik_daun"", ""gaya_ramai""]",model,klasifikasi-v1,2026-10-05T15:16:10Z
b4e13e44-297b-50b1-9462-4de4a9df9d7c,224ba711-c5ff-581d-be53-1872a1df84ca,20,0.5378792607035625,"[""harga_sesuai"", ""seniman_naik_daun""]",model,klasifikasi-v1,2026-10-05T15:16:10Z
4d585877-2c17-5012-8f6e-09593a947064,c5d03f92-aa6d-5593-928e-3b2857ad1853,1,0.8169105932053194,"[""gaya_favorit"", ""harga_sesuai"", ""pernah_beli_seniman""]",model,klasifikasi-v1,2026-10-05T15:16:10Z
4d585877-2c17-5012-8f6e-09593a947064,998d5b90-e146-544c-8f57-8d949cc3b1a0,2,0.7786429738245783,"[""gaya_favorit"", ""pernah_beli_seniman""]",model,klasifikasi-v1,2026-10-05T15:16:10Z
4d585877-2c17-5012-8f6e-09593a947064,9bdbffa3-5922-5d4c-a5b3-080cfb23f84c,3,0.7628153855375743,"[""gaya_favorit"", ""harga_sesuai"", ""pernah_beli_seniman""]",model,klasifikasi-v1,2026-10-05T15:16:10Z
4d585877-2c17-5012-8f6e-09593a947064,6ccd5319-a365-5623-8263-83aee2187374,4,0.7608504623103937,"[""gaya_favorit"", ""pernah_beli_seniman""]",model,klasifikasi-v1,2026-10-05T15:16:10Z
4d585877-2c17-5012-8f6e-09593a947064,7bff47f0-16f0-5de4-9435-5616df9279ca,5,0.7575973685832971,"[""gaya_favorit"", ""pernah_beli_seniman""]",model,klasifikasi-v1,2026-10-05T15:16:10Z
4d585877-2c17-5012-8f6e-09593a947064,8a247c64-cda5-5c99-9be2-94998d4b1275,6,0.7215723086897597,"[""harga_sesuai"", ""pernah_beli_seniman""]",model,klasifikasi-v1,2026-10-05T15:16:10Z
4d585877-2c17-5012-8f6e-09593a947064,1d10619f-065b-57d0-8382-fd82d2e97ef5,7,0.7142105722341937,"[""gaya_favorit"", ""harga_sesuai"", ""pernah_beli_seniman""]",model,klasifikasi-v1,2026-10-05T15:16:10Z
4d585877-2c17-5012-8f6e-09593a947064,653fc4b1-75f3-5eac-afe6-586c962be798,8,0.7118091123734073,"[""pernah_beli_seniman""]",model,klasifikasi-v1,2026-10-05T15:16:10Z
4d585877-2c17-5012-8f6e-09593a947064,a6c80043-8c7f-50af-b91c-091f153d3eba,9,0.7067377256031376,"[""harga_sesuai"", ""pernah_beli_seniman""]",model,klasifikasi-v1,2026-10-05T15:16:10Z
4d585877-2c17-5012-8f6e-09593a947064,7ed552db-962e-5e78-a1a4-2d32fefa1f0c,10,0.6477839345673655,"[""harga_sesuai"", ""pernah_beli_seniman""]",model,klasifikasi-v1,2026-10-05T15:16:10Z
4d585877-2c17-5012-8f6e-09593a947064,ded10c02-e3db-542d-8ff2-e0ab8c159069,11,0.6450464557011926,[],model,klasifikasi-v1,2026-10-05T15:16:10Z
4d585877-2c17-5012-8f6e-09593a947064,5ab09023-1f78-582e-83e8-ae95a0e3eec9,12,0.6384103086794197,"[""harga_sesuai"", ""pernah_beli_seniman""]",model,klasifikasi-v1,2026-10-05T15:16:10Z
4d585877-2c17-5012-8f6e-09593a947064,6c354900-b80d-56b8-8adc-7a97a366f095,13,0.638304366633121,"[""gaya_favorit"", ""harga_sesuai"", ""pernah_beli_seniman""]",model,klasifikasi-v1,2026-10-05T15:16:10Z
4d585877-2c17-5012-8f6e-09593a947064,2693b62a-7ed0-56ef-a511-0bb356e0e009,14,0.614917670153431,"[""harga_sesuai"", ""pernah_beli_seniman""]",model,klasifikasi-v1,2026-10-05T15:16:10Z
4d585877-2c17-5012-8f6e-09593a947064,a724961d-392c-586e-9da5-8e9342c6fd29,15,0.613743479144463,"[""pernah_beli_seniman"", ""karya_baru""]",model,klasifikasi-v1,2026-10-05T15:16:10Z
4d585877-2c17-5012-8f6e-09593a947064,6f5c741f-0fc0-523d-80e7-bce5940b7e1c,16,0.6056978392870925,[],model,klasifikasi-v1,2026-10-05T15:16:10Z
4d585877-2c17-5012-8f6e-09593a947064,1c18f330-e3a0-5c45-8b4a-4340319c6f6b,17,0.5814592643005667,"[""pernah_beli_seniman""]",model,klasifikasi-v1,2026-10-05T15:16:10Z
4d585877-2c17-5012-8f6e-09593a947064,80d6863c-4309-5881-81cd-79e0a6aa59a3,18,0.5778653294257821,"[""harga_sesuai""]",model,klasifikasi-v1,2026-10-05T15:16:10Z
4d585877-2c17-5012-8f6e-09593a947064,3d61eac2-6d83-5347-9d59-799ac69edc5a,19,0.5729985697449561,"[""pernah_beli_seniman""]",model,klasifikasi-v1,2026-10-05T15:16:10Z
4d585877-2c17-5012-8f6e-09593a947064,6fa02afc-54a1-5e3b-a9b8-477cfb40791d,20,0.55024486852135,"[""harga_sesuai"", ""pernah_beli_seniman""]",model,klasifikasi-v1,2026-10-05T15:16:10Z
f1527868-08c6-59b1-b743-9e223ef23330,a8ac835e-5aad-57f7-aa47-99b583d02392,1,0.8076994665108929,"[""gaya_favorit"", ""seniman_naik_daun""]",model,klasifikasi-v1,2026-10-05T15:16:10Z
f1527868-08c6-59b1-b743-9e223ef23330,79e25e0d-2c04-5f90-9130-3f1d94125223,2,0.7271868768304526,"[""harga_sesuai"", ""seniman_naik_daun"", ""karya_baru""]",model,klasifikasi-v1,2026-10-05T15:16:10Z
f1527868-08c6-59b1-b743-9e223ef23330,224ba711-c5ff-581d-be53-1872a1df84ca,3,0.7240623682830885,"[""gaya_favorit"", ""harga_sesuai"", ""seniman_naik_daun""]",model,klasifikasi-v1,2026-10-05T15:16:10Z
f1527868-08c6-59b1-b743-9e223ef23330,016679fd-f015-5c7e-b41e-f69d95c9d91a,4,0.7209442182610427,"[""gaya_favorit"", ""harga_sesuai"", ""seniman_naik_daun""]",model,klasifikasi-v1,2026-10-05T15:16:10Z
f1527868-08c6-59b1-b743-9e223ef23330,d08e8450-729f-5c84-b7fb-cbf19ed311d1,5,0.7161937161297973,"[""gaya_favorit"", ""harga_sesuai"", ""seniman_naik_daun"", ""pernah_beli_seniman""]",model,klasifikasi-v1,2026-10-05T15:16:10Z
f1527868-08c6-59b1-b743-9e223ef23330,b116070e-6e10-5b4c-8bc1-f41ce97a6883,6,0.6845526653664532,"[""gaya_favorit"", ""seniman_naik_daun"", ""pernah_beli_seniman"", ""karya_baru""]",model,klasifikasi-v1,2026-10-05T15:16:10Z
f1527868-08c6-59b1-b743-9e223ef23330,88258c73-bb7b-51e8-824e-bc2ca0b939b8,7,0.6698049371646894,"[""harga_sesuai"", ""seniman_naik_daun"", ""karya_baru""]",model,klasifikasi-v1,2026-10-05T15:16:10Z
f1527868-08c6-59b1-b743-9e223ef23330,c706bcb6-4b50-5c7c-95b6-cf08cee6e0bd,8,0.6538718696670093,"[""gaya_favorit"", ""harga_sesuai"", ""seniman_naik_daun"", ""pernah_beli_seniman""]",model,klasifikasi-v1,2026-10-05T15:16:10Z
f1527868-08c6-59b1-b743-9e223ef23330,df002552-8f03-5997-b452-e24a915621dd,9,0.6207325661104699,"[""harga_sesuai"", ""seniman_naik_daun""]",model,klasifikasi-v1,2026-10-05T15:16:10Z
f1527868-08c6-59b1-b743-9e223ef23330,07d19c93-c674-54cb-9448-012eb1b60c3f,10,0.6096849503398952,"[""harga_sesuai"", ""seniman_naik_daun""]",model,klasifikasi-v1,2026-10-05T15:16:10Z
f1527868-08c6-59b1-b743-9e223ef23330,0bc9d34a-7f95-5dee-beb4-55f3af9b97c9,11,0.6000192659759304,"[""harga_sesuai"", ""seniman_naik_daun""]",model,klasifikasi-v1,2026-10-05T15:16:10Z
f1527868-08c6-59b1-b743-9e223ef23330,2d399fc1-c809-5c2a-bdaa-6e69cefe5fb1,12,0.5937318703407352,"[""harga_sesuai"", ""seniman_naik_daun""]",model,klasifikasi-v1,2026-10-05T15:16:10Z
f1527868-08c6-59b1-b743-9e223ef23330,8856b1b5-28c4-536b-9a51-9ff06bfdbd80,13,0.5846808638836818,"[""harga_sesuai"", ""seniman_naik_daun""]",model,klasifikasi-v1,2026-10-05T15:16:10Z
f1527868-08c6-59b1-b743-9e223ef23330,1fe5e4ec-a2db-5ef8-a46d-3f8ffa41ebe2,14,0.5671454603020553,"[""karya_baru""]",model,klasifikasi-v1,2026-10-05T15:16:10Z
f1527868-08c6-59b1-b743-9e223ef23330,49c62221-8e30-57aa-89b1-b313a4f7e5b8,15,0.5627382634504782,[],model,klasifikasi-v1,2026-10-05T15:16:10Z
f1527868-08c6-59b1-b743-9e223ef23330,a3dfd416-62c6-5cdf-9ee4-e82226d12fdc,16,0.561169735769412,"[""harga_sesuai""]",model,klasifikasi-v1,2026-10-05T15:16:10Z
f1527868-08c6-59b1-b743-9e223ef23330,6a9a552c-870e-5cd3-b409-273d6c5865eb,17,0.5605862158518535,"[""harga_sesuai"", ""seniman_naik_daun""]",model,klasifikasi-v1,2026-10-05T15:16:10Z
f1527868-08c6-59b1-b743-9e223ef23330,0931aca3-ffbb-57aa-b84e-284c01f774f1,18,0.5556955891477079,"[""harga_sesuai"", ""seniman_naik_daun""]",model,klasifikasi-v1,2026-10-05T15:16:10Z
f1527868-08c6-59b1-b743-9e223ef23330,fd36ce1f-b940-538e-8eb0-451813c8566d,19,0.5513837577954003,"[""gaya_favorit"", ""harga_sesuai"", ""pernah_beli_seniman""]",model,klasifikasi-v1,2026-10-05T15:16:10Z
f1527868-08c6-59b1-b743-9e223ef23330,f65ec0d2-a533-5a7e-b1c3-9b7a40f965ce,20,0.5495386118451416,[],model,klasifikasi-v1,2026-10-05T15:16:10Z
93c33139-3007-5725-9eff-41db7823137a,6fa02afc-54a1-5e3b-a9b8-477cfb40791d,1,0.8330832455709848,"[""gaya_favorit"", ""harga_sesuai"", ""pernah_beli_seniman""]",model,klasifikasi-v1,2026-10-05T15:16:10Z
93c33139-3007-5725-9eff-41db7823137a,653fc4b1-75f3-5eac-afe6-586c962be798,2,0.7491266388690034,"[""gaya_favorit"", ""pernah_beli_seniman""]",model,klasifikasi-v1,2026-10-05T15:16:10Z
93c33139-3007-5725-9eff-41db7823137a,3d61eac2-6d83-5347-9d59-799ac69edc5a,3,0.7304905533166987,"[""gaya_favorit"", ""pernah_beli_seniman""]",model,klasifikasi-v1,2026-10-05T15:16:10Z
93c33139-3007-5725-9eff-41db7823137a,8a247c64-cda5-5c99-9be2-94998d4b1275,4,0.7262291728668432,"[""gaya_favorit"", ""harga_sesuai"", ""pernah_beli_seniman""]",model,klasifikasi-v1,2026-10-05T15:16:10Z
93c33139-3007-5725-9eff-41db7823137a,7ed552db-962e-5e78-a1a4-2d32fefa1f0c,5,0.7193407259387112,"[""gaya_favorit"", ""harga_sesuai"", ""pernah_beli_seniman""]",model,klasifikasi-v1,2026-10-05T15:16:10Z
93c33139-3007-5725-9eff-41db7823137a,b470e030-c7e7-53ee-942b-4ed497fbe2ea,6,0.6919552173562161,"[""gaya_favorit"", ""pernah_beli_seniman""]",model,klasifikasi-v1,2026-10-05T15:16:10Z
93c33139-3007-5725-9eff-41db7823137a,a6c80043-8c7f-50af-b91c-091f153d3eba,7,0.6748811393615902,"[""gaya_favorit"", ""pernah_beli_seniman""]",model,klasifikasi-v1,2026-10-05T15:16:10Z
93c33139-3007-5725-9eff-41db7823137a,2693b62a-7ed0-56ef-a511-0bb356e0e009,8,0.6676521368070081,"[""gaya_favorit"", ""harga_sesuai"", ""pernah_beli_seniman""]",model,klasifikasi-v1,2026-10-05T15:16:10Z
93c33139-3007-5725-9eff-41db7823137a,72ddb5bd-c130-58fb-8657-ea12f7cd200f,9,0.6448970487550639,"[""gaya_favorit""]",model,klasifikasi-v1,2026-10-05T15:16:10Z
93c33139-3007-5725-9eff-41db7823137a,5ab09023-1f78-582e-83e8-ae95a0e3eec9,10,0.6411206054096692,"[""gaya_favorit"", ""pernah_beli_seniman""]",model,klasifikasi-v1,2026-10-05T15:16:10Z
93c33139-3007-5725-9eff-41db7823137a,0019ed5f-6f54-5ce4-877b-703f0717315c,11,0.6236122708673745,"[""gaya_favorit"", ""pernah_beli_seniman""]",model,klasifikasi-v1,2026-10-05T15:16:10Z
93c33139-3007-5725-9eff-41db7823137a,a724961d-392c-586e-9da5-8e9342c6fd29,12,0.6085300397268809,"[""karya_baru""]",model,klasifikasi-v1,2026-10-05T15:16:10Z
93c33139-3007-5725-9eff-41db7823137a,16545722-15c8-55bc-b78b-f46c0496a505,13,0.5972164480014479,"[""gaya_favorit"", ""pernah_beli_seniman""]",model,klasifikasi-v1,2026-10-05T15:16:10Z
93c33139-3007-5725-9eff-41db7823137a,ab56a64c-b79d-5092-8002-0652f839ad06,14,0.583043977615466,"[""gaya_favorit"", ""pernah_beli_seniman""]",model,klasifikasi-v1,2026-10-05T15:16:10Z
93c33139-3007-5725-9eff-41db7823137a,6f5c741f-0fc0-523d-80e7-bce5940b7e1c,15,0.5613755191264941,"[""harga_sesuai""]",model,klasifikasi-v1,2026-10-05T15:16:10Z
93c33139-3007-5725-9eff-41db7823137a,1c18f330-e3a0-5c45-8b4a-4340319c6f6b,16,0.549964570065783,"[""gaya_favorit"", ""pernah_beli_seniman""]",model,klasifikasi-v1,2026-10-05T15:16:10Z
93c33139-3007-5725-9eff-41db7823137a,556ac5bd-b36f-5124-8750-d92fefc82d2d,17,0.535947118970354,"[""harga_sesuai"", ""karya_baru""]",model,klasifikasi-v1,2026-10-05T15:16:10Z
93c33139-3007-5725-9eff-41db7823137a,80d6863c-4309-5881-81cd-79e0a6aa59a3,18,0.5257547557692238,"[""harga_sesuai""]",model,klasifikasi-v1,2026-10-05T15:16:10Z
93c33139-3007-5725-9eff-41db7823137a,e190f16b-1166-5132-9fba-89df2753bcd5,19,0.5222139159732673,"[""gaya_favorit"", ""pernah_beli_seniman""]",model,klasifikasi-v1,2026-10-05T15:16:10Z
93c33139-3007-5725-9eff-41db7823137a,ded10c02-e3db-542d-8ff2-e0ab8c159069,20,0.4993901705859732,[],model,klasifikasi-v1,2026-10-05T15:16:10Z
f625153e-a631-5477-afc5-ce1bf32872fe,c5d03f92-aa6d-5593-928e-3b2857ad1853,1,0.7506809532549342,"[""gaya_favorit"", ""pernah_beli_seniman""]",model,klasifikasi-v1,2026-10-05T15:16:10Z
f625153e-a631-5477-afc5-ce1bf32872fe,6c354900-b80d-56b8-8adc-7a97a366f095,2,0.6319285222695727,"[""gaya_favorit"", ""pernah_beli_seniman""]",model,klasifikasi-v1,2026-10-05T15:16:10Z
f625153e-a631-5477-afc5-ce1bf32872fe,ded10c02-e3db-542d-8ff2-e0ab8c159069,3,0.6094753781161495,"[""harga_sesuai"", ""pernah_beli_seniman""]",model,klasifikasi-v1,2026-10-05T15:16:10Z
f625153e-a631-5477-afc5-ce1bf32872fe,1b284f0a-4933-57f5-a5d9-d38488a7227c,4,0.6015358951404096,"[""harga_sesuai"", ""pernah_beli_seniman""]",model,klasifikasi-v1,2026-10-05T15:16:10Z
f625153e-a631-5477-afc5-ce1bf32872fe,0e102d63-ff8f-5e6b-bbdc-2a5d6e668cb1,5,0.6010228265596995,"[""harga_sesuai"", ""pernah_beli_seniman""]",model,klasifikasi-v1,2026-10-05T15:16:10Z
f625153e-a631-5477-afc5-ce1bf32872fe,88258c73-bb7b-51e8-824e-bc2ca0b939b8,6,0.5983619312159799,"[""seniman_naik_daun"", ""karya_baru""]",model,klasifikasi-v1,2026-10-05T15:16:10Z
f625153e-a631-5477-afc5-ce1bf32872fe,53d13623-0761-554d-b668-e79215702755,7,0.5704454231533572,"[""gaya_favorit"", ""pernah_beli_seniman""]",model,klasifikasi-v1,2026-10-05T15:16:10Z
f625153e-a631-5477-afc5-ce1bf32872fe,6f5c741f-0fc0-523d-80e7-bce5940b7e1c,8,0.5617918510914818,"[""pernah_beli_seniman""]",model,klasifikasi-v1,2026-10-05T15:16:10Z
f625153e-a631-5477-afc5-ce1bf32872fe,224ba711-c5ff-581d-be53-1872a1df84ca,9,0.5581218793454255,"[""seniman_naik_daun""]",model,klasifikasi-v1,2026-10-05T15:16:10Z
f625153e-a631-5477-afc5-ce1bf32872fe,80d6863c-4309-5881-81cd-79e0a6aa59a3,10,0.5514342527210379,"[""pernah_beli_seniman""]",model,klasifikasi-v1,2026-10-05T15:16:10Z
f625153e-a631-5477-afc5-ce1bf32872fe,0bc9d34a-7f95-5dee-beb4-55f3af9b97c9,11,0.5426515111940224,"[""seniman_naik_daun""]",model,klasifikasi-v1,2026-10-05T15:16:10Z
f625153e-a631-5477-afc5-ce1bf32872fe,21d58bce-aee7-5c2c-9757-2101e0911a9e,12,0.5394276151283186,"[""pernah_beli_seniman""]",model,klasifikasi-v1,2026-10-05T15:16:10Z
f625153e-a631-5477-afc5-ce1bf32872fe,b82ffac4-9b18-5129-bb4f-76d6267ef825,13,0.536561011755436,"[""harga_sesuai"", ""seniman_naik_daun""]",model,klasifikasi-v1,2026-10-05T15:16:10Z
f625153e-a631-5477-afc5-ce1bf32872fe,7ba04b01-9924-5de2-9ea7-9d0e178b5a76,14,0.5308927132809047,"[""pernah_beli_seniman""]",model,klasifikasi-v1,2026-10-05T15:16:10Z
f625153e-a631-5477-afc5-ce1bf32872fe,50f3106b-4608-5dec-abd4-f3513db77175,15,0.5140996458428219,"[""harga_sesuai"", ""pernah_beli_seniman""]",model,klasifikasi-v1,2026-10-05T15:16:10Z
f625153e-a631-5477-afc5-ce1bf32872fe,3d61eac2-6d83-5347-9d59-799ac69edc5a,16,0.5111115586282916,"[""harga_sesuai""]",model,klasifikasi-v1,2026-10-05T15:16:10Z
f625153e-a631-5477-afc5-ce1bf32872fe,1af0200c-a8bf-593f-8cb6-4f759b5f5ac1,17,0.4940736633178612,"[""seniman_naik_daun""]",model,klasifikasi-v1,2026-10-05T15:16:10Z
f625153e-a631-5477-afc5-ce1bf32872fe,72ddb5bd-c130-58fb-8657-ea12f7cd200f,18,0.4820092713549508,"[""harga_sesuai"", ""pernah_beli_seniman""]",model,klasifikasi-v1,2026-10-05T15:16:10Z
f625153e-a631-5477-afc5-ce1bf32872fe,556ac5bd-b36f-5124-8750-d92fefc82d2d,19,0.48158131019526057,"[""karya_baru""]",model,klasifikasi-v1,2026-10-05T15:16:10Z
f625153e-a631-5477-afc5-ce1bf32872fe,ab56a64c-b79d-5092-8002-0652f839ad06,20,0.4797859396715962,"[""harga_sesuai""]",model,klasifikasi-v1,2026-10-05T15:16:10Z
04192cbc-635a-5fd1-9d46-7902f07963b7,1fe5e4ec-a2db-5ef8-a46d-3f8ffa41ebe2,1,0.7631364767238441,"[""harga_sesuai"", ""pernah_beli_seniman"", ""karya_baru""]",model,klasifikasi-v1,2026-10-05T15:16:10Z
04192cbc-635a-5fd1-9d46-7902f07963b7,79e25e0d-2c04-5f90-9130-3f1d94125223,2,0.7324950310207335,"[""seniman_naik_daun"", ""karya_baru""]",model,klasifikasi-v1,2026-10-05T15:16:10Z
04192cbc-635a-5fd1-9d46-7902f07963b7,796ab8ac-bab7-52b6-9bdd-179cdc5b16a6,3,0.6898125107007332,"[""harga_sesuai"", ""pernah_beli_seniman""]",model,klasifikasi-v1,2026-10-05T15:16:10Z
04192cbc-635a-5fd1-9d46-7902f07963b7,1fef09ac-2800-5df6-bb4b-93c0c3308a02,4,0.6775512368631307,"[""pernah_beli_seniman""]",model,klasifikasi-v1,2026-10-05T15:16:10Z
04192cbc-635a-5fd1-9d46-7902f07963b7,d45eb7ea-6cc1-5cac-8993-db3628a32cce,5,0.6756927100369264,"[""harga_sesuai"", ""pernah_beli_seniman""]",model,klasifikasi-v1,2026-10-05T15:16:10Z
04192cbc-635a-5fd1-9d46-7902f07963b7,ce6de445-6dd8-5fe3-bc3b-7011fd44d80b,6,0.6424442230794986,"[""harga_sesuai"", ""pernah_beli_seniman""]",model,klasifikasi-v1,2026-10-05T15:16:10Z
04192cbc-635a-5fd1-9d46-7902f07963b7,64de7a06-8f63-5e8e-b4c7-532b0a72e424,7,0.6417170575146005,"[""pernah_beli_seniman""]",model,klasifikasi-v1,2026-10-05T15:16:10Z
04192cbc-635a-5fd1-9d46-7902f07963b7,c7ad9b49-0ab3-5f56-bc96-86a5cff02449,8,0.6389410401182686,"[""harga_sesuai"", ""pernah_beli_seniman""]",model,klasifikasi-v1,2026-10-05T15:16:10Z
04192cbc-635a-5fd1-9d46-7902f07963b7,bfac6312-409a-54c6-bcad-796f5f689539,9,0.6388849230784389,"[""harga_sesuai"", ""pernah_beli_seniman""]",model,klasifikasi-v1,2026-10-05T15:16:10Z
04192cbc-635a-5fd1-9d46-7902f07963b7,eb58a587-23fb-5ce1-9617-ef945f2b3473,10,0.6382511991010552,"[""harga_sesuai"", ""pernah_beli_seniman""]",model,klasifikasi-v1,2026-10-05T15:16:10Z
04192cbc-635a-5fd1-9d46-7902f07963b7,07d19c93-c674-54cb-9448-012eb1b60c3f,11,0.6338314557896125,"[""seniman_naik_daun""]",model,klasifikasi-v1,2026-10-05T15:16:10Z
04192cbc-635a-5fd1-9d46-7902f07963b7,34160e4b-d84e-599f-a998-377004b6a1c5,12,0.6304932293201725,"[""harga_sesuai"", ""pernah_beli_seniman""]",model,klasifikasi-v1,2026-10-05T15:16:10Z
04192cbc-635a-5fd1-9d46-7902f07963b7,93f6d6b7-402c-549c-a89a-d7a6edcc0a63,13,0.630447492540337,"[""harga_sesuai"", ""pernah_beli_seniman""]",model,klasifikasi-v1,2026-10-05T15:16:10Z
04192cbc-635a-5fd1-9d46-7902f07963b7,9fed5426-2b68-58cc-8903-e5e059d8083a,14,0.6296309970102908,"[""harga_sesuai"", ""pernah_beli_seniman""]",model,klasifikasi-v1,2026-10-05T15:16:10Z
04192cbc-635a-5fd1-9d46-7902f07963b7,6cf680b2-63f6-5420-990b-5d58e43b86c3,15,0.6281187226816739,"[""pernah_beli_seniman""]",model,klasifikasi-v1,2026-10-05T15:16:10Z
04192cbc-635a-5fd1-9d46-7902f07963b7,7a162455-3653-5aec-88d6-6380d2d9870c,16,0.624583344179964,"[""harga_sesuai"", ""pernah_beli_seniman""]",model,klasifikasi-v1,2026-10-05T15:16:10Z
04192cbc-635a-5fd1-9d46-7902f07963b7,4ed54522-a110-5365-b35b-4c16d31aa48b,17,0.6220485872316536,"[""pernah_beli_seniman""]",model,klasifikasi-v1,2026-10-05T15:16:10Z
04192cbc-635a-5fd1-9d46-7902f07963b7,68bc2140-a44b-5f3c-9aa9-7391b56a34ab,18,0.6201350660375416,"[""harga_sesuai"", ""pernah_beli_seniman""]",model,klasifikasi-v1,2026-10-05T15:16:10Z
04192cbc-635a-5fd1-9d46-7902f07963b7,deeacde5-7269-5bce-bc8f-9c7480c60aab,19,0.6158081920490521,"[""pernah_beli_seniman""]",model,klasifikasi-v1,2026-10-05T15:16:10Z
04192cbc-635a-5fd1-9d46-7902f07963b7,5c913bcc-bf42-5d5d-bb19-844fbfaf8746,20,0.6118031729410152,"[""harga_sesuai"", ""pernah_beli_seniman""]",model,klasifikasi-v1,2026-10-05T15:16:10Z
66a4e198-2582-5bd6-888f-e2530da725b8,79e25e0d-2c04-5f90-9130-3f1d94125223,1,0.9153275327242282,"[""gaya_favorit"", ""harga_sesuai"", ""seniman_naik_daun"", ""pernah_beli_seniman"", ""karya_baru""]",model,klasifikasi-v1,2026-10-05T15:16:10Z
66a4e198-2582-5bd6-888f-e2530da725b8,df002552-8f03-5997-b452-e24a915621dd,2,0.8985357845249929,"[""gaya_favorit"", ""harga_sesuai"", ""seniman_naik_daun"", ""pernah_beli_seniman""]",model,klasifikasi-v1,2026-10-05T15:16:10Z
66a4e198-2582-5bd6-888f-e2530da725b8,88258c73-bb7b-51e8-824e-bc2ca0b939b8,3,0.8881088848752124,"[""gaya_favorit"", ""harga_sesuai"", ""seniman_naik_daun"", ""pernah_beli_seniman"", ""karya_baru""]",model,klasifikasi-v1,2026-10-05T15:16:10Z
66a4e198-2582-5bd6-888f-e2530da725b8,07d19c93-c674-54cb-9448-012eb1b60c3f,4,0.8670250187631036,"[""gaya_favorit"", ""harga_sesuai"", ""seniman_naik_daun"", ""pernah_beli_seniman""]",model,klasifikasi-v1,2026-10-05T15:16:10Z
66a4e198-2582-5bd6-888f-e2530da725b8,94afa8d0-6fca-5820-9dfe-5fb67fd9b665,5,0.8650621635011155,"[""gaya_favorit"", ""harga_sesuai"", ""seniman_naik_daun"", ""pernah_beli_seniman""]",model,klasifikasi-v1,2026-10-05T15:16:10Z
66a4e198-2582-5bd6-888f-e2530da725b8,8d8c6d42-894a-5d83-a68b-c458ead32750,6,0.8507904323466116,"[""gaya_favorit"", ""seniman_naik_daun"", ""pernah_beli_seniman""]",model,klasifikasi-v1,2026-10-05T15:16:10Z
66a4e198-2582-5bd6-888f-e2530da725b8,2d399fc1-c809-5c2a-bdaa-6e69cefe5fb1,7,0.8467702051248716,"[""gaya_favorit"", ""harga_sesuai"", ""seniman_naik_daun"", ""pernah_beli_seniman""]",model,klasifikasi-v1,2026-10-05T15:16:10Z
66a4e198-2582-5bd6-888f-e2530da725b8,0bc9d34a-7f95-5dee-beb4-55f3af9b97c9,8,0.8410970975668894,"[""gaya_favorit"", ""harga_sesuai"", ""seniman_naik_daun"", ""pernah_beli_seniman""]",model,klasifikasi-v1,2026-10-05T15:16:10Z
66a4e198-2582-5bd6-888f-e2530da725b8,1af0200c-a8bf-593f-8cb6-4f759b5f5ac1,9,0.8407581843779102,"[""gaya_favorit"", ""harga_sesuai"", ""seniman_naik_daun"", ""pernah_beli_seniman""]",model,klasifikasi-v1,2026-10-05T15:16:10Z
66a4e198-2582-5bd6-888f-e2530da725b8,0931aca3-ffbb-57aa-b84e-284c01f774f1,10,0.8374011398926545,"[""gaya_favorit"", ""harga_sesuai"", ""seniman_naik_daun"", ""pernah_beli_seniman""]",model,klasifikasi-v1,2026-10-05T15:16:10Z
66a4e198-2582-5bd6-888f-e2530da725b8,8856b1b5-28c4-536b-9a51-9ff06bfdbd80,11,0.8370261142224849,"[""gaya_favorit"", ""harga_sesuai"", ""seniman_naik_daun"", ""pernah_beli_seniman""]",model,klasifikasi-v1,2026-10-05T15:16:10Z
66a4e198-2582-5bd6-888f-e2530da725b8,6a9a552c-870e-5cd3-b409-273d6c5865eb,12,0.825824219344446,"[""gaya_favorit"", ""harga_sesuai"", ""seniman_naik_daun"", ""pernah_beli_seniman""]",model,klasifikasi-v1,2026-10-05T15:16:10Z
66a4e198-2582-5bd6-888f-e2530da725b8,04393ef2-a47c-5658-89fa-61d255a593b4,13,0.8250981920759417,"[""gaya_favorit"", ""harga_sesuai"", ""seniman_naik_daun"", ""pernah_beli_seniman""]",model,klasifikasi-v1,2026-10-05T15:16:10Z
66a4e198-2582-5bd6-888f-e2530da725b8,231b14d2-2e75-5193-9c40-949b484944ca,14,0.8139528493141449,"[""gaya_favorit"", ""harga_sesuai"", ""seniman_naik_daun"", ""pernah_beli_seniman""]",model,klasifikasi-v1,2026-10-05T15:16:10Z
66a4e198-2582-5bd6-888f-e2530da725b8,854f6550-ae71-509e-859c-39396df1a99e,15,0.8111694465032929,"[""gaya_favorit"", ""harga_sesuai"", ""seniman_naik_daun"", ""pernah_beli_seniman""]",model,klasifikasi-v1,2026-10-05T15:16:10Z
66a4e198-2582-5bd6-888f-e2530da725b8,e4e1ce05-e95f-55ae-95fd-b46c0e364e4d,16,0.79458407228326,"[""gaya_favorit"", ""seniman_naik_daun"", ""pernah_beli_seniman""]",model,klasifikasi-v1,2026-10-05T15:16:10Z
66a4e198-2582-5bd6-888f-e2530da725b8,5a1a4eef-6e5c-5c41-a684-b8d3c8592d61,17,0.7809161831565664,"[""gaya_favorit"", ""harga_sesuai"", ""seniman_naik_daun"", ""pernah_beli_seniman""]",model,klasifikasi-v1,2026-10-05T15:16:10Z
66a4e198-2582-5bd6-888f-e2530da725b8,b82ffac4-9b18-5129-bb4f-76d6267ef825,18,0.6330083359245575,"[""gaya_favorit"", ""seniman_naik_daun"", ""pernah_beli_seniman""]",model,klasifikasi-v1,2026-10-05T15:16:10Z
66a4e198-2582-5bd6-888f-e2530da725b8,a8ac835e-5aad-57f7-aa47-99b583d02392,19,0.6255914280158327,"[""seniman_naik_daun"", ""pernah_beli_seniman""]",model,klasifikasi-v1,2026-10-05T15:16:10Z
66a4e198-2582-5bd6-888f-e2530da725b8,b9dedd53-be7d-57b2-b7f4-3f22a31efa0b,20,0.6251190155304818,"[""gaya_favorit"", ""seniman_naik_daun"", ""pernah_beli_seniman""]",model,klasifikasi-v1,2026-10-05T15:16:10Z
adf570fb-d074-553c-b198-c922b7051759,653fc4b1-75f3-5eac-afe6-586c962be798,1,0.7726896229098245,"[""gaya_favorit"", ""pernah_beli_seniman""]",model,klasifikasi-v1,2026-10-05T15:16:10Z
adf570fb-d074-553c-b198-c922b7051759,6fa02afc-54a1-5e3b-a9b8-477cfb40791d,2,0.7722530081775301,"[""gaya_favorit"", ""harga_sesuai"", ""pernah_beli_seniman""]",model,klasifikasi-v1,2026-10-05T15:16:10Z
adf570fb-d074-553c-b198-c922b7051759,a6c80043-8c7f-50af-b91c-091f153d3eba,3,0.7689460539093967,"[""gaya_favorit"", ""harga_sesuai"", ""pernah_beli_seniman""]",model,klasifikasi-v1,2026-10-05T15:16:10Z
adf570fb-d074-553c-b198-c922b7051759,8a247c64-cda5-5c99-9be2-94998d4b1275,4,0.7623071387100805,"[""gaya_favorit"", ""harga_sesuai"", ""pernah_beli_seniman""]",model,klasifikasi-v1,2026-10-05T15:16:10Z
adf570fb-d074-553c-b198-c922b7051759,7ed552db-962e-5e78-a1a4-2d32fefa1f0c,5,0.7168520337920747,"[""gaya_favorit"", ""pernah_beli_seniman""]",model,klasifikasi-v1,2026-10-05T15:16:10Z
adf570fb-d074-553c-b198-c922b7051759,5ab09023-1f78-582e-83e8-ae95a0e3eec9,6,0.7107182797881149,"[""gaya_favorit"", ""harga_sesuai"", ""pernah_beli_seniman""]",model,klasifikasi-v1,2026-10-05T15:16:10Z
adf570fb-d074-553c-b198-c922b7051759,2693b62a-7ed0-56ef-a511-0bb356e0e009,7,0.6873197860296129,"[""gaya_favorit"", ""pernah_beli_seniman""]",model,klasifikasi-v1,2026-10-05T15:16:10Z
adf570fb-d074-553c-b198-c922b7051759,556ac5bd-b36f-5124-8750-d92fefc82d2d,8,0.6503056946475806,"[""pernah_beli_seniman"", ""karya_baru""]",model,klasifikasi-v1,2026-10-05T15:16:10Z
adf570fb-d074-553c-b198-c922b7051759,c5d03f92-aa6d-5593-928e-3b2857ad1853,9,0.627659459127831,"[""pernah_beli_seniman""]",model,klasifikasi-v1,2026-10-05T15:16:10Z
adf570fb-d074-553c-b198-c922b7051759,3d61eac2-6d83-5347-9d59-799ac69edc5a,10,0.6196957143640863,"[""gaya_favorit"", ""pernah_beli_seniman""]",model,klasifikasi-v1,2026-10-05T15:16:10Z
adf570fb-d074-553c-b198-c922b7051759,b470e030-c7e7-53ee-942b-4ed497fbe2ea,11,0.6018604649537612,"[""gaya_favorit"", ""harga_sesuai"", ""pernah_beli_seniman""]",model,klasifikasi-v1,2026-10-05T15:16:10Z
adf570fb-d074-553c-b198-c922b7051759,e190f16b-1166-5132-9fba-89df2753bcd5,12,0.5916230556231761,"[""gaya_favorit"", ""harga_sesuai"", ""pernah_beli_seniman""]",model,klasifikasi-v1,2026-10-05T15:16:10Z
adf570fb-d074-553c-b198-c922b7051759,a1c92378-ef32-526d-84e7-aec566d0c16a,13,0.586180489085886,"[""gaya_favorit"", ""pernah_beli_seniman""]",model,klasifikasi-v1,2026-10-05T15:16:10Z
adf570fb-d074-553c-b198-c922b7051759,0019ed5f-6f54-5ce4-877b-703f0717315c,14,0.5724794535558477,"[""gaya_favorit"", ""harga_sesuai"", ""pernah_beli_seniman""]",model,klasifikasi-v1,2026-10-05T15:16:10Z
adf570fb-d074-553c-b198-c922b7051759,47b95b47-a27e-5ab4-ada7-3c28a377a401,15,0.563230318102701,"[""gaya_favorit"", ""pernah_beli_seniman""]",model,klasifikasi-v1,2026-10-05T15:16:10Z
adf570fb-d074-553c-b198-c922b7051759,5dc6ab20-8a7a-5cdc-9d46-27d42a77085f,16,0.5551369406813856,"[""gaya_favorit"", ""pernah_beli_seniman""]",model,klasifikasi-v1,2026-10-05T15:16:10Z
adf570fb-d074-553c-b198-c922b7051759,376f20b3-cf69-518a-95e4-669f8fe7fe40,17,0.5379204641591471,"[""pernah_beli_seniman""]",model,klasifikasi-v1,2026-10-05T15:16:10Z
adf570fb-d074-553c-b198-c922b7051759,a724961d-392c-586e-9da5-8e9342c6fd29,18,0.534611539840909,"[""pernah_beli_seniman"", ""karya_baru""]",model,klasifikasi-v1,2026-10-05T15:16:10Z
adf570fb-d074-553c-b198-c922b7051759,7bff47f0-16f0-5de4-9435-5616df9279ca,19,0.5195996828777515,"[""pernah_beli_seniman""]",model,klasifikasi-v1,2026-10-05T15:16:10Z
adf570fb-d074-553c-b198-c922b7051759,6ccd5319-a365-5623-8263-83aee2187374,20,0.5170660718540776,"[""harga_sesuai"", ""pernah_beli_seniman""]",model,klasifikasi-v1,2026-10-05T15:16:10Z
44172e1c-bd66-55ba-b447-447aada11fc6,ab4a3c71-9387-56bc-a801-1beeee2639d7,1,0.7849372198486813,"[""gaya_favorit"", ""gaya_ramai"", ""pernah_beli_seniman""]",model,klasifikasi-v1,2026-10-05T15:16:10Z
44172e1c-bd66-55ba-b447-447aada11fc6,d48d3793-0d94-54bf-8cd8-bd45835a8231,2,0.780116408006756,"[""gaya_favorit"", ""gaya_ramai"", ""pernah_beli_seniman""]",model,klasifikasi-v1,2026-10-05T15:16:10Z
44172e1c-bd66-55ba-b447-447aada11fc6,e15ac87c-418d-5877-b3de-5f27acd81302,3,0.7547127941668975,"[""gaya_favorit"", ""harga_sesuai"", ""gaya_ramai"", ""pernah_beli_seniman""]",model,klasifikasi-v1,2026-10-05T15:16:10Z
44172e1c-bd66-55ba-b447-447aada11fc6,866197c9-41b8-58ae-af14-976c6a847c11,4,0.7031231267232565,"[""gaya_favorit"", ""gaya_ramai""]",model,klasifikasi-v1,2026-10-05T15:16:10Z
44172e1c-bd66-55ba-b447-447aada11fc6,1f26c708-fc57-592d-a841-b891c55231bd,5,0.6975046734608576,"[""gaya_favorit"", ""harga_sesuai"", ""gaya_ramai"", ""pernah_beli_seniman""]",model,klasifikasi-v1,2026-10-05T15:16:10Z
44172e1c-bd66-55ba-b447-447aada11fc6,79661a66-667a-5942-bffd-27fcf6e60186,6,0.6919990925691978,"[""gaya_favorit"", ""gaya_ramai"", ""pernah_beli_seniman""]",model,klasifikasi-v1,2026-10-05T15:16:10Z
44172e1c-bd66-55ba-b447-447aada11fc6,f1067009-38fa-5639-9333-76bfb4dff9dc,7,0.6872802461115562,"[""gaya_favorit"", ""gaya_ramai""]",model,klasifikasi-v1,2026-10-05T15:16:10Z
44172e1c-bd66-55ba-b447-447aada11fc6,830ff9e5-41a2-5091-9bf2-1d5c5b9826f9,8,0.6861657508799066,"[""gaya_favorit"", ""gaya_ramai"", ""pernah_beli_seniman""]",model,klasifikasi-v1,2026-10-05T15:16:10Z
44172e1c-bd66-55ba-b447-447aada11fc6,34f160b0-2ebd-5b4b-abbf-d9e60acd2b35,9,0.6751440079650324,"[""gaya_favorit"", ""gaya_ramai""]",model,klasifikasi-v1,2026-10-05T15:16:10Z
44172e1c-bd66-55ba-b447-447aada11fc6,d3a8b338-b612-53d4-9c39-d14ffe191dfa,10,0.673348681663114,"[""gaya_favorit"", ""harga_sesuai"", ""gaya_ramai"", ""pernah_beli_seniman""]",model,klasifikasi-v1,2026-10-05T15:16:10Z
44172e1c-bd66-55ba-b447-447aada11fc6,05f320fb-5f39-5107-a07b-43b287844058,11,0.6706683237010344,"[""gaya_favorit"", ""harga_sesuai"", ""gaya_ramai"", ""pernah_beli_seniman""]",model,klasifikasi-v1,2026-10-05T15:16:10Z
44172e1c-bd66-55ba-b447-447aada11fc6,95a307c1-e13a-584e-b5a7-bdb273f5d066,12,0.6685160123807148,"[""gaya_favorit"", ""harga_sesuai"", ""gaya_ramai"", ""pernah_beli_seniman""]",model,klasifikasi-v1,2026-10-05T15:16:10Z
44172e1c-bd66-55ba-b447-447aada11fc6,2dc1a3d9-2af8-5aef-95bb-4580395395bd,13,0.66630927008886,"[""gaya_favorit"", ""gaya_ramai""]",model,klasifikasi-v1,2026-10-05T15:16:10Z
44172e1c-bd66-55ba-b447-447aada11fc6,77940c72-1025-5f31-8dff-3763e93c7cf0,14,0.6626664512645661,"[""gaya_favorit"", ""harga_sesuai"", ""gaya_ramai"", ""pernah_beli_seniman""]",model,klasifikasi-v1,2026-10-05T15:16:10Z
44172e1c-bd66-55ba-b447-447aada11fc6,d73cdc1c-14e5-522b-8637-17ed53474690,15,0.6555296402419292,"[""gaya_favorit"", ""harga_sesuai"", ""gaya_ramai"", ""pernah_beli_seniman""]",model,klasifikasi-v1,2026-10-05T15:16:10Z
44172e1c-bd66-55ba-b447-447aada11fc6,bc291b56-8938-597e-8605-5392f5c1e3ce,16,0.6488030668935445,"[""gaya_favorit"", ""harga_sesuai"", ""gaya_ramai"", ""pernah_beli_seniman"", ""karya_baru""]",model,klasifikasi-v1,2026-10-05T15:16:10Z
44172e1c-bd66-55ba-b447-447aada11fc6,3f8dedef-81a9-5162-9bf4-59f3eb4eb26b,17,0.6468279285652255,"[""gaya_favorit"", ""gaya_ramai""]",model,klasifikasi-v1,2026-10-05T15:16:10Z
44172e1c-bd66-55ba-b447-447aada11fc6,d0932440-31b0-5025-ab5b-f83ac95c2aea,18,0.6429978675296636,"[""gaya_favorit"", ""gaya_ramai""]",model,klasifikasi-v1,2026-10-05T15:16:10Z
44172e1c-bd66-55ba-b447-447aada11fc6,ecc1925d-5e66-5cb1-9433-9856fad6a864,19,0.6425694088777251,"[""gaya_favorit"", ""gaya_ramai"", ""pernah_beli_seniman""]",model,klasifikasi-v1,2026-10-05T15:16:10Z
44172e1c-bd66-55ba-b447-447aada11fc6,2b114701-6eaa-53bb-93f7-b655e90e143d,20,0.6402600063418674,"[""gaya_favorit"", ""gaya_ramai"", ""pernah_beli_seniman""]",model,klasifikasi-v1,2026-10-05T15:16:10Z
062a4862-1aa8-5f83-a05d-cb5691e47676,79e25e0d-2c04-5f90-9130-3f1d94125223,1,0.8204598601317866,"[""harga_sesuai"", ""seniman_naik_daun"", ""pernah_beli_seniman"", ""karya_baru""]",model,klasifikasi-v1,2026-10-05T15:16:10Z
062a4862-1aa8-5f83-a05d-cb5691e47676,88258c73-bb7b-51e8-824e-bc2ca0b939b8,2,0.7766713215556142,"[""harga_sesuai"", ""seniman_naik_daun"", ""pernah_beli_seniman"", ""karya_baru""]",model,klasifikasi-v1,2026-10-05T15:16:10Z
062a4862-1aa8-5f83-a05d-cb5691e47676,df002552-8f03-5997-b452-e24a915621dd,3,0.756105623190187,"[""harga_sesuai"", ""seniman_naik_daun"", ""pernah_beli_seniman""]",model,klasifikasi-v1,2026-10-05T15:16:10Z
062a4862-1aa8-5f83-a05d-cb5691e47676,07d19c93-c674-54cb-9448-012eb1b60c3f,4,0.7472313844890351,"[""harga_sesuai"", ""seniman_naik_daun"", ""pernah_beli_seniman""]",model,klasifikasi-v1,2026-10-05T15:16:10Z
062a4862-1aa8-5f83-a05d-cb5691e47676,a8ac835e-5aad-57f7-aa47-99b583d02392,5,0.740221708101675,"[""seniman_naik_daun"", ""pernah_beli_seniman""]",model,klasifikasi-v1,2026-10-05T15:16:10Z
062a4862-1aa8-5f83-a05d-cb5691e47676,2d399fc1-c809-5c2a-bdaa-6e69cefe5fb1,6,0.714733146214283,"[""harga_sesuai"", ""seniman_naik_daun"", ""pernah_beli_seniman""]",model,klasifikasi-v1,2026-10-05T15:16:10Z
062a4862-1aa8-5f83-a05d-cb5691e47676,0931aca3-ffbb-57aa-b84e-284c01f774f1,7,0.7076174125030716,"[""harga_sesuai"", ""seniman_naik_daun"", ""pernah_beli_seniman""]",model,klasifikasi-v1,2026-10-05T15:16:10Z
062a4862-1aa8-5f83-a05d-cb5691e47676,8856b1b5-28c4-536b-9a51-9ff06bfdbd80,8,0.7070477668973185,"[""harga_sesuai"", ""seniman_naik_daun"", ""pernah_beli_seniman""]",model,klasifikasi-v1,2026-10-05T15:16:10Z
062a4862-1aa8-5f83-a05d-cb5691e47676,94afa8d0-6fca-5820-9dfe-5fb67fd9b665,9,0.6945786429836157,"[""harga_sesuai"", ""seniman_naik_daun"", ""pernah_beli_seniman""]",model,klasifikasi-v1,2026-10-05T15:16:10Z
062a4862-1aa8-5f83-a05d-cb5691e47676,6a9a552c-870e-5cd3-b409-273d6c5865eb,10,0.6902183461433191,"[""harga_sesuai"", ""seniman_naik_daun"", ""pernah_beli_seniman""]",model,klasifikasi-v1,2026-10-05T15:16:10Z
062a4862-1aa8-5f83-a05d-cb5691e47676,854f6550-ae71-509e-859c-39396df1a99e,11,0.6852799350307334,"[""harga_sesuai"", ""seniman_naik_daun"", ""pernah_beli_seniman""]",model,klasifikasi-v1,2026-10-05T15:16:10Z
062a4862-1aa8-5f83-a05d-cb5691e47676,0bc9d34a-7f95-5dee-beb4-55f3af9b97c9,12,0.6806886739239573,"[""harga_sesuai"", ""seniman_naik_daun"", ""pernah_beli_seniman""]",model,klasifikasi-v1,2026-10-05T15:16:10Z
062a4862-1aa8-5f83-a05d-cb5691e47676,d08e8450-729f-5c84-b7fb-cbf19ed311d1,13,0.6804893888222616,"[""harga_sesuai"", ""seniman_naik_daun"", ""pernah_beli_seniman""]",model,klasifikasi-v1,2026-10-05T15:16:10Z
062a4862-1aa8-5f83-a05d-cb5691e47676,1af0200c-a8bf-593f-8cb6-4f759b5f5ac1,14,0.6733761948531414,"[""seniman_naik_daun"", ""pernah_beli_seniman""]",model,klasifikasi-v1,2026-10-05T15:16:10Z
062a4862-1aa8-5f83-a05d-cb5691e47676,224ba711-c5ff-581d-be53-1872a1df84ca,15,0.6704886284232369,"[""harga_sesuai"", ""seniman_naik_daun"", ""pernah_beli_seniman""]",model,klasifikasi-v1,2026-10-05T15:16:10Z
062a4862-1aa8-5f83-a05d-cb5691e47676,016679fd-f015-5c7e-b41e-f69d95c9d91a,16,0.6670434719180308,"[""harga_sesuai"", ""seniman_naik_daun"", ""pernah_beli_seniman""]",model,klasifikasi-v1,2026-10-05T15:16:10Z
062a4862-1aa8-5f83-a05d-cb5691e47676,8d8c6d42-894a-5d83-a68b-c458ead32750,17,0.6578187760363422,"[""seniman_naik_daun"", ""pernah_beli_seniman""]",model,klasifikasi-v1,2026-10-05T15:16:10Z
062a4862-1aa8-5f83-a05d-cb5691e47676,b116070e-6e10-5b4c-8bc1-f41ce97a6883,18,0.6531663559681655,"[""seniman_naik_daun"", ""pernah_beli_seniman"", ""karya_baru""]",model,klasifikasi-v1,2026-10-05T15:16:10Z
062a4862-1aa8-5f83-a05d-cb5691e47676,04393ef2-a47c-5658-89fa-61d255a593b4,19,0.6343057291472276,"[""harga_sesuai"", ""seniman_naik_daun"", ""pernah_beli_seniman""]",model,klasifikasi-v1,2026-10-05T15:16:10Z
062a4862-1aa8-5f83-a05d-cb5691e47676,8bfc1f4d-519c-5412-8e3e-9b7ad4729b26,20,0.6307395321182825,"[""gaya_favorit"", ""harga_sesuai"", ""seniman_naik_daun"", ""gaya_ramai"", ""pernah_beli_seniman""]",model,klasifikasi-v1,2026-10-05T15:16:10Z
fb013d36-9c41-5e52-bdc0-e73dd7fc107c,79e25e0d-2c04-5f90-9130-3f1d94125223,1,0.8292655077501936,"[""harga_sesuai"", ""seniman_naik_daun"", ""karya_baru""]",model,klasifikasi-v1,2026-10-05T15:16:10Z
fb013d36-9c41-5e52-bdc0-e73dd7fc107c,88258c73-bb7b-51e8-824e-bc2ca0b939b8,2,0.7508036848030103,"[""harga_sesuai"", ""seniman_naik_daun"", ""karya_baru""]",model,klasifikasi-v1,2026-10-05T15:16:10Z
fb013d36-9c41-5e52-bdc0-e73dd7fc107c,df002552-8f03-5997-b452-e24a915621dd,3,0.7364632671185941,"[""harga_sesuai"", ""seniman_naik_daun""]",model,klasifikasi-v1,2026-10-05T15:16:10Z
fb013d36-9c41-5e52-bdc0-e73dd7fc107c,07d19c93-c674-54cb-9448-012eb1b60c3f,4,0.7337790864367311,"[""harga_sesuai"", ""seniman_naik_daun""]",model,klasifikasi-v1,2026-10-05T15:16:10Z
fb013d36-9c41-5e52-bdc0-e73dd7fc107c,0931aca3-ffbb-57aa-b84e-284c01f774f1,5,0.7147514728284435,"[""harga_sesuai"", ""seniman_naik_daun""]",model,klasifikasi-v1,2026-10-05T15:16:10Z
fb013d36-9c41-5e52-bdc0-e73dd7fc107c,6a9a552c-870e-5cd3-b409-273d6c5865eb,6,0.7021081613619082,"[""harga_sesuai"", ""seniman_naik_daun""]",model,klasifikasi-v1,2026-10-05T15:16:10Z
fb013d36-9c41-5e52-bdc0-e73dd7fc107c,2d399fc1-c809-5c2a-bdaa-6e69cefe5fb1,7,0.700245114057975,"[""harga_sesuai"", ""seniman_naik_daun""]",model,klasifikasi-v1,2026-10-05T15:16:10Z
fb013d36-9c41-5e52-bdc0-e73dd7fc107c,94afa8d0-6fca-5820-9dfe-5fb67fd9b665,8,0.6795259755429827,"[""harga_sesuai"", ""seniman_naik_daun""]",model,klasifikasi-v1,2026-10-05T15:16:10Z
fb013d36-9c41-5e52-bdc0-e73dd7fc107c,0bc9d34a-7f95-5dee-beb4-55f3af9b97c9,9,0.6769910152405101,"[""seniman_naik_daun""]",model,klasifikasi-v1,2026-10-05T15:16:10Z
fb013d36-9c41-5e52-bdc0-e73dd7fc107c,8d8c6d42-894a-5d83-a68b-c458ead32750,10,0.6735249163389443,"[""seniman_naik_daun""]",model,klasifikasi-v1,2026-10-05T15:16:10Z
fb013d36-9c41-5e52-bdc0-e73dd7fc107c,8856b1b5-28c4-536b-9a51-9ff06bfdbd80,11,0.6609656321583811,"[""harga_sesuai"", ""seniman_naik_daun""]",model,klasifikasi-v1,2026-10-05T15:16:10Z
fb013d36-9c41-5e52-bdc0-e73dd7fc107c,04393ef2-a47c-5658-89fa-61d255a593b4,12,0.642324407527615,"[""harga_sesuai"", ""seniman_naik_daun""]",model,klasifikasi-v1,2026-10-05T15:16:10Z
fb013d36-9c41-5e52-bdc0-e73dd7fc107c,1fef09ac-2800-5df6-bb4b-93c0c3308a02,13,0.6332887758987636,"[""pernah_beli_seniman""]",model,klasifikasi-v1,2026-10-05T15:16:10Z
fb013d36-9c41-5e52-bdc0-e73dd7fc107c,854f6550-ae71-509e-859c-39396df1a99e,14,0.632550116329657,"[""harga_sesuai"", ""seniman_naik_daun""]",model,klasifikasi-v1,2026-10-05T15:16:10Z
fb013d36-9c41-5e52-bdc0-e73dd7fc107c,1af0200c-a8bf-593f-8cb6-4f759b5f5ac1,15,0.6268538167939345,"[""seniman_naik_daun""]",model,klasifikasi-v1,2026-10-05T15:16:10Z
fb013d36-9c41-5e52-bdc0-e73dd7fc107c,64de7a06-8f63-5e8e-b4c7-532b0a72e424,16,0.6258475037539927,"[""pernah_beli_seniman""]",model,klasifikasi-v1,2026-10-05T15:16:10Z
fb013d36-9c41-5e52-bdc0-e73dd7fc107c,9c41c05d-b958-5fe0-902f-c466d102b664,17,0.6220291683883159,"[""pernah_beli_seniman""]",model,klasifikasi-v1,2026-10-05T15:16:10Z
fb013d36-9c41-5e52-bdc0-e73dd7fc107c,a75ec521-369a-5e79-9b6f-f9851164e909,18,0.6220291683883159,"[""pernah_beli_seniman""]",model,klasifikasi-v1,2026-10-05T15:16:10Z
fb013d36-9c41-5e52-bdc0-e73dd7fc107c,fa66638c-6d00-5064-aa96-646be0045143,19,0.6159832963646493,"[""harga_sesuai""]",model,klasifikasi-v1,2026-10-05T15:16:10Z
fb013d36-9c41-5e52-bdc0-e73dd7fc107c,a3dfd416-62c6-5cdf-9ee4-e82226d12fdc,20,0.6091939569411315,"[""harga_sesuai""]",model,klasifikasi-v1,2026-10-05T15:16:10Z
d7d6515e-c8fe-5b6c-b7ed-2369dee8a109,c5d03f92-aa6d-5593-928e-3b2857ad1853,1,0.8634991347909403,"[""gaya_favorit"", ""pernah_beli_seniman""]",model,klasifikasi-v1,2026-10-05T15:16:10Z
d7d6515e-c8fe-5b6c-b7ed-2369dee8a109,7bff47f0-16f0-5de4-9435-5616df9279ca,2,0.8443473179145232,"[""gaya_favorit"", ""harga_sesuai"", ""pernah_beli_seniman""]",model,klasifikasi-v1,2026-10-05T15:16:10Z
d7d6515e-c8fe-5b6c-b7ed-2369dee8a109,998d5b90-e146-544c-8f57-8d949cc3b1a0,3,0.8269167547548136,"[""gaya_favorit"", ""harga_sesuai"", ""pernah_beli_seniman""]",model,klasifikasi-v1,2026-10-05T15:16:10Z
d7d6515e-c8fe-5b6c-b7ed-2369dee8a109,6ccd5319-a365-5623-8263-83aee2187374,4,0.8148782072740706,"[""gaya_favorit"", ""harga_sesuai"", ""pernah_beli_seniman""]",model,klasifikasi-v1,2026-10-05T15:16:10Z
d7d6515e-c8fe-5b6c-b7ed-2369dee8a109,9bdbffa3-5922-5d4c-a5b3-080cfb23f84c,5,0.790422842185064,"[""gaya_favorit"", ""pernah_beli_seniman""]",model,klasifikasi-v1,2026-10-05T15:16:10Z
d7d6515e-c8fe-5b6c-b7ed-2369dee8a109,45708b8a-e64f-5bf6-8151-c025612ef611,6,0.7663149030949686,"[""gaya_favorit"", ""harga_sesuai"", ""pernah_beli_seniman""]",model,klasifikasi-v1,2026-10-05T15:16:10Z
d7d6515e-c8fe-5b6c-b7ed-2369dee8a109,1d10619f-065b-57d0-8382-fd82d2e97ef5,7,0.7645257058107803,"[""gaya_favorit"", ""harga_sesuai"", ""pernah_beli_seniman""]",model,klasifikasi-v1,2026-10-05T15:16:10Z
d7d6515e-c8fe-5b6c-b7ed-2369dee8a109,73747965-a2f1-5da2-9818-921ec4cb12b1,8,0.6827696115148603,"[""gaya_favorit"", ""pernah_beli_seniman""]",model,klasifikasi-v1,2026-10-05T15:16:10Z
d7d6515e-c8fe-5b6c-b7ed-2369dee8a109,6fa02afc-54a1-5e3b-a9b8-477cfb40791d,9,0.649081929976075,"[""gaya_favorit"", ""pernah_beli_seniman""]",model,klasifikasi-v1,2026-10-05T15:16:10Z
d7d6515e-c8fe-5b6c-b7ed-2369dee8a109,6f5c741f-0fc0-523d-80e7-bce5940b7e1c,10,0.5809676172558682,[],model,klasifikasi-v1,2026-10-05T15:16:10Z
d7d6515e-c8fe-5b6c-b7ed-2369dee8a109,6c354900-b80d-56b8-8adc-7a97a366f095,11,0.5788808760239559,"[""gaya_favorit""]",model,klasifikasi-v1,2026-10-05T15:16:10Z
d7d6515e-c8fe-5b6c-b7ed-2369dee8a109,f6b44c7c-4e4b-50a2-8c28-8142c29b9ebd,12,0.5684673563259055,"[""harga_sesuai"", ""gaya_ramai""]",model,klasifikasi-v1,2026-10-05T15:16:10Z
d7d6515e-c8fe-5b6c-b7ed-2369dee8a109,bb245894-5ba5-5e26-b383-95d243655742,13,0.5684673563259055,"[""harga_sesuai"", ""gaya_ramai""]",model,klasifikasi-v1,2026-10-05T15:16:10Z
d7d6515e-c8fe-5b6c-b7ed-2369dee8a109,556ac5bd-b36f-5124-8750-d92fefc82d2d,14,0.561153568967529,"[""karya_baru""]",model,klasifikasi-v1,2026-10-05T15:16:10Z
d7d6515e-c8fe-5b6c-b7ed-2369dee8a109,c510d302-6a06-596b-bb6c-984607ee00bd,15,0.5450864512435123,"[""harga_sesuai"", ""gaya_ramai""]",model,klasifikasi-v1,2026-10-05T15:16:10Z
d7d6515e-c8fe-5b6c-b7ed-2369dee8a109,da1e02a9-b5b0-5dd8-b213-4302c25d95f9,16,0.5389143557081933,"[""harga_sesuai"", ""gaya_ramai""]",model,klasifikasi-v1,2026-10-05T15:16:10Z
d7d6515e-c8fe-5b6c-b7ed-2369dee8a109,087419b7-5d7b-53df-aa0f-1e80f02a0377,17,0.5389143557081933,"[""harga_sesuai"", ""gaya_ramai""]",model,klasifikasi-v1,2026-10-05T15:16:10Z
d7d6515e-c8fe-5b6c-b7ed-2369dee8a109,784f6648-d504-5733-ba76-2d90ce171c97,18,0.5376206161138345,"[""harga_sesuai"", ""gaya_ramai""]",model,klasifikasi-v1,2026-10-05T15:16:10Z
d7d6515e-c8fe-5b6c-b7ed-2369dee8a109,53d13623-0761-554d-b668-e79215702755,19,0.5364079624108713,"[""gaya_favorit""]",model,klasifikasi-v1,2026-10-05T15:16:10Z
d7d6515e-c8fe-5b6c-b7ed-2369dee8a109,76e47ebb-eedd-5be9-b99b-eb0d0d3b84a3,20,0.5312762148693863,"[""harga_sesuai"", ""gaya_ramai""]",model,klasifikasi-v1,2026-10-05T15:16:10Z
95158fe7-2d9c-5d33-bb80-597ad6f20eff,6f5c741f-0fc0-523d-80e7-bce5940b7e1c,1,0.7913271901427307,"[""gaya_favorit"", ""harga_sesuai"", ""pernah_beli_seniman""]",model,klasifikasi-v1,2026-10-05T15:16:10Z
95158fe7-2d9c-5d33-bb80-597ad6f20eff,0e102d63-ff8f-5e6b-bbdc-2a5d6e668cb1,2,0.7848325965426926,"[""gaya_favorit"", ""harga_sesuai"", ""pernah_beli_seniman""]",model,klasifikasi-v1,2026-10-05T15:16:10Z
95158fe7-2d9c-5d33-bb80-597ad6f20eff,ded10c02-e3db-542d-8ff2-e0ab8c159069,3,0.7793577695985693,"[""gaya_favorit"", ""harga_sesuai"", ""pernah_beli_seniman""]",model,klasifikasi-v1,2026-10-05T15:16:10Z
95158fe7-2d9c-5d33-bb80-597ad6f20eff,50f3106b-4608-5dec-abd4-f3513db77175,4,0.7572817423404224,"[""gaya_favorit"", ""harga_sesuai"", ""pernah_beli_seniman""]",model,klasifikasi-v1,2026-10-05T15:16:10Z
95158fe7-2d9c-5d33-bb80-597ad6f20eff,80d6863c-4309-5881-81cd-79e0a6aa59a3,5,0.7494924516303779,"[""gaya_favorit"", ""harga_sesuai"", ""pernah_beli_seniman""]",model,klasifikasi-v1,2026-10-05T15:16:10Z
95158fe7-2d9c-5d33-bb80-597ad6f20eff,21d58bce-aee7-5c2c-9757-2101e0911a9e,6,0.7443737810352794,"[""gaya_favorit"", ""pernah_beli_seniman""]",model,klasifikasi-v1,2026-10-05T15:16:10Z
95158fe7-2d9c-5d33-bb80-597ad6f20eff,1b284f0a-4933-57f5-a5d9-d38488a7227c,7,0.7406667626063981,"[""gaya_favorit"", ""harga_sesuai"", ""pernah_beli_seniman""]",model,klasifikasi-v1,2026-10-05T15:16:10Z
95158fe7-2d9c-5d33-bb80-597ad6f20eff,7ba04b01-9924-5de2-9ea7-9d0e178b5a76,8,0.7106067971421073,"[""gaya_favorit"", ""pernah_beli_seniman""]",model,klasifikasi-v1,2026-10-05T15:16:10Z
95158fe7-2d9c-5d33-bb80-597ad6f20eff,224ba711-c5ff-581d-be53-1872a1df84ca,9,0.704089501768745,"[""seniman_naik_daun""]",model,klasifikasi-v1,2026-10-05T15:16:10Z
95158fe7-2d9c-5d33-bb80-597ad6f20eff,0bc9d34a-7f95-5dee-beb4-55f3af9b97c9,10,0.6153431110905779,"[""seniman_naik_daun""]",model,klasifikasi-v1,2026-10-05T15:16:10Z
95158fe7-2d9c-5d33-bb80-597ad6f20eff,f01a7b2c-1e11-597c-afeb-96705f31b4d5,11,0.5622739695065136,"[""harga_sesuai"", ""gaya_ramai"", ""pernah_beli_seniman""]",model,klasifikasi-v1,2026-10-05T15:16:10Z
95158fe7-2d9c-5d33-bb80-597ad6f20eff,ab4a3c71-9387-56bc-a801-1beeee2639d7,12,0.5604675778438865,"[""gaya_ramai"", ""pernah_beli_seniman""]",model,klasifikasi-v1,2026-10-05T15:16:10Z
95158fe7-2d9c-5d33-bb80-597ad6f20eff,556ac5bd-b36f-5124-8750-d92fefc82d2d,13,0.5481005989441191,"[""harga_sesuai"", ""pernah_beli_seniman"", ""karya_baru""]",model,klasifikasi-v1,2026-10-05T15:16:10Z
95158fe7-2d9c-5d33-bb80-597ad6f20eff,7fe57ce0-0aa4-5a4e-855c-fbc916a4c08e,14,0.5424887671371522,[],model,klasifikasi-v1,2026-10-05T15:16:10Z
95158fe7-2d9c-5d33-bb80-597ad6f20eff,e15ac87c-418d-5877-b3de-5f27acd81302,15,0.5316194076770318,"[""harga_sesuai"", ""gaya_ramai""]",model,klasifikasi-v1,2026-10-05T15:16:10Z
95158fe7-2d9c-5d33-bb80-597ad6f20eff,72ddb5bd-c130-58fb-8657-ea12f7cd200f,16,0.5245864348366425,[],model,klasifikasi-v1,2026-10-05T15:16:10Z
95158fe7-2d9c-5d33-bb80-597ad6f20eff,830ff9e5-41a2-5091-9bf2-1d5c5b9826f9,17,0.515762386026522,"[""gaya_ramai"", ""pernah_beli_seniman""]",model,klasifikasi-v1,2026-10-05T15:16:10Z
95158fe7-2d9c-5d33-bb80-597ad6f20eff,88258c73-bb7b-51e8-824e-bc2ca0b939b8,18,0.5150853682148839,"[""seniman_naik_daun"", ""karya_baru""]",model,klasifikasi-v1,2026-10-05T15:16:10Z
95158fe7-2d9c-5d33-bb80-597ad6f20eff,a724961d-392c-586e-9da5-8e9342c6fd29,19,0.5142398310147867,"[""pernah_beli_seniman"", ""karya_baru""]",model,klasifikasi-v1,2026-10-05T15:16:10Z
95158fe7-2d9c-5d33-bb80-597ad6f20eff,05f320fb-5f39-5107-a07b-43b287844058,20,0.51009342920841,"[""harga_sesuai"", ""gaya_ramai""]",model,klasifikasi-v1,2026-10-05T15:16:10Z
4afba102-2377-5929-b170-70f6cfa4bfea,3d61eac2-6d83-5347-9d59-799ac69edc5a,1,0.64581396996494,"[""harga_sesuai"", ""pernah_beli_seniman""]",model,klasifikasi-v1,2026-10-05T15:16:10Z
4afba102-2377-5929-b170-70f6cfa4bfea,c5d03f92-aa6d-5593-928e-3b2857ad1853,2,0.624235074107695,"[""pernah_beli_seniman""]",model,klasifikasi-v1,2026-10-05T15:16:10Z
4afba102-2377-5929-b170-70f6cfa4bfea,88258c73-bb7b-51e8-824e-bc2ca0b939b8,3,0.5923357684332397,"[""seniman_naik_daun"", ""pernah_beli_seniman"", ""karya_baru""]",model,klasifikasi-v1,2026-10-05T15:16:10Z
4afba102-2377-5929-b170-70f6cfa4bfea,7ed552db-962e-5e78-a1a4-2d32fefa1f0c,4,0.5754068160538253,"[""pernah_beli_seniman""]",model,klasifikasi-v1,2026-10-05T15:16:10Z
4afba102-2377-5929-b170-70f6cfa4bfea,1b284f0a-4933-57f5-a5d9-d38488a7227c,5,0.5696522468912185,"[""harga_sesuai"", ""pernah_beli_seniman""]",model,klasifikasi-v1,2026-10-05T15:16:10Z
4afba102-2377-5929-b170-70f6cfa4bfea,0e102d63-ff8f-5e6b-bbdc-2a5d6e668cb1,6,0.569127530799318,"[""harga_sesuai"", ""pernah_beli_seniman""]",model,klasifikasi-v1,2026-10-05T15:16:10Z
4afba102-2377-5929-b170-70f6cfa4bfea,1c18f330-e3a0-5c45-8b4a-4340319c6f6b,7,0.5607927374765211,"[""harga_sesuai"", ""pernah_beli_seniman""]",model,klasifikasi-v1,2026-10-05T15:16:10Z
4afba102-2377-5929-b170-70f6cfa4bfea,6f5c741f-0fc0-523d-80e7-bce5940b7e1c,8,0.5519303887070541,"[""pernah_beli_seniman""]",model,klasifikasi-v1,2026-10-05T15:16:10Z
4afba102-2377-5929-b170-70f6cfa4bfea,ded10c02-e3db-542d-8ff2-e0ab8c159069,9,0.5494484149382914,"[""harga_sesuai"", ""pernah_beli_seniman""]",model,klasifikasi-v1,2026-10-05T15:16:10Z
4afba102-2377-5929-b170-70f6cfa4bfea,16545722-15c8-55bc-b78b-f46c0496a505,10,0.5468155145680953,"[""harga_sesuai"", ""pernah_beli_seniman""]",model,klasifikasi-v1,2026-10-05T15:16:10Z
4afba102-2377-5929-b170-70f6cfa4bfea,653fc4b1-75f3-5eac-afe6-586c962be798,11,0.5459279598505554,"[""harga_sesuai"", ""pernah_beli_seniman""]",model,klasifikasi-v1,2026-10-05T15:16:10Z
4afba102-2377-5929-b170-70f6cfa4bfea,ab56a64c-b79d-5092-8002-0652f839ad06,12,0.543837407805902,"[""harga_sesuai"", ""pernah_beli_seniman""]",model,klasifikasi-v1,2026-10-05T15:16:10Z
4afba102-2377-5929-b170-70f6cfa4bfea,80d6863c-4309-5881-81cd-79e0a6aa59a3,13,0.523122246544989,"[""pernah_beli_seniman""]",model,klasifikasi-v1,2026-10-05T15:16:10Z
4afba102-2377-5929-b170-70f6cfa4bfea,0bc9d34a-7f95-5dee-beb4-55f3af9b97c9,14,0.5228084006789415,"[""seniman_naik_daun"", ""pernah_beli_seniman""]",model,klasifikasi-v1,2026-10-05T15:16:10Z
4afba102-2377-5929-b170-70f6cfa4bfea,b82ffac4-9b18-5129-bb4f-76d6267ef825,15,0.5154261098949713,"[""harga_sesuai"", ""seniman_naik_daun"", ""pernah_beli_seniman""]",model,klasifikasi-v1,2026-10-05T15:16:10Z
4afba102-2377-5929-b170-70f6cfa4bfea,2693b62a-7ed0-56ef-a511-0bb356e0e009,16,0.513979098976052,"[""pernah_beli_seniman""]",model,klasifikasi-v1,2026-10-05T15:16:10Z
4afba102-2377-5929-b170-70f6cfa4bfea,556ac5bd-b36f-5124-8750-d92fefc82d2d,17,0.5114979891290802,"[""pernah_beli_seniman"", ""karya_baru""]",model,klasifikasi-v1,2026-10-05T15:16:10Z
4afba102-2377-5929-b170-70f6cfa4bfea,21d58bce-aee7-5c2c-9757-2101e0911a9e,18,0.49850680877449194,"[""pernah_beli_seniman""]",model,klasifikasi-v1,2026-10-05T15:16:10Z
4afba102-2377-5929-b170-70f6cfa4bfea,6c354900-b80d-56b8-8adc-7a97a366f095,19,0.48905918945211024,"[""pernah_beli_seniman""]",model,klasifikasi-v1,2026-10-05T15:16:10Z
4afba102-2377-5929-b170-70f6cfa4bfea,1af0200c-a8bf-593f-8cb6-4f759b5f5ac1,20,0.4838218294387347,"[""seniman_naik_daun"", ""pernah_beli_seniman""]",model,klasifikasi-v1,2026-10-05T15:16:10Z
3166d28b-1835-5ff7-b779-284ed64d43cb,79e25e0d-2c04-5f90-9130-3f1d94125223,1,0.8435461946639922,"[""gaya_favorit"", ""harga_sesuai"", ""seniman_naik_daun"", ""pernah_beli_seniman"", ""karya_baru""]",model,klasifikasi-v1,2026-10-05T15:16:10Z
3166d28b-1835-5ff7-b779-284ed64d43cb,07d19c93-c674-54cb-9448-012eb1b60c3f,2,0.7721038741219707,"[""gaya_favorit"", ""harga_sesuai"", ""seniman_naik_daun"", ""pernah_beli_seniman""]",model,klasifikasi-v1,2026-10-05T15:16:10Z
3166d28b-1835-5ff7-b779-284ed64d43cb,88258c73-bb7b-51e8-824e-bc2ca0b939b8,3,0.762665608203564,"[""gaya_favorit"", ""seniman_naik_daun"", ""pernah_beli_seniman"", ""karya_baru""]",model,klasifikasi-v1,2026-10-05T15:16:10Z
3166d28b-1835-5ff7-b779-284ed64d43cb,a8ac835e-5aad-57f7-aa47-99b583d02392,4,0.7535555126433962,"[""harga_sesuai"", ""seniman_naik_daun"", ""pernah_beli_seniman""]",model,klasifikasi-v1,2026-10-05T15:16:10Z
3166d28b-1835-5ff7-b779-284ed64d43cb,2d399fc1-c809-5c2a-bdaa-6e69cefe5fb1,5,0.7416980468912687,"[""gaya_favorit"", ""harga_sesuai"", ""seniman_naik_daun"", ""pernah_beli_seniman""]",model,klasifikasi-v1,2026-10-05T15:16:10Z
3166d28b-1835-5ff7-b779-284ed64d43cb,94afa8d0-6fca-5820-9dfe-5fb67fd9b665,6,0.7227095390855086,"[""gaya_favorit"", ""harga_sesuai"", ""seniman_naik_daun"", ""pernah_beli_seniman""]",model,klasifikasi-v1,2026-10-05T15:16:10Z
3166d28b-1835-5ff7-b779-284ed64d43cb,0fa48617-95fc-5cfc-84dd-53e4416600eb,7,0.6936795399338513,"[""gaya_favorit"", ""harga_sesuai"", ""gaya_ramai""]",model,klasifikasi-v1,2026-10-05T15:16:10Z
3166d28b-1835-5ff7-b779-284ed64d43cb,987e9b9d-f4c6-5ce1-ac8c-5ef271e2ae33,8,0.6905696990471705,"[""gaya_favorit"", ""harga_sesuai"", ""gaya_ramai""]",model,klasifikasi-v1,2026-10-05T15:16:10Z
3166d28b-1835-5ff7-b779-284ed64d43cb,8856b1b5-28c4-536b-9a51-9ff06bfdbd80,9,0.6904161553507346,"[""gaya_favorit"", ""seniman_naik_daun"", ""pernah_beli_seniman""]",model,klasifikasi-v1,2026-10-05T15:16:10Z
3166d28b-1835-5ff7-b779-284ed64d43cb,0931aca3-ffbb-57aa-b84e-284c01f774f1,10,0.6887436176229427,"[""gaya_favorit"", ""harga_sesuai"", ""seniman_naik_daun"", ""pernah_beli_seniman""]",model,klasifikasi-v1,2026-10-05T15:16:10Z
3166d28b-1835-5ff7-b779-284ed64d43cb,8d8c6d42-894a-5d83-a68b-c458ead32750,11,0.6886597288565984,"[""gaya_favorit"", ""harga_sesuai"", ""seniman_naik_daun"", ""pernah_beli_seniman""]",model,klasifikasi-v1,2026-10-05T15:16:10Z
3166d28b-1835-5ff7-b779-284ed64d43cb,6a9a552c-870e-5cd3-b409-273d6c5865eb,12,0.6879283461797814,"[""gaya_favorit"", ""harga_sesuai"", ""seniman_naik_daun"", ""pernah_beli_seniman""]",model,klasifikasi-v1,2026-10-05T15:16:10Z
3166d28b-1835-5ff7-b779-284ed64d43cb,df002552-8f03-5997-b452-e24a915621dd,13,0.6763020790963006,"[""gaya_favorit"", ""harga_sesuai"", ""seniman_naik_daun"", ""pernah_beli_seniman""]",model,klasifikasi-v1,2026-10-05T15:16:10Z
3166d28b-1835-5ff7-b779-284ed64d43cb,0bc9d34a-7f95-5dee-beb4-55f3af9b97c9,14,0.6670354222304257,"[""gaya_favorit"", ""seniman_naik_daun"", ""pernah_beli_seniman""]",model,klasifikasi-v1,2026-10-05T15:16:10Z
3166d28b-1835-5ff7-b779-284ed64d43cb,16f72504-2d49-5ca7-9355-34533c8b0016,15,0.6614632591410278,"[""harga_sesuai""]",model,klasifikasi-v1,2026-10-05T15:16:10Z
3166d28b-1835-5ff7-b779-284ed64d43cb,016679fd-f015-5c7e-b41e-f69d95c9d91a,16,0.6604845375129879,"[""seniman_naik_daun"", ""pernah_beli_seniman""]",model,klasifikasi-v1,2026-10-05T15:16:10Z
3166d28b-1835-5ff7-b779-284ed64d43cb,224ba711-c5ff-581d-be53-1872a1df84ca,17,0.6584371087583808,"[""seniman_naik_daun"", ""pernah_beli_seniman""]",model,klasifikasi-v1,2026-10-05T15:16:10Z
3166d28b-1835-5ff7-b779-284ed64d43cb,9ee5532a-4517-5110-ae74-b2a3048fea09,18,0.6487977380761879,"[""gaya_favorit"", ""harga_sesuai"", ""gaya_ramai""]",model,klasifikasi-v1,2026-10-05T15:16:10Z
3166d28b-1835-5ff7-b779-284ed64d43cb,854f6550-ae71-509e-859c-39396df1a99e,19,0.6485933883756314,"[""gaya_favorit"", ""harga_sesuai"", ""seniman_naik_daun"", ""pernah_beli_seniman""]",model,klasifikasi-v1,2026-10-05T15:16:10Z
3166d28b-1835-5ff7-b779-284ed64d43cb,b116070e-6e10-5b4c-8bc1-f41ce97a6883,20,0.6417943091389413,"[""harga_sesuai"", ""seniman_naik_daun"", ""pernah_beli_seniman"", ""karya_baru""]",model,klasifikasi-v1,2026-10-05T15:16:10Z
3f72fc19-b9dc-5bb0-ad67-00f830f1402d,1c18f330-e3a0-5c45-8b4a-4340319c6f6b,1,0.7390664804876335,"[""gaya_favorit"", ""pernah_beli_seniman""]",model,klasifikasi-v1,2026-10-05T15:16:10Z
3f72fc19-b9dc-5bb0-ad67-00f830f1402d,a724961d-392c-586e-9da5-8e9342c6fd29,2,0.7371549578003456,"[""gaya_favorit"", ""pernah_beli_seniman"", ""karya_baru""]",model,klasifikasi-v1,2026-10-05T15:16:10Z
3f72fc19-b9dc-5bb0-ad67-00f830f1402d,3d61eac2-6d83-5347-9d59-799ac69edc5a,3,0.7204852245180763,"[""gaya_favorit"", ""pernah_beli_seniman""]",model,klasifikasi-v1,2026-10-05T15:16:10Z
3f72fc19-b9dc-5bb0-ad67-00f830f1402d,653fc4b1-75f3-5eac-afe6-586c962be798,4,0.7185277788195138,"[""gaya_favorit"", ""harga_sesuai"", ""pernah_beli_seniman""]",model,klasifikasi-v1,2026-10-05T15:16:10Z
3f72fc19-b9dc-5bb0-ad67-00f830f1402d,7ed552db-962e-5e78-a1a4-2d32fefa1f0c,5,0.7160130442762888,"[""gaya_favorit"", ""harga_sesuai"", ""pernah_beli_seniman""]",model,klasifikasi-v1,2026-10-05T15:16:10Z
3f72fc19-b9dc-5bb0-ad67-00f830f1402d,556ac5bd-b36f-5124-8750-d92fefc82d2d,6,0.6660327744643836,"[""gaya_favorit"", ""harga_sesuai"", ""pernah_beli_seniman"", ""karya_baru""]",model,klasifikasi-v1,2026-10-05T15:16:10Z
3f72fc19-b9dc-5bb0-ad67-00f830f1402d,2693b62a-7ed0-56ef-a511-0bb356e0e009,7,0.6507133834194476,"[""gaya_favorit"", ""harga_sesuai"", ""pernah_beli_seniman""]",model,klasifikasi-v1,2026-10-05T15:16:10Z
3f72fc19-b9dc-5bb0-ad67-00f830f1402d,8a247c64-cda5-5c99-9be2-94998d4b1275,8,0.6156791411560686,"[""gaya_favorit"", ""pernah_beli_seniman""]",model,klasifikasi-v1,2026-10-05T15:16:10Z
3f72fc19-b9dc-5bb0-ad67-00f830f1402d,a6c80043-8c7f-50af-b91c-091f153d3eba,9,0.5959662383779432,"[""gaya_favorit"", ""pernah_beli_seniman""]",model,klasifikasi-v1,2026-10-05T15:16:10Z
3f72fc19-b9dc-5bb0-ad67-00f830f1402d,16545722-15c8-55bc-b78b-f46c0496a505,10,0.5898799078539008,"[""gaya_favorit"", ""pernah_beli_seniman""]",model,klasifikasi-v1,2026-10-05T15:16:10Z
3f72fc19-b9dc-5bb0-ad67-00f830f1402d,ab56a64c-b79d-5092-8002-0652f839ad06,11,0.5878936072087846,"[""gaya_favorit"", ""pernah_beli_seniman""]",model,klasifikasi-v1,2026-10-05T15:16:10Z
3f72fc19-b9dc-5bb0-ad67-00f830f1402d,376f20b3-cf69-518a-95e4-669f8fe7fe40,12,0.5874649233861635,"[""gaya_favorit"", ""harga_sesuai"", ""pernah_beli_seniman""]",model,klasifikasi-v1,2026-10-05T15:16:10Z
3f72fc19-b9dc-5bb0-ad67-00f830f1402d,6f5c741f-0fc0-523d-80e7-bce5940b7e1c,13,0.5787170566402039,"[""harga_sesuai""]",model,klasifikasi-v1,2026-10-05T15:16:10Z
3f72fc19-b9dc-5bb0-ad67-00f830f1402d,f60efa69-e980-54e3-9729-e98c5f2fc78f,14,0.5664458426545628,"[""gaya_favorit"", ""harga_sesuai"", ""pernah_beli_seniman""]",model,klasifikasi-v1,2026-10-05T15:16:10Z
3f72fc19-b9dc-5bb0-ad67-00f830f1402d,80d6863c-4309-5881-81cd-79e0a6aa59a3,15,0.5562313102751958,"[""harga_sesuai""]",model,klasifikasi-v1,2026-10-05T15:16:10Z
3f72fc19-b9dc-5bb0-ad67-00f830f1402d,0e102d63-ff8f-5e6b-bbdc-2a5d6e668cb1,16,0.5548289142702754,"[""harga_sesuai""]",model,klasifikasi-v1,2026-10-05T15:16:10Z
3f72fc19-b9dc-5bb0-ad67-00f830f1402d,ded10c02-e3db-542d-8ff2-e0ab8c159069,17,0.5450292530891305,[],model,klasifikasi-v1,2026-10-05T15:16:10Z
3f72fc19-b9dc-5bb0-ad67-00f830f1402d,866197c9-41b8-58ae-af14-976c6a847c11,18,0.5373990365410937,"[""gaya_favorit"", ""harga_sesuai"", ""gaya_ramai""]",model,klasifikasi-v1,2026-10-05T15:16:10Z
3f72fc19-b9dc-5bb0-ad67-00f830f1402d,300ebf50-b10d-5efa-8722-a252a80b4557,19,0.5343737224327783,"[""gaya_favorit"", ""harga_sesuai"", ""pernah_beli_seniman""]",model,klasifikasi-v1,2026-10-05T15:16:10Z
3f72fc19-b9dc-5bb0-ad67-00f830f1402d,5ab09023-1f78-582e-83e8-ae95a0e3eec9,20,0.5324819945838836,"[""gaya_favorit"", ""pernah_beli_seniman""]",model,klasifikasi-v1,2026-10-05T15:16:10Z
27dd3660-106b-59e6-9c54-c48da27e9016,ded10c02-e3db-542d-8ff2-e0ab8c159069,1,0.7545843547376537,"[""harga_sesuai"", ""pernah_beli_seniman""]",model,klasifikasi-v1,2026-10-05T15:16:10Z
27dd3660-106b-59e6-9c54-c48da27e9016,21d58bce-aee7-5c2c-9757-2101e0911a9e,2,0.716056835942736,"[""pernah_beli_seniman""]",model,klasifikasi-v1,2026-10-05T15:16:10Z
27dd3660-106b-59e6-9c54-c48da27e9016,88258c73-bb7b-51e8-824e-bc2ca0b939b8,3,0.6948096560260395,"[""seniman_naik_daun"", ""karya_baru""]",model,klasifikasi-v1,2026-10-05T15:16:10Z
27dd3660-106b-59e6-9c54-c48da27e9016,7ba04b01-9924-5de2-9ea7-9d0e178b5a76,4,0.688463951215146,"[""harga_sesuai"", ""pernah_beli_seniman""]",model,klasifikasi-v1,2026-10-05T15:16:10Z
27dd3660-106b-59e6-9c54-c48da27e9016,224ba711-c5ff-581d-be53-1872a1df84ca,5,0.670942416408802,"[""seniman_naik_daun""]",model,klasifikasi-v1,2026-10-05T15:16:10Z
27dd3660-106b-59e6-9c54-c48da27e9016,016679fd-f015-5c7e-b41e-f69d95c9d91a,6,0.6605985050626503,"[""seniman_naik_daun""]",model,klasifikasi-v1,2026-10-05T15:16:10Z
27dd3660-106b-59e6-9c54-c48da27e9016,1b284f0a-4933-57f5-a5d9-d38488a7227c,7,0.6351715194527671,"[""harga_sesuai"", ""pernah_beli_seniman""]",model,klasifikasi-v1,2026-10-05T15:16:10Z
27dd3660-106b-59e6-9c54-c48da27e9016,df002552-8f03-5997-b452-e24a915621dd,8,0.5834028831107352,"[""seniman_naik_daun""]",model,klasifikasi-v1,2026-10-05T15:16:10Z
27dd3660-106b-59e6-9c54-c48da27e9016,6668aaa3-cf17-5996-8538-ab41cc230eab,9,0.5715054458844331,"[""gaya_favorit"", ""gaya_ramai"", ""pernah_beli_seniman""]",model,klasifikasi-v1,2026-10-05T15:16:10Z
27dd3660-106b-59e6-9c54-c48da27e9016,0bc9d34a-7f95-5dee-beb4-55f3af9b97c9,10,0.5699651132425221,"[""seniman_naik_daun""]",model,klasifikasi-v1,2026-10-05T15:16:10Z
27dd3660-106b-59e6-9c54-c48da27e9016,320bd1ba-15dc-57a0-8b9b-ca2f0b67eb8a,11,0.5594950050347453,"[""gaya_favorit"", ""gaya_ramai""]",model,klasifikasi-v1,2026-10-05T15:16:10Z
27dd3660-106b-59e6-9c54-c48da27e9016,1af0200c-a8bf-593f-8cb6-4f759b5f5ac1,12,0.5510081497474197,"[""seniman_naik_daun""]",model,klasifikasi-v1,2026-10-05T15:16:10Z
27dd3660-106b-59e6-9c54-c48da27e9016,f06f5c52-f306-5509-9a82-0de8c7d16150,13,0.5509676399856566,"[""seniman_naik_daun""]",model,klasifikasi-v1,2026-10-05T15:16:10Z
27dd3660-106b-59e6-9c54-c48da27e9016,ad22fc44-1c65-50c5-be50-d2e1c3bbdc50,14,0.5507689961925685,"[""gaya_favorit"", ""harga_sesuai"", ""gaya_ramai""]",model,klasifikasi-v1,2026-10-05T15:16:10Z
27dd3660-106b-59e6-9c54-c48da27e9016,e89190bd-8eed-5643-a0b5-a9131e54c6a9,15,0.5484951251804333,"[""pernah_beli_seniman""]",model,klasifikasi-v1,2026-10-05T15:16:10Z
27dd3660-106b-59e6-9c54-c48da27e9016,46f27d0f-be60-514a-93e6-8f28a761a005,16,0.543417353910122,"[""gaya_favorit"", ""gaya_ramai""]",model,klasifikasi-v1,2026-10-05T15:16:10Z
27dd3660-106b-59e6-9c54-c48da27e9016,8856b1b5-28c4-536b-9a51-9ff06bfdbd80,17,0.5419305201767199,"[""seniman_naik_daun""]",model,klasifikasi-v1,2026-10-05T15:16:10Z
27dd3660-106b-59e6-9c54-c48da27e9016,0e102d63-ff8f-5e6b-bbdc-2a5d6e668cb1,18,0.5412541563181393,"[""pernah_beli_seniman""]",model,klasifikasi-v1,2026-10-05T15:16:10Z
27dd3660-106b-59e6-9c54-c48da27e9016,c5d03f92-aa6d-5593-928e-3b2857ad1853,19,0.540254570223805,"[""gaya_favorit"", ""pernah_beli_seniman""]",model,klasifikasi-v1,2026-10-05T15:16:10Z
27dd3660-106b-59e6-9c54-c48da27e9016,54fdf259-6487-562b-912f-ac0e1163f187,20,0.5389039225329368,"[""gaya_favorit"", ""gaya_ramai""]",model,klasifikasi-v1,2026-10-05T15:16:10Z
896ebace-7864-5a80-a32d-10a7f036dbcc,2c540a0c-a2ff-5f37-ba88-a5ad28626312,1,0.769928236139703,"[""gaya_favorit"", ""harga_sesuai"", ""gaya_ramai"", ""pernah_beli_seniman""]",model,klasifikasi-v1,2026-10-05T15:16:10Z
896ebace-7864-5a80-a32d-10a7f036dbcc,e15ac87c-418d-5877-b3de-5f27acd81302,2,0.7625562049555195,"[""gaya_favorit"", ""harga_sesuai"", ""gaya_ramai"", ""pernah_beli_seniman""]",model,klasifikasi-v1,2026-10-05T15:16:10Z
896ebace-7864-5a80-a32d-10a7f036dbcc,ab4a3c71-9387-56bc-a801-1beeee2639d7,3,0.7572482512977915,"[""gaya_favorit"", ""harga_sesuai"", ""gaya_ramai""]",model,klasifikasi-v1,2026-10-05T15:16:10Z
896ebace-7864-5a80-a32d-10a7f036dbcc,d48d3793-0d94-54bf-8cd8-bd45835a8231,4,0.7520508328030157,"[""gaya_favorit"", ""gaya_ramai""]",model,klasifikasi-v1,2026-10-05T15:16:10Z
896ebace-7864-5a80-a32d-10a7f036dbcc,95a307c1-e13a-584e-b5a7-bdb273f5d066,5,0.7021953908058106,"[""gaya_favorit"", ""harga_sesuai"", ""gaya_ramai"", ""pernah_beli_seniman""]",model,klasifikasi-v1,2026-10-05T15:16:10Z
896ebace-7864-5a80-a32d-10a7f036dbcc,05f320fb-5f39-5107-a07b-43b287844058,6,0.7005274437502357,"[""gaya_favorit"", ""harga_sesuai"", ""gaya_ramai""]",model,klasifikasi-v1,2026-10-05T15:16:10Z
896ebace-7864-5a80-a32d-10a7f036dbcc,f1067009-38fa-5639-9333-76bfb4dff9dc,7,0.6948912886455567,"[""gaya_favorit"", ""gaya_ramai"", ""pernah_beli_seniman""]",model,klasifikasi-v1,2026-10-05T15:16:10Z
896ebace-7864-5a80-a32d-10a7f036dbcc,139b87ed-7f4a-5de6-a076-69e59c662118,8,0.694002721829032,"[""gaya_favorit"", ""harga_sesuai"", ""gaya_ramai"", ""pernah_beli_seniman""]",model,klasifikasi-v1,2026-10-05T15:16:10Z
896ebace-7864-5a80-a32d-10a7f036dbcc,2b114701-6eaa-53bb-93f7-b655e90e143d,9,0.6920641140924692,"[""gaya_favorit"", ""harga_sesuai"", ""gaya_ramai""]",model,klasifikasi-v1,2026-10-05T15:16:10Z
896ebace-7864-5a80-a32d-10a7f036dbcc,d73cdc1c-14e5-522b-8637-17ed53474690,10,0.6918494530239179,"[""gaya_favorit"", ""harga_sesuai"", ""gaya_ramai"", ""pernah_beli_seniman""]",model,klasifikasi-v1,2026-10-05T15:16:10Z
896ebace-7864-5a80-a32d-10a7f036dbcc,830ff9e5-41a2-5091-9bf2-1d5c5b9826f9,11,0.6855536961743605,"[""gaya_favorit"", ""gaya_ramai""]",model,klasifikasi-v1,2026-10-05T15:16:10Z
896ebace-7864-5a80-a32d-10a7f036dbcc,11ac0d17-6dd7-5868-9ad9-cf35bb1dc03f,12,0.6809710544167015,"[""gaya_favorit"", ""harga_sesuai"", ""gaya_ramai"", ""pernah_beli_seniman""]",model,klasifikasi-v1,2026-10-05T15:16:10Z
896ebace-7864-5a80-a32d-10a7f036dbcc,d3a8b338-b612-53d4-9c39-d14ffe191dfa,13,0.6799955189085904,"[""gaya_favorit"", ""harga_sesuai"", ""gaya_ramai"", ""pernah_beli_seniman""]",model,klasifikasi-v1,2026-10-05T15:16:10Z
896ebace-7864-5a80-a32d-10a7f036dbcc,57484960-cbe1-544b-94b3-2f911835d343,14,0.6734540278821185,"[""gaya_favorit"", ""gaya_ramai"", ""pernah_beli_seniman""]",model,klasifikasi-v1,2026-10-05T15:16:10Z
896ebace-7864-5a80-a32d-10a7f036dbcc,79661a66-667a-5942-bffd-27fcf6e60186,15,0.664301680201427,"[""gaya_favorit"", ""gaya_ramai""]",model,klasifikasi-v1,2026-10-05T15:16:10Z
896ebace-7864-5a80-a32d-10a7f036dbcc,1710dd55-8ba2-5707-8232-b4ff654c9e8b,16,0.659154614033708,"[""gaya_favorit"", ""harga_sesuai"", ""gaya_ramai"", ""pernah_beli_seniman""]",model,klasifikasi-v1,2026-10-05T15:16:10Z
896ebace-7864-5a80-a32d-10a7f036dbcc,1f26c708-fc57-592d-a841-b891c55231bd,17,0.6563767096617036,"[""gaya_favorit"", ""harga_sesuai"", ""gaya_ramai""]",model,klasifikasi-v1,2026-10-05T15:16:10Z
896ebace-7864-5a80-a32d-10a7f036dbcc,79bc3eb9-28b3-57e3-bf83-b1745b6e1891,18,0.6514324353740156,"[""gaya_favorit"", ""harga_sesuai"", ""gaya_ramai"", ""pernah_beli_seniman""]",model,klasifikasi-v1,2026-10-05T15:16:10Z
896ebace-7864-5a80-a32d-10a7f036dbcc,c102454b-1487-5e3c-9d31-fa4d7acbe1ec,19,0.6513442203167672,"[""gaya_favorit"", ""harga_sesuai"", ""gaya_ramai""]",model,klasifikasi-v1,2026-10-05T15:16:10Z
896ebace-7864-5a80-a32d-10a7f036dbcc,0bc9d34a-7f95-5dee-beb4-55f3af9b97c9,20,0.6503770704134572,"[""seniman_naik_daun""]",model,klasifikasi-v1,2026-10-05T15:16:10Z
1cb99939-551d-541a-beb7-94dd38e8e976,556ac5bd-b36f-5124-8750-d92fefc82d2d,1,0.6492955235015422,"[""harga_sesuai"", ""pernah_beli_seniman"", ""karya_baru""]",model,klasifikasi-v1,2026-10-05T15:16:10Z
1cb99939-551d-541a-beb7-94dd38e8e976,a724961d-392c-586e-9da5-8e9342c6fd29,2,0.6344041046982758,"[""pernah_beli_seniman"", ""karya_baru""]",model,klasifikasi-v1,2026-10-05T15:16:10Z
1cb99939-551d-541a-beb7-94dd38e8e976,0e102d63-ff8f-5e6b-bbdc-2a5d6e668cb1,3,0.5905158514252687,"[""harga_sesuai""]",model,klasifikasi-v1,2026-10-05T15:16:10Z
1cb99939-551d-541a-beb7-94dd38e8e976,866197c9-41b8-58ae-af14-976c6a847c11,4,0.5879375583420313,"[""gaya_favorit"", ""gaya_ramai""]",model,klasifikasi-v1,2026-10-05T15:16:10Z
1cb99939-551d-541a-beb7-94dd38e8e976,376f20b3-cf69-518a-95e4-669f8fe7fe40,5,0.5777302556969018,"[""harga_sesuai"", ""pernah_beli_seniman""]",model,klasifikasi-v1,2026-10-05T15:16:10Z
1cb99939-551d-541a-beb7-94dd38e8e976,e15ac87c-418d-5877-b3de-5f27acd81302,6,0.5739745772843083,"[""gaya_favorit"", ""harga_sesuai"", ""gaya_ramai"", ""pernah_beli_seniman""]",model,klasifikasi-v1,2026-10-05T15:16:10Z
1cb99939-551d-541a-beb7-94dd38e8e976,1b284f0a-4933-57f5-a5d9-d38488a7227c,7,0.5665110514456198,"[""harga_sesuai""]",model,klasifikasi-v1,2026-10-05T15:16:10Z
1cb99939-551d-541a-beb7-94dd38e8e976,300ebf50-b10d-5efa-8722-a252a80b4557,8,0.5611036811959533,"[""harga_sesuai"", ""pernah_beli_seniman""]",model,klasifikasi-v1,2026-10-05T15:16:10Z
1cb99939-551d-541a-beb7-94dd38e8e976,6f5c741f-0fc0-523d-80e7-bce5940b7e1c,9,0.5594312573412188,"[""harga_sesuai""]",model,klasifikasi-v1,2026-10-05T15:16:10Z
1cb99939-551d-541a-beb7-94dd38e8e976,f60efa69-e980-54e3-9729-e98c5f2fc78f,10,0.5565895511061509,"[""harga_sesuai"", ""pernah_beli_seniman""]",model,klasifikasi-v1,2026-10-05T15:16:10Z
1cb99939-551d-541a-beb7-94dd38e8e976,ded10c02-e3db-542d-8ff2-e0ab8c159069,11,0.5534695260630617,"[""harga_sesuai""]",model,klasifikasi-v1,2026-10-05T15:16:10Z
1cb99939-551d-541a-beb7-94dd38e8e976,de0649c2-892b-5173-87f3-b53210592193,12,0.5508431589093036,"[""gaya_favorit"", ""harga_sesuai"", ""gaya_ramai""]",model,klasifikasi-v1,2026-10-05T15:16:10Z
1cb99939-551d-541a-beb7-94dd38e8e976,80d6863c-4309-5881-81cd-79e0a6aa59a3,13,0.5499042890980519,"[""harga_sesuai""]",model,klasifikasi-v1,2026-10-05T15:16:10Z
1cb99939-551d-541a-beb7-94dd38e8e976,0bc9d34a-7f95-5dee-beb4-55f3af9b97c9,14,0.5430523292171439,"[""seniman_naik_daun""]",model,klasifikasi-v1,2026-10-05T15:16:10Z
1cb99939-551d-541a-beb7-94dd38e8e976,ddc6295d-239d-589a-9714-9e4d1b9fb3f9,15,0.5423093490965387,"[""pernah_beli_seniman""]",model,klasifikasi-v1,2026-10-05T15:16:10Z
1cb99939-551d-541a-beb7-94dd38e8e976,0242a481-31c2-55aa-92b4-ebebc6011a7c,16,0.531323831589864,"[""pernah_beli_seniman""]",model,klasifikasi-v1,2026-10-05T15:16:10Z
1cb99939-551d-541a-beb7-94dd38e8e976,af058c54-328b-50b1-aa59-1ed52ef4b398,17,0.5203565575848335,"[""harga_sesuai"", ""pernah_beli_seniman""]",model,klasifikasi-v1,2026-10-05T15:16:10Z
1cb99939-551d-541a-beb7-94dd38e8e976,ab4a3c71-9387-56bc-a801-1beeee2639d7,18,0.5168229164446667,"[""gaya_favorit"", ""harga_sesuai"", ""gaya_ramai"", ""pernah_beli_seniman""]",model,klasifikasi-v1,2026-10-05T15:16:10Z
1cb99939-551d-541a-beb7-94dd38e8e976,d0932440-31b0-5025-ab5b-f83ac95c2aea,19,0.5131394541330512,"[""gaya_favorit"", ""gaya_ramai""]",model,klasifikasi-v1,2026-10-05T15:16:10Z
1cb99939-551d-541a-beb7-94dd38e8e976,d68447f6-03c0-5053-9f02-5a417aff794d,20,0.5085217670672928,"[""gaya_favorit"", ""harga_sesuai"", ""gaya_ramai""]",model,klasifikasi-v1,2026-10-05T15:16:10Z
45fe3c4c-a4b2-522f-99e9-6dab132798c3,d48d3793-0d94-54bf-8cd8-bd45835a8231,1,0.7501433035847073,"[""gaya_favorit"", ""harga_sesuai"", ""gaya_ramai"", ""pernah_beli_seniman""]",model,klasifikasi-v1,2026-10-05T15:16:10Z
45fe3c4c-a4b2-522f-99e9-6dab132798c3,ab4a3c71-9387-56bc-a801-1beeee2639d7,2,0.7268441844465808,"[""gaya_favorit"", ""harga_sesuai"", ""gaya_ramai"", ""pernah_beli_seniman""]",model,klasifikasi-v1,2026-10-05T15:16:10Z
45fe3c4c-a4b2-522f-99e9-6dab132798c3,2c540a0c-a2ff-5f37-ba88-a5ad28626312,3,0.7167132664865293,"[""gaya_favorit"", ""harga_sesuai"", ""gaya_ramai"", ""pernah_beli_seniman""]",model,klasifikasi-v1,2026-10-05T15:16:10Z
45fe3c4c-a4b2-522f-99e9-6dab132798c3,79e25e0d-2c04-5f90-9130-3f1d94125223,4,0.6923829606491562,"[""seniman_naik_daun"", ""pernah_beli_seniman"", ""karya_baru""]",model,klasifikasi-v1,2026-10-05T15:16:10Z
45fe3c4c-a4b2-522f-99e9-6dab132798c3,79661a66-667a-5942-bffd-27fcf6e60186,5,0.6918022982220008,"[""gaya_favorit"", ""harga_sesuai"", ""gaya_ramai"", ""pernah_beli_seniman""]",model,klasifikasi-v1,2026-10-05T15:16:10Z
45fe3c4c-a4b2-522f-99e9-6dab132798c3,1f26c708-fc57-592d-a841-b891c55231bd,6,0.6866923479934348,"[""gaya_favorit"", ""gaya_ramai"", ""pernah_beli_seniman""]",model,klasifikasi-v1,2026-10-05T15:16:10Z
45fe3c4c-a4b2-522f-99e9-6dab132798c3,57484960-cbe1-544b-94b3-2f911835d343,7,0.640050592557372,"[""gaya_favorit"", ""harga_sesuai"", ""gaya_ramai"", ""pernah_beli_seniman""]",model,klasifikasi-v1,2026-10-05T15:16:10Z
45fe3c4c-a4b2-522f-99e9-6dab132798c3,f1067009-38fa-5639-9333-76bfb4dff9dc,8,0.6356173832734817,"[""gaya_favorit"", ""harga_sesuai"", ""gaya_ramai"", ""pernah_beli_seniman""]",model,klasifikasi-v1,2026-10-05T15:16:10Z
45fe3c4c-a4b2-522f-99e9-6dab132798c3,8e1c9982-ed3c-5644-82bb-f16123d080c3,9,0.6327239593040169,"[""gaya_favorit"", ""harga_sesuai"", ""gaya_ramai"", ""pernah_beli_seniman""]",model,klasifikasi-v1,2026-10-05T15:16:10Z
45fe3c4c-a4b2-522f-99e9-6dab132798c3,08544b61-99ae-5acf-99bf-1b5733783d52,10,0.6327239593040169,"[""gaya_favorit"", ""harga_sesuai"", ""gaya_ramai"", ""pernah_beli_seniman""]",model,klasifikasi-v1,2026-10-05T15:16:10Z
45fe3c4c-a4b2-522f-99e9-6dab132798c3,866197c9-41b8-58ae-af14-976c6a847c11,11,0.6223399713945684,"[""gaya_favorit"", ""gaya_ramai""]",model,klasifikasi-v1,2026-10-05T15:16:10Z
45fe3c4c-a4b2-522f-99e9-6dab132798c3,4b6180f4-6d4d-5089-95f8-c71d3b4424dd,12,0.6202451137111807,"[""gaya_favorit"", ""harga_sesuai"", ""gaya_ramai"", ""pernah_beli_seniman""]",model,klasifikasi-v1,2026-10-05T15:16:10Z
45fe3c4c-a4b2-522f-99e9-6dab132798c3,88258c73-bb7b-51e8-824e-bc2ca0b939b8,13,0.6184308325461352,"[""seniman_naik_daun"", ""pernah_beli_seniman"", ""karya_baru""]",model,klasifikasi-v1,2026-10-05T15:16:10Z
45fe3c4c-a4b2-522f-99e9-6dab132798c3,5fce0098-5d0a-51cf-bf69-ba431548931f,14,0.5984753651111716,"[""gaya_favorit"", ""gaya_ramai"", ""pernah_beli_seniman""]",model,klasifikasi-v1,2026-10-05T15:16:10Z
45fe3c4c-a4b2-522f-99e9-6dab132798c3,3f8e8589-04d2-5dac-97c5-907b7fcd2c76,15,0.5962177052470534,"[""gaya_favorit"", ""harga_sesuai"", ""gaya_ramai"", ""pernah_beli_seniman""]",model,klasifikasi-v1,2026-10-05T15:16:10Z
45fe3c4c-a4b2-522f-99e9-6dab132798c3,bc291b56-8938-597e-8605-5392f5c1e3ce,16,0.5962056123802898,"[""gaya_favorit"", ""gaya_ramai"", ""pernah_beli_seniman"", ""karya_baru""]",model,klasifikasi-v1,2026-10-05T15:16:10Z
45fe3c4c-a4b2-522f-99e9-6dab132798c3,139b87ed-7f4a-5de6-a076-69e59c662118,17,0.5943774081482096,"[""gaya_favorit"", ""gaya_ramai"", ""pernah_beli_seniman""]",model,klasifikasi-v1,2026-10-05T15:16:10Z
45fe3c4c-a4b2-522f-99e9-6dab132798c3,e15ac87c-418d-5877-b3de-5f27acd81302,18,0.5895009548359819,"[""gaya_favorit"", ""gaya_ramai"", ""pernah_beli_seniman""]",model,klasifikasi-v1,2026-10-05T15:16:10Z
45fe3c4c-a4b2-522f-99e9-6dab132798c3,830ff9e5-41a2-5091-9bf2-1d5c5b9826f9,19,0.588518131894797,"[""gaya_favorit"", ""harga_sesuai"", ""gaya_ramai"", ""pernah_beli_seniman""]",model,klasifikasi-v1,2026-10-05T15:16:10Z
45fe3c4c-a4b2-522f-99e9-6dab132798c3,d68447f6-03c0-5053-9f02-5a417aff794d,20,0.5838035328593509,"[""gaya_favorit"", ""gaya_ramai""]",model,klasifikasi-v1,2026-10-05T15:16:10Z
d5cb07d3-ef0b-5479-a684-223288de896d,88258c73-bb7b-51e8-824e-bc2ca0b939b8,1,0.6941244020367436,"[""seniman_naik_daun"", ""karya_baru""]",model,klasifikasi-v1,2026-10-05T15:16:10Z
d5cb07d3-ef0b-5479-a684-223288de896d,224ba711-c5ff-581d-be53-1872a1df84ca,2,0.6795160194033314,"[""gaya_favorit"", ""seniman_naik_daun""]",model,klasifikasi-v1,2026-10-05T15:16:10Z
d5cb07d3-ef0b-5479-a684-223288de896d,ab56a64c-b79d-5092-8002-0652f839ad06,3,0.6694595871668132,"[""harga_sesuai"", ""pernah_beli_seniman""]",model,klasifikasi-v1,2026-10-05T15:16:10Z
d5cb07d3-ef0b-5479-a684-223288de896d,016679fd-f015-5c7e-b41e-f69d95c9d91a,4,0.6588801226994494,"[""gaya_favorit"", ""seniman_naik_daun""]",model,klasifikasi-v1,2026-10-05T15:16:10Z
d5cb07d3-ef0b-5479-a684-223288de896d,2c540a0c-a2ff-5f37-ba88-a5ad28626312,5,0.6210785279407609,"[""gaya_favorit"", ""harga_sesuai"", ""gaya_ramai"", ""pernah_beli_seniman""]",model,klasifikasi-v1,2026-10-05T15:16:10Z
d5cb07d3-ef0b-5479-a684-223288de896d,ab4a3c71-9387-56bc-a801-1beeee2639d7,6,0.5859180670082432,"[""gaya_favorit"", ""harga_sesuai"", ""gaya_ramai"", ""pernah_beli_seniman""]",model,klasifikasi-v1,2026-10-05T15:16:10Z
d5cb07d3-ef0b-5479-a684-223288de896d,c706bcb6-4b50-5c7c-95b6-cf08cee6e0bd,7,0.5809805308195943,"[""gaya_favorit"", ""seniman_naik_daun"", ""pernah_beli_seniman""]",model,klasifikasi-v1,2026-10-05T15:16:10Z
d5cb07d3-ef0b-5479-a684-223288de896d,d48d3793-0d94-54bf-8cd8-bd45835a8231,8,0.5704555092711769,"[""gaya_favorit"", ""harga_sesuai"", ""gaya_ramai"", ""pernah_beli_seniman""]",model,klasifikasi-v1,2026-10-05T15:16:10Z
d5cb07d3-ef0b-5479-a684-223288de896d,0bc9d34a-7f95-5dee-beb4-55f3af9b97c9,9,0.5599533933132723,"[""seniman_naik_daun""]",model,klasifikasi-v1,2026-10-05T15:16:10Z
d5cb07d3-ef0b-5479-a684-223288de896d,df002552-8f03-5997-b452-e24a915621dd,10,0.5577385338246532,"[""seniman_naik_daun""]",model,klasifikasi-v1,2026-10-05T15:16:10Z
d5cb07d3-ef0b-5479-a684-223288de896d,57484960-cbe1-544b-94b3-2f911835d343,11,0.5480653997208154,"[""gaya_favorit"", ""gaya_ramai"", ""pernah_beli_seniman""]",model,klasifikasi-v1,2026-10-05T15:16:10Z
d5cb07d3-ef0b-5479-a684-223288de896d,8856b1b5-28c4-536b-9a51-9ff06bfdbd80,12,0.5411287029202017,"[""seniman_naik_daun""]",model,klasifikasi-v1,2026-10-05T15:16:10Z
d5cb07d3-ef0b-5479-a684-223288de896d,f1067009-38fa-5639-9333-76bfb4dff9dc,13,0.5362615986739611,"[""gaya_favorit"", ""harga_sesuai"", ""gaya_ramai""]",model,klasifikasi-v1,2026-10-05T15:16:10Z
d5cb07d3-ef0b-5479-a684-223288de896d,1af0200c-a8bf-593f-8cb6-4f759b5f5ac1,14,0.530696660072733,"[""seniman_naik_daun""]",model,klasifikasi-v1,2026-10-05T15:16:10Z
d5cb07d3-ef0b-5479-a684-223288de896d,3f8e8589-04d2-5dac-97c5-907b7fcd2c76,15,0.5303384745534931,"[""gaya_favorit"", ""gaya_ramai""]",model,klasifikasi-v1,2026-10-05T15:16:10Z
d5cb07d3-ef0b-5479-a684-223288de896d,de0649c2-892b-5173-87f3-b53210592193,16,0.5225293421387774,"[""gaya_favorit"", ""gaya_ramai""]",model,klasifikasi-v1,2026-10-05T15:16:10Z
d5cb07d3-ef0b-5479-a684-223288de896d,ded10c02-e3db-542d-8ff2-e0ab8c159069,17,0.5202708496075409,"[""harga_sesuai""]",model,klasifikasi-v1,2026-10-05T15:16:10Z
d5cb07d3-ef0b-5479-a684-223288de896d,a724961d-392c-586e-9da5-8e9342c6fd29,18,0.5142514674092822,"[""harga_sesuai"", ""pernah_beli_seniman"", ""karya_baru""]",model,klasifikasi-v1,2026-10-05T15:16:10Z
d5cb07d3-ef0b-5479-a684-223288de896d,21d58bce-aee7-5c2c-9757-2101e0911a9e,19,0.5090670989605485,[],model,klasifikasi-v1,2026-10-05T15:16:10Z
d5cb07d3-ef0b-5479-a684-223288de896d,866197c9-41b8-58ae-af14-976c6a847c11,20,0.5053211070078905,"[""gaya_favorit"", ""gaya_ramai""]",model,klasifikasi-v1,2026-10-05T15:16:10Z
2ef7761d-6de4-5de7-b1c2-3d05a921b80b,e15ac87c-418d-5877-b3de-5f27acd81302,1,0.6761234901335328,"[""gaya_favorit"", ""harga_sesuai"", ""gaya_ramai""]",model,klasifikasi-v1,2026-10-05T15:16:10Z
2ef7761d-6de4-5de7-b1c2-3d05a921b80b,c5d03f92-aa6d-5593-928e-3b2857ad1853,2,0.6629794297146582,"[""harga_sesuai"", ""pernah_beli_seniman""]",model,klasifikasi-v1,2026-10-05T15:16:10Z
2ef7761d-6de4-5de7-b1c2-3d05a921b80b,ab4a3c71-9387-56bc-a801-1beeee2639d7,3,0.657200448672904,"[""gaya_favorit"", ""gaya_ramai"", ""pernah_beli_seniman""]",model,klasifikasi-v1,2026-10-05T15:16:10Z
2ef7761d-6de4-5de7-b1c2-3d05a921b80b,d48d3793-0d94-54bf-8cd8-bd45835a8231,4,0.6368878436281011,"[""gaya_favorit"", ""gaya_ramai"", ""pernah_beli_seniman""]",model,klasifikasi-v1,2026-10-05T15:16:10Z
2ef7761d-6de4-5de7-b1c2-3d05a921b80b,2c540a0c-a2ff-5f37-ba88-a5ad28626312,5,0.6156481763282857,"[""gaya_favorit"", ""gaya_ramai""]",model,klasifikasi-v1,2026-10-05T15:16:10Z
2ef7761d-6de4-5de7-b1c2-3d05a921b80b,79bc3eb9-28b3-57e3-bf83-b1745b6e1891,6,0.6155567420396124,"[""gaya_favorit"", ""harga_sesuai"", ""gaya_ramai"", ""pernah_beli_seniman""]",model,klasifikasi-v1,2026-10-05T15:16:10Z
2ef7761d-6de4-5de7-b1c2-3d05a921b80b,34be515c-745a-552e-88f7-004446f79132,7,0.6091621852616323,"[""gaya_favorit"", ""harga_sesuai"", ""gaya_ramai"", ""pernah_beli_seniman""]",model,klasifikasi-v1,2026-10-05T15:16:10Z
2ef7761d-6de4-5de7-b1c2-3d05a921b80b,866197c9-41b8-58ae-af14-976c6a847c11,8,0.5962752196705773,"[""gaya_favorit"", ""gaya_ramai"", ""pernah_beli_seniman""]",model,klasifikasi-v1,2026-10-05T15:16:10Z
2ef7761d-6de4-5de7-b1c2-3d05a921b80b,05f320fb-5f39-5107-a07b-43b287844058,9,0.5949049258602737,"[""gaya_favorit"", ""harga_sesuai"", ""gaya_ramai"", ""pernah_beli_seniman""]",model,klasifikasi-v1,2026-10-05T15:16:10Z
2ef7761d-6de4-5de7-b1c2-3d05a921b80b,2b114701-6eaa-53bb-93f7-b655e90e143d,10,0.593774365388461,"[""gaya_favorit"", ""gaya_ramai"", ""pernah_beli_seniman""]",model,klasifikasi-v1,2026-10-05T15:16:10Z
2ef7761d-6de4-5de7-b1c2-3d05a921b80b,0e102d63-ff8f-5e6b-bbdc-2a5d6e668cb1,11,0.5831560355020807,"[""harga_sesuai""]",model,klasifikasi-v1,2026-10-05T15:16:10Z
2ef7761d-6de4-5de7-b1c2-3d05a921b80b,d3a8b338-b612-53d4-9c39-d14ffe191dfa,12,0.5781710696770856,"[""gaya_favorit"", ""harga_sesuai"", ""gaya_ramai""]",model,klasifikasi-v1,2026-10-05T15:16:10Z
2ef7761d-6de4-5de7-b1c2-3d05a921b80b,95a307c1-e13a-584e-b5a7-bdb273f5d066,13,0.5699584378662418,"[""gaya_favorit"", ""harga_sesuai"", ""gaya_ramai""]",model,klasifikasi-v1,2026-10-05T15:16:10Z
2ef7761d-6de4-5de7-b1c2-3d05a921b80b,de0649c2-892b-5173-87f3-b53210592193,14,0.5662697260015013,"[""gaya_favorit"", ""harga_sesuai"", ""gaya_ramai"", ""pernah_beli_seniman""]",model,klasifikasi-v1,2026-10-05T15:16:10Z
2ef7761d-6de4-5de7-b1c2-3d05a921b80b,d73cdc1c-14e5-522b-8637-17ed53474690,15,0.5657162061493679,"[""gaya_favorit"", ""harga_sesuai"", ""gaya_ramai""]",model,klasifikasi-v1,2026-10-05T15:16:10Z
2ef7761d-6de4-5de7-b1c2-3d05a921b80b,34f160b0-2ebd-5b4b-abbf-d9e60acd2b35,16,0.5617242611439364,"[""gaya_favorit"", ""gaya_ramai"", ""pernah_beli_seniman""]",model,klasifikasi-v1,2026-10-05T15:16:10Z
2ef7761d-6de4-5de7-b1c2-3d05a921b80b,ded10c02-e3db-542d-8ff2-e0ab8c159069,17,0.5608335090380997,[],model,klasifikasi-v1,2026-10-05T15:16:10Z
2ef7761d-6de4-5de7-b1c2-3d05a921b80b,6f5c741f-0fc0-523d-80e7-bce5940b7e1c,18,0.5520620909900936,"[""harga_sesuai""]",model,klasifikasi-v1,2026-10-05T15:16:10Z
2ef7761d-6de4-5de7-b1c2-3d05a921b80b,d68447f6-03c0-5053-9f02-5a417aff794d,19,0.549731869403938,"[""gaya_favorit"", ""harga_sesuai"", ""gaya_ramai"", ""pernah_beli_seniman""]",model,klasifikasi-v1,2026-10-05T15:16:10Z
2ef7761d-6de4-5de7-b1c2-3d05a921b80b,139b87ed-7f4a-5de6-a076-69e59c662118,20,0.5478761249467877,"[""gaya_favorit"", ""harga_sesuai"", ""gaya_ramai""]",model,klasifikasi-v1,2026-10-05T15:16:10Z
d0f53cba-fee4-5de9-b2e9-86e357a6ef88,79e25e0d-2c04-5f90-9130-3f1d94125223,1,0.8571725349250574,"[""gaya_favorit"", ""harga_sesuai"", ""seniman_naik_daun"", ""pernah_beli_seniman"", ""karya_baru""]",model,klasifikasi-v1,2026-10-05T15:16:10Z
d0f53cba-fee4-5de9-b2e9-86e357a6ef88,88258c73-bb7b-51e8-824e-bc2ca0b939b8,2,0.800814729076835,"[""gaya_favorit"", ""harga_sesuai"", ""seniman_naik_daun"", ""pernah_beli_seniman"", ""karya_baru""]",model,klasifikasi-v1,2026-10-05T15:16:10Z
d0f53cba-fee4-5de9-b2e9-86e357a6ef88,07d19c93-c674-54cb-9448-012eb1b60c3f,3,0.7912833968183899,"[""gaya_favorit"", ""harga_sesuai"", ""seniman_naik_daun"", ""pernah_beli_seniman""]",model,klasifikasi-v1,2026-10-05T15:16:10Z
d0f53cba-fee4-5de9-b2e9-86e357a6ef88,df002552-8f03-5997-b452-e24a915621dd,4,0.7869489543511421,"[""gaya_favorit"", ""harga_sesuai"", ""seniman_naik_daun"", ""pernah_beli_seniman""]",model,klasifikasi-v1,2026-10-05T15:16:10Z
d0f53cba-fee4-5de9-b2e9-86e357a6ef88,94afa8d0-6fca-5820-9dfe-5fb67fd9b665,5,0.782389299638526,"[""gaya_favorit"", ""harga_sesuai"", ""seniman_naik_daun"", ""pernah_beli_seniman""]",model,klasifikasi-v1,2026-10-05T15:16:10Z
d0f53cba-fee4-5de9-b2e9-86e357a6ef88,2d399fc1-c809-5c2a-bdaa-6e69cefe5fb1,6,0.7626498636126314,"[""gaya_favorit"", ""harga_sesuai"", ""seniman_naik_daun"", ""pernah_beli_seniman""]",model,klasifikasi-v1,2026-10-05T15:16:10Z
d0f53cba-fee4-5de9-b2e9-86e357a6ef88,8d8c6d42-894a-5d83-a68b-c458ead32750,7,0.7531649129757158,"[""gaya_favorit"", ""harga_sesuai"", ""seniman_naik_daun"", ""pernah_beli_seniman""]",model,klasifikasi-v1,2026-10-05T15:16:10Z
d0f53cba-fee4-5de9-b2e9-86e357a6ef88,8856b1b5-28c4-536b-9a51-9ff06bfdbd80,8,0.7361610835950857,"[""gaya_favorit"", ""harga_sesuai"", ""seniman_naik_daun"", ""pernah_beli_seniman""]",model,klasifikasi-v1,2026-10-05T15:16:10Z
d0f53cba-fee4-5de9-b2e9-86e357a6ef88,0931aca3-ffbb-57aa-b84e-284c01f774f1,9,0.7346406975156371,"[""gaya_favorit"", ""harga_sesuai"", ""seniman_naik_daun"", ""pernah_beli_seniman""]",model,klasifikasi-v1,2026-10-05T15:16:10Z
d0f53cba-fee4-5de9-b2e9-86e357a6ef88,6a9a552c-870e-5cd3-b409-273d6c5865eb,10,0.7338991969454345,"[""gaya_favorit"", ""harga_sesuai"", ""seniman_naik_daun"", ""pernah_beli_seniman""]",model,klasifikasi-v1,2026-10-05T15:16:10Z
d0f53cba-fee4-5de9-b2e9-86e357a6ef88,9c41c05d-b958-5fe0-902f-c466d102b664,11,0.7328764381499918,"[""gaya_favorit"", ""harga_sesuai"", ""pernah_beli_seniman""]",model,klasifikasi-v1,2026-10-05T15:16:10Z
d0f53cba-fee4-5de9-b2e9-86e357a6ef88,a75ec521-369a-5e79-9b6f-f9851164e909,12,0.7328764381499918,"[""gaya_favorit"", ""harga_sesuai"", ""pernah_beli_seniman""]",model,klasifikasi-v1,2026-10-05T15:16:10Z
d0f53cba-fee4-5de9-b2e9-86e357a6ef88,1fef09ac-2800-5df6-bb4b-93c0c3308a02,13,0.7214466725218263,"[""gaya_favorit"", ""harga_sesuai"", ""pernah_beli_seniman""]",model,klasifikasi-v1,2026-10-05T15:16:10Z
d0f53cba-fee4-5de9-b2e9-86e357a6ef88,04393ef2-a47c-5658-89fa-61d255a593b4,14,0.709806205386258,"[""gaya_favorit"", ""harga_sesuai"", ""seniman_naik_daun"", ""pernah_beli_seniman""]",model,klasifikasi-v1,2026-10-05T15:16:10Z
d0f53cba-fee4-5de9-b2e9-86e357a6ef88,4ed54522-a110-5365-b35b-4c16d31aa48b,15,0.7043061295463098,"[""gaya_favorit"", ""harga_sesuai"", ""pernah_beli_seniman""]",model,klasifikasi-v1,2026-10-05T15:16:10Z
d0f53cba-fee4-5de9-b2e9-86e357a6ef88,0bc9d34a-7f95-5dee-beb4-55f3af9b97c9,16,0.7010297425902748,"[""gaya_favorit"", ""seniman_naik_daun"", ""pernah_beli_seniman""]",model,klasifikasi-v1,2026-10-05T15:16:10Z
d0f53cba-fee4-5de9-b2e9-86e357a6ef88,1af0200c-a8bf-593f-8cb6-4f759b5f5ac1,17,0.7000785604395697,"[""gaya_favorit"", ""seniman_naik_daun"", ""pernah_beli_seniman""]",model,klasifikasi-v1,2026-10-05T15:16:10Z
d0f53cba-fee4-5de9-b2e9-86e357a6ef88,854f6550-ae71-509e-859c-39396df1a99e,18,0.6978133179986221,"[""gaya_favorit"", ""harga_sesuai"", ""seniman_naik_daun"", ""pernah_beli_seniman""]",model,klasifikasi-v1,2026-10-05T15:16:10Z
d0f53cba-fee4-5de9-b2e9-86e357a6ef88,64de7a06-8f63-5e8e-b4c7-532b0a72e424,19,0.6882461217994458,"[""gaya_favorit"", ""harga_sesuai"", ""pernah_beli_seniman""]",model,klasifikasi-v1,2026-10-05T15:16:10Z
d0f53cba-fee4-5de9-b2e9-86e357a6ef88,231b14d2-2e75-5193-9c40-949b484944ca,20,0.6712757983998757,"[""gaya_favorit"", ""seniman_naik_daun"", ""pernah_beli_seniman""]",model,klasifikasi-v1,2026-10-05T15:16:10Z
1300d8c2-f127-540c-9bf8-d3c4f74f741d,6ab910ee-99bd-5039-9bf7-2e6828f994a7,1,0.7606918471635797,"[""gaya_favorit"", ""harga_sesuai"", ""gaya_ramai"", ""pernah_beli_seniman""]",model,klasifikasi-v1,2026-10-05T15:16:10Z
1300d8c2-f127-540c-9bf8-d3c4f74f741d,19b131db-ca02-5bed-b3f6-a8c0b19d8461,2,0.7343258971926292,"[""gaya_favorit"", ""harga_sesuai"", ""gaya_ramai""]",model,klasifikasi-v1,2026-10-05T15:16:10Z
1300d8c2-f127-540c-9bf8-d3c4f74f741d,f01a7b2c-1e11-597c-afeb-96705f31b4d5,3,0.6787535820549584,"[""gaya_favorit"", ""gaya_ramai"", ""pernah_beli_seniman""]",model,klasifikasi-v1,2026-10-05T15:16:10Z
1300d8c2-f127-540c-9bf8-d3c4f74f741d,c5d03f92-aa6d-5593-928e-3b2857ad1853,4,0.6710561904069108,"[""gaya_favorit"", ""pernah_beli_seniman""]",model,klasifikasi-v1,2026-10-05T15:16:10Z
1300d8c2-f127-540c-9bf8-d3c4f74f741d,07a581f5-4b2e-5999-bbd7-4405da0a3973,5,0.6659533010022191,"[""gaya_favorit"", ""harga_sesuai"", ""gaya_ramai"", ""pernah_beli_seniman""]",model,klasifikasi-v1,2026-10-05T15:16:10Z
1300d8c2-f127-540c-9bf8-d3c4f74f741d,b9c614f8-fc4b-54a8-b4f2-38cae682326f,6,0.6601233870695136,"[""gaya_favorit"", ""gaya_ramai"", ""pernah_beli_seniman""]",model,klasifikasi-v1,2026-10-05T15:16:10Z
1300d8c2-f127-540c-9bf8-d3c4f74f741d,df583dd7-04e0-5491-bcbb-5426ed211985,7,0.6382534539441687,"[""gaya_favorit"", ""gaya_ramai"", ""pernah_beli_seniman""]",model,klasifikasi-v1,2026-10-05T15:16:10Z
1300d8c2-f127-540c-9bf8-d3c4f74f741d,998d5b90-e146-544c-8f57-8d949cc3b1a0,8,0.6230233036546172,"[""gaya_favorit"", ""harga_sesuai"", ""pernah_beli_seniman""]",model,klasifikasi-v1,2026-10-05T15:16:10Z
1300d8c2-f127-540c-9bf8-d3c4f74f741d,9bdbffa3-5922-5d4c-a5b3-080cfb23f84c,9,0.5994266932741279,"[""gaya_favorit"", ""harga_sesuai"", ""pernah_beli_seniman""]",model,klasifikasi-v1,2026-10-05T15:16:10Z
1300d8c2-f127-540c-9bf8-d3c4f74f741d,6ccd5319-a365-5623-8263-83aee2187374,10,0.5983238240963851,"[""gaya_favorit"", ""harga_sesuai"", ""pernah_beli_seniman""]",model,klasifikasi-v1,2026-10-05T15:16:10Z
1300d8c2-f127-540c-9bf8-d3c4f74f741d,fdabfc66-2971-53a8-9c7f-da6fdee1e48e,11,0.5943906796663535,"[""gaya_favorit"", ""harga_sesuai"", ""gaya_ramai"", ""pernah_beli_seniman""]",model,klasifikasi-v1,2026-10-05T15:16:10Z
1300d8c2-f127-540c-9bf8-d3c4f74f741d,768f1aab-b8f5-5dce-bbdc-650ecdca5167,12,0.5906144044871121,"[""gaya_favorit"", ""gaya_ramai"", ""pernah_beli_seniman""]",model,klasifikasi-v1,2026-10-05T15:16:10Z
1300d8c2-f127-540c-9bf8-d3c4f74f741d,7bff47f0-16f0-5de4-9435-5616df9279ca,13,0.5905233612307652,"[""gaya_favorit"", ""pernah_beli_seniman""]",model,klasifikasi-v1,2026-10-05T15:16:10Z
1300d8c2-f127-540c-9bf8-d3c4f74f741d,6f5c741f-0fc0-523d-80e7-bce5940b7e1c,14,0.5780384857706857,[],model,klasifikasi-v1,2026-10-05T15:16:10Z
1300d8c2-f127-540c-9bf8-d3c4f74f741d,103c76e9-4997-5b31-92e1-e92276b6b167,15,0.5673630544861149,"[""gaya_favorit"", ""harga_sesuai"", ""gaya_ramai"", ""pernah_beli_seniman""]",model,klasifikasi-v1,2026-10-05T15:16:10Z
1300d8c2-f127-540c-9bf8-d3c4f74f741d,ded10c02-e3db-542d-8ff2-e0ab8c159069,16,0.5596432668115994,[],model,klasifikasi-v1,2026-10-05T15:16:10Z
1300d8c2-f127-540c-9bf8-d3c4f74f741d,80d6863c-4309-5881-81cd-79e0a6aa59a3,17,0.5566685375773827,[],model,klasifikasi-v1,2026-10-05T15:16:10Z
1300d8c2-f127-540c-9bf8-d3c4f74f741d,1d10619f-065b-57d0-8382-fd82d2e97ef5,18,0.5322552803361322,"[""gaya_favorit"", ""harga_sesuai"", ""pernah_beli_seniman""]",model,klasifikasi-v1,2026-10-05T15:16:10Z
1300d8c2-f127-540c-9bf8-d3c4f74f741d,0e102d63-ff8f-5e6b-bbdc-2a5d6e668cb1,19,0.5220616383787813,[],model,klasifikasi-v1,2026-10-05T15:16:10Z
1300d8c2-f127-540c-9bf8-d3c4f74f741d,556ac5bd-b36f-5124-8750-d92fefc82d2d,20,0.4896943203483741,"[""karya_baru""]",model,klasifikasi-v1,2026-10-05T15:16:10Z
b5db4183-0a3f-5b2a-be82-4d84565595b8,ab4a3c71-9387-56bc-a801-1beeee2639d7,1,0.7302529444319511,"[""gaya_favorit"", ""harga_sesuai"", ""gaya_ramai"", ""pernah_beli_seniman""]",model,klasifikasi-v1,2026-10-05T15:16:10Z
b5db4183-0a3f-5b2a-be82-4d84565595b8,2c540a0c-a2ff-5f37-ba88-a5ad28626312,2,0.7057442666297639,"[""gaya_favorit"", ""harga_sesuai"", ""gaya_ramai"", ""pernah_beli_seniman""]",model,klasifikasi-v1,2026-10-05T15:16:10Z
b5db4183-0a3f-5b2a-be82-4d84565595b8,d48d3793-0d94-54bf-8cd8-bd45835a8231,3,0.7050651070447117,"[""gaya_favorit"", ""harga_sesuai"", ""gaya_ramai"", ""pernah_beli_seniman""]",model,klasifikasi-v1,2026-10-05T15:16:10Z
b5db4183-0a3f-5b2a-be82-4d84565595b8,05f320fb-5f39-5107-a07b-43b287844058,4,0.678419761881472,"[""gaya_favorit"", ""harga_sesuai"", ""gaya_ramai""]",model,klasifikasi-v1,2026-10-05T15:16:10Z
b5db4183-0a3f-5b2a-be82-4d84565595b8,1f26c708-fc57-592d-a841-b891c55231bd,5,0.6678731730952102,"[""gaya_favorit"", ""harga_sesuai"", ""gaya_ramai"", ""pernah_beli_seniman""]",model,klasifikasi-v1,2026-10-05T15:16:10Z
b5db4183-0a3f-5b2a-be82-4d84565595b8,f1067009-38fa-5639-9333-76bfb4dff9dc,6,0.6617274608874767,"[""gaya_favorit"", ""gaya_ramai""]",model,klasifikasi-v1,2026-10-05T15:16:10Z
b5db4183-0a3f-5b2a-be82-4d84565595b8,2b114701-6eaa-53bb-93f7-b655e90e143d,7,0.661064470261365,"[""gaya_favorit"", ""harga_sesuai"", ""gaya_ramai""]",model,klasifikasi-v1,2026-10-05T15:16:10Z
b5db4183-0a3f-5b2a-be82-4d84565595b8,139b87ed-7f4a-5de6-a076-69e59c662118,8,0.6598810474138981,"[""gaya_favorit"", ""harga_sesuai"", ""gaya_ramai"", ""pernah_beli_seniman""]",model,klasifikasi-v1,2026-10-05T15:16:10Z
b5db4183-0a3f-5b2a-be82-4d84565595b8,5fce0098-5d0a-51cf-bf69-ba431548931f,9,0.6549547377192098,"[""gaya_favorit"", ""harga_sesuai"", ""gaya_ramai"", ""pernah_beli_seniman""]",model,klasifikasi-v1,2026-10-05T15:16:10Z
b5db4183-0a3f-5b2a-be82-4d84565595b8,c102454b-1487-5e3c-9d31-fa4d7acbe1ec,10,0.6515373446928496,"[""gaya_favorit"", ""harga_sesuai"", ""gaya_ramai""]",model,klasifikasi-v1,2026-10-05T15:16:10Z
b5db4183-0a3f-5b2a-be82-4d84565595b8,79bc3eb9-28b3-57e3-bf83-b1745b6e1891,11,0.6451606612790954,"[""gaya_favorit"", ""harga_sesuai"", ""gaya_ramai""]",model,klasifikasi-v1,2026-10-05T15:16:10Z
b5db4183-0a3f-5b2a-be82-4d84565595b8,534a55c8-5ce9-571f-8433-693d5635536d,12,0.6364863943345012,"[""gaya_favorit"", ""harga_sesuai"", ""gaya_ramai"", ""pernah_beli_seniman""]",model,klasifikasi-v1,2026-10-05T15:16:10Z
b5db4183-0a3f-5b2a-be82-4d84565595b8,3f8e8589-04d2-5dac-97c5-907b7fcd2c76,13,0.6332675694903547,"[""gaya_favorit"", ""gaya_ramai""]",model,klasifikasi-v1,2026-10-05T15:16:10Z
b5db4183-0a3f-5b2a-be82-4d84565595b8,e15ac87c-418d-5877-b3de-5f27acd81302,14,0.6326831053180874,"[""gaya_favorit"", ""harga_sesuai"", ""gaya_ramai"", ""pernah_beli_seniman""]",model,klasifikasi-v1,2026-10-05T15:16:10Z
b5db4183-0a3f-5b2a-be82-4d84565595b8,4b6180f4-6d4d-5089-95f8-c71d3b4424dd,15,0.6139445756588543,"[""gaya_favorit"", ""harga_sesuai"", ""gaya_ramai"", ""pernah_beli_seniman""]",model,klasifikasi-v1,2026-10-05T15:16:10Z
b5db4183-0a3f-5b2a-be82-4d84565595b8,88258c73-bb7b-51e8-824e-bc2ca0b939b8,16,0.6121401993520117,"[""seniman_naik_daun"", ""karya_baru""]",model,klasifikasi-v1,2026-10-05T15:16:10Z
b5db4183-0a3f-5b2a-be82-4d84565595b8,57484960-cbe1-544b-94b3-2f911835d343,17,0.6050102833987542,"[""gaya_favorit"", ""gaya_ramai"", ""pernah_beli_seniman""]",model,klasifikasi-v1,2026-10-05T15:16:10Z
b5db4183-0a3f-5b2a-be82-4d84565595b8,21c1ddc7-e714-5bb2-83ff-dbf4c6d1f2b2,18,0.5920037749614846,"[""gaya_favorit"", ""harga_sesuai"", ""gaya_ramai"", ""pernah_beli_seniman""]",model,klasifikasi-v1,2026-10-05T15:16:10Z
b5db4183-0a3f-5b2a-be82-4d84565595b8,79661a66-667a-5942-bffd-27fcf6e60186,19,0.5821226323093586,"[""gaya_favorit"", ""harga_sesuai"", ""gaya_ramai"", ""pernah_beli_seniman""]",model,klasifikasi-v1,2026-10-05T15:16:10Z
b5db4183-0a3f-5b2a-be82-4d84565595b8,d3a8b338-b612-53d4-9c39-d14ffe191dfa,20,0.5769975617730765,"[""gaya_favorit"", ""gaya_ramai"", ""pernah_beli_seniman""]",model,klasifikasi-v1,2026-10-05T15:16:10Z
bb3ffa0f-14da-55eb-a57f-c2df04802686,e15ac87c-418d-5877-b3de-5f27acd81302,1,0.8035928719757429,"[""gaya_favorit"", ""harga_sesuai"", ""gaya_ramai"", ""pernah_beli_seniman""]",model,klasifikasi-v1,2026-10-05T15:16:10Z
bb3ffa0f-14da-55eb-a57f-c2df04802686,daa8c931-6f28-5aae-87f3-dc9cd4fb7f63,2,0.7725141069673964,"[""gaya_favorit"", ""harga_sesuai"", ""gaya_ramai"", ""pernah_beli_seniman""]",model,klasifikasi-v1,2026-10-05T15:16:10Z
bb3ffa0f-14da-55eb-a57f-c2df04802686,ab4a3c71-9387-56bc-a801-1beeee2639d7,3,0.7631710672140992,"[""gaya_favorit"", ""gaya_ramai"", ""pernah_beli_seniman""]",model,klasifikasi-v1,2026-10-05T15:16:10Z
bb3ffa0f-14da-55eb-a57f-c2df04802686,ecc1925d-5e66-5cb1-9433-9856fad6a864,4,0.7385071347549312,"[""gaya_favorit"", ""harga_sesuai"", ""gaya_ramai"", ""pernah_beli_seniman""]",model,klasifikasi-v1,2026-10-05T15:16:10Z
bb3ffa0f-14da-55eb-a57f-c2df04802686,02f5c772-6c02-5abb-a41f-f73ab210977c,5,0.7218715281630815,"[""gaya_favorit"", ""gaya_ramai"", ""pernah_beli_seniman""]",model,klasifikasi-v1,2026-10-05T15:16:10Z
bb3ffa0f-14da-55eb-a57f-c2df04802686,eb44d2ea-12dc-577e-8aa5-20be6e0c9098,6,0.7167712744301239,"[""gaya_favorit"", ""harga_sesuai"", ""gaya_ramai"", ""pernah_beli_seniman""]",model,klasifikasi-v1,2026-10-05T15:16:10Z
bb3ffa0f-14da-55eb-a57f-c2df04802686,77940c72-1025-5f31-8dff-3763e93c7cf0,7,0.6994671505996347,"[""gaya_favorit"", ""harga_sesuai"", ""gaya_ramai"", ""pernah_beli_seniman""]",model,klasifikasi-v1,2026-10-05T15:16:10Z
bb3ffa0f-14da-55eb-a57f-c2df04802686,92f0f5ae-8161-5822-8491-78d40db10478,8,0.6927732801132905,"[""gaya_favorit"", ""gaya_ramai"", ""pernah_beli_seniman""]",model,klasifikasi-v1,2026-10-05T15:16:10Z
bb3ffa0f-14da-55eb-a57f-c2df04802686,fe1a1879-a98f-5673-b481-0cff8f509f6b,9,0.6897338378698918,"[""gaya_favorit"", ""harga_sesuai"", ""gaya_ramai"", ""pernah_beli_seniman""]",model,klasifikasi-v1,2026-10-05T15:16:10Z
bb3ffa0f-14da-55eb-a57f-c2df04802686,e725ece1-f474-5cdc-9885-977f72b1c045,10,0.6873300330508874,"[""gaya_favorit"", ""harga_sesuai"", ""gaya_ramai"", ""pernah_beli_seniman""]",model,klasifikasi-v1,2026-10-05T15:16:10Z
bb3ffa0f-14da-55eb-a57f-c2df04802686,866197c9-41b8-58ae-af14-976c6a847c11,11,0.678672200181976,"[""gaya_favorit"", ""harga_sesuai"", ""gaya_ramai"", ""pernah_beli_seniman""]",model,klasifikasi-v1,2026-10-05T15:16:10Z
bb3ffa0f-14da-55eb-a57f-c2df04802686,2dc1a3d9-2af8-5aef-95bb-4580395395bd,12,0.6751735624132283,"[""gaya_favorit"", ""gaya_ramai"", ""pernah_beli_seniman""]",model,klasifikasi-v1,2026-10-05T15:16:10Z
bb3ffa0f-14da-55eb-a57f-c2df04802686,1f26c708-fc57-592d-a841-b891c55231bd,13,0.6725758743566336,"[""gaya_favorit"", ""gaya_ramai"", ""pernah_beli_seniman""]",model,klasifikasi-v1,2026-10-05T15:16:10Z
bb3ffa0f-14da-55eb-a57f-c2df04802686,dd1ea1ee-96da-5e5b-b582-04814de395d1,14,0.672030024959125,"[""gaya_favorit"", ""harga_sesuai"", ""gaya_ramai"", ""pernah_beli_seniman""]",model,klasifikasi-v1,2026-10-05T15:16:10Z
bb3ffa0f-14da-55eb-a57f-c2df04802686,5fb395fb-fce6-5bf5-850f-533ba0346ded,15,0.672030024959125,"[""gaya_favorit"", ""harga_sesuai"", ""gaya_ramai"", ""pernah_beli_seniman""]",model,klasifikasi-v1,2026-10-05T15:16:10Z
bb3ffa0f-14da-55eb-a57f-c2df04802686,34f160b0-2ebd-5b4b-abbf-d9e60acd2b35,16,0.6713047892117492,"[""gaya_favorit"", ""gaya_ramai"", ""pernah_beli_seniman""]",model,klasifikasi-v1,2026-10-05T15:16:10Z
bb3ffa0f-14da-55eb-a57f-c2df04802686,0117ae9f-2c17-5ccc-9791-460b24155049,17,0.6645855880033014,"[""gaya_favorit"", ""gaya_ramai"", ""pernah_beli_seniman""]",model,klasifikasi-v1,2026-10-05T15:16:10Z
bb3ffa0f-14da-55eb-a57f-c2df04802686,d3a8b338-b612-53d4-9c39-d14ffe191dfa,18,0.6582033071421409,"[""gaya_favorit"", ""harga_sesuai"", ""gaya_ramai"", ""pernah_beli_seniman""]",model,klasifikasi-v1,2026-10-05T15:16:10Z
bb3ffa0f-14da-55eb-a57f-c2df04802686,d0932440-31b0-5025-ab5b-f83ac95c2aea,19,0.6570074008331994,"[""gaya_favorit"", ""harga_sesuai"", ""gaya_ramai"", ""pernah_beli_seniman""]",model,klasifikasi-v1,2026-10-05T15:16:10Z
bb3ffa0f-14da-55eb-a57f-c2df04802686,3f8dedef-81a9-5162-9bf4-59f3eb4eb26b,20,0.6559425078674747,"[""gaya_favorit"", ""gaya_ramai"", ""pernah_beli_seniman""]",model,klasifikasi-v1,2026-10-05T15:16:10Z
632614bc-8273-554c-b000-ee62113bcda6,79e25e0d-2c04-5f90-9130-3f1d94125223,1,0.7227997094002044,"[""seniman_naik_daun"", ""karya_baru""]",model,klasifikasi-v1,2026-10-05T15:16:10Z
632614bc-8273-554c-b000-ee62113bcda6,88258c73-bb7b-51e8-824e-bc2ca0b939b8,2,0.6507637492096788,"[""harga_sesuai"", ""seniman_naik_daun"", ""karya_baru""]",model,klasifikasi-v1,2026-10-05T15:16:10Z
632614bc-8273-554c-b000-ee62113bcda6,21d58bce-aee7-5c2c-9757-2101e0911a9e,3,0.6377722669862119,"[""harga_sesuai"", ""pernah_beli_seniman""]",model,klasifikasi-v1,2026-10-05T15:16:10Z
632614bc-8273-554c-b000-ee62113bcda6,0bc9d34a-7f95-5dee-beb4-55f3af9b97c9,4,0.6325288874067407,"[""harga_sesuai"", ""seniman_naik_daun""]",model,klasifikasi-v1,2026-10-05T15:16:10Z
632614bc-8273-554c-b000-ee62113bcda6,8bfc1f4d-519c-5412-8e3e-9b7ad4729b26,5,0.6318196146355868,"[""gaya_favorit"", ""seniman_naik_daun"", ""gaya_ramai"", ""pernah_beli_seniman""]",model,klasifikasi-v1,2026-10-05T15:16:10Z
632614bc-8273-554c-b000-ee62113bcda6,df002552-8f03-5997-b452-e24a915621dd,6,0.6185616058399757,"[""harga_sesuai"", ""seniman_naik_daun""]",model,klasifikasi-v1,2026-10-05T15:16:10Z
632614bc-8273-554c-b000-ee62113bcda6,7ba04b01-9924-5de2-9ea7-9d0e178b5a76,7,0.6054524196051115,"[""pernah_beli_seniman""]",model,klasifikasi-v1,2026-10-05T15:16:10Z
632614bc-8273-554c-b000-ee62113bcda6,07d19c93-c674-54cb-9448-012eb1b60c3f,8,0.604436070236103,"[""seniman_naik_daun""]",model,klasifikasi-v1,2026-10-05T15:16:10Z
632614bc-8273-554c-b000-ee62113bcda6,49c62221-8e30-57aa-89b1-b313a4f7e5b8,9,0.5925308136403562,"[""pernah_beli_seniman""]",model,klasifikasi-v1,2026-10-05T15:16:10Z
632614bc-8273-554c-b000-ee62113bcda6,2d399fc1-c809-5c2a-bdaa-6e69cefe5fb1,10,0.5884132840978368,"[""seniman_naik_daun""]",model,klasifikasi-v1,2026-10-05T15:16:10Z
632614bc-8273-554c-b000-ee62113bcda6,a3dfd416-62c6-5cdf-9ee4-e82226d12fdc,11,0.5830318576520638,"[""pernah_beli_seniman""]",model,klasifikasi-v1,2026-10-05T15:16:10Z
632614bc-8273-554c-b000-ee62113bcda6,8532f4de-facb-5676-975c-9866ebdd8247,12,0.5821589835191036,"[""gaya_favorit"", ""harga_sesuai"", ""seniman_naik_daun"", ""gaya_ramai"", ""pernah_beli_seniman""]",model,klasifikasi-v1,2026-10-05T15:16:10Z
632614bc-8273-554c-b000-ee62113bcda6,00795856-93c3-5b39-a80b-14c1fd15860f,13,0.5796478349599623,"[""pernah_beli_seniman""]",model,klasifikasi-v1,2026-10-05T15:16:10Z
632614bc-8273-554c-b000-ee62113bcda6,f65ec0d2-a533-5a7e-b1c3-9b7a40f965ce,14,0.5764380911172234,"[""pernah_beli_seniman""]",model,klasifikasi-v1,2026-10-05T15:16:10Z
632614bc-8273-554c-b000-ee62113bcda6,6668aaa3-cf17-5996-8538-ab41cc230eab,15,0.5757055452016496,"[""gaya_favorit"", ""harga_sesuai"", ""gaya_ramai""]",model,klasifikasi-v1,2026-10-05T15:16:10Z
632614bc-8273-554c-b000-ee62113bcda6,c67cff2a-590f-52c2-9fdd-17734dcd647a,16,0.5734861392094314,"[""gaya_favorit"", ""harga_sesuai"", ""gaya_ramai""]",model,klasifikasi-v1,2026-10-05T15:16:10Z
632614bc-8273-554c-b000-ee62113bcda6,deeacde5-7269-5bce-bc8f-9c7480c60aab,17,0.5732214034318377,"[""pernah_beli_seniman""]",model,klasifikasi-v1,2026-10-05T15:16:10Z
632614bc-8273-554c-b000-ee62113bcda6,a8ac835e-5aad-57f7-aa47-99b583d02392,18,0.5670090006614745,"[""seniman_naik_daun""]",model,klasifikasi-v1,2026-10-05T15:16:10Z
632614bc-8273-554c-b000-ee62113bcda6,6f5ddafa-7eee-586a-b4fe-998a0bff1ad4,19,0.5653109867160747,"[""pernah_beli_seniman""]",model,klasifikasi-v1,2026-10-05T15:16:10Z
632614bc-8273-554c-b000-ee62113bcda6,1fe5e4ec-a2db-5ef8-a46d-3f8ffa41ebe2,20,0.5643051761725486,"[""pernah_beli_seniman"", ""karya_baru""]",model,klasifikasi-v1,2026-10-05T15:16:10Z
2d5f7b0c-20e4-5e20-a6f3-9d40a681ccd9,a724961d-392c-586e-9da5-8e9342c6fd29,1,0.8285996916888139,"[""gaya_favorit"", ""pernah_beli_seniman"", ""karya_baru""]",model,klasifikasi-v1,2026-10-05T15:16:10Z
2d5f7b0c-20e4-5e20-a6f3-9d40a681ccd9,653fc4b1-75f3-5eac-afe6-586c962be798,2,0.8187515663714052,"[""gaya_favorit"", ""harga_sesuai"", ""pernah_beli_seniman""]",model,klasifikasi-v1,2026-10-05T15:16:10Z
2d5f7b0c-20e4-5e20-a6f3-9d40a681ccd9,1c18f330-e3a0-5c45-8b4a-4340319c6f6b,3,0.8148336156420278,"[""gaya_favorit"", ""pernah_beli_seniman""]",model,klasifikasi-v1,2026-10-05T15:16:10Z
2d5f7b0c-20e4-5e20-a6f3-9d40a681ccd9,556ac5bd-b36f-5124-8750-d92fefc82d2d,4,0.80857889933681,"[""gaya_favorit"", ""harga_sesuai"", ""pernah_beli_seniman"", ""karya_baru""]",model,klasifikasi-v1,2026-10-05T15:16:10Z
2d5f7b0c-20e4-5e20-a6f3-9d40a681ccd9,3d61eac2-6d83-5347-9d59-799ac69edc5a,5,0.8080997774386717,"[""gaya_favorit"", ""pernah_beli_seniman""]",model,klasifikasi-v1,2026-10-05T15:16:10Z
2d5f7b0c-20e4-5e20-a6f3-9d40a681ccd9,f60efa69-e980-54e3-9729-e98c5f2fc78f,6,0.7778434536189401,"[""gaya_favorit"", ""harga_sesuai"", ""pernah_beli_seniman""]",model,klasifikasi-v1,2026-10-05T15:16:10Z
2d5f7b0c-20e4-5e20-a6f3-9d40a681ccd9,8a247c64-cda5-5c99-9be2-94998d4b1275,7,0.7729113296466913,"[""gaya_favorit"", ""harga_sesuai"", ""pernah_beli_seniman""]",model,klasifikasi-v1,2026-10-05T15:16:10Z
2d5f7b0c-20e4-5e20-a6f3-9d40a681ccd9,7ed552db-962e-5e78-a1a4-2d32fefa1f0c,8,0.7623713374287112,"[""gaya_favorit"", ""harga_sesuai"", ""pernah_beli_seniman""]",model,klasifikasi-v1,2026-10-05T15:16:10Z
2d5f7b0c-20e4-5e20-a6f3-9d40a681ccd9,2693b62a-7ed0-56ef-a511-0bb356e0e009,9,0.759159634614327,"[""gaya_favorit"", ""harga_sesuai"", ""pernah_beli_seniman""]",model,klasifikasi-v1,2026-10-05T15:16:10Z
2d5f7b0c-20e4-5e20-a6f3-9d40a681ccd9,a6c80043-8c7f-50af-b91c-091f153d3eba,10,0.757897367938618,"[""gaya_favorit"", ""pernah_beli_seniman""]",model,klasifikasi-v1,2026-10-05T15:16:10Z
2d5f7b0c-20e4-5e20-a6f3-9d40a681ccd9,376f20b3-cf69-518a-95e4-669f8fe7fe40,11,0.7511482289977981,"[""gaya_favorit"", ""harga_sesuai"", ""pernah_beli_seniman""]",model,klasifikasi-v1,2026-10-05T15:16:10Z
2d5f7b0c-20e4-5e20-a6f3-9d40a681ccd9,5ab09023-1f78-582e-83e8-ae95a0e3eec9,12,0.6986765521426505,"[""gaya_favorit"", ""pernah_beli_seniman""]",model,klasifikasi-v1,2026-10-05T15:16:10Z
2d5f7b0c-20e4-5e20-a6f3-9d40a681ccd9,300ebf50-b10d-5efa-8722-a252a80b4557,13,0.6912567541293344,"[""gaya_favorit"", ""harga_sesuai"", ""pernah_beli_seniman""]",model,klasifikasi-v1,2026-10-05T15:16:10Z
2d5f7b0c-20e4-5e20-a6f3-9d40a681ccd9,af058c54-328b-50b1-aa59-1ed52ef4b398,14,0.689905550690511,"[""gaya_favorit"", ""pernah_beli_seniman""]",model,klasifikasi-v1,2026-10-05T15:16:10Z
2d5f7b0c-20e4-5e20-a6f3-9d40a681ccd9,16545722-15c8-55bc-b78b-f46c0496a505,15,0.6558954616291648,"[""gaya_favorit"", ""pernah_beli_seniman""]",model,klasifikasi-v1,2026-10-05T15:16:10Z
2d5f7b0c-20e4-5e20-a6f3-9d40a681ccd9,ab56a64c-b79d-5092-8002-0652f839ad06,16,0.6555168674606164,"[""gaya_favorit"", ""pernah_beli_seniman""]",model,klasifikasi-v1,2026-10-05T15:16:10Z
2d5f7b0c-20e4-5e20-a6f3-9d40a681ccd9,ddc6295d-239d-589a-9714-9e4d1b9fb3f9,17,0.6548567114205062,"[""gaya_favorit"", ""pernah_beli_seniman""]",model,klasifikasi-v1,2026-10-05T15:16:10Z
2d5f7b0c-20e4-5e20-a6f3-9d40a681ccd9,6f5c741f-0fc0-523d-80e7-bce5940b7e1c,18,0.6449322594940181,"[""harga_sesuai""]",model,klasifikasi-v1,2026-10-05T15:16:10Z
2d5f7b0c-20e4-5e20-a6f3-9d40a681ccd9,0242a481-31c2-55aa-92b4-ebebc6011a7c,19,0.6076772997827897,"[""gaya_favorit"", ""pernah_beli_seniman""]",model,klasifikasi-v1,2026-10-05T15:16:10Z
2d5f7b0c-20e4-5e20-a6f3-9d40a681ccd9,80d6863c-4309-5881-81cd-79e0a6aa59a3,20,0.6067658959996207,"[""harga_sesuai""]",model,klasifikasi-v1,2026-10-05T15:16:10Z
794a1ad7-3dcb-5e01-ab47-663d34cadb1c,c5d03f92-aa6d-5593-928e-3b2857ad1853,1,0.8350832509239874,"[""gaya_favorit"", ""harga_sesuai"", ""pernah_beli_seniman""]",model,klasifikasi-v1,2026-10-05T15:16:10Z
794a1ad7-3dcb-5e01-ab47-663d34cadb1c,9bdbffa3-5922-5d4c-a5b3-080cfb23f84c,2,0.7416134775654998,"[""gaya_favorit"", ""pernah_beli_seniman""]",model,klasifikasi-v1,2026-10-05T15:16:10Z
794a1ad7-3dcb-5e01-ab47-663d34cadb1c,6c354900-b80d-56b8-8adc-7a97a366f095,3,0.6615369363724836,"[""gaya_favorit"", ""harga_sesuai"", ""pernah_beli_seniman""]",model,klasifikasi-v1,2026-10-05T15:16:10Z
794a1ad7-3dcb-5e01-ab47-663d34cadb1c,6f5c741f-0fc0-523d-80e7-bce5940b7e1c,4,0.6495030489084547,"[""harga_sesuai""]",model,klasifikasi-v1,2026-10-05T15:16:10Z
794a1ad7-3dcb-5e01-ab47-663d34cadb1c,80d6863c-4309-5881-81cd-79e0a6aa59a3,5,0.6316628055474247,"[""harga_sesuai""]",model,klasifikasi-v1,2026-10-05T15:16:10Z
794a1ad7-3dcb-5e01-ab47-663d34cadb1c,1d10619f-065b-57d0-8382-fd82d2e97ef5,6,0.6300123858316364,"[""gaya_favorit"", ""pernah_beli_seniman""]",model,klasifikasi-v1,2026-10-05T15:16:10Z
794a1ad7-3dcb-5e01-ab47-663d34cadb1c,0e102d63-ff8f-5e6b-bbdc-2a5d6e668cb1,7,0.6067733556298749,"[""harga_sesuai""]",model,klasifikasi-v1,2026-10-05T15:16:10Z
794a1ad7-3dcb-5e01-ab47-663d34cadb1c,ded10c02-e3db-542d-8ff2-e0ab8c159069,8,0.5988641199553929,[],model,klasifikasi-v1,2026-10-05T15:16:10Z
794a1ad7-3dcb-5e01-ab47-663d34cadb1c,4c6861aa-290c-53f1-808e-3e6cbd17a516,9,0.5795139710551865,"[""gaya_favorit"", ""pernah_beli_seniman"", ""karya_baru""]",model,klasifikasi-v1,2026-10-05T15:16:10Z
794a1ad7-3dcb-5e01-ab47-663d34cadb1c,866197c9-41b8-58ae-af14-976c6a847c11,10,0.5721763962088877,"[""harga_sesuai"", ""gaya_ramai""]",model,klasifikasi-v1,2026-10-05T15:16:10Z
794a1ad7-3dcb-5e01-ab47-663d34cadb1c,556ac5bd-b36f-5124-8750-d92fefc82d2d,11,0.5685979781932281,"[""harga_sesuai"", ""pernah_beli_seniman"", ""karya_baru""]",model,klasifikasi-v1,2026-10-05T15:16:10Z
794a1ad7-3dcb-5e01-ab47-663d34cadb1c,de0649c2-892b-5173-87f3-b53210592193,12,0.5641082126402264,"[""harga_sesuai"", ""gaya_ramai""]",model,klasifikasi-v1,2026-10-05T15:16:10Z
794a1ad7-3dcb-5e01-ab47-663d34cadb1c,998d5b90-e146-544c-8f57-8d949cc3b1a0,13,0.5639553155938264,"[""gaya_favorit"", ""pernah_beli_seniman""]",model,klasifikasi-v1,2026-10-05T15:16:10Z
794a1ad7-3dcb-5e01-ab47-663d34cadb1c,a724961d-392c-586e-9da5-8e9342c6fd29,14,0.5635546762497864,"[""pernah_beli_seniman"", ""karya_baru""]",model,klasifikasi-v1,2026-10-05T15:16:10Z
794a1ad7-3dcb-5e01-ab47-663d34cadb1c,34f160b0-2ebd-5b4b-abbf-d9e60acd2b35,15,0.5559108459042095,"[""gaya_ramai""]",model,klasifikasi-v1,2026-10-05T15:16:10Z
794a1ad7-3dcb-5e01-ab47-663d34cadb1c,1b284f0a-4933-57f5-a5d9-d38488a7227c,16,0.5423208455375125,"[""harga_sesuai""]",model,klasifikasi-v1,2026-10-05T15:16:10Z
794a1ad7-3dcb-5e01-ab47-663d34cadb1c,e15ac87c-418d-5877-b3de-5f27acd81302,17,0.5402138647372882,"[""harga_sesuai"", ""gaya_ramai"", ""pernah_beli_seniman""]",model,klasifikasi-v1,2026-10-05T15:16:10Z
794a1ad7-3dcb-5e01-ab47-663d34cadb1c,2dc1a3d9-2af8-5aef-95bb-4580395395bd,18,0.5279983529142832,"[""gaya_ramai""]",model,klasifikasi-v1,2026-10-05T15:16:10Z
794a1ad7-3dcb-5e01-ab47-663d34cadb1c,53d13623-0761-554d-b668-e79215702755,19,0.5223394382240827,"[""gaya_favorit"", ""harga_sesuai"", ""pernah_beli_seniman""]",model,klasifikasi-v1,2026-10-05T15:16:10Z
794a1ad7-3dcb-5e01-ab47-663d34cadb1c,6ccd5319-a365-5623-8263-83aee2187374,20,0.5213593066649227,"[""gaya_favorit"", ""pernah_beli_seniman""]",model,klasifikasi-v1,2026-10-05T15:16:10Z
474eb440-5a37-5ffd-8f99-dfca5ca49d78,a724961d-392c-586e-9da5-8e9342c6fd29,1,0.8084304804606285,"[""gaya_favorit"", ""pernah_beli_seniman"", ""karya_baru""]",model,klasifikasi-v1,2026-10-05T15:16:10Z
474eb440-5a37-5ffd-8f99-dfca5ca49d78,653fc4b1-75f3-5eac-afe6-586c962be798,2,0.7966713416725617,"[""gaya_favorit"", ""harga_sesuai"", ""pernah_beli_seniman""]",model,klasifikasi-v1,2026-10-05T15:16:10Z
474eb440-5a37-5ffd-8f99-dfca5ca49d78,556ac5bd-b36f-5124-8750-d92fefc82d2d,3,0.7867851500283503,"[""gaya_favorit"", ""harga_sesuai"", ""pernah_beli_seniman"", ""karya_baru""]",model,klasifikasi-v1,2026-10-05T15:16:10Z
474eb440-5a37-5ffd-8f99-dfca5ca49d78,1c18f330-e3a0-5c45-8b4a-4340319c6f6b,4,0.7847737310579275,"[""gaya_favorit"", ""pernah_beli_seniman""]",model,klasifikasi-v1,2026-10-05T15:16:10Z
474eb440-5a37-5ffd-8f99-dfca5ca49d78,3d61eac2-6d83-5347-9d59-799ac69edc5a,5,0.7827160466994166,"[""gaya_favorit"", ""harga_sesuai"", ""pernah_beli_seniman""]",model,klasifikasi-v1,2026-10-05T15:16:10Z
474eb440-5a37-5ffd-8f99-dfca5ca49d78,7ed552db-962e-5e78-a1a4-2d32fefa1f0c,6,0.776935958676951,"[""gaya_favorit"", ""harga_sesuai"", ""pernah_beli_seniman""]",model,klasifikasi-v1,2026-10-05T15:16:10Z
474eb440-5a37-5ffd-8f99-dfca5ca49d78,2693b62a-7ed0-56ef-a511-0bb356e0e009,7,0.7603425830815275,"[""gaya_favorit"", ""harga_sesuai"", ""pernah_beli_seniman""]",model,klasifikasi-v1,2026-10-05T15:16:10Z
474eb440-5a37-5ffd-8f99-dfca5ca49d78,f60efa69-e980-54e3-9729-e98c5f2fc78f,8,0.7522323628350297,"[""gaya_favorit"", ""harga_sesuai"", ""pernah_beli_seniman""]",model,klasifikasi-v1,2026-10-05T15:16:10Z
474eb440-5a37-5ffd-8f99-dfca5ca49d78,8a247c64-cda5-5c99-9be2-94998d4b1275,9,0.7469725152487122,"[""gaya_favorit"", ""harga_sesuai"", ""pernah_beli_seniman""]",model,klasifikasi-v1,2026-10-05T15:16:10Z
474eb440-5a37-5ffd-8f99-dfca5ca49d78,a6c80043-8c7f-50af-b91c-091f153d3eba,10,0.7376417106906193,"[""gaya_favorit"", ""pernah_beli_seniman""]",model,klasifikasi-v1,2026-10-05T15:16:10Z
474eb440-5a37-5ffd-8f99-dfca5ca49d78,376f20b3-cf69-518a-95e4-669f8fe7fe40,11,0.7248910473894993,"[""gaya_favorit"", ""harga_sesuai"", ""pernah_beli_seniman""]",model,klasifikasi-v1,2026-10-05T15:16:10Z
474eb440-5a37-5ffd-8f99-dfca5ca49d78,5ab09023-1f78-582e-83e8-ae95a0e3eec9,12,0.6808430475396621,"[""gaya_favorit"", ""pernah_beli_seniman""]",model,klasifikasi-v1,2026-10-05T15:16:10Z
474eb440-5a37-5ffd-8f99-dfca5ca49d78,af058c54-328b-50b1-aa59-1ed52ef4b398,13,0.6649850644050841,"[""gaya_favorit"", ""pernah_beli_seniman""]",model,klasifikasi-v1,2026-10-05T15:16:10Z
474eb440-5a37-5ffd-8f99-dfca5ca49d78,300ebf50-b10d-5efa-8722-a252a80b4557,14,0.6615277626303603,"[""gaya_favorit"", ""harga_sesuai"", ""pernah_beli_seniman""]",model,klasifikasi-v1,2026-10-05T15:16:10Z
474eb440-5a37-5ffd-8f99-dfca5ca49d78,b93ca27f-2a5c-5964-a7c6-97f8d7bd6529,15,0.6500444397467858,"[""gaya_favorit"", ""pernah_beli_seniman""]",model,klasifikasi-v1,2026-10-05T15:16:10Z
474eb440-5a37-5ffd-8f99-dfca5ca49d78,ab56a64c-b79d-5092-8002-0652f839ad06,16,0.6485220892648188,"[""gaya_favorit"", ""pernah_beli_seniman""]",model,klasifikasi-v1,2026-10-05T15:16:10Z
474eb440-5a37-5ffd-8f99-dfca5ca49d78,ddc6295d-239d-589a-9714-9e4d1b9fb3f9,17,0.6467379931732266,"[""gaya_favorit"", ""pernah_beli_seniman""]",model,klasifikasi-v1,2026-10-05T15:16:10Z
474eb440-5a37-5ffd-8f99-dfca5ca49d78,80d6863c-4309-5881-81cd-79e0a6aa59a3,18,0.6276601262108077,"[""harga_sesuai""]",model,klasifikasi-v1,2026-10-05T15:16:10Z
474eb440-5a37-5ffd-8f99-dfca5ca49d78,16545722-15c8-55bc-b78b-f46c0496a505,19,0.6198498313148149,"[""gaya_favorit"", ""harga_sesuai"", ""pernah_beli_seniman""]",model,klasifikasi-v1,2026-10-05T15:16:10Z
474eb440-5a37-5ffd-8f99-dfca5ca49d78,6f5c741f-0fc0-523d-80e7-bce5940b7e1c,20,0.6039837260569332,"[""harga_sesuai""]",model,klasifikasi-v1,2026-10-05T15:16:10Z
0cb0537b-f5e1-5f33-9483-09c1975d23fc,79e25e0d-2c04-5f90-9130-3f1d94125223,1,0.7634479569165116,"[""harga_sesuai"", ""seniman_naik_daun"", ""karya_baru""]",model,klasifikasi-v1,2026-10-05T15:16:10Z
0cb0537b-f5e1-5f33-9483-09c1975d23fc,a8ac835e-5aad-57f7-aa47-99b583d02392,2,0.7623304483123535,"[""seniman_naik_daun""]",model,klasifikasi-v1,2026-10-05T15:16:10Z
0cb0537b-f5e1-5f33-9483-09c1975d23fc,88258c73-bb7b-51e8-824e-bc2ca0b939b8,3,0.7085104488712429,"[""harga_sesuai"", ""seniman_naik_daun"", ""karya_baru""]",model,klasifikasi-v1,2026-10-05T15:16:10Z
0cb0537b-f5e1-5f33-9483-09c1975d23fc,016679fd-f015-5c7e-b41e-f69d95c9d91a,4,0.7059792090663782,"[""harga_sesuai"", ""seniman_naik_daun""]",model,klasifikasi-v1,2026-10-05T15:16:10Z
0cb0537b-f5e1-5f33-9483-09c1975d23fc,224ba711-c5ff-581d-be53-1872a1df84ca,5,0.6752329762012174,"[""harga_sesuai"", ""seniman_naik_daun""]",model,klasifikasi-v1,2026-10-05T15:16:10Z
0cb0537b-f5e1-5f33-9483-09c1975d23fc,8bfc1f4d-519c-5412-8e3e-9b7ad4729b26,6,0.6713478695656538,"[""gaya_favorit"", ""harga_sesuai"", ""seniman_naik_daun"", ""gaya_ramai"", ""pernah_beli_seniman""]",model,klasifikasi-v1,2026-10-05T15:16:10Z
0cb0537b-f5e1-5f33-9483-09c1975d23fc,b116070e-6e10-5b4c-8bc1-f41ce97a6883,7,0.6589184816148331,"[""seniman_naik_daun"", ""pernah_beli_seniman"", ""karya_baru""]",model,klasifikasi-v1,2026-10-05T15:16:10Z
0cb0537b-f5e1-5f33-9483-09c1975d23fc,d08e8450-729f-5c84-b7fb-cbf19ed311d1,8,0.6535659281988205,"[""harga_sesuai"", ""seniman_naik_daun"", ""pernah_beli_seniman""]",model,klasifikasi-v1,2026-10-05T15:16:10Z
0cb0537b-f5e1-5f33-9483-09c1975d23fc,07d19c93-c674-54cb-9448-012eb1b60c3f,9,0.6381282772341794,"[""harga_sesuai"", ""seniman_naik_daun""]",model,klasifikasi-v1,2026-10-05T15:16:10Z
0cb0537b-f5e1-5f33-9483-09c1975d23fc,2d399fc1-c809-5c2a-bdaa-6e69cefe5fb1,10,0.6226181517911071,"[""harga_sesuai"", ""seniman_naik_daun""]",model,klasifikasi-v1,2026-10-05T15:16:10Z
0cb0537b-f5e1-5f33-9483-09c1975d23fc,8856b1b5-28c4-536b-9a51-9ff06bfdbd80,11,0.6113184855985656,"[""harga_sesuai"", ""seniman_naik_daun""]",model,klasifikasi-v1,2026-10-05T15:16:10Z
0cb0537b-f5e1-5f33-9483-09c1975d23fc,16f72504-2d49-5ca7-9355-34533c8b0016,12,0.6112373971621657,"[""harga_sesuai"", ""pernah_beli_seniman""]",model,klasifikasi-v1,2026-10-05T15:16:10Z
0cb0537b-f5e1-5f33-9483-09c1975d23fc,df002552-8f03-5997-b452-e24a915621dd,13,0.6034144678916744,"[""harga_sesuai"", ""seniman_naik_daun""]",model,klasifikasi-v1,2026-10-05T15:16:10Z
0cb0537b-f5e1-5f33-9483-09c1975d23fc,c67cff2a-590f-52c2-9fdd-17734dcd647a,14,0.6011727230307108,"[""gaya_favorit"", ""harga_sesuai"", ""gaya_ramai"", ""pernah_beli_seniman""]",model,klasifikasi-v1,2026-10-05T15:16:10Z
0cb0537b-f5e1-5f33-9483-09c1975d23fc,f06f5c52-f306-5509-9a82-0de8c7d16150,15,0.5996725596729372,"[""harga_sesuai"", ""seniman_naik_daun""]",model,klasifikasi-v1,2026-10-05T15:16:10Z
0cb0537b-f5e1-5f33-9483-09c1975d23fc,cb0386cd-e3e3-58ca-ac38-9e5b708564d1,16,0.59168263517043,"[""harga_sesuai"", ""pernah_beli_seniman""]",model,klasifikasi-v1,2026-10-05T15:16:10Z
0cb0537b-f5e1-5f33-9483-09c1975d23fc,d58a8ef3-58db-502d-a8cc-da1c43aa9f6e,17,0.5849973205579917,"[""gaya_favorit"", ""harga_sesuai"", ""gaya_ramai"", ""pernah_beli_seniman""]",model,klasifikasi-v1,2026-10-05T15:16:10Z
0cb0537b-f5e1-5f33-9483-09c1975d23fc,84123035-a298-5787-9622-b167937b454b,18,0.5849805964738867,"[""gaya_favorit"", ""harga_sesuai"", ""seniman_naik_daun"", ""gaya_ramai"", ""pernah_beli_seniman""]",model,klasifikasi-v1,2026-10-05T15:16:10Z
0cb0537b-f5e1-5f33-9483-09c1975d23fc,8d8c6d42-894a-5d83-a68b-c458ead32750,19,0.5705498843918333,"[""seniman_naik_daun""]",model,klasifikasi-v1,2026-10-05T15:16:10Z
0cb0537b-f5e1-5f33-9483-09c1975d23fc,94afa8d0-6fca-5820-9dfe-5fb67fd9b665,20,0.5702190190322818,"[""harga_sesuai"", ""seniman_naik_daun""]",model,klasifikasi-v1,2026-10-05T15:16:10Z
18188d25-bf5b-53cd-9e1e-ae24e999923a,e15ac87c-418d-5877-b3de-5f27acd81302,1,0.8011548472213916,"[""gaya_favorit"", ""harga_sesuai"", ""gaya_ramai"", ""pernah_beli_seniman""]",model,klasifikasi-v1,2026-10-05T15:16:10Z
18188d25-bf5b-53cd-9e1e-ae24e999923a,05f320fb-5f39-5107-a07b-43b287844058,2,0.7533660651863382,"[""gaya_favorit"", ""harga_sesuai"", ""gaya_ramai"", ""pernah_beli_seniman""]",model,klasifikasi-v1,2026-10-05T15:16:10Z
18188d25-bf5b-53cd-9e1e-ae24e999923a,ecc1925d-5e66-5cb1-9433-9856fad6a864,3,0.7469361587762517,"[""gaya_favorit"", ""harga_sesuai"", ""gaya_ramai"", ""pernah_beli_seniman""]",model,klasifikasi-v1,2026-10-05T15:16:10Z
18188d25-bf5b-53cd-9e1e-ae24e999923a,2b114701-6eaa-53bb-93f7-b655e90e143d,4,0.7405496159086444,"[""gaya_favorit"", ""gaya_ramai"", ""pernah_beli_seniman""]",model,klasifikasi-v1,2026-10-05T15:16:10Z
18188d25-bf5b-53cd-9e1e-ae24e999923a,02f5c772-6c02-5abb-a41f-f73ab210977c,5,0.7241834043260635,"[""gaya_favorit"", ""gaya_ramai"", ""pernah_beli_seniman""]",model,klasifikasi-v1,2026-10-05T15:16:10Z
18188d25-bf5b-53cd-9e1e-ae24e999923a,ab4a3c71-9387-56bc-a801-1beeee2639d7,6,0.7205271398527496,"[""gaya_favorit"", ""gaya_ramai"", ""pernah_beli_seniman""]",model,klasifikasi-v1,2026-10-05T15:16:10Z
18188d25-bf5b-53cd-9e1e-ae24e999923a,daa8c931-6f28-5aae-87f3-dc9cd4fb7f63,7,0.7168117713545501,"[""gaya_favorit"", ""harga_sesuai"", ""gaya_ramai"", ""pernah_beli_seniman""]",model,klasifikasi-v1,2026-10-05T15:16:10Z
18188d25-bf5b-53cd-9e1e-ae24e999923a,fe1a1879-a98f-5673-b481-0cff8f509f6b,8,0.7154268984251517,"[""gaya_favorit"", ""harga_sesuai"", ""gaya_ramai"", ""pernah_beli_seniman""]",model,klasifikasi-v1,2026-10-05T15:16:10Z
18188d25-bf5b-53cd-9e1e-ae24e999923a,92f0f5ae-8161-5822-8491-78d40db10478,9,0.7116807681082006,"[""gaya_favorit"", ""gaya_ramai"", ""pernah_beli_seniman""]",model,klasifikasi-v1,2026-10-05T15:16:10Z
18188d25-bf5b-53cd-9e1e-ae24e999923a,d48d3793-0d94-54bf-8cd8-bd45835a8231,10,0.7058064627868135,"[""gaya_favorit"", ""gaya_ramai"", ""pernah_beli_seniman""]",model,klasifikasi-v1,2026-10-05T15:16:10Z
18188d25-bf5b-53cd-9e1e-ae24e999923a,eb44d2ea-12dc-577e-8aa5-20be6e0c9098,11,0.7036353661060489,"[""gaya_favorit"", ""harga_sesuai"", ""gaya_ramai"", ""pernah_beli_seniman""]",model,klasifikasi-v1,2026-10-05T15:16:10Z
18188d25-bf5b-53cd-9e1e-ae24e999923a,f45cab8f-3561-5397-9eb7-6764db930090,12,0.7001281485038845,"[""gaya_favorit"", ""harga_sesuai"", ""gaya_ramai"", ""pernah_beli_seniman""]",model,klasifikasi-v1,2026-10-05T15:16:10Z
18188d25-bf5b-53cd-9e1e-ae24e999923a,35761db0-2c06-54dc-bda1-3a407fbac6e6,13,0.6941163751193997,"[""gaya_favorit"", ""harga_sesuai"", ""gaya_ramai"", ""pernah_beli_seniman""]",model,klasifikasi-v1,2026-10-05T15:16:10Z
18188d25-bf5b-53cd-9e1e-ae24e999923a,5d0000b9-a568-5a60-b3d9-b82ac1110d5f,14,0.6868896165200974,"[""gaya_favorit"", ""harga_sesuai"", ""gaya_ramai"", ""pernah_beli_seniman""]",model,klasifikasi-v1,2026-10-05T15:16:10Z
18188d25-bf5b-53cd-9e1e-ae24e999923a,d2b19c93-3410-5803-aea2-6ea598e91ef7,15,0.6849204013033984,"[""gaya_favorit"", ""harga_sesuai"", ""gaya_ramai"", ""pernah_beli_seniman""]",model,klasifikasi-v1,2026-10-05T15:16:10Z
18188d25-bf5b-53cd-9e1e-ae24e999923a,dd1ea1ee-96da-5e5b-b582-04814de395d1,16,0.6816782514274218,"[""gaya_favorit"", ""harga_sesuai"", ""gaya_ramai"", ""pernah_beli_seniman""]",model,klasifikasi-v1,2026-10-05T15:16:10Z
18188d25-bf5b-53cd-9e1e-ae24e999923a,5fb395fb-fce6-5bf5-850f-533ba0346ded,17,0.6816782514274218,"[""gaya_favorit"", ""harga_sesuai"", ""gaya_ramai"", ""pernah_beli_seniman""]",model,klasifikasi-v1,2026-10-05T15:16:10Z
18188d25-bf5b-53cd-9e1e-ae24e999923a,830ff9e5-41a2-5091-9bf2-1d5c5b9826f9,18,0.678744631272864,"[""gaya_favorit"", ""gaya_ramai"", ""pernah_beli_seniman""]",model,klasifikasi-v1,2026-10-05T15:16:10Z
18188d25-bf5b-53cd-9e1e-ae24e999923a,866197c9-41b8-58ae-af14-976c6a847c11,19,0.6763099179603381,"[""gaya_favorit"", ""harga_sesuai"", ""gaya_ramai"", ""pernah_beli_seniman""]",model,klasifikasi-v1,2026-10-05T15:16:10Z
18188d25-bf5b-53cd-9e1e-ae24e999923a,d3a8b338-b612-53d4-9c39-d14ffe191dfa,20,0.67608168666953,"[""gaya_favorit"", ""harga_sesuai"", ""gaya_ramai"", ""pernah_beli_seniman""]",model,klasifikasi-v1,2026-10-05T15:16:10Z
ea2dd656-db8e-51fd-80d2-89b29fa3e2e6,c5d03f92-aa6d-5593-928e-3b2857ad1853,1,0.6985317192941178,"[""gaya_favorit"", ""harga_sesuai"", ""pernah_beli_seniman""]",model,klasifikasi-v1,2026-10-05T15:16:10Z
ea2dd656-db8e-51fd-80d2-89b29fa3e2e6,224ba711-c5ff-581d-be53-1872a1df84ca,2,0.6876691206771665,"[""seniman_naik_daun""]",model,klasifikasi-v1,2026-10-05T15:16:10Z
ea2dd656-db8e-51fd-80d2-89b29fa3e2e6,0bc9d34a-7f95-5dee-beb4-55f3af9b97c9,3,0.6386520356157926,"[""seniman_naik_daun""]",model,klasifikasi-v1,2026-10-05T15:16:10Z
ea2dd656-db8e-51fd-80d2-89b29fa3e2e6,f01a7b2c-1e11-597c-afeb-96705f31b4d5,4,0.6036214292353949,"[""harga_sesuai"", ""gaya_ramai"", ""pernah_beli_seniman""]",model,klasifikasi-v1,2026-10-05T15:16:10Z
ea2dd656-db8e-51fd-80d2-89b29fa3e2e6,ab4a3c71-9387-56bc-a801-1beeee2639d7,5,0.5902473296676531,"[""gaya_ramai""]",model,klasifikasi-v1,2026-10-05T15:16:10Z
ea2dd656-db8e-51fd-80d2-89b29fa3e2e6,a724961d-392c-586e-9da5-8e9342c6fd29,6,0.5734621017235886,"[""karya_baru""]",model,klasifikasi-v1,2026-10-05T15:16:10Z
ea2dd656-db8e-51fd-80d2-89b29fa3e2e6,ded10c02-e3db-542d-8ff2-e0ab8c159069,7,0.5650454578085446,[],model,klasifikasi-v1,2026-10-05T15:16:10Z
ea2dd656-db8e-51fd-80d2-89b29fa3e2e6,d48d3793-0d94-54bf-8cd8-bd45835a8231,8,0.5598657309323891,"[""gaya_ramai""]",model,klasifikasi-v1,2026-10-05T15:16:10Z
ea2dd656-db8e-51fd-80d2-89b29fa3e2e6,830ff9e5-41a2-5091-9bf2-1d5c5b9826f9,9,0.5375049217820642,"[""gaya_ramai""]",model,klasifikasi-v1,2026-10-05T15:16:10Z
ea2dd656-db8e-51fd-80d2-89b29fa3e2e6,2c540a0c-a2ff-5f37-ba88-a5ad28626312,10,0.5350359390417732,"[""gaya_ramai""]",model,klasifikasi-v1,2026-10-05T15:16:10Z
ea2dd656-db8e-51fd-80d2-89b29fa3e2e6,1af0200c-a8bf-593f-8cb6-4f759b5f5ac1,11,0.5282642982333436,"[""seniman_naik_daun""]",model,klasifikasi-v1,2026-10-05T15:16:10Z
ea2dd656-db8e-51fd-80d2-89b29fa3e2e6,05f320fb-5f39-5107-a07b-43b287844058,12,0.5253140104092795,"[""harga_sesuai"", ""gaya_ramai""]",model,klasifikasi-v1,2026-10-05T15:16:10Z
ea2dd656-db8e-51fd-80d2-89b29fa3e2e6,b82ffac4-9b18-5129-bb4f-76d6267ef825,13,0.5209097182004473,"[""harga_sesuai"", ""seniman_naik_daun""]",model,klasifikasi-v1,2026-10-05T15:16:10Z
ea2dd656-db8e-51fd-80d2-89b29fa3e2e6,0e102d63-ff8f-5e6b-bbdc-2a5d6e668cb1,14,0.5204122946879438,"[""harga_sesuai""]",model,klasifikasi-v1,2026-10-05T15:16:10Z
ea2dd656-db8e-51fd-80d2-89b29fa3e2e6,556ac5bd-b36f-5124-8750-d92fefc82d2d,15,0.5151092464651675,"[""harga_sesuai"", ""karya_baru""]",model,klasifikasi-v1,2026-10-05T15:16:10Z
ea2dd656-db8e-51fd-80d2-89b29fa3e2e6,e15ac87c-418d-5877-b3de-5f27acd81302,16,0.513658374747572,"[""harga_sesuai"", ""gaya_ramai""]",model,klasifikasi-v1,2026-10-05T15:16:10Z
ea2dd656-db8e-51fd-80d2-89b29fa3e2e6,f1067009-38fa-5639-9333-76bfb4dff9dc,17,0.5090371687447283,"[""gaya_ramai""]",model,klasifikasi-v1,2026-10-05T15:16:10Z
ea2dd656-db8e-51fd-80d2-89b29fa3e2e6,2b114701-6eaa-53bb-93f7-b655e90e143d,18,0.5065766697526989,"[""gaya_ramai""]",model,klasifikasi-v1,2026-10-05T15:16:10Z
ea2dd656-db8e-51fd-80d2-89b29fa3e2e6,77940c72-1025-5f31-8dff-3763e93c7cf0,19,0.5033023884537844,"[""harga_sesuai"", ""gaya_ramai""]",model,klasifikasi-v1,2026-10-05T15:16:10Z
ea2dd656-db8e-51fd-80d2-89b29fa3e2e6,6f5c741f-0fc0-523d-80e7-bce5940b7e1c,20,0.5026903401854145,"[""harga_sesuai""]",model,klasifikasi-v1,2026-10-05T15:16:10Z
4a86e14c-2bce-553a-881e-a2576058b102,72ddb5bd-c130-58fb-8657-ea12f7cd200f,1,0.6746679077268145,"[""gaya_favorit"", ""pernah_beli_seniman""]",model,klasifikasi-v1,2026-10-05T15:16:10Z
4a86e14c-2bce-553a-881e-a2576058b102,a724961d-392c-586e-9da5-8e9342c6fd29,2,0.5876692054724179,"[""karya_baru""]",model,klasifikasi-v1,2026-10-05T15:16:10Z
4a86e14c-2bce-553a-881e-a2576058b102,ded10c02-e3db-542d-8ff2-e0ab8c159069,3,0.5574897634982146,[],model,klasifikasi-v1,2026-10-05T15:16:10Z
4a86e14c-2bce-553a-881e-a2576058b102,3b697b60-34f0-5398-a34f-709b545c0335,4,0.5566318119002235,"[""gaya_favorit"", ""pernah_beli_seniman""]",model,klasifikasi-v1,2026-10-05T15:16:10Z
4a86e14c-2bce-553a-881e-a2576058b102,b82ffac4-9b18-5129-bb4f-76d6267ef825,5,0.5496510424412453,"[""seniman_naik_daun""]",model,klasifikasi-v1,2026-10-05T15:16:10Z
4a86e14c-2bce-553a-881e-a2576058b102,e4e1ce05-e95f-55ae-95fd-b46c0e364e4d,6,0.5441552956919437,"[""seniman_naik_daun""]",model,klasifikasi-v1,2026-10-05T15:16:10Z
4a86e14c-2bce-553a-881e-a2576058b102,7fe57ce0-0aa4-5a4e-855c-fbc916a4c08e,7,0.5385395671140373,"[""gaya_favorit"", ""pernah_beli_seniman""]",model,klasifikasi-v1,2026-10-05T15:16:10Z
4a86e14c-2bce-553a-881e-a2576058b102,f01a7b2c-1e11-597c-afeb-96705f31b4d5,8,0.533696677662333,"[""gaya_favorit"", ""harga_sesuai"", ""gaya_ramai"", ""pernah_beli_seniman""]",model,klasifikasi-v1,2026-10-05T15:16:10Z
4a86e14c-2bce-553a-881e-a2576058b102,0bc9d34a-7f95-5dee-beb4-55f3af9b97c9,9,0.5122485585914105,"[""seniman_naik_daun""]",model,klasifikasi-v1,2026-10-05T15:16:10Z
4a86e14c-2bce-553a-881e-a2576058b102,0e102d63-ff8f-5e6b-bbdc-2a5d6e668cb1,10,0.5072747444518605,"[""harga_sesuai""]",model,klasifikasi-v1,2026-10-05T15:16:10Z
4a86e14c-2bce-553a-881e-a2576058b102,1b284f0a-4933-57f5-a5d9-d38488a7227c,11,0.49190839146616155,[],model,klasifikasi-v1,2026-10-05T15:16:10Z
4a86e14c-2bce-553a-881e-a2576058b102,556ac5bd-b36f-5124-8750-d92fefc82d2d,12,0.4851162471611451,"[""harga_sesuai"", ""karya_baru""]",model,klasifikasi-v1,2026-10-05T15:16:10Z
4a86e14c-2bce-553a-881e-a2576058b102,6f5c741f-0fc0-523d-80e7-bce5940b7e1c,13,0.48113656132150046,"[""harga_sesuai""]",model,klasifikasi-v1,2026-10-05T15:16:10Z
4a86e14c-2bce-553a-881e-a2576058b102,3d61eac2-6d83-5347-9d59-799ac69edc5a,14,0.4786775171814346,"[""pernah_beli_seniman""]",model,klasifikasi-v1,2026-10-05T15:16:10Z
4a86e14c-2bce-553a-881e-a2576058b102,ad22fc44-1c65-50c5-be50-d2e1c3bbdc50,15,0.4674867350024274,"[""gaya_favorit"", ""gaya_ramai""]",model,klasifikasi-v1,2026-10-05T15:16:10Z
4a86e14c-2bce-553a-881e-a2576058b102,eda83e84-0da4-5e10-8806-54d78aaa1b25,16,0.46355551619293894,"[""pernah_beli_seniman""]",model,klasifikasi-v1,2026-10-05T15:16:10Z
4a86e14c-2bce-553a-881e-a2576058b102,f90ac4bc-20a9-516b-be94-a8da14903e50,17,0.45956703512096814,"[""gaya_favorit"", ""pernah_beli_seniman""]",model,klasifikasi-v1,2026-10-05T15:16:10Z
4a86e14c-2bce-553a-881e-a2576058b102,88258c73-bb7b-51e8-824e-bc2ca0b939b8,18,0.4579408011711547,"[""seniman_naik_daun"", ""karya_baru""]",model,klasifikasi-v1,2026-10-05T15:16:10Z
4a86e14c-2bce-553a-881e-a2576058b102,653fc4b1-75f3-5eac-afe6-586c962be798,19,0.44888188108776744,"[""harga_sesuai"", ""pernah_beli_seniman""]",model,klasifikasi-v1,2026-10-05T15:16:10Z
4a86e14c-2bce-553a-881e-a2576058b102,ddc6295d-239d-589a-9714-9e4d1b9fb3f9,20,0.4485705283995578,[],model,klasifikasi-v1,2026-10-05T15:16:10Z
ef0356dd-87e1-5984-b1be-132117550930,ded10c02-e3db-542d-8ff2-e0ab8c159069,1,0.7661004609498288,"[""gaya_favorit"", ""pernah_beli_seniman""]",model,klasifikasi-v1,2026-10-05T15:16:10Z
ef0356dd-87e1-5984-b1be-132117550930,0e102d63-ff8f-5e6b-bbdc-2a5d6e668cb1,2,0.7584643377672743,"[""gaya_favorit"", ""harga_sesuai"", ""pernah_beli_seniman""]",model,klasifikasi-v1,2026-10-05T15:16:10Z
ef0356dd-87e1-5984-b1be-132117550930,6f5c741f-0fc0-523d-80e7-bce5940b7e1c,3,0.7498104957400539,"[""gaya_favorit"", ""harga_sesuai"", ""pernah_beli_seniman""]",model,klasifikasi-v1,2026-10-05T15:16:10Z
ef0356dd-87e1-5984-b1be-132117550930,80d6863c-4309-5881-81cd-79e0a6aa59a3,4,0.7055869277920646,"[""gaya_favorit"", ""harga_sesuai"", ""pernah_beli_seniman""]",model,klasifikasi-v1,2026-10-05T15:16:10Z
ef0356dd-87e1-5984-b1be-132117550930,50f3106b-4608-5dec-abd4-f3513db77175,5,0.7010069577228051,"[""gaya_favorit"", ""harga_sesuai"", ""pernah_beli_seniman""]",model,klasifikasi-v1,2026-10-05T15:16:10Z
ef0356dd-87e1-5984-b1be-132117550930,1b284f0a-4933-57f5-a5d9-d38488a7227c,6,0.6822837947092587,"[""gaya_favorit"", ""harga_sesuai"", ""pernah_beli_seniman""]",model,klasifikasi-v1,2026-10-05T15:16:10Z
ef0356dd-87e1-5984-b1be-132117550930,7ba04b01-9924-5de2-9ea7-9d0e178b5a76,7,0.6697834939696682,"[""gaya_favorit"", ""pernah_beli_seniman""]",model,klasifikasi-v1,2026-10-05T15:16:10Z
ef0356dd-87e1-5984-b1be-132117550930,866197c9-41b8-58ae-af14-976c6a847c11,8,0.6628000101615594,"[""gaya_favorit"", ""gaya_ramai""]",model,klasifikasi-v1,2026-10-05T15:16:10Z
ef0356dd-87e1-5984-b1be-132117550930,e15ac87c-418d-5877-b3de-5f27acd81302,9,0.6499105832403783,"[""gaya_favorit"", ""harga_sesuai"", ""gaya_ramai"", ""pernah_beli_seniman""]",model,klasifikasi-v1,2026-10-05T15:16:10Z
ef0356dd-87e1-5984-b1be-132117550930,34f160b0-2ebd-5b4b-abbf-d9e60acd2b35,10,0.6330041873800607,"[""gaya_favorit"", ""gaya_ramai""]",model,klasifikasi-v1,2026-10-05T15:16:10Z
ef0356dd-87e1-5984-b1be-132117550930,d0932440-31b0-5025-ab5b-f83ac95c2aea,11,0.631040811163572,"[""gaya_favorit"", ""gaya_ramai""]",model,klasifikasi-v1,2026-10-05T15:16:10Z
ef0356dd-87e1-5984-b1be-132117550930,2dc1a3d9-2af8-5aef-95bb-4580395395bd,12,0.6215821319410063,"[""gaya_favorit"", ""gaya_ramai""]",model,klasifikasi-v1,2026-10-05T15:16:10Z
ef0356dd-87e1-5984-b1be-132117550930,21d58bce-aee7-5c2c-9757-2101e0911a9e,13,0.6185550700726671,"[""gaya_favorit"", ""pernah_beli_seniman""]",model,klasifikasi-v1,2026-10-05T15:16:10Z
ef0356dd-87e1-5984-b1be-132117550930,ab4a3c71-9387-56bc-a801-1beeee2639d7,14,0.6151143604474629,"[""gaya_favorit"", ""gaya_ramai""]",model,klasifikasi-v1,2026-10-05T15:16:10Z
ef0356dd-87e1-5984-b1be-132117550930,833169db-d471-58fa-8abf-d93643696f4b,15,0.6029456141444641,"[""gaya_favorit"", ""gaya_ramai""]",model,klasifikasi-v1,2026-10-05T15:16:10Z
ef0356dd-87e1-5984-b1be-132117550930,3f8dedef-81a9-5162-9bf4-59f3eb4eb26b,16,0.6010530104029961,"[""gaya_favorit"", ""gaya_ramai""]",model,klasifikasi-v1,2026-10-05T15:16:10Z
ef0356dd-87e1-5984-b1be-132117550930,c7d02806-7ba6-5d64-8e04-efee892cd534,17,0.5948987382036434,"[""gaya_favorit"", ""gaya_ramai""]",model,klasifikasi-v1,2026-10-05T15:16:10Z
ef0356dd-87e1-5984-b1be-132117550930,d48d3793-0d94-54bf-8cd8-bd45835a8231,18,0.5936771553251908,"[""gaya_favorit"", ""gaya_ramai""]",model,klasifikasi-v1,2026-10-05T15:16:10Z
ef0356dd-87e1-5984-b1be-132117550930,5fbcd220-b0c0-5a3c-9d6c-ad272567d4b4,19,0.5753903462843123,"[""gaya_favorit"", ""gaya_ramai""]",model,klasifikasi-v1,2026-10-05T15:16:10Z
ef0356dd-87e1-5984-b1be-132117550930,de0649c2-892b-5173-87f3-b53210592193,20,0.574126190529978,"[""gaya_favorit"", ""harga_sesuai"", ""gaya_ramai""]",model,klasifikasi-v1,2026-10-05T15:16:10Z
e8dfeec7-59ec-5b0a-937d-9d32d5ce89e3,f6b44c7c-4e4b-50a2-8c28-8142c29b9ebd,1,0.8222376670098606,"[""gaya_favorit"", ""harga_sesuai"", ""gaya_ramai"", ""pernah_beli_seniman""]",model,klasifikasi-v1,2026-10-05T15:16:10Z
e8dfeec7-59ec-5b0a-937d-9d32d5ce89e3,bb245894-5ba5-5e26-b383-95d243655742,2,0.8222376670098606,"[""gaya_favorit"", ""harga_sesuai"", ""gaya_ramai"", ""pernah_beli_seniman""]",model,klasifikasi-v1,2026-10-05T15:16:10Z
e8dfeec7-59ec-5b0a-937d-9d32d5ce89e3,d9485a40-ad4f-54c8-9cf6-e5fc915283b1,3,0.8076916628309208,"[""gaya_favorit"", ""harga_sesuai"", ""gaya_ramai"", ""pernah_beli_seniman""]",model,klasifikasi-v1,2026-10-05T15:16:10Z
e8dfeec7-59ec-5b0a-937d-9d32d5ce89e3,18734d52-cdca-5070-bf26-9015a87f5d42,4,0.8066303593200137,"[""gaya_favorit"", ""harga_sesuai"", ""gaya_ramai"", ""pernah_beli_seniman""]",model,klasifikasi-v1,2026-10-05T15:16:10Z
e8dfeec7-59ec-5b0a-937d-9d32d5ce89e3,c510d302-6a06-596b-bb6c-984607ee00bd,5,0.8066303593200137,"[""gaya_favorit"", ""harga_sesuai"", ""gaya_ramai"", ""pernah_beli_seniman""]",model,klasifikasi-v1,2026-10-05T15:16:10Z
e8dfeec7-59ec-5b0a-937d-9d32d5ce89e3,76e47ebb-eedd-5be9-b99b-eb0d0d3b84a3,6,0.8023844571432501,"[""gaya_favorit"", ""harga_sesuai"", ""gaya_ramai"", ""pernah_beli_seniman""]",model,klasifikasi-v1,2026-10-05T15:16:10Z
e8dfeec7-59ec-5b0a-937d-9d32d5ce89e3,2ab1fde1-1a62-502f-936a-dc83e4b3cec1,7,0.8023844571432501,"[""gaya_favorit"", ""harga_sesuai"", ""gaya_ramai"", ""pernah_beli_seniman""]",model,klasifikasi-v1,2026-10-05T15:16:10Z
e8dfeec7-59ec-5b0a-937d-9d32d5ce89e3,af387163-4059-5c28-add7-46500bfd3add,8,0.7937015701541539,"[""gaya_favorit"", ""gaya_ramai"", ""pernah_beli_seniman""]",model,klasifikasi-v1,2026-10-05T15:16:10Z
e8dfeec7-59ec-5b0a-937d-9d32d5ce89e3,2dc1a3d9-2af8-5aef-95bb-4580395395bd,9,0.7876576393858074,"[""gaya_favorit"", ""gaya_ramai"", ""pernah_beli_seniman""]",model,klasifikasi-v1,2026-10-05T15:16:10Z
e8dfeec7-59ec-5b0a-937d-9d32d5ce89e3,da1e02a9-b5b0-5dd8-b213-4302c25d95f9,10,0.7863425028478389,"[""gaya_favorit"", ""gaya_ramai"", ""pernah_beli_seniman""]",model,klasifikasi-v1,2026-10-05T15:16:10Z
e8dfeec7-59ec-5b0a-937d-9d32d5ce89e3,087419b7-5d7b-53df-aa0f-1e80f02a0377,11,0.7863425028478389,"[""gaya_favorit"", ""gaya_ramai"", ""pernah_beli_seniman""]",model,klasifikasi-v1,2026-10-05T15:16:10Z
e8dfeec7-59ec-5b0a-937d-9d32d5ce89e3,daeb60e8-db84-5a23-a92f-401fc4f8c8e9,12,0.7816990702850388,"[""gaya_favorit"", ""gaya_ramai"", ""pernah_beli_seniman""]",model,klasifikasi-v1,2026-10-05T15:16:10Z
e8dfeec7-59ec-5b0a-937d-9d32d5ce89e3,9349bf99-62dc-596c-915f-6594321c44de,13,0.7816627581139286,"[""gaya_favorit"", ""gaya_ramai"", ""pernah_beli_seniman""]",model,klasifikasi-v1,2026-10-05T15:16:10Z
e8dfeec7-59ec-5b0a-937d-9d32d5ce89e3,3dbbe20e-9781-5936-bae9-c1cfacd61a09,14,0.7816627581139286,"[""gaya_favorit"", ""gaya_ramai"", ""pernah_beli_seniman""]",model,klasifikasi-v1,2026-10-05T15:16:10Z
e8dfeec7-59ec-5b0a-937d-9d32d5ce89e3,8cb05ef6-4cf2-5ee6-9061-2889d32eed8b,15,0.7779116698593226,"[""gaya_favorit"", ""gaya_ramai"", ""pernah_beli_seniman""]",model,klasifikasi-v1,2026-10-05T15:16:10Z
e8dfeec7-59ec-5b0a-937d-9d32d5ce89e3,784f6648-d504-5733-ba76-2d90ce171c97,16,0.775270660676052,"[""gaya_favorit"", ""gaya_ramai"", ""pernah_beli_seniman""]",model,klasifikasi-v1,2026-10-05T15:16:10Z
e8dfeec7-59ec-5b0a-937d-9d32d5ce89e3,07425d78-e06e-583d-8083-ee3395fa2d20,17,0.775233586665836,"[""gaya_favorit"", ""gaya_ramai"", ""pernah_beli_seniman""]",model,klasifikasi-v1,2026-10-05T15:16:10Z
e8dfeec7-59ec-5b0a-937d-9d32d5ce89e3,47ed54a4-6a2e-5276-9603-36c52ea415de,18,0.7731378712191029,"[""gaya_favorit"", ""gaya_ramai"", ""pernah_beli_seniman""]",model,klasifikasi-v1,2026-10-05T15:16:10Z
e8dfeec7-59ec-5b0a-937d-9d32d5ce89e3,3f8dedef-81a9-5162-9bf4-59f3eb4eb26b,19,0.7713378362291654,"[""gaya_favorit"", ""gaya_ramai"", ""pernah_beli_seniman""]",model,klasifikasi-v1,2026-10-05T15:16:10Z
e8dfeec7-59ec-5b0a-937d-9d32d5ce89e3,f5f10293-8e79-51a6-a714-6cb70a6cef11,20,0.7690238146832261,"[""gaya_favorit"", ""harga_sesuai"", ""gaya_ramai"", ""pernah_beli_seniman""]",model,klasifikasi-v1,2026-10-05T15:16:10Z
c07dad9e-28c6-5d39-9bdc-f772ec3b500f,c5d03f92-aa6d-5593-928e-3b2857ad1853,1,0.7195730019579326,"[""harga_sesuai"", ""pernah_beli_seniman""]",model,klasifikasi-v1,2026-10-05T15:16:10Z
c07dad9e-28c6-5d39-9bdc-f772ec3b500f,0bc9d34a-7f95-5dee-beb4-55f3af9b97c9,2,0.719156447879439,"[""seniman_naik_daun"", ""pernah_beli_seniman""]",model,klasifikasi-v1,2026-10-05T15:16:10Z
c07dad9e-28c6-5d39-9bdc-f772ec3b500f,556ac5bd-b36f-5124-8750-d92fefc82d2d,3,0.7046569957298776,"[""harga_sesuai"", ""pernah_beli_seniman"", ""karya_baru""]",model,klasifikasi-v1,2026-10-05T15:16:10Z
c07dad9e-28c6-5d39-9bdc-f772ec3b500f,a724961d-392c-586e-9da5-8e9342c6fd29,4,0.6809187427444878,"[""pernah_beli_seniman"", ""karya_baru""]",model,klasifikasi-v1,2026-10-05T15:16:10Z
c07dad9e-28c6-5d39-9bdc-f772ec3b500f,b82ffac4-9b18-5129-bb4f-76d6267ef825,5,0.6767238490485548,"[""harga_sesuai"", ""seniman_naik_daun"", ""pernah_beli_seniman""]",model,klasifikasi-v1,2026-10-05T15:16:10Z
c07dad9e-28c6-5d39-9bdc-f772ec3b500f,6ab910ee-99bd-5039-9bf7-2e6828f994a7,6,0.6470820177439516,"[""gaya_favorit"", ""harga_sesuai"", ""gaya_ramai"", ""pernah_beli_seniman""]",model,klasifikasi-v1,2026-10-05T15:16:10Z
c07dad9e-28c6-5d39-9bdc-f772ec3b500f,f01a7b2c-1e11-597c-afeb-96705f31b4d5,7,0.6314124402357997,"[""gaya_favorit"", ""harga_sesuai"", ""gaya_ramai"", ""pernah_beli_seniman""]",model,klasifikasi-v1,2026-10-05T15:16:10Z
c07dad9e-28c6-5d39-9bdc-f772ec3b500f,f60efa69-e980-54e3-9729-e98c5f2fc78f,8,0.6281656364527625,"[""harga_sesuai"", ""pernah_beli_seniman""]",model,klasifikasi-v1,2026-10-05T15:16:10Z
c07dad9e-28c6-5d39-9bdc-f772ec3b500f,88258c73-bb7b-51e8-824e-bc2ca0b939b8,9,0.6177449825520569,"[""seniman_naik_daun"", ""pernah_beli_seniman"", ""karya_baru""]",model,klasifikasi-v1,2026-10-05T15:16:10Z
c07dad9e-28c6-5d39-9bdc-f772ec3b500f,376f20b3-cf69-518a-95e4-669f8fe7fe40,10,0.6138436584499632,"[""harga_sesuai"", ""pernah_beli_seniman""]",model,klasifikasi-v1,2026-10-05T15:16:10Z
c07dad9e-28c6-5d39-9bdc-f772ec3b500f,9bdbffa3-5922-5d4c-a5b3-080cfb23f84c,11,0.5838153958226081,"[""pernah_beli_seniman""]",model,klasifikasi-v1,2026-10-05T15:16:10Z
c07dad9e-28c6-5d39-9bdc-f772ec3b500f,ded10c02-e3db-542d-8ff2-e0ab8c159069,12,0.5789512918089906,"[""harga_sesuai""]",model,klasifikasi-v1,2026-10-05T15:16:10Z
c07dad9e-28c6-5d39-9bdc-f772ec3b500f,300ebf50-b10d-5efa-8722-a252a80b4557,13,0.5786361631492433,"[""harga_sesuai"", ""pernah_beli_seniman""]",model,klasifikasi-v1,2026-10-05T15:16:10Z
c07dad9e-28c6-5d39-9bdc-f772ec3b500f,ddc6295d-239d-589a-9714-9e4d1b9fb3f9,14,0.5786193492577866,"[""pernah_beli_seniman""]",model,klasifikasi-v1,2026-10-05T15:16:10Z
c07dad9e-28c6-5d39-9bdc-f772ec3b500f,0e102d63-ff8f-5e6b-bbdc-2a5d6e668cb1,15,0.5747635177221324,"[""harga_sesuai""]",model,klasifikasi-v1,2026-10-05T15:16:10Z
c07dad9e-28c6-5d39-9bdc-f772ec3b500f,6f5c741f-0fc0-523d-80e7-bce5940b7e1c,16,0.5656729796855426,"[""harga_sesuai""]",model,klasifikasi-v1,2026-10-05T15:16:10Z
c07dad9e-28c6-5d39-9bdc-f772ec3b500f,6fa02afc-54a1-5e3b-a9b8-477cfb40791d,17,0.565528257788951,"[""pernah_beli_seniman""]",model,klasifikasi-v1,2026-10-05T15:16:10Z
c07dad9e-28c6-5d39-9bdc-f772ec3b500f,0242a481-31c2-55aa-92b4-ebebc6011a7c,18,0.5548129129541401,"[""pernah_beli_seniman""]",model,klasifikasi-v1,2026-10-05T15:16:10Z
c07dad9e-28c6-5d39-9bdc-f772ec3b500f,af058c54-328b-50b1-aa59-1ed52ef4b398,19,0.5486636748832862,"[""harga_sesuai"", ""pernah_beli_seniman""]",model,klasifikasi-v1,2026-10-05T15:16:10Z
c07dad9e-28c6-5d39-9bdc-f772ec3b500f,80d6863c-4309-5881-81cd-79e0a6aa59a3,20,0.5339919378826434,"[""harga_sesuai""]",model,klasifikasi-v1,2026-10-05T15:16:10Z
f0f5f5df-392d-5d84-b371-fe82af30c664,0e102d63-ff8f-5e6b-bbdc-2a5d6e668cb1,1,0.9243389021672158,"[""gaya_favorit"", ""harga_sesuai"", ""pernah_beli_seniman""]",model,klasifikasi-v1,2026-10-05T15:16:10Z
f0f5f5df-392d-5d84-b371-fe82af30c664,ded10c02-e3db-542d-8ff2-e0ab8c159069,2,0.9234624002592967,"[""gaya_favorit"", ""harga_sesuai"", ""pernah_beli_seniman""]",model,klasifikasi-v1,2026-10-05T15:16:10Z
f0f5f5df-392d-5d84-b371-fe82af30c664,6f5c741f-0fc0-523d-80e7-bce5940b7e1c,3,0.9119940137267804,"[""gaya_favorit"", ""harga_sesuai"", ""pernah_beli_seniman""]",model,klasifikasi-v1,2026-10-05T15:16:10Z
f0f5f5df-392d-5d84-b371-fe82af30c664,50f3106b-4608-5dec-abd4-f3513db77175,4,0.9054483973955949,"[""gaya_favorit"", ""harga_sesuai"", ""pernah_beli_seniman""]",model,klasifikasi-v1,2026-10-05T15:16:10Z
f0f5f5df-392d-5d84-b371-fe82af30c664,80d6863c-4309-5881-81cd-79e0a6aa59a3,5,0.9011606742744668,"[""gaya_favorit"", ""harga_sesuai"", ""pernah_beli_seniman""]",model,klasifikasi-v1,2026-10-05T15:16:10Z
f0f5f5df-392d-5d84-b371-fe82af30c664,1b284f0a-4933-57f5-a5d9-d38488a7227c,6,0.8891477347687613,"[""gaya_favorit"", ""harga_sesuai"", ""pernah_beli_seniman""]",model,klasifikasi-v1,2026-10-05T15:16:10Z
f0f5f5df-392d-5d84-b371-fe82af30c664,7ba04b01-9924-5de2-9ea7-9d0e178b5a76,7,0.8886776962546848,"[""gaya_favorit"", ""pernah_beli_seniman""]",model,klasifikasi-v1,2026-10-05T15:16:10Z
f0f5f5df-392d-5d84-b371-fe82af30c664,21d58bce-aee7-5c2c-9757-2101e0911a9e,8,0.866996470315549,"[""gaya_favorit"", ""pernah_beli_seniman""]",model,klasifikasi-v1,2026-10-05T15:16:10Z
f0f5f5df-392d-5d84-b371-fe82af30c664,866197c9-41b8-58ae-af14-976c6a847c11,9,0.5607958867662172,"[""gaya_ramai""]",model,klasifikasi-v1,2026-10-05T15:16:10Z
f0f5f5df-392d-5d84-b371-fe82af30c664,0bc9d34a-7f95-5dee-beb4-55f3af9b97c9,10,0.5575385382428208,"[""seniman_naik_daun""]",model,klasifikasi-v1,2026-10-05T15:16:10Z
f0f5f5df-392d-5d84-b371-fe82af30c664,34f160b0-2ebd-5b4b-abbf-d9e60acd2b35,11,0.5433780185712012,"[""gaya_ramai""]",model,klasifikasi-v1,2026-10-05T15:16:10Z
f0f5f5df-392d-5d84-b371-fe82af30c664,6fa02afc-54a1-5e3b-a9b8-477cfb40791d,12,0.5170535598834564,"[""pernah_beli_seniman""]",model,klasifikasi-v1,2026-10-05T15:16:10Z
f0f5f5df-392d-5d84-b371-fe82af30c664,556ac5bd-b36f-5124-8750-d92fefc82d2d,13,0.5129224023337748,"[""harga_sesuai"", ""karya_baru""]",model,klasifikasi-v1,2026-10-05T15:16:10Z
f0f5f5df-392d-5d84-b371-fe82af30c664,830ff9e5-41a2-5091-9bf2-1d5c5b9826f9,14,0.5105800315786861,"[""gaya_ramai""]",model,klasifikasi-v1,2026-10-05T15:16:10Z
f0f5f5df-392d-5d84-b371-fe82af30c664,e15ac87c-418d-5877-b3de-5f27acd81302,15,0.5101393247173457,"[""harga_sesuai"", ""gaya_ramai""]",model,klasifikasi-v1,2026-10-05T15:16:10Z
f0f5f5df-392d-5d84-b371-fe82af30c664,2dc1a3d9-2af8-5aef-95bb-4580395395bd,16,0.4994677426802108,"[""gaya_ramai""]",model,klasifikasi-v1,2026-10-05T15:16:10Z
f0f5f5df-392d-5d84-b371-fe82af30c664,72ddb5bd-c130-58fb-8657-ea12f7cd200f,17,0.49374003988243725,[],model,klasifikasi-v1,2026-10-05T15:16:10Z
f0f5f5df-392d-5d84-b371-fe82af30c664,3f8dedef-81a9-5162-9bf4-59f3eb4eb26b,18,0.4849269040702437,"[""gaya_ramai""]",model,klasifikasi-v1,2026-10-05T15:16:10Z
f0f5f5df-392d-5d84-b371-fe82af30c664,ab4a3c71-9387-56bc-a801-1beeee2639d7,19,0.48473435984196445,"[""gaya_ramai""]",model,klasifikasi-v1,2026-10-05T15:16:10Z
f0f5f5df-392d-5d84-b371-fe82af30c664,c7d02806-7ba6-5d64-8e04-efee892cd534,20,0.4817862799054066,"[""gaya_ramai""]",model,klasifikasi-v1,2026-10-05T15:16:10Z
9ac8c76a-dfc6-520e-a4a3-166478ef223e,f6b44c7c-4e4b-50a2-8c28-8142c29b9ebd,1,0.7930976547849189,"[""gaya_favorit"", ""harga_sesuai"", ""gaya_ramai"", ""pernah_beli_seniman""]",model,klasifikasi-v1,2026-10-05T15:16:10Z
9ac8c76a-dfc6-520e-a4a3-166478ef223e,bb245894-5ba5-5e26-b383-95d243655742,2,0.7930976547849189,"[""gaya_favorit"", ""harga_sesuai"", ""gaya_ramai"", ""pernah_beli_seniman""]",model,klasifikasi-v1,2026-10-05T15:16:10Z
9ac8c76a-dfc6-520e-a4a3-166478ef223e,76e47ebb-eedd-5be9-b99b-eb0d0d3b84a3,3,0.7818147890851951,"[""gaya_favorit"", ""harga_sesuai"", ""gaya_ramai"", ""pernah_beli_seniman""]",model,klasifikasi-v1,2026-10-05T15:16:10Z
9ac8c76a-dfc6-520e-a4a3-166478ef223e,2ab1fde1-1a62-502f-936a-dc83e4b3cec1,4,0.7818147890851951,"[""gaya_favorit"", ""harga_sesuai"", ""gaya_ramai"", ""pernah_beli_seniman""]",model,klasifikasi-v1,2026-10-05T15:16:10Z
9ac8c76a-dfc6-520e-a4a3-166478ef223e,2dc1a3d9-2af8-5aef-95bb-4580395395bd,5,0.7810168936670681,"[""gaya_favorit"", ""gaya_ramai"", ""pernah_beli_seniman""]",model,klasifikasi-v1,2026-10-05T15:16:10Z
9ac8c76a-dfc6-520e-a4a3-166478ef223e,af387163-4059-5c28-add7-46500bfd3add,6,0.7786386538567278,"[""gaya_favorit"", ""harga_sesuai"", ""gaya_ramai"", ""pernah_beli_seniman""]",model,klasifikasi-v1,2026-10-05T15:16:10Z
9ac8c76a-dfc6-520e-a4a3-166478ef223e,9349bf99-62dc-596c-915f-6594321c44de,7,0.7717332314214739,"[""gaya_favorit"", ""harga_sesuai"", ""gaya_ramai"", ""pernah_beli_seniman""]",model,klasifikasi-v1,2026-10-05T15:16:10Z
9ac8c76a-dfc6-520e-a4a3-166478ef223e,07425d78-e06e-583d-8083-ee3395fa2d20,8,0.7717332314214739,"[""gaya_favorit"", ""harga_sesuai"", ""gaya_ramai"", ""pernah_beli_seniman""]",model,klasifikasi-v1,2026-10-05T15:16:10Z
9ac8c76a-dfc6-520e-a4a3-166478ef223e,3dbbe20e-9781-5936-bae9-c1cfacd61a09,9,0.7717332314214739,"[""gaya_favorit"", ""harga_sesuai"", ""gaya_ramai"", ""pernah_beli_seniman""]",model,klasifikasi-v1,2026-10-05T15:16:10Z
9ac8c76a-dfc6-520e-a4a3-166478ef223e,da1e02a9-b5b0-5dd8-b213-4302c25d95f9,10,0.7625769365587934,"[""gaya_favorit"", ""harga_sesuai"", ""gaya_ramai"", ""pernah_beli_seniman""]",model,klasifikasi-v1,2026-10-05T15:16:10Z
9ac8c76a-dfc6-520e-a4a3-166478ef223e,087419b7-5d7b-53df-aa0f-1e80f02a0377,11,0.7625769365587934,"[""gaya_favorit"", ""harga_sesuai"", ""gaya_ramai"", ""pernah_beli_seniman""]",model,klasifikasi-v1,2026-10-05T15:16:10Z
9ac8c76a-dfc6-520e-a4a3-166478ef223e,8cb05ef6-4cf2-5ee6-9061-2889d32eed8b,12,0.7620415011610348,"[""gaya_favorit"", ""harga_sesuai"", ""gaya_ramai"", ""pernah_beli_seniman""]",model,klasifikasi-v1,2026-10-05T15:16:10Z
9ac8c76a-dfc6-520e-a4a3-166478ef223e,daeb60e8-db84-5a23-a92f-401fc4f8c8e9,13,0.757576238195044,"[""gaya_favorit"", ""harga_sesuai"", ""gaya_ramai"", ""pernah_beli_seniman""]",model,klasifikasi-v1,2026-10-05T15:16:10Z
9ac8c76a-dfc6-520e-a4a3-166478ef223e,784f6648-d504-5733-ba76-2d90ce171c97,14,0.757576238195044,"[""gaya_favorit"", ""harga_sesuai"", ""gaya_ramai"", ""pernah_beli_seniman""]",model,klasifikasi-v1,2026-10-05T15:16:10Z
9ac8c76a-dfc6-520e-a4a3-166478ef223e,47ed54a4-6a2e-5276-9603-36c52ea415de,15,0.7570331184193873,"[""gaya_favorit"", ""harga_sesuai"", ""gaya_ramai"", ""pernah_beli_seniman""]",model,klasifikasi-v1,2026-10-05T15:16:10Z
9ac8c76a-dfc6-520e-a4a3-166478ef223e,cd22a6e8-3391-53f2-9ab1-8174b63d5943,16,0.7539435648621913,"[""gaya_favorit"", ""harga_sesuai"", ""gaya_ramai"", ""pernah_beli_seniman""]",model,klasifikasi-v1,2026-10-05T15:16:10Z
9ac8c76a-dfc6-520e-a4a3-166478ef223e,3f8dedef-81a9-5162-9bf4-59f3eb4eb26b,17,0.7444362461167963,"[""gaya_favorit"", ""gaya_ramai"", ""pernah_beli_seniman""]",model,klasifikasi-v1,2026-10-05T15:16:10Z
9ac8c76a-dfc6-520e-a4a3-166478ef223e,d0932440-31b0-5025-ab5b-f83ac95c2aea,18,0.7412412623538445,"[""gaya_favorit"", ""gaya_ramai"", ""pernah_beli_seniman""]",model,klasifikasi-v1,2026-10-05T15:16:10Z
9ac8c76a-dfc6-520e-a4a3-166478ef223e,f5f10293-8e79-51a6-a714-6cb70a6cef11,19,0.7354931127353732,"[""gaya_favorit"", ""harga_sesuai"", ""gaya_ramai"", ""pernah_beli_seniman""]",model,klasifikasi-v1,2026-10-05T15:16:10Z
9ac8c76a-dfc6-520e-a4a3-166478ef223e,85004bef-2c18-5bd2-903c-b4ec282c33d7,20,0.720934909564172,"[""gaya_favorit"", ""harga_sesuai"", ""gaya_ramai"", ""pernah_beli_seniman""]",model,klasifikasi-v1,2026-10-05T15:16:10Z
c8216a19-2bc6-52cf-9503-71618f90f5b4,79e25e0d-2c04-5f90-9130-3f1d94125223,1,0.8026391654930473,"[""gaya_favorit"", ""seniman_naik_daun"", ""pernah_beli_seniman"", ""karya_baru""]",model,klasifikasi-v1,2026-10-05T15:16:10Z
c8216a19-2bc6-52cf-9503-71618f90f5b4,88258c73-bb7b-51e8-824e-bc2ca0b939b8,2,0.7611999008479501,"[""gaya_favorit"", ""seniman_naik_daun"", ""pernah_beli_seniman"", ""karya_baru""]",model,klasifikasi-v1,2026-10-05T15:16:10Z
c8216a19-2bc6-52cf-9503-71618f90f5b4,07d19c93-c674-54cb-9448-012eb1b60c3f,3,0.7103916437965713,"[""gaya_favorit"", ""seniman_naik_daun"", ""pernah_beli_seniman""]",model,klasifikasi-v1,2026-10-05T15:16:10Z
c8216a19-2bc6-52cf-9503-71618f90f5b4,0bc9d34a-7f95-5dee-beb4-55f3af9b97c9,4,0.684928941203826,"[""gaya_favorit"", ""seniman_naik_daun"", ""pernah_beli_seniman""]",model,klasifikasi-v1,2026-10-05T15:16:10Z
c8216a19-2bc6-52cf-9503-71618f90f5b4,8856b1b5-28c4-536b-9a51-9ff06bfdbd80,5,0.6715928070269819,"[""gaya_favorit"", ""seniman_naik_daun"", ""pernah_beli_seniman""]",model,klasifikasi-v1,2026-10-05T15:16:10Z
c8216a19-2bc6-52cf-9503-71618f90f5b4,1af0200c-a8bf-593f-8cb6-4f759b5f5ac1,6,0.6671293320218101,"[""gaya_favorit"", ""harga_sesuai"", ""seniman_naik_daun"", ""pernah_beli_seniman""]",model,klasifikasi-v1,2026-10-05T15:16:10Z
c8216a19-2bc6-52cf-9503-71618f90f5b4,e4e1ce05-e95f-55ae-95fd-b46c0e364e4d,7,0.6604097387104298,"[""gaya_favorit"", ""harga_sesuai"", ""seniman_naik_daun"", ""pernah_beli_seniman""]",model,klasifikasi-v1,2026-10-05T15:16:10Z
c8216a19-2bc6-52cf-9503-71618f90f5b4,df002552-8f03-5997-b452-e24a915621dd,8,0.6470612656313612,"[""gaya_favorit"", ""seniman_naik_daun"", ""pernah_beli_seniman""]",model,klasifikasi-v1,2026-10-05T15:16:10Z
c8216a19-2bc6-52cf-9503-71618f90f5b4,a724961d-392c-586e-9da5-8e9342c6fd29,9,0.6436768584496624,"[""harga_sesuai"", ""pernah_beli_seniman"", ""karya_baru""]",model,klasifikasi-v1,2026-10-05T15:16:10Z
c8216a19-2bc6-52cf-9503-71618f90f5b4,231b14d2-2e75-5193-9c40-949b484944ca,10,0.636803907993205,"[""gaya_favorit"", ""harga_sesuai"", ""seniman_naik_daun"", ""pernah_beli_seniman""]",model,klasifikasi-v1,2026-10-05T15:16:10Z
c8216a19-2bc6-52cf-9503-71618f90f5b4,b82ffac4-9b18-5129-bb4f-76d6267ef825,11,0.6305822346583284,"[""gaya_favorit"", ""harga_sesuai"", ""seniman_naik_daun"", ""pernah_beli_seniman""]",model,klasifikasi-v1,2026-10-05T15:16:10Z
c8216a19-2bc6-52cf-9503-71618f90f5b4,ddc6295d-239d-589a-9714-9e4d1b9fb3f9,12,0.5819773071370085,"[""harga_sesuai"", ""pernah_beli_seniman""]",model,klasifikasi-v1,2026-10-05T15:16:10Z
c8216a19-2bc6-52cf-9503-71618f90f5b4,0931aca3-ffbb-57aa-b84e-284c01f774f1,13,0.5767560883335685,"[""gaya_favorit"", ""seniman_naik_daun"", ""pernah_beli_seniman""]",model,klasifikasi-v1,2026-10-05T15:16:10Z
c8216a19-2bc6-52cf-9503-71618f90f5b4,6a9a552c-870e-5cd3-b409-273d6c5865eb,14,0.5564509682343091,"[""gaya_favorit"", ""seniman_naik_daun"", ""pernah_beli_seniman""]",model,klasifikasi-v1,2026-10-05T15:16:10Z
c8216a19-2bc6-52cf-9503-71618f90f5b4,854f6550-ae71-509e-859c-39396df1a99e,15,0.5475195962408161,"[""gaya_favorit"", ""seniman_naik_daun"", ""pernah_beli_seniman""]",model,klasifikasi-v1,2026-10-05T15:16:10Z
c8216a19-2bc6-52cf-9503-71618f90f5b4,b93ca27f-2a5c-5964-a7c6-97f8d7bd6529,16,0.547116097088586,"[""harga_sesuai"", ""pernah_beli_seniman""]",model,klasifikasi-v1,2026-10-05T15:16:10Z
c8216a19-2bc6-52cf-9503-71618f90f5b4,c5d03f92-aa6d-5593-928e-3b2857ad1853,17,0.5470700993522292,"[""pernah_beli_seniman""]",model,klasifikasi-v1,2026-10-05T15:16:10Z
c8216a19-2bc6-52cf-9503-71618f90f5b4,0242a481-31c2-55aa-92b4-ebebc6011a7c,18,0.5413207715301053,"[""harga_sesuai"", ""pernah_beli_seniman""]",model,klasifikasi-v1,2026-10-05T15:16:10Z
c8216a19-2bc6-52cf-9503-71618f90f5b4,5a1a4eef-6e5c-5c41-a684-b8d3c8592d61,19,0.5338852124486609,"[""gaya_favorit"", ""seniman_naik_daun"", ""pernah_beli_seniman""]",model,klasifikasi-v1,2026-10-05T15:16:10Z
c8216a19-2bc6-52cf-9503-71618f90f5b4,2d399fc1-c809-5c2a-bdaa-6e69cefe5fb1,20,0.5318165585358344,"[""gaya_favorit"", ""seniman_naik_daun"", ""pernah_beli_seniman""]",model,klasifikasi-v1,2026-10-05T15:16:10Z
0f0b75b9-0a40-5393-8a6d-01dbe02c9029,224ba711-c5ff-581d-be53-1872a1df84ca,1,0.6863511575460257,"[""gaya_favorit"", ""harga_sesuai"", ""seniman_naik_daun""]",model,klasifikasi-v1,2026-10-05T15:16:10Z
0f0b75b9-0a40-5393-8a6d-01dbe02c9029,79e25e0d-2c04-5f90-9130-3f1d94125223,2,0.6821780067202664,"[""seniman_naik_daun"", ""karya_baru""]",model,klasifikasi-v1,2026-10-05T15:16:10Z
0f0b75b9-0a40-5393-8a6d-01dbe02c9029,88258c73-bb7b-51e8-824e-bc2ca0b939b8,3,0.65836040755993,"[""harga_sesuai"", ""seniman_naik_daun"", ""karya_baru""]",model,klasifikasi-v1,2026-10-05T15:16:10Z
0f0b75b9-0a40-5393-8a6d-01dbe02c9029,a8ac835e-5aad-57f7-aa47-99b583d02392,4,0.6468119031341014,"[""gaya_favorit"", ""seniman_naik_daun""]",model,klasifikasi-v1,2026-10-05T15:16:10Z
0f0b75b9-0a40-5393-8a6d-01dbe02c9029,016679fd-f015-5c7e-b41e-f69d95c9d91a,5,0.6435769844564785,"[""gaya_favorit"", ""harga_sesuai"", ""seniman_naik_daun""]",model,klasifikasi-v1,2026-10-05T15:16:10Z
0f0b75b9-0a40-5393-8a6d-01dbe02c9029,d08e8450-729f-5c84-b7fb-cbf19ed311d1,6,0.6416024319809613,"[""gaya_favorit"", ""seniman_naik_daun"", ""pernah_beli_seniman""]",model,klasifikasi-v1,2026-10-05T15:16:10Z
0f0b75b9-0a40-5393-8a6d-01dbe02c9029,df002552-8f03-5997-b452-e24a915621dd,7,0.6069710876799471,"[""seniman_naik_daun""]",model,klasifikasi-v1,2026-10-05T15:16:10Z
0f0b75b9-0a40-5393-8a6d-01dbe02c9029,1af0200c-a8bf-593f-8cb6-4f759b5f5ac1,8,0.6027979555469342,"[""harga_sesuai"", ""seniman_naik_daun""]",model,klasifikasi-v1,2026-10-05T15:16:10Z
0f0b75b9-0a40-5393-8a6d-01dbe02c9029,0bc9d34a-7f95-5dee-beb4-55f3af9b97c9,9,0.5996631953856425,"[""harga_sesuai"", ""seniman_naik_daun""]",model,klasifikasi-v1,2026-10-05T15:16:10Z
0f0b75b9-0a40-5393-8a6d-01dbe02c9029,b116070e-6e10-5b4c-8bc1-f41ce97a6883,10,0.587729660474726,"[""gaya_favorit"", ""seniman_naik_daun"", ""pernah_beli_seniman"", ""karya_baru""]",model,klasifikasi-v1,2026-10-05T15:16:10Z
0f0b75b9-0a40-5393-8a6d-01dbe02c9029,c706bcb6-4b50-5c7c-95b6-cf08cee6e0bd,11,0.5867347424929134,"[""gaya_favorit"", ""harga_sesuai"", ""seniman_naik_daun"", ""pernah_beli_seniman""]",model,klasifikasi-v1,2026-10-05T15:16:10Z
0f0b75b9-0a40-5393-8a6d-01dbe02c9029,231b14d2-2e75-5193-9c40-949b484944ca,12,0.5733626676301515,"[""harga_sesuai"", ""seniman_naik_daun""]",model,klasifikasi-v1,2026-10-05T15:16:10Z
0f0b75b9-0a40-5393-8a6d-01dbe02c9029,8856b1b5-28c4-536b-9a51-9ff06bfdbd80,13,0.5721704681776302,"[""harga_sesuai"", ""seniman_naik_daun""]",model,klasifikasi-v1,2026-10-05T15:16:10Z
0f0b75b9-0a40-5393-8a6d-01dbe02c9029,07d19c93-c674-54cb-9448-012eb1b60c3f,14,0.5609128324787275,"[""seniman_naik_daun""]",model,klasifikasi-v1,2026-10-05T15:16:10Z
0f0b75b9-0a40-5393-8a6d-01dbe02c9029,57484960-cbe1-544b-94b3-2f911835d343,15,0.5593304606845649,"[""gaya_favorit"", ""harga_sesuai"", ""gaya_ramai"", ""pernah_beli_seniman""]",model,klasifikasi-v1,2026-10-05T15:16:10Z
0f0b75b9-0a40-5393-8a6d-01dbe02c9029,21d58bce-aee7-5c2c-9757-2101e0911a9e,16,0.5495119270250369,"[""harga_sesuai"", ""pernah_beli_seniman""]",model,klasifikasi-v1,2026-10-05T15:16:10Z
0f0b75b9-0a40-5393-8a6d-01dbe02c9029,4ed54522-a110-5365-b35b-4c16d31aa48b,17,0.5470245184847082,"[""pernah_beli_seniman""]",model,klasifikasi-v1,2026-10-05T15:16:10Z
0f0b75b9-0a40-5393-8a6d-01dbe02c9029,2d399fc1-c809-5c2a-bdaa-6e69cefe5fb1,18,0.5444557730870687,"[""seniman_naik_daun""]",model,klasifikasi-v1,2026-10-05T15:16:10Z
0f0b75b9-0a40-5393-8a6d-01dbe02c9029,6a9a552c-870e-5cd3-b409-273d6c5865eb,19,0.5430648931093796,"[""seniman_naik_daun""]",model,klasifikasi-v1,2026-10-05T15:16:10Z
0f0b75b9-0a40-5393-8a6d-01dbe02c9029,6668aaa3-cf17-5996-8538-ab41cc230eab,20,0.5419221962071252,"[""harga_sesuai"", ""gaya_ramai"", ""pernah_beli_seniman""]",model,klasifikasi-v1,2026-10-05T15:16:10Z
c8e879de-ae8a-5281-9175-608f3e2f7300,c5d03f92-aa6d-5593-928e-3b2857ad1853,1,0.751357663007127,"[""gaya_favorit"", ""harga_sesuai"", ""pernah_beli_seniman""]",model,klasifikasi-v1,2026-10-05T15:16:10Z
c8e879de-ae8a-5281-9175-608f3e2f7300,6f5c741f-0fc0-523d-80e7-bce5940b7e1c,2,0.6254899297091113,"[""harga_sesuai""]",model,klasifikasi-v1,2026-10-05T15:16:10Z
c8e879de-ae8a-5281-9175-608f3e2f7300,866197c9-41b8-58ae-af14-976c6a847c11,3,0.5935951053366925,"[""gaya_favorit"", ""harga_sesuai"", ""gaya_ramai""]",model,klasifikasi-v1,2026-10-05T15:16:10Z
c8e879de-ae8a-5281-9175-608f3e2f7300,6c354900-b80d-56b8-8adc-7a97a366f095,4,0.5931742056882209,"[""gaya_favorit"", ""harga_sesuai"", ""pernah_beli_seniman""]",model,klasifikasi-v1,2026-10-05T15:16:10Z
c8e879de-ae8a-5281-9175-608f3e2f7300,80d6863c-4309-5881-81cd-79e0a6aa59a3,5,0.5887639243707663,"[""harga_sesuai""]",model,klasifikasi-v1,2026-10-05T15:16:10Z
c8e879de-ae8a-5281-9175-608f3e2f7300,34f160b0-2ebd-5b4b-abbf-d9e60acd2b35,6,0.5775426358646654,"[""gaya_favorit"", ""gaya_ramai""]",model,klasifikasi-v1,2026-10-05T15:16:10Z
c8e879de-ae8a-5281-9175-608f3e2f7300,0e102d63-ff8f-5e6b-bbdc-2a5d6e668cb1,7,0.5668144104075318,"[""harga_sesuai""]",model,klasifikasi-v1,2026-10-05T15:16:10Z
c8e879de-ae8a-5281-9175-608f3e2f7300,2dc1a3d9-2af8-5aef-95bb-4580395395bd,8,0.5584999086633532,"[""gaya_favorit"", ""gaya_ramai""]",model,klasifikasi-v1,2026-10-05T15:16:10Z
c8e879de-ae8a-5281-9175-608f3e2f7300,ded10c02-e3db-542d-8ff2-e0ab8c159069,9,0.5489792962755863,[],model,klasifikasi-v1,2026-10-05T15:16:10Z
c8e879de-ae8a-5281-9175-608f3e2f7300,e15ac87c-418d-5877-b3de-5f27acd81302,10,0.5425009339138163,"[""gaya_favorit"", ""harga_sesuai"", ""gaya_ramai""]",model,klasifikasi-v1,2026-10-05T15:16:10Z
c8e879de-ae8a-5281-9175-608f3e2f7300,d0932440-31b0-5025-ab5b-f83ac95c2aea,11,0.5377030759761031,"[""gaya_favorit"", ""gaya_ramai""]",model,klasifikasi-v1,2026-10-05T15:16:10Z
c8e879de-ae8a-5281-9175-608f3e2f7300,f01a7b2c-1e11-597c-afeb-96705f31b4d5,12,0.5357837579107613,"[""gaya_favorit"", ""harga_sesuai"", ""gaya_ramai"", ""pernah_beli_seniman""]",model,klasifikasi-v1,2026-10-05T15:16:10Z
c8e879de-ae8a-5281-9175-608f3e2f7300,4c6861aa-290c-53f1-808e-3e6cbd17a516,13,0.5320508463243862,"[""gaya_favorit"", ""karya_baru""]",model,klasifikasi-v1,2026-10-05T15:16:10Z
c8e879de-ae8a-5281-9175-608f3e2f7300,556ac5bd-b36f-5124-8750-d92fefc82d2d,14,0.531623754720194,"[""harga_sesuai"", ""karya_baru""]",model,klasifikasi-v1,2026-10-05T15:16:10Z
c8e879de-ae8a-5281-9175-608f3e2f7300,c7d02806-7ba6-5d64-8e04-efee892cd534,15,0.5299327153871772,"[""gaya_favorit"", ""gaya_ramai""]",model,klasifikasi-v1,2026-10-05T15:16:10Z
c8e879de-ae8a-5281-9175-608f3e2f7300,9bdbffa3-5922-5d4c-a5b3-080cfb23f84c,16,0.5296898863792355,"[""gaya_favorit"", ""pernah_beli_seniman""]",model,klasifikasi-v1,2026-10-05T15:16:10Z
c8e879de-ae8a-5281-9175-608f3e2f7300,3f8dedef-81a9-5162-9bf4-59f3eb4eb26b,17,0.5284211861928714,"[""gaya_favorit"", ""gaya_ramai""]",model,klasifikasi-v1,2026-10-05T15:16:10Z
c8e879de-ae8a-5281-9175-608f3e2f7300,af387163-4059-5c28-add7-46500bfd3add,18,0.5276912433991403,"[""gaya_favorit"", ""gaya_ramai""]",model,klasifikasi-v1,2026-10-05T15:16:10Z
c8e879de-ae8a-5281-9175-608f3e2f7300,cd22a6e8-3391-53f2-9ab1-8174b63d5943,19,0.5242514961365998,"[""gaya_favorit"", ""gaya_ramai""]",model,klasifikasi-v1,2026-10-05T15:16:10Z
c8e879de-ae8a-5281-9175-608f3e2f7300,833169db-d471-58fa-8abf-d93643696f4b,20,0.5202984898787527,"[""gaya_favorit"", ""gaya_ramai""]",model,klasifikasi-v1,2026-10-05T15:16:10Z
75305bd7-d03a-5c27-9008-2b56dbe975bd,88258c73-bb7b-51e8-824e-bc2ca0b939b8,1,0.6911808140840002,"[""seniman_naik_daun"", ""karya_baru""]",model,klasifikasi-v1,2026-10-05T15:16:10Z
75305bd7-d03a-5c27-9008-2b56dbe975bd,6668aaa3-cf17-5996-8538-ab41cc230eab,2,0.6045012476270334,"[""gaya_favorit"", ""gaya_ramai"", ""pernah_beli_seniman""]",model,klasifikasi-v1,2026-10-05T15:16:10Z
75305bd7-d03a-5c27-9008-2b56dbe975bd,df002552-8f03-5997-b452-e24a915621dd,3,0.6004691106098504,"[""seniman_naik_daun""]",model,klasifikasi-v1,2026-10-05T15:16:10Z
75305bd7-d03a-5c27-9008-2b56dbe975bd,ded10c02-e3db-542d-8ff2-e0ab8c159069,4,0.5937857001714911,"[""harga_sesuai""]",model,klasifikasi-v1,2026-10-05T15:16:10Z
75305bd7-d03a-5c27-9008-2b56dbe975bd,ad22fc44-1c65-50c5-be50-d2e1c3bbdc50,5,0.5930875270036259,"[""gaya_favorit"", ""harga_sesuai"", ""gaya_ramai"", ""pernah_beli_seniman""]",model,klasifikasi-v1,2026-10-05T15:16:10Z
75305bd7-d03a-5c27-9008-2b56dbe975bd,320bd1ba-15dc-57a0-8b9b-ca2f0b67eb8a,6,0.5868876800825353,"[""gaya_favorit"", ""gaya_ramai"", ""pernah_beli_seniman""]",model,klasifikasi-v1,2026-10-05T15:16:10Z
75305bd7-d03a-5c27-9008-2b56dbe975bd,46f27d0f-be60-514a-93e6-8f28a761a005,7,0.5859077429575967,"[""gaya_favorit"", ""gaya_ramai"", ""pernah_beli_seniman""]",model,klasifikasi-v1,2026-10-05T15:16:10Z
75305bd7-d03a-5c27-9008-2b56dbe975bd,54fdf259-6487-562b-912f-ac0e1163f187,8,0.5814908578811888,"[""gaya_favorit"", ""gaya_ramai"", ""pernah_beli_seniman""]",model,klasifikasi-v1,2026-10-05T15:16:10Z
75305bd7-d03a-5c27-9008-2b56dbe975bd,b82ffac4-9b18-5129-bb4f-76d6267ef825,9,0.5690052792861222,"[""harga_sesuai"", ""seniman_naik_daun""]",model,klasifikasi-v1,2026-10-05T15:16:10Z
75305bd7-d03a-5c27-9008-2b56dbe975bd,2c540a0c-a2ff-5f37-ba88-a5ad28626312,10,0.5652759089862531,"[""gaya_favorit"", ""harga_sesuai"", ""gaya_ramai"", ""pernah_beli_seniman""]",model,klasifikasi-v1,2026-10-05T15:16:10Z
75305bd7-d03a-5c27-9008-2b56dbe975bd,0bc9d34a-7f95-5dee-beb4-55f3af9b97c9,11,0.5567862258762996,"[""seniman_naik_daun""]",model,klasifikasi-v1,2026-10-05T15:16:10Z
75305bd7-d03a-5c27-9008-2b56dbe975bd,1af0200c-a8bf-593f-8cb6-4f759b5f5ac1,12,0.5555227015873391,"[""seniman_naik_daun""]",model,klasifikasi-v1,2026-10-05T15:16:10Z
75305bd7-d03a-5c27-9008-2b56dbe975bd,8856b1b5-28c4-536b-9a51-9ff06bfdbd80,13,0.5550457327069324,"[""seniman_naik_daun""]",model,klasifikasi-v1,2026-10-05T15:16:10Z
75305bd7-d03a-5c27-9008-2b56dbe975bd,e4e1ce05-e95f-55ae-95fd-b46c0e364e4d,14,0.5436921414536993,"[""seniman_naik_daun""]",model,klasifikasi-v1,2026-10-05T15:16:10Z
75305bd7-d03a-5c27-9008-2b56dbe975bd,6a9a552c-870e-5cd3-b409-273d6c5865eb,15,0.5394932815718452,"[""seniman_naik_daun""]",model,klasifikasi-v1,2026-10-05T15:16:10Z
75305bd7-d03a-5c27-9008-2b56dbe975bd,ab4a3c71-9387-56bc-a801-1beeee2639d7,16,0.531170810022835,"[""gaya_favorit"", ""harga_sesuai"", ""gaya_ramai""]",model,klasifikasi-v1,2026-10-05T15:16:10Z
75305bd7-d03a-5c27-9008-2b56dbe975bd,8e04173b-c26a-5b43-b711-d2b456c71647,17,0.5307795313036783,"[""gaya_favorit"", ""harga_sesuai"", ""gaya_ramai"", ""pernah_beli_seniman""]",model,klasifikasi-v1,2026-10-05T15:16:10Z
75305bd7-d03a-5c27-9008-2b56dbe975bd,e3dfd2f2-3476-5028-96e3-7cffa5f15e1e,18,0.5303003299483723,"[""gaya_favorit"", ""harga_sesuai"", ""gaya_ramai"", ""pernah_beli_seniman""]",model,klasifikasi-v1,2026-10-05T15:16:10Z
75305bd7-d03a-5c27-9008-2b56dbe975bd,0931aca3-ffbb-57aa-b84e-284c01f774f1,19,0.5284284602437005,"[""seniman_naik_daun""]",model,klasifikasi-v1,2026-10-05T15:16:10Z
75305bd7-d03a-5c27-9008-2b56dbe975bd,231b14d2-2e75-5193-9c40-949b484944ca,20,0.5253426718214692,"[""seniman_naik_daun""]",model,klasifikasi-v1,2026-10-05T15:16:10Z
