File_Path,File_Name,Artist,Source,Label,Group_ID,Artist_Group,Text_Prompt
data\Midjourney/art\Andy_Warhol_105.jpg,Andy_Warhol_105.jpg,,Midjourney,1,Andy_Warhol_105,Andy Warhol,"Andy Warhol, Art, Hypermodernism, painted truck, red background, silkscreen, realistic color schemes, abstract art, dark crimson, spray painted realism, horror freight truck, pop art silkscreening, dark crimson, light blue, infrared, truck on blue background, meticulous realism, heavy lines, cardboard"
data\StarryAI/art\Edgar_Degas_328.png,Edgar_Degas_328.png,,StarryAI,1,Edgar_Degas_328,Edgar Degas,"Edgar Degas, Art, Girl sitting on stool, stylish costume design, light brown and light blue, spontaneous gestures, high-contrast shading, exaggerated proportions, lady in blue dress, gestural paint handling, 18th century French girl wearing blue shirt and skirt, gestural expressionism, woman with blue dress and hat, foreshortening techniques, brunaille underpainting, pictorial fabrics, illustration, Picassoesque, 1860-1969."
data\REAL\art_5400\Henri_Matisse_139.jpg,Henri_Matisse_139.jpg,Henri Matisse,REAL,0,Henri_Matisse_139,nan,"Henri Matisse, Art, Woman lying/sitting with cup, light yellow, black, cyan, bronze, dark gold, melancholic symbolism, ritualistic masks, intense emotional expression, foreshortening techniques, slumped/draped, sleepycore, allover composition, Biedermeier, iconic works of art history"
data\Dreamstudio/art\Vincent_van_Gogh_207.jpg,Vincent_van_Gogh_207.jpg,,DreamStudio,1,Vincent_van_Gogh_207,Vincent van Gogh,"Vincent van Gogh, Art, Portrait of a man, straw hat, dark azure and yellow, melancholic symbolism, Picassoesque, Pre-Raphaelite, self-portraits, portraiture with emotion, dark yellow and light blue, restrained impressionism, emphasis on facial expression, brushwork mastery, loose paint application, whirring contrivances, geopunk."
data\REAL\art_5400\Diego_Velazquez_31.jpg,Diego_Velazquez_31.jpg,Diego Velazquez,REAL,0,Diego_Velazquez_31,nan,"Diego Velazquez, Art, Man riding a horse, baroque grandiosity, noble subjects, high resolution, transparent layers, historical reproductions, landscapist, Spanish enlightenment, light pink and dark amber, large scale murals, traditional landscapes, layered mesh, hard-edge painting, opulent fabrics"
data\REAL\art_5400\Vincent_van_Gogh_3.jpg,Vincent_van_Gogh_3.jpg,Vincent van Gogh,REAL,0,Vincent_van_Gogh_3,nan,"Vincent van Gogh, Art, Sunflowers in yellow vase, light gold, dark cyan, light orange, vintage imagery, 500-1400 CE, precision, playful yet morose, solarpunk, Whistlerian, expressionist emotiveness, solarization, golden ratio, vanitas, vernal palettes, golden age aesthetics, large-scale murals, kintsugi, pop art brightness, iconic works of art history, neo plasticism, vibrant colors"
data\Dreamstudio/art\Edgar_Degas_385.jpg,Edgar_Degas_385.jpg,,DreamStudio,1,Edgar_Degas_385,Edgar Degas,"Edgar Degas, Art, 1850s, woman sitting, woman in hat, dark brown and purple, fanciful costume design, contrasting lights and darks, energetic movement, ultrafine detail, anthropomorphic animals, Caravaggesque chiaroscuro, woman in white dress, straw hat, dark magenta, light black, colorful costumes, exquisite clothing detail, light brown, chalk, strong contrast, layered fibers, woman in front of clock, charcoal sketches, sculptural costumes, light orange."
data\REAL\art_5400\Francisco_Goya_154.jpg,Francisco_Goya_154.jpg,Francisco Goya,REAL,0,Francisco_Goya_154,nan,"Francisco Goya, Art, Black and white drawing, woman and owl, grotesque satire, dramatic movement, suburban ennui, twisted branches, Spanish enlightenment, lith printing, flying woman, bird overhead, caricatures, etched still lifes, strong facial expressions, ritualistic masks, cranberrycore, poem adaptation, satirical figuration, energetic expressions, humble charm, Rio de Janeiro, Caribbean, 1874, whimsical grotesque, feminist sensibility, gesture, maidcore."
data\DALL-E/art\Peter_Paul_Rubens_132.jpg,Peter_Paul_Rubens_132.jpg,,DALL-E,1,Peter_Paul_Rubens_132,Peter Paul Rubens,"Peter Paul Rubens, Art, Portrait of a king, long hair, furry mohawk, dark black and light amber, romanticism influence, manticore, wavy resin sheets, light magenta and white, elegant, emotive faces, sharp edges, young man, dark white, dark gold, dark purple, light green, formal elegance, princesscore, dark orange, light black, high-contrast shading, black and white, gold, ornate collar, 1605, light purple, dark green, cranberrycore, academic painting, sharp satire."
data\Dreamstudio/art\Francisco_Goya_266.jpg,Francisco_Goya_266.jpg,,DreamStudio,1,Francisco_Goya_266,Francisco Goya,"Francisco Goya, Art, Old men in group setting, sleepycore, romantic views, heavy inking, medicalcore, supple brushstrokes, person feeding animals, dissected books, slumped/draped, suburban ennui, careful framing, confessional, illustrative pen-and-ink sketches, person kneeling at table, grotesque caricatures, uniformly staged images, pulled, scraped, and scratched, romanticized figures, grotesque satire, controlled brushstrokes, medical themes, small brushstrokes, animated exuberance, associated press photo, hispanicore, 'Martha helping herself at the gate of the palace' etching."
data\DALL-E/art\Henri_Matisse_124.jpg,Henri_Matisse_124.jpg,,DALL-E,1,Henri_Matisse_124,Henri Matisse,"Henri Matisse, Art, Blue vase, red candle, table, 1918–1939 interwar, mix of painting and ceramics, light magenta, dark indigo, Shang dynasty, expressionistic anthropology, interior scenes, 1860–1969, flowers, melting pots, tapestry, wall hanging, light indigo, magenta, fauvist figuratism, dark violet, light azure, domestic interiors, elegant subjects, three pieces of clothing, fauvist still lifes, dark blue, interior scenes.
"
data\REAL\art_5400\Vincent_van_Gogh_223.jpg,Vincent_van_Gogh_223.jpg,Vincent van Gogh,REAL,0,Vincent_van_Gogh_223,nan,"Vincent van Gogh, Art, White sketch, chairs, benches, windows, old masters, whiplash lines, soggy, soft-edged, high tonal range, Danube school, minimalist sets, pencil drawing, dining room, tables, emotional gestural marks, black and white drawing, spot metering, empty space, end table, Venetian school, monochromatic white figures, rough, solarpunk"
data\REAL\art_5400\Diego_Velazquez_38.jpg,Diego_Velazquez_38.jpg,Diego Velazquez,REAL,0,Diego_Velazquez_38,nan,"Diego Velazquez, Art, Portrait of San Martino, 1570-1622, detailed attention to costume and fashion, dark black and brown, contrasting colors, transavanguardia, man dressed in black, rich colors, baroque ornate details, detailed costumes, rich and tonal, Renaissance chiaroscuro, dark brown and dark beige, bold color combinations, grandiose color schemes, elegant clothing, old man standing in black outfit with hat, grandiose color schemes, representational, fashionable opulence."
data\REAL\art_5400\Amedeo_Modigliani_29.jpg,Amedeo_Modigliani_29.jpg,Amedeo Modigliani,REAL,0,Amedeo_Modigliani_29,nan,"Amedeo Modigliani, Art, Portrait of a young man, ritualistic masks, olive face, blue tie, red background, melancholic symbolism, 1900-1917, 1000-1400 ce, expressionistic anthropology, modernist sensibilities, Berlin Secession, exaggerated facial features, distinct facial features, masculine, Picasso, early medieval art, Bengal school of art."
data\Midjourney/art\Rembrandt_50.jpg,Rembrandt_50.jpg,,Midjourney,1,Rembrandt_50,Rembrandt,"Rembrandt, Art, Man riding horse, dark silver and yellow, light bronze and gray, portrait, grandiose environments, vignetting, grid, mist, anthropomorphic animals, light gray and light amber, 17th century, Barbizon School, master of the spray paint, Die Brücke, The New Fauves"
data\REAL\art_5400\Alfred_Sisley_246.jpg,Alfred_Sisley_246.jpg,Alfred Sisley,REAL,0,Alfred_Sisley_246,nan,"Alfred Sisley, Art, Seine river at night, light violet and gray tones, rural landscapes, energetic impasto, gallery wrapped canvas, Charles-Francois Daubigny inspired, low resolution, landscape style, sky-blue tones, calm waters, trompe-l'œil, impressionist landscapes, impressive panoramas, mottled texture, happenings, grass in the middle of a street"
data\REAL\art_5400\Eugene_Delacroix_16.jpg,Eugene_Delacroix_16.jpg,Eugene Delacroix,REAL,0,Eugene_Delacroix_16,nan,"Eugene Delacroix, Art, Liberty raising French flag, apocalyptic, dark bronze and navy, chiaroscuro portraitures, majestic figures, spontaneous gesture, aestheticized violence, iconic imagery, feminist sensibility, war scenes, irony, apocalypse art, idealized figures, poetcore, action paintings, strong contrast, crowd, 20 megapixels"
data\REAL\art_5400\Pieter_Bruegel_35.jpg,Pieter_Bruegel_35.jpg,Pieter Bruegel,REAL,0,Pieter_Bruegel_35,nan,"Pieter Bruegel, Art, Landscape, group of creatures and animals, Renaissance-inspired, playfully intricate, playful caricature, goblin academia, depictions of labor, drawing, small animals and people in a village, high Renaissance, dusty piles, whimsical grotesque, enigmatic automatism, meticulous inking, the garden of the four seasons, lithograph, sculptural grotesqueries, unprimed canvas, arabesque/scroll, portrait of a woman and a tree, grotesque figures, blown-off-roof perspective, playful chaos, detailed hunting scenes, medievalist, groundcore."
data\REAL\art_5400\Rembrandt_116.jpg,Rembrandt_116.jpg,Rembrandt,REAL,0,Rembrandt_116,nan,"Rembrandt, Art, Dutch Golden Age, old couple, piece of mail, pen, layered gestures, working-class empathy, mathematical intricacy, older woman writing a letter, spontaneous gestures, patience of a saint, calculated, progressive academia, elderly people, money, 'bom' de houttuin, black paintings, studyplace, plasticien, old man and woman in front of the door, painting and writing tools, highly polished surfaces, lightbox"
data\DALL-E/art\Amedeo_Modigliani_2.jpg,Amedeo_Modigliani_2.jpg,,DALL-E,1,Amedeo_Modigliani_2,Amedeo Modigliani,"Amedeo Modigliani, Art, Man in front of window, light azure and crimson, detail-oriented, distinctive characters, 1900-1917, portrait, man reading, textural richness, confessional, sharp attention to detail, man wearing hat, reading newspaper, light red and dark cyan, mosaic-like, Frank Emily portrait, 1926, urban expressionism, dark red and light azure, meticulous detail, datamosh, richly detailed genre paintings."
data\Midjourney/art\Jan_van_Eyck_71.jpg,Jan_van_Eyck_71.jpg,,Midjourney,1,Jan_van_Eyck_71,Jan van Eyck,"Jan van Eyck, Art, Portrait of a man, Renaissance-inspired, linear outlines, slumped/draped, cross-hatching, spiritual figures, hurufiyya, jagged edges, large-scale brushstrokes, old man in white gown, raw, confrontational figures, man in hat, grotesque figures, patience of a saint, San Andre, strong diagonals, manuscript, 'leccs' group founder, detailed."
data\REAL\art_5400\Amedeo_Modigliani_63.jpg,Amedeo_Modigliani_63.jpg,Amedeo Modigliani,REAL,0,Amedeo_Modigliani_63,nan,"Amedeo Modigliani, Art, Tree, old building, grove of trees, coastal views, faded palates, strong diagonals, seaside vistas, light brown, sky-blue, vernacular architecture, landscape mastery, luminous shadowing, Mediterranean landscapes, monolithic structures, light indigo, street scene."
data\REAL\art_5400\Andrei_Rublev_9.jpg,Andrei_Rublev_9.jpg,Andrei Rublev,REAL,0,Andrei_Rublev_9,nan,"Andrei Rublev, Art, Person, the lord in king's side, Russian folklore, early Russian icons, distressed surfaces, intense gaze, distinctive noses, dark yellow, light bronze, detail-oriented, painted depiction, stenciled iconography, precise detailing, meticulous detailing, angel holding someone, pulled, scraped, scratched, close-up intensity, dark gold, light brown, confessional, early medieval art, bearded figure, dramatic, somber religious works, gold, light blue, strip painting, textural detail, mediated view."
data\REAL\art_5400\Gustav_Klimt_107.jpg,Gustav_Klimt_107.jpg,Gustav Klimt,REAL,0,Gustav_Klimt_107,nan,"Gustav Klimt, Art, Drawing of a man, Barbizon school, realist fine details, soft-focused realism, pictorialist, American works on paper 1880–1950, neo-academism, Bloomsbury group, old man, captivating figures, captivating portraits, man with long hair, meticulous detail, light yellow and light bronze, realistic graphite drawings, noble figures, man in a blue shirt, charcoal drawing, light yellow and light crimson, baroque compositions."
data\Midjourney/art\Francisco_Goya_123.jpg,Francisco_Goya_123.jpg,,Midjourney,1,Francisco_Goya_123,Francisco Goya,"Francisco Goya, Art, Story of a woman reading her own book of ghosts, three women talking with devilish reflections, girl in ornate dress with angel, two women sitting on chairs, rococo style, socialist realism, Quito school, transavanguardia, skeletal, zany humor, blink-and-you-miss-it detail, children's book illustrations, trompe-l'œil illusionistic detail, romantic academia, horror academia, happenings, bibliopunk, American romanticism, ritualistic masks, Spanish enlightenment, 1860–1969 era."
data\REAL\art_5400\Mikhail_Vrubel_66.jpg,Mikhail_Vrubel_66.jpg,Mikhail Vrubel,REAL,0,Mikhail_Vrubel_66,nan,"Mikhail Vrubel, Art, 1900–1917, watercolor painting, white iris, large-scale figuration, abstract figuration, light beige, light gold, dark white, light gray, gray, watercolor-like washes, fragmented figuration, presentation of human form, exquisite clothing detail, crumpled, contrasting light, unprimed canvas, angura kei."
data\REAL\art_5400\Gustave_Courbet_16.jpg,Gustave_Courbet_16.jpg,Gustave Courbet,REAL,0,Gustave_Courbet_16,nan,"Gustave Courbet, Art, Male with a pipe, dark cyan, green, dark emerald, light brown, deconstructive, dreamy portraits, violent, neo-romanticism, rough edges, serene faces, Unilalianism, Caravaggesque, dark green, orange, romanticized realism, dreamy romanticism, distinctive noses, strong facial expression, color field painting, brooding mood, sky-blue, preparing pipe for smoking, tall man, rough edges, serene faces."
data\REAL\art_5400\Frida_Kahlo_52.jpg,Frida_Kahlo_52.jpg,Frida Kahlo,REAL,0,Frida_Kahlo_52,nan,"Frida Kahlo, Art, Frida Kahlo's face, confessional, official art, San Francisco Renaissance, exquisite clothing detail, massurrealism, 20th century art, elaborate detailing, dark pink, light bronze, emphasis on facial expression, acrobatic self-portraits, ornate detailing, woman's life, exaggerated facial features, symmetrical asymmetry, white, bronze, inlay"
data\REAL\art_5400\Rembrandt_205.jpg,Rembrandt_205.jpg,Rembrandt,REAL,0,Rembrandt_205,nan,"Rembrandt, Art, Inauguration in church, 1640, oil painting, audience in church, dark palette chiaroscuro, dark amber and bronze, systematic art, sandalpunk, hurufiyya, die brücke, opacity and translucency, people in center of large room, biblical drama, meticulous design, dutch and flemish, Jewish culture themes, dark bronze and magenta, young people on stage, biblical grandeur, restrained color palette, irreverent, chiaroscuro contrast."
data\REAL\art_5400\Joan_Miro_57.jpg,Joan_Miro_57.jpg,Joan Miro,REAL,0,Joan_Miro_57,nan,"Joan Miro, Art, Lullaby, orange and maroon, light white and dark orange, fanciful creatures, unpredictable mark-making, red and yellow airplane hanging upside down, whimsical imaginative creatures, dark orange and light beige, negative spaces, desertwave, trompe-l'œil illusionistic detail, animated shapes, storybook illustrations, abstract painting with two people and a banana, dark orange and light beige, playful and whimsical depictions of animals, pictorial space, animated shapes, whirring contrivances, storybook illustration, whimsical animation, dark orange and light amber, hopi art, gentle whimsy, curvilinear, birds-eye-view."
data\StarryAI/art\Frida_Kahlo_85.png,Frida_Kahlo_85.png,,StarryAI,1,Frida_Kahlo_85,Frida Kahlo,"Frida Kahlo, Art, Self-portrait, man with monkeys, animals and people, social media portraiture, art deco, pensive portraiture, stylized portraiture, close-up, masculine, expressionistic anthropology, oil painting, book cover, Mesoamerican influences, characterful animal portraits, celebrity portraits, golden age aesthetics, socialist realism."
data\REAL\art_5400\Frida_Kahlo_15.jpg,Frida_Kahlo_15.jpg,Frida Kahlo,REAL,0,Frida_Kahlo_15,nan,"Frida Kahlo, Art, Frida and the Heart, bold figuration, art historical allusions, celebrating birthday, surrealist anatomy, dark sky-blue and yellow, strong facial expression, made of vines, acrobatic self-portraits, art deco sensibilities, realist detail, surrealist symbolism, self-portrait, fine attention to anatomy, metaphysical narratives, woman with a heart in her hands, dark azure and yellow."
data\Dreamstudio/art\Vincent_van_Gogh_407.jpg,Vincent_van_Gogh_407.jpg,,DreamStudio,1,Vincent_van_Gogh_407,Vincent van Gogh,"Vincent van Gogh, Art, Man in yellow shirt, 1690, 1862, self-portraits, 1900-1917, light crimson and emerald, post-impressionist, teethcore, nouveau réalisme, painting of a man in yellow attire, green, 1860-1969, strong facial expression, electric color, grandiose color schemes, pictorial, man in yellow jacket on green, distinct facial features, electric color, gorpcore, portrait of man sitting in yellow outfit, light crimson and green, working-class empathy, picassoesque, exaggerated facial features."
data\REAL\art_5400\Alfred_Sisley_160.jpg,Alfred_Sisley_160.jpg,Alfred Sisley,REAL,0,Alfred_Sisley_160,nan,"Alfred Sisley, Art, Boats, water, houses, lake, river, buildings, cottages, town, transportcore, industrial landscapes, light gray, bronze, black, marine scenes, Dutch landscapes, depictions of labor, enamel, vignetting"
data\DALL-E/art\Rene_Magritte_68.jpg,Rene_Magritte_68.jpg,,DALL-E,1,Rene_Magritte_68,Rene Magritte,"Rene Magritte, Art, Drawing of a man and a lion standing next to a table, surrealistic portraiture, mesmerizing optical illusions, haunting portraiture, realistic depiction of light, man and lion in a house, illusory realism, gothic surrealism, mysterious realism, etched still lifes, life-size figures, unsettling atmosphere, grey academia, realistic figures, poignant symbolism, old man with a lion, nature morte, suburban gothic, strong sense of light."
data\DALL-E/art\Michelangelo_30.jpg,Michelangelo_30.jpg,,DALL-E,1,Michelangelo_30,Michelangelo,"Michelangelo, Art, Colorful painting, man attacking another man, fresco painting, close-up intensity, Christian art and architecture, high-angle, light yellow, dark green, hard-edged, early 14th century, Sistine chapel, jubilation of Sistine, dark yellow, dark aquamarine, realistic anamorphic art, textural detail, stylized violence, mosaic of Jesus' triumph, martyrdom in Rome, frequent use of yellow, flowing draperies, chalk, ceiling of St Peter's basilica, Venetian ceiling, realist detail, dignified poses, medievalist, acrobatic self-portraits, figura serpentinata."
data\REAL\art_5400\Salvador_Dali_22.jpg,Salvador_Dali_22.jpg,Salvador Dali,REAL,0,Salvador_Dali_22,nan,"Salvador Dali, Art, Old painting, child feeding on red worm with bite mark, album covers, mist, 1900-1917, slide film, macabre illustrations, drip painting, realist detail, Halloween, little man's mouth, color photography, delicate ink washes, surrealistic distortions, embroidery, cranberrycore, vandalizing publicity, fluid and organic, baby bit by snake, distinctive noses, zombiecore, dye-transfer, child holding bug-covered beak, associated press photo."
data\REAL\art_5400\Sandro_Botticelli_103.jpg,Sandro_Botticelli_103.jpg,Sandro Botticelli,REAL,0,Sandro_Botticelli_103,nan,"Sandro Botticelli, Art, Men in several dresses standing near open doors, Botticelli-esque figures, aestheticized violence, white and red, confessional, frequent use of diagonals, light gold and green, painting of many people dressed up awaiting the arrival of a king, slumped/draped, graceful balance, person of Rome, graceful restraint, orderly arrangements, narrative paneling, lively movement, white and red."
data\REAL\art_5400\Pablo_Picasso_122.jpg,Pablo_Picasso_122.jpg,Pablo Picasso,REAL,0,Pablo_Picasso_122,nan,"Pablo Picasso, Art, Girl's face, dark azure and beige, striped composition, mirrored, strong facial expression, painting of a young woman, lips, asymmetry, woman holding cell phone, luminous shadowing, narrative diptychs, stripes and shapes, dark sky-blue, light gray, light yellow, dark silver, light beige."
data\REAL\art_5400\Paul_Gauguin_260.jpg,Paul_Gauguin_260.jpg,Paul Gauguin,REAL,0,Paul_Gauguin_260,nan,"Paul Gauguin, Art, Painting, white woman, holding fan, white and bronze, figurative subjects, portrait, beautiful girl, light white, light bronze, contemporary figuration, symmetrical asymmetry, light brown, dark blue, biedermeier, reduced palette, solapunk, girl on a chair, umbrella, maori art, chiaroscuro portraitures."
data\Midjourney/art\Andy_Warhol_30.jpg,Andy_Warhol_30.jpg,,Midjourney,1,Andy_Warhol_30,Andy Warhol,"Andy Warhol, Art, Row of bottles, wall backdrop, dark crimson, silver, dark brown, coded patterns, distorted exaggerated figures, algorithmic artistry, poster, American prints 1880-1950, early computer art, quadratura, museum, perceptual illusions, silver, maroon."
data\Midjourney/art\Pierre-Auguste_Renoir_251.jpg,Pierre-Auguste_Renoir_251.jpg,,Midjourney,1,Pierre-Auguste_Renoir_251,Pierre-Auguste Renoir,"Pierre-Auguste Renoir, Art, Young girl, red hair, bow, white, beige, lifelike, dark white, light brown, portrait, blue ribbons, light crimson, historical reproductions, distinctive noses, harmonious coloration, oshare kei, late impressionism, light orange, dark orange, strong facial expression, light gray, child-like innocence."
data\REAL\art_5400\Kazimir_Malevich_59.jpg,Kazimir_Malevich_59.jpg,Kazimir Malevich,REAL,0,Kazimir_Malevich_59,nan,"Kazimir Malevich, Art, Black and white painting, small square with three lines, staining, dark silver, violet, pattern-based, aerial view, white wall, 1900–1917, textured pigment planes, flat color areas, puzzle-like pieces, subtle paleness, quadratura, dark purple, dark brown, stains/washes, precision painting, art print, pointillist technique with small brush marks, subtle chromatism, positive and negative spaces"
data\REAL\art_5400\Marc_Chagall_1.jpg,Marc_Chagall_1.jpg,Marc Chagall,REAL,0,Marc_Chagall_1,nan,"Marc Chagall, Art, Woman on a chair, knitting needle, prehistoric art, frayed, dark orange and green, tightly cropped compositions, Jewish life scenes, oil painting, holding a book, fauvist animator, disfigured forms, Maori art, light green, woman in green, terracotta, depictions of labor, gentle expressions, pattern-based painting, old lady sitting at table reading, polychrome terracotta, ultrafine detail, intaglio."
data\Dreamstudio/art\Mikhail_Vrubel_64.jpg,Mikhail_Vrubel_64.jpg,,DreamStudio,1,Mikhail_Vrubel_64,Mikhail Vrubel,"Mikhail Vrubel, Art, Drawing of woman statue holding reins for angel and man, mosaic-inspired realism, utopian vision, work on paper, detailed drapery, indigo, crimson, light gray, bronze, fragmented figuration; female figure with wings, depictions of aristocracy, utopian vision; drawing with woman and two monkeys, utopian vision, light violet, light bronze, marble, pencil sketch, light red, detailed drapery, mosaic composition; portrait of man and woman, mythological symbolism, detailed sketching, allegorical composition."
data\DALL-E/art\Edgar_Degas_325.jpg,Edgar_Degas_325.jpg,,DALL-E,1,Edgar_Degas_325,Edgar Degas,"Edgar Degas, Art, Dancer with wavy hair, fan, light violet and yellow, chalk, dark orange and yellow, pastel-colored scenes, grainy, ballet academia, storybook-like, dancing ballerinas, yellow and purple, pastel-colored scenes, ballerina at hall, yellow and purple, clamp, trompe-l'œil illusionistic detail, dark cyan and orange, incoherents, dancing with a fan at the theatre, yellow and purple, clamp, trompe-l'œil illusionistic detail, hand-coloring, flamboyant, chalk"
data\REAL\art_5400\Marc_Chagall_166.jpg,Marc_Chagall_166.jpg,Marc Chagall,REAL,0,Marc_Chagall_166,nan,"Marc Chagall, Art, Flowers, window, blue sky, chairs, dark violet, light indigo, luminous shadows, Berlin Secession, lively tableaus, vibrant figuration, table, light & shadow play, pictorial fabrics, fresh flowers, light and shadow interplay, study place, green vase, Fauvist animator, tapestries, luminous scenes, grandiose environments"
data\REAL\art_5400\Diego_Velazquez_4.jpg,Diego_Velazquez_4.jpg,Diego Velazquez,REAL,0,Diego_Velazquez_4,nan,"Diego Velazquez, Art, Portrait painting, young woman with palette and brush, woman holding an easel, dark orange, dark beige, dark yellow, light red, dark gray, antique subjects, self-portraits, quadratura, oil portraitures, transavanguardia, attention to detail, caravaggesque chiaroscuro, painting and writing tools, saturated palette, spot metering, li-core, lightbox."
data\Dreamstudio/art\Francisco_Goya_218.jpg,Francisco_Goya_218.jpg,,DreamStudio,1,Francisco_Goya_218,Francisco Goya,"Francisco Goya, Art, Man in uniform, Biedermeier, fawncore, dark gold, navy, monumental vistas, kingcore, dignified poses, light red, light navy, patriotic, historical significance, uniformly staged images, emphasis on contrast, grandiose portraits, strong facial expression, elaborate, iconic, hard-edged painting, schooner commander, Kushan empire, the new fauves, spiky mounds, danube school, imposing monumentality, chiaroscuro."
data\Dreamstudio/art\Alfred_Sisley_254.jpg,Alfred_Sisley_254.jpg,,DreamStudio,1,Alfred_Sisley_254,Alfred Sisley,"Alfred Sisley, Art, Boats at shore, houses, rural life depiction, impressionist landscapes, palette knife, chromatic landscape, cottagepunk, oil painting, riverfront scene, beach, high resolution, unprimed canvas, light sky-blue and green, strip painting, en plein air beach scenes, light violet and cyan, post-painterly"
data\REAL\art_5400\Pierre-Auguste_Renoir_276.jpg,Pierre-Auguste_Renoir_276.jpg,Pierre-Auguste Renoir,REAL,0,Pierre-Auguste_Renoir_276,nan,"Pierre-Auguste Renoir, Art, Impressionist lightness, intricate weaving, high-keyed palette, light white and light orange, soft shading, young boy on lap, taking a lesson, gossamer fabrics, knitted and crocheted, ultrafine detail, young man wearing a shirt, light and color, delicate precision, early 20th century, young girl standing with flowers, depictions of labor, softly luminous, hand-coloring, madonna and child."
data\Midjourney/art\Edgar_Degas_217.jpg,Edgar_Degas_217.jpg,,Midjourney,1,Edgar_Degas_217,Edgar Degas,"Edgar Degas, Art, Neo-Victorian, dark white, Helsinki school, dappled, Whistlerian, Mingei, silence, bedroom scene, haunting images, depiction of everyday life, contrast of scale, reclining man and woman, atmospheric impressionism, Victorian-era clothing, light black and bronze, domesticity"
data\Midjourney/art\Paul_Gauguin_129.jpg,Paul_Gauguin_129.jpg,,Midjourney,1,Paul_Gauguin_129,Paul Gauguin,"Paul Gauguin, Art, Grove, trees, bridge, light cyan, green, Australian landscape, stage-like environments, striped painting, installation-based, landscape inspirations, landscapes and gardens, 1890-1927, light aquamarine, strong diagonals, emphasis on linear perspective, 1860–1969, cottagepunk, high resolution, impressionist-landscapes, rural landscapes, the Follia garden, gestural lines, light azure, die brücke, landscape-focused"
data\Dreamstudio/art\Hieronymus_Bosch_120.jpg,Hieronymus_Bosch_120.jpg,,DreamStudio,1,Hieronymus_Bosch_120,Hieronymus Bosch,"Hieronymus Bosch, Art, Apparition of Christ and angels, Dutch landscapes, trompe-l'œil illusionistic detail, orange and black, dark gold and crimson, busy landscapes, museum gallery dioramas, German Expressionism, Gothic Surrealism, landscape-focused, Pre-Raphaelite Realism, birth and death themes, apocalypse landscape, altarpiece, light amber and black, landscapes with social commentary, Dutch Realism, early medieval art, black paintings, meticulous detail."
data\DALL-E/art\Raphael_29.jpg,Raphael_29.jpg,,DALL-E,1,Raphael_29,Raphael,"Raphael, Art, Angel with two swords, slaying giant, apocalypse landscape, political commentary, uniformly staged images, oil on panel, academic painting, dark emerald, dark beige, light brown, satirical illustrations, bird's-eye-view, surrounded by demons and creatures, miscellaneous academia, transavanguardia, aerial view, ironic, angel threatening dragon, angel with lion, Spanish enlightenment, chaotic academia."
data\Midjourney/art\Amedeo_Modigliani_21.jpg,Amedeo_Modigliani_21.jpg,,Midjourney,1,Amedeo_Modigliani_21,Amedeo Modigliani,"Amedeo Modigliani, Art, Woman sitting, rug, bed, blanket, curvaceous simplicity, iconic works of art history, bulbous, bold curves, dark white, dark orange, light orange, 1920s, parodies and pastiches, vignetting, poolcore, Japanese prints, animated exuberance, feminine curves."
data\DALL-E/art\Edgar_Degas_693.jpg,Edgar_Degas_693.jpg,,DALL-E,1,Edgar_Degas_693,Edgar Degas,"Edgar Degas, Art, Ballet girls, sketch-like, dark white and light brown, loose forms, stylish costume design, chalk, red, subtle coloring, two drawings of dancers, light gray, nostalgic post-impressionism, schoolgirl lifestyle, 1860-1969 era, pensive stillness, ultrafine detail, ballerinas in ballet attire, three sketches of dancers showing faces"
data\REAL\art_5400\Titian_129.jpg,Titian_129.jpg,Titian,REAL,0,Titian_129,nan,"Titian, Art, Artwork of god with angel falling in water, baroque animals, crimson and amber, lively seascapes, figura serpentinata, fresco, timeless mythology, oil painting, angel and two cats floating, apocalypse landscape, mural painting, depiction of animals, 500–1000 CE, man on mount, angels and birds, water and land fusion, allegorical, animal intensity, dynamic and action-packed scenes, prehistoricore, swirling vortexes, Catalan Odyssey, colorful turbulence, Hudson River School, manticore, high resolution."
data\REAL\art_5400\Pablo_Picasso_83.jpg,Pablo_Picasso_83.jpg,Pablo Picasso,REAL,0,Pablo_Picasso_83,nan,"Pablo Picasso, Art, Lady with sails, light orange, sky-blue, robotic expressionism, light yellow, dark gray, seaside vistas, princesscore, tropical symbolism, aristocracy depictions, white woman, boat, 1950s, punctured canvas, dark yellow, nautical charm, self-portrait, woman with ship, idealized figures, Frenchy, juxtaposed figures, painting of woman holding sailboat, light silver, jarring figuratives."
data\Dreamstudio/art\Vasiliy_Kandinskiy_22.jpg,Vasiliy_Kandinskiy_22.jpg,,DreamStudio,1,Vasiliy_Kandinskiy_22,Vasiliy Kandinskiy,"Vasiliy Kandinskiy, Art, Abstract painting, bird, various insects, folkloric themes, exotic tapestries, ornate embroidery, undulating lines, light red, dark gray, crimson, imaginative creatures, Viennese Secession, unprimed canvas, Ndebele-inspired motifs, Soviet avant-garde, 1918-1939 interwar, robotic motifs, fanciful figures, light beige, colorful"
data\REAL\art_5400\Henri_Matisse_144.jpg,Henri_Matisse_144.jpg,Henri Matisse,REAL,0,Henri_Matisse_144,nan,"Henri Matisse, Art, Two women sitting, playing guitar, figura serpentinata, enigmatic tropics, orange and indigo, women seated together, planar expressionism, coloristic, solarizing master, bold outlines, flat colors, exotic atmosphere, tupinipunk, datamosh, three women with guitars, fauvist animator, depiction of everyday life, fresco."
data\StarryAI/art\Alfred_Sisley_13.png,Alfred_Sisley_13.png,,StarryAI,1,Alfred_Sisley_13,Alfred Sisley,"Alfred Sisley, Art, Pointillist seascapes, light bronze and blue, twisted branches, expansive landscapes, landscape mastery, Vienna Secession, woods on right bank of Seine, trees near river, striped painting, Gilded Age, romantic seascapes, high quality photo, river near l'Avene, impressionist-landscapes, coastal scenes"
data\StarryAI/art\Andrei_Rublev_58.png,Andrei_Rublev_58.png,,StarryAI,1,Andrei_Rublev_58,Andrei Rublev,"Andrei Rublev, Art, Woman in black cloak, holding ingot, veiled, holding book, with hand in lap, slumped/draped, positioned full body, exquisite clothing detail, altarpiece style, eastern orthodox icon inspired, dark brown, light black, light beige, gold color scheme, mediated view, elegantly formal, layered fibers, balanced proportions."
data\Dreamstudio/art\Pieter_Bruegel_42.jpg,Pieter_Bruegel_42.jpg,,DreamStudio,1,Pieter_Bruegel_42,Pieter Bruegel,"Pieter Bruegel, Art, Altarpiece painting, person guiding cows through forest, cattle crossing rocky path, birds-eye-view, dusty piles, dark orange, high resolution staining, tenebrism, meticulous detail, northern renaissance, subdued expressionism, enigmatic automatism, old man leading ancient herd, dense composition, raw materials"
data\StarryAI/art\Michelangelo_15.png,Michelangelo_15.png,,StarryAI,1,Michelangelo_15,Michelangelo,"Michelangelo, Art, Sistine Chapel architectural design, pensive poses, light teal and orange, light crimson and gray, harp playing, poem writing, grandiose color schemes, large-scale murals, close-up intensity, fresco paintings, multiple perspectives, neo-academism, biblical motifs, quiet contemplation, 15th century, contemplative scenes, sonian."
data\REAL\art_5400\Pierre-Auguste_Renoir_202.jpg,Pierre-Auguste_Renoir_202.jpg,Pierre-Auguste Renoir,REAL,0,Pierre-Auguste_Renoir_202,nan,"Pierre-Auguste Renoir, Art, Path to lemon orchard, expressionist imagery, mountainous vistas, late 19th century, yellow and orange, botanical abundance, romantic landscape vistas, impressionist-landscapes, trees and paths in mountains, yellow and silver, floral impressionism, fresco paintings, grandeur of scale, oil painting, yellow and emerald, allover composition, Phoenician art, burne-jones art, art of Tonga."
data\REAL\art_5400\Pablo_Picasso_166.jpg,Pablo_Picasso_166.jpg,Pablo Picasso,REAL,0,Pablo_Picasso_166,nan,"Pablo Picasso, Art, Drawing of woman with cat in bed, light azure, emerald, violet, aquamarine, restrained expressionism, chiaroscuro portraitures, charming illustrations, cartoonish innocence, light emerald, blue, 1900-1917, gloomy, happenings, shoe paintings, biedermeier, turquoise, beige, nightmarish illustrations, domestic intimacy, German expressionism, chiaroscuro sketches"
data\REAL\art_5400\Paul_Klee_17.jpg,Paul_Klee_17.jpg,Paul Klee,REAL,0,Paul_Klee_17,nan,"Paul Klee, Art, Abstract painting, bird, tree, steps, grainy film, light violet, light red, mountainous vistas, dark green, orphism, symbolic elements, blurred imagery, two mountains, luminous shadowing, early 19th century, color-field abstractions, Himalayan art, atmospheric photograms, avian-themed, dark emerald, dreamy pointillism, fig tree, green park, flowers"
data\REAL\art_5400\Eugene_Delacroix_27.jpg,Eugene_Delacroix_27.jpg,Eugene Delacroix,REAL,0,Eugene_Delacroix_27,nan,"Eugene Delacroix, Art, Arab and Moroccan revolution, crisp brushwork, divisionist, dark green and white, Sabawi or Medina's famine, 1853, festive atmosphere, spontaneous gesture, light white and dark green, political propaganda, square, people, horse, village, orientalist, energetic gestures, chaotic academia, calculated, die brücke, women riding horses, standing, buildings, aestheticized violence, dark white and green, associated press photo."
data\REAL\art_5400\Henri_Rousseau_48.jpg,Henri_Rousseau_48.jpg,Henri Rousseau,REAL,0,Henri_Rousseau_48,nan,"Henri Rousseau, Art, Couple in woods, flowers, portrait, monumental scale, Berlin Secession, gesture, walking through foliage, folkloric, Mingei, theatrical gestures, folk art inspiration, dappled, regional Gothic, Black Mountain College, elegant, emotive faces, trompe-l'œil illusionistic detail, happenings, secret garden, forest, flat figures, romantic honesty, ritualistic masks, working-class empathy, suburban Gothic."
data\StarryAI/art\Titian_35.png,Titian_35.png,,StarryAI,1,Titian_35,Titian,"Titian, Art, Group of 4 paintings, people praying, heroic masculinity, iconographic symbolism, large scale murals, Mexican muralism, Renaissance perspective and anatomy, photo of painting, religious subjects, multi-panel compositions, large canvas sizes, systematic art, HispaniCore, monumentalism, Christian art and architecture, chiaroscuro portraitures, Holotone printing, realistic depictions, faith-inspired art, Baroque religious scenes."
data\DALL-E/art\Mikhail_Vrubel_142.jpg,Mikhail_Vrubel_142.jpg,,DALL-E,1,Mikhail_Vrubel_142,Mikhail Vrubel,"Mikhail Vrubel, Art, Painting of men in water, dark blue and brown tones, snow scenes, prehistoric art, skeleton detail, sea, light brown and dark blue, rough edges, trompe-l'œil illusionistic detail, wet clothing on beach, frozen movement, torn distressed edges, animated action, the blue rider theme, 1900-1917 era, watercolor, realist detail."
data\REAL\art_5400\Kazimir_Malevich_101.jpg,Kazimir_Malevich_101.jpg,Kazimir Malevich,REAL,0,Kazimir_Malevich_101,nan,"Kazimir Malevich, Art, Bauhaus-inspired abstract painting, geometric figures with lines and triangle, columns and totems, frequent use of diagonals, overlapping shapes, graceful balance, colorized, loose gestures, red shapes and blue lines, Vienna secession, light yellow and light magenta, asymmetric designs, diagonal composition of square blocks, 1900–1917 period, coloristic, sharp brushwork, constructivist roots, strong use of color, modernist sensibilities."
data\REAL\art_5400\Mikhail_Vrubel_68.jpg,Mikhail_Vrubel_68.jpg,Mikhail Vrubel,REAL,0,Mikhail_Vrubel_68,nan,"Mikhail Vrubel, Art, Round bowl filled with sea life scene, circular images, colorful moebius, 1900-1917, mythological storytelling, saturated pigment pools, intricate pencil work, dark beige, light azure, serene faces, decorated with seaweed, mystical allegorical scenes, American works on paper 1880-1950, layered complex compositions, fantasy illustration, light cyan, light brown, mind-bending murals, plate with oriental scene."
data\StarryAI/art\Andy_Warhol_107.png,Andy_Warhol_107.png,,StarryAI,1,Andy_Warhol_107,Andy Warhol,"Andy Warhol, Art, Van house advertisement, unwrinkled poster, pop art, silkscreen, glitter, havencore, album covers, gentle expressions, contest winner, light brown, magenta, exhibition poster, movie theme, three men, woman image, dark orange, pink, black and white, man in tie, dark pink, light orange, creased, crinkled, wrinkled, image of man and four women, pictorial fabrics, yankeecore, humble charm, light magenta, brown."
data\Midjourney/art\Edgar_Degas_458.jpg,Edgar_Degas_458.jpg,,Midjourney,1,Edgar_Degas_458,Edgar Degas,"Edgar Degas, Art, Musical orchestra, two violinists, mysterious chiaroscuro, confessional, attention to detail, conductor and musicians, oil on canvas, Berlin Secession, chiaroscuro portraitures, absinthe culture, grainy, sōsaku hanga, 1860–1969, the piano sonata 1908, detailed crowd scenes, Mexican muralism, multi-panel compositions, close up, masculine, musician in front of a violin and bass."
data\Dreamstudio/art\Sandro_Botticelli_126.jpg,Sandro_Botticelli_126.jpg,,DreamStudio,1,Sandro_Botticelli_126,Sandro Botticelli,"Sandro Botticelli, Art, Madonna and child, exquisite clothing detail, joyful celebration of nature, light red and dark black, delicate gold detailing, distinctive noses, detailed illustrations, lush detailing, Botticelli-esque figures, trompe-l'oeil illusionistic detail, black paintings, pastoral settings, Mary holding child beside an ogivaldo, meticulous details, gold and black, meticulous fantasy, aesthetic movement, romanticized nostalgia, close-up"
data\DALL-E/art\Salvador_Dali_71.jpg,Salvador_Dali_71.jpg,,DALL-E,1,Salvador_Dali_71,Salvador Dali,"Salvador Dali, Art, Collage with red, blue, orange, green rectangles, photocopy, coded patterns, nonobjective gestural marks, gray and bronze, pixelation, illusory tessellations, public interventions, puzzle image, light red and cyan, collage experimentation, silver and orange, pixelated abstraction, grid formations, stenciled iconography, drawing of a man in blue and orange, light red and aquamarine, aerial view, photographs of surfaces, graph paper, trompe-l'œil illusionistic detail, image of a brown cat, woven color planes, gridded abstractions, silkscreen."
data\REAL\art_5400\Raphael_98.jpg,Raphael_98.jpg,Raphael,REAL,0,Raphael_98,nan,"Raphael, Art, Two men in black robes, Renaissance realism, dark green, dark crimson, honest, raw, tondo, captivating gaze, one holding a horn, large-scale portraits, dark brown, black, frequent use of diagonals, working-class empathy, saturated pigments, Pagano and his two friends, dark magenta, light black, self-portraits, political commentary, costumes, object in black and white, academic painting, light crimson, dark black, pleasing sense of harmony"
data\StarryAI/art\Pablo_Picasso_63.png,Pablo_Picasso_63.png,,StarryAI,1,Pablo_Picasso_63,Pablo Picasso,"Pablo Picasso, Art, Pencil drawing, brown, realism, expressionism, curves, tempera, impasto technique, portrait, woman, arm out, light red, dark bronze, white, female, dark beige, ink wash, figurative drawings, traditional oil painting, loose handling, Hellenistic art, dark pink, light bronze, woman with head bowed, oil on canvas, light maroon, precise figure drawing, pen and ink drawings, glazed earthenware, classical proportions, impressionistic brushwork."
data\REAL\art_5400\Pablo_Picasso_226.jpg,Pablo_Picasso_226.jpg,Pablo Picasso,REAL,0,Pablo_Picasso_226,nan,"Pablo Picasso, Art, Full face with glasses, baroque madness, dark gray and light beige, airbrush art, clowncore, charming characters, explosive pigmentation, hyperbolic expression, edgy caricatures, baroque-inspired figurative works, ritualistic masks, grotesque caricatures, optical illusion, bulbous, man in glasses with a hat, distinctive noses, heavy shading, trompe-l'oeil effect."
data\REAL\art_5400\Alfred_Sisley_53.jpg,Alfred_Sisley_53.jpg,Alfred Sisley,REAL,0,Alfred_Sisley_53,nan,"Alfred Sisley, Art, River painting, light purple, green, blunt brushstrokes, light sky-blue, crimson, light violet, silver, relief, California plein air, post-impressionism, trompe-l'œil, calm waters, loose handling of paint, impressionist landscapes"
data\Midjourney/art\Francisco_Goya_91.jpg,Francisco_Goya_91.jpg,,Midjourney,1,Francisco_Goya_91,Francisco Goya,"Francisco Goya, Art, Balcony scene, three figures, biblical drama, trompe-l'œil illusionistic detail, action painting, feminist sensibility, gray and bronze, people standing in water, Baroque drama, dark white, orange, frenzied action painting, feminine sensibility, rushing towards a tower, blink-and-you-miss-it detail, confessional, theatrical gestures, orientalist, group of people on an island, Baroque chiaroscuro drama, light bronze, chaotic academia, gesture painting, extreme angle."
data\DALL-E/art\Paul_Gauguin_253.jpg,Paul_Gauguin_253.jpg,,DALL-E,1,Paul_Gauguin_253,Paul Gauguin,"Paul Gauguin, Art, Landscape, rocks and fields, Pontrequiers, trompe-l'oeil effect, light gray and green, landscape mastery, mural painting, soft-edged, earthworks, field with rocks, high resolution, light blue, muralist, monumental murals, oil paintings, murals and wall drawings, Pont-Aven school, two hills, waterway, 1900, French painting, spiky mounds, fauvism precursor, stone, cottagepunk, groundcore."
data\DALL-E/art\Kazimir_Malevich_118.jpg,Kazimir_Malevich_118.jpg,,DALL-E,1,Kazimir_Malevich_118,Kazimir Malevich,"Kazimir Malevich, Art, Old woman on a stool, biblical motifs, manuscript, tondo, meticulous technique, slumped/draped, woman washes her face at the table, hand-drawn, early medieval art, bibliographic anomalies, nocturne, biblical motifs, naïve drawing, melting pots, miniature illumination, frayed, smooth brushwork, 'dekoration', 1853, expressionist cartoonist, biblical iconography, monochromatic contemplation, silk painting, tondo, meticulous technique, chalk."
data\StarryAI/art\Joan_Miro_10.png,Joan_Miro_10.png,,StarryAI,1,Joan_Miro_10,Joan Miro,"Joan Miro, Art, Old-fashioned watercolor painting, various geometric shapes and objects, dark gray and red, energetic figures, curvilinear, neo-dadaism, large-scale figuration, splattered/dripped; collage with red and purple ink, two blue circles and red dots, light red and dark gray, animated exuberance, black paintings, large-scale figuration; abstract art print, different abstract shapes and colors, light red and dark gray, energetic figures, hellish background; painted plate, distorted figures and forms, light red and dark gray, punctured canvases, postwar abstract, anthropomorphic figures, contained chaos, curvilinear."
data\DALL-E/art\Diego_Velazquez_26.jpg,Diego_Velazquez_26.jpg,,DALL-E,1,Diego_Velazquez_26,Diego Velazquez,"Diego Velazquez, Art, Portrait of a man in black clothing, baroque-inspired details, hard-edged, tondo assassino, captivating portraits, depictions of aristocracy, bold black lines, Italian portraits, dark crimson and light black, symmetrical asymmetry, neo-academism, military and naval scenes, Mexican muralism, painted portrait of male figure, circa 1630, large canvas paintings"
data\DALL-E/art\Henri_Rousseau_46.jpg,Henri_Rousseau_46.jpg,,DALL-E,1,Henri_Rousseau_46,Henri Rousseau,"Henri Rousseau, Art, Pink flamingos, lotus palms, lily, water, utopian landscapes, naturalistic nostalgia, impressive panoramas, Cambodian art, naive realism, palm trees, lake, contemporary Indian art, historical reproductions, Bengal school of art, lithograph, Australian tonalism, lily pond, indian scenes, mughal painting, birds & flowers"
data\REAL\art_5400\Francisco_Goya_152.jpg,Francisco_Goya_152.jpg,Francisco Goya,REAL,0,Francisco_Goya_152,nan,"Francisco Goya, Art, Men in cage, brutalism, arched doorways, Nabis, spiky mounds, upper paleolithic art, oil painting, dungeon, whiplash curves, dark green and light brown, Hispanicore, monolithic structures, violent, tondo, exuberant, indigenous culture, imaginative prison scenes, intense action scenes, Group Zero, devilcore, religious building"
data\REAL\art_5400\Kazimir_Malevich_48.jpg,Kazimir_Malevich_48.jpg,Kazimir Malevich,REAL,0,Kazimir_Malevich_48,nan,"Kazimir Malevich, Art, Bearded person with blue eyes, life-like avian illustrations, symmetrical balance, 1860-1969, art of Burma, avian-themed, suprematism, naturalistic animal paintings, dark white and blue, naive childlike, red shirt, attention to fur and feathers texture, naive realism, 1970-present, gongbi, symmetrical, portrait oil on canvas, giclee on canvas, dark white and sky-blue, made of feathers."
data\REAL\art_5400\Edgar_Degas_400.jpg,Edgar_Degas_400.jpg,Edgar Degas,REAL,0,Edgar_Degas_400,nan,"Edgar Degas, Art, Painting of clouds, brown ground, light azure, Dutch seascapes, cloud under blue sky, dark beige, reduced palette, sparse use of color, realistic usage of light and color, baroque brushwork, light brown and blue, miniature and small-scale paintings, orton effect, chalk, color field, free brushwork, oil painting, light brown and dark azure, 1860-1969, light sky-blue and yellow, subdued pointillism."
data\Dreamstudio/art\Vincent_van_Gogh_287.jpg,Vincent_van_Gogh_287.jpg,,DreamStudio,1,Vincent_van_Gogh_287,Vincent van Gogh,"Vincent van Gogh, Art, Pen and ink drawing, two men, stencil-like imagery, distorted portraits, pictorialism influence, women artists, reflections, Spanish school, etchings, silhouette figures, printmaking mastery, juxtaposed figures, frayed, distinctive line work, double exposure, 1900–1917, expressive mark-making techniques, striking composition, self-portrait, sculpture of two people talking"
data\Dreamstudio/art\Vincent_van_Gogh_434.jpg,Vincent_van_Gogh_434.jpg,,DreamStudio,1,Vincent_van_Gogh_434,Vincent van Gogh,"Vincent van Gogh, Art, Sad old man in chair, light orange and blue hues, disfigured forms, lying on chair with head resting on door, strip painting, Great Depression era, emphasis on facial expressions, burned/charred visuals, sitting in front of fire, light azure and bronze tones, pensive poses, pulled, scraped, scratched textures, standing in chair, trapped emotions depicted, working-class empathy, slumped/draped posture, hard edge painting."
data\Midjourney/art\Edgar_Degas_135.jpg,Edgar_Degas_135.jpg,,Midjourney,1,Edgar_Degas_135,Edgar Degas,"Edgar Degas, Art, Ballerina in blue, light magenta, light gray, pensive stillness, fanciful costume design, shoe paintings, rim light, captivating figures, sitting pose, quiet introspection, loose handling of paint, stylish costume design, violet colors, chiaroscuro sketches, charming figures, letras y figuras, pensive poses, exquisite clothing detail, exaggerated proportions, aquarellist, 1900–1917"
data\REAL\art_5400\Rene_Magritte_81.jpg,Rene_Magritte_81.jpg,Rene Magritte,REAL,0,Rene_Magritte_81,nan,"Rene Magritte, Art, White flowers in a vase, chromatic post-impressionism, symmetrical arrangement, light red and green, transcendent, illusory wallpaper portraits, luminous pointillism, light white and emerald, dimensional multilayering, psychedelic art nouveau, bronze, illusion of three-dimensionality, reduced palette, ottoman art, pointillist optical mixing, lunes de printemps, oil painting, post-impressionist influence, realism with a touch of expressionism, silver."
data\StarryAI/art\Marc_Chagall_188.png,Marc_Chagall_188.png,,StarryAI,1,Marc_Chagall_188,Marc Chagall,"Marc Chagall, Art, Painting of a woman and a bird, red, dark blue, green, large canvas size, 1918-1939 interwar period, characterized animals, vivid expressionism, light violet, post-impressionist coloration, light emerald, navy, The Blue Rider, Germanic art, painting on glass, 1966, light green, dark crimson, women artists, robotic expressionism, woman holding an antique doll, fine art."
data\StarryAI/art\Paul_Gauguin_293.png,Paul_Gauguin_293.png,,StarryAI,1,Paul_Gauguin_293,Paul Gauguin,"Paul Gauguin, Art, Couple sitting in jungle, dark violet and azure, reefwave, light orange and dark cyan, 1860-1969 era, marine scenes, symbolic nabis, high-keyed palette, women under tree, saturated pigment pools, animated exuberance, lively tableaus, men watching from trees, enigmatic tropics, vibrant palette, naturalistic ocean waves, depth-defying murals, people in white dress sitting near a tree, dark green and orange, art of Tonga."
data\REAL\art_5400\Giotto_di_Bondone_61.jpg,Giotto_di_Bondone_61.jpg,Giotto di Bondone,REAL,0,Giotto_di_Bondone_61,nan,"Giotto di Bondone, Art, Religious leaders, monks, Jesus' death, light green, navy, naturalistic poses, foreshortening techniques, captivating, emotional imagery, passage, murals, quietly morbid, beige, colorful, decisive moment, river, stone, light emerald, light orange, exaggerated poses, fresco, poignant, hand-coloring, watercolour, mural-like compositions, dramatic scenes, relief, dignified poses, green, beige."
data\StarryAI/art\Claude_Monet_66.png,Claude_Monet_66.png,,StarryAI,1,Claude_Monet_66,Claude Monet,"Claude Monet, Art, Sailboats, docks, harbor, light violet, dark beige, en plein air, contrast of scale, black paintings, ships docked, port of bourges, heavy use of palette knives, detailed ship sails, vintage imagery, boats in a channel, people walking by, marina, nostalgic post-impressionism."
data\DALL-E/art\Pablo_Picasso_305.jpg,Pablo_Picasso_305.jpg,,DALL-E,1,Pablo_Picasso_305,Pablo Picasso,"Pablo Picasso, Art, Girl with a hat, cartoonish caricatures, women artists, happy expressionism, light yellow and sky-blue, strong facial expression, suburban ennui, dark green and beige, dynamic exaggerated facial expressions, charming illustrations, grotesque caricatures, high resolution, lively animated expressions, light green and dark beige, pictorial"
data\Midjourney/art\Rembrandt_42.jpg,Rembrandt_42.jpg,,Midjourney,1,Rembrandt_42,Rembrandt,"Rembrandt, Art, Peacocks, dead woman, 1733-1848, manticore, dark amber, bronze, painting tools, writing tools, confessional, 20 megapixels, peasants, dead bird, wings, dark green, horror-inspired, light-shadow interplay, characterized animals, rough gesturalism, dark amber, strong chiaroscuro, grimcore, outskirts of a room, dead pigeon, oil painting, dark chiaroscuro lighting, 1000-1400 CE, intricate use of hatching, lively tableaus, haunting figuratism."
data\REAL\art_5400\Amedeo_Modigliani_145.jpg,Amedeo_Modigliani_145.jpg,Amedeo Modigliani,REAL,0,Amedeo_Modigliani_145,nan,"Amedeo Modigliani, Art, Woman with egg on plate, palette knife work, American works on paper 1880–1950, meticulous detail, light brown, dark black, varied texture, folkloric themes, post-impressionist stylings, light red, dark green, oil portraiture, depiction of rural life, shoe paintings, maid on counter, tondo, knitted and crocheted"
data\REAL\art_5400\Rembrandt_181.jpg,Rembrandt_181.jpg,Rembrandt,REAL,0,Rembrandt_181,nan,"Rembrandt, Art, Seated woman, table, dark white, dark black, religious subjects, dotted, solarpunk, vignetting, detailed facial features, woman in black, holding apple, chair, Dutch, Flemish, light brown, common materials, textural richness, drugcore, studio portrait, studyplace, emphasis on facial expression, woman with bowl of apples, strong facial expression, delicate touch, black paintings."
data\StarryAI/art\Salvador_Dali_138.png,Salvador_Dali_138.png,,StarryAI,1,Salvador_Dali_138,Salvador Dali,"Salvador Dali, Art, Red devil on beach, surrealist collages, iconic album covers, renaissance realism, manticore, trompe-l'œil illusionistic detail, 1860-1969, uncanny combinations, book cover, postmodern photomontage, unprimed canvas, massurrealism, skull and crossbones, surrealist-influenced depictions of human figures, golden age illustrations, colorized, trapped emotions depicted, wolf-shaped devil, irreverent collage, illustrated advertisements, dark beige and crimson, fantastical otherworldly visions."
data\Dreamstudio/art\Kazimir_Malevich_95.jpg,Kazimir_Malevich_95.jpg,,DreamStudio,1,Kazimir_Malevich_95,Kazimir Malevich,"Kazimir Malevich, Art, Black square painting, white paper, 1900-1917, scale play, pure color, divisionist, dark white, large canvas sizes, color field painting, melancholic symbolism, white frame, synthetism, minimalist purity, solarization, rug."
data\StarryAI/art\Pablo_Picasso_128.png,Pablo_Picasso_128.png,,StarryAI,1,Pablo_Picasso_128,Pablo Picasso,"Pablo Picasso, Art, Female figure, lying down and sitting with a cup, dark navy, dark gray, beige, appropriation art, asymmetrical balance, cut/ripped details, fine attention to anatomy, lively tableaus, exaggerated features, artistic anarchy, expressionistic anthropology, abstract geometric shapes, large canvas size, princesscore aesthetics."
data\REAL\art_5400\Camille_Pissarro_42.jpg,Camille_Pissarro_42.jpg,Camille Pissarro,REAL,0,Camille_Pissarro_42,nan,"Camille Pissarro, Art, Street scene, Valdemartinné, dark white, brown, light green, indigo, bold palette, 1860–1969, irregular structures, vernacular architecture, dark beige, emerald, grocery art, impressionist, old stone building, people, trompe-l'œil, dark bronze, high resolution, piles/stacks, villagecore"
data\REAL\art_5400\Andy_Warhol_12.jpg,Andy_Warhol_12.jpg,Andy Warhol,REAL,0,Andy_Warhol_12,nan,"Andy Warhol, Art, Dollar signs, blue background, intense color swaths, post-war American art, light maroon, dark cyan, serial art, calculated, 1990 New York City symbols, digital neo-expressionism, rich colors, wall painting, abstract, symbolic-vibrant, money themed, post-internet art, cyan and bronze, letras y figuras, academic painting."
data\StarryAI/art\Joan_Miro_40.png,Joan_Miro_40.png,,StarryAI,1,Joan_Miro_40,Joan Miro,"Joan Miro, Art, Fauvist still lifes, Neo-Fauvism, painting and writing tools, cultural symbols, vignettes of Paris, naive charm, symbolism, kitchen table, vase, luminous sfumato, Norwegian nature, absurd doodle, yellow and bronze, post-World War II art, expressionistic mark-making, abundant symbolism, tondo, neon Art Nouveau, grocery art, light gold and yellow."
data\Dreamstudio/art\Marc_Chagall_15.jpg,Marc_Chagall_15.jpg,,DreamStudio,1,Marc_Chagall_15,Marc Chagall,"Marc Chagall, Art, Black and white Hebrew print, the zoo book, symbolic animal use, uncanny combinations, parodies and pastiches, faux naïf, Israeli poem text in two languages, depiction of animals, political prints, bamileke art, sōsaku hanga, religious book cover, bull and calf, Jewish life scenes, photogram, avian-themed, satirical etchings, expressive gestures, poster, cattle and chick, Jewish culture themes, dark brown and black, humorous depictions, manticore, gestural marks, visual puns"
data\REAL\art_5400\Diego_Rivera_45.jpg,Diego_Rivera_45.jpg,Diego Rivera,REAL,0,Diego_Rivera_45,nan,"Diego Rivera, Art, People carrying crosses, arched doorways, earth tones, transportcore, great depression, hispanicore, supple mass, group of men, burned/charred, dark white and green, primitive sophistication, spectacular backdrops, stone tower, Mexican city, depictions of labor, Mexican muralism, dark white and bronze, humanity's struggle."
data\Dreamstudio/art\Edgar_Degas_12.jpg,Edgar_Degas_12.jpg,,DreamStudio,1,Edgar_Degas_12,Edgar Degas,"Edgar Degas, Art, Horse racers on track, light aquamarine and light amber, soggy, dappled, prairiecore, inclement weather, brushstroke fields, grassy field, digitally enhanced, orange and aquamarine, carnivalesque, working-class empathy, strong facial expressions, detailed crosshatching, impressionist-landscapes, light green and orange, uniformly staged images, distinctive noses, illustration, grainy, gestural markings, storybook illustration, 8k."
data\REAL\art_5400\Rene_Magritte_191.jpg,Rene_Magritte_191.jpg,Rene Magritte,REAL,0,Rene_Magritte_191,nan,"Rene Magritte, Art, Shoe and hair | circa c 190 | mirror | light brown and black | post-internet aesthetics | non-representational | hair in a mirror | surrealist distortions | biedermeier | trompe-l'oeil technique | 1860–1969 | photo-realistic still life | minimalist surrealist | wavy | mirror and a pair of boots | absurdist | classic portraiture | surrealistic grotesque | realistic | shoes, a coat, and a mirror | decadent illustrations | wavy | mirror"
data\StarryAI/art\Joan_Miro_5.png,Joan_Miro_5.png,,StarryAI,1,Joan_Miro_5,Joan Miro,"Joan Miro, Art, Abstract colorful painting, man and cow, cartoonish lithographs, light yellow, dark white, grotesque figures, two animals, dark navy, red, cyan, mid-century illustration, disfigured forms, stylized animal motifs, grotesque caricatures, irregular shapes, dark teal, light beige, 1860-1969, dadaism, oil painting, dark yellow, light magenta, anthropomorphic animals, dark cyan, abstracted grotesqueries."
data\REAL\art_5400\Pierre-Auguste_Renoir_14.jpg,Pierre-Auguste_Renoir_14.jpg,Pierre-Auguste Renoir,REAL,0,Pierre-Auguste_Renoir_14,nan,"Pierre-Auguste Renoir, Art, Green lake, trees nearby, Pre-Raphaelite, Les Automatistes, light bronze, white, figuration libre, yellow, indigo, Nabis, river scene, impressionist, dappled light, trompe-l'œil, figura serpentinata, pastoral, pensive stillness, dye-transfer, high resolution, people sitting by river, fine art, American Barbizon School"
data\DALL-E/art\Andrei_Rublev_7.jpg,Andrei_Rublev_7.jpg,,DALL-E,1,Andrei_Rublev_7,Andrei Rublev,"Andrei Rublev, Art, Inclined book, decorative, personified Roman Orthodox, light violet, light amber, scientific illustrations, sky-blue, bronze, ambitious, atmospheric inkwork, installation-based; Ludgate monasteries, Cnehi book, Jesus, monk, St Michael, monastery, history, bronze, manuscript, eye-catching composition, inlay, hand-coloring, functionality emphasis; first edition, Lord Thogaeus, Byzantine art, mystic mechanisms, 500–1000 CE; 'In the Beginning there was the word of God but one day came and broke it', miniature illumination, foreshortening techniques, naturalistic motifs, symmetrical asymmetry, orange, gold."
data\Midjourney/art\Paul_Klee_182.jpg,Paul_Klee_182.jpg,,Midjourney,1,Paul_Klee_182,Paul Klee,"Paul Klee, Art, Drawing of birds in vase, childlike abstraction, mysterious figures, light amber and blue, etchings, large canvas, cosmic jester, painting of flowers, dreamlike creatures, dark beige and blue, Igbo art, flowers and various objects in a vase, sardonic, satirical etchings, abstraction-création, light red and blue, mystical creatures, undulating lines, anthropomorphic animals, lone vase with birds"
data\StarryAI/art\Francisco_Goya_24.png,Francisco_Goya_24.png,,StarryAI,1,Francisco_Goya_24,Francisco Goya,"Francisco Goya, Art, Painting of group of people with covered heads, trapped emotions depicted, dark white and light navy hues, dusty piles, trompe-l'œil illusionistic detail, painted illustrations from 1900-1917, people on rooftop, baroque chiaroscuro drama, crumpled elements, light amber tones, distinctive noses, light white and dark indigo palette, American romanticism theme, mandolino de gaudioso, mysterious nocturnal scenes, dark white and light orange, blown-off-roof perspective, detailed facial features, baroque brushwork."
data\DALL-E/art\Diego_Velazquez_125.jpg,Diego_Velazquez_125.jpg,,DALL-E,1,Diego_Velazquez_125,Diego Velazquez,"Diego Velazquez, Art, Oil painting, entrance to building, trees, Caravaggesque chiaroscuro, dark silver, white, trompe-l'œil illusionistic detail, dark gold, light beige, fantastical ruins, orderly arrangements, Italian villa, garden, dark white, dark beige, detailed world-building, doorway, impressionist gardens, columns, totems, blink-and-you-miss-it detail, Florentine Renaissance, tonal landscapes"
data\Dreamstudio/art\Vasiliy_Kandinskiy_75.jpg,Vasiliy_Kandinskiy_75.jpg,,DreamStudio,1,Vasiliy_Kandinskiy_75,Vasiliy Kandinskiy,"Vasiliy Kandinskiy, Art, Bird of paradise abstract painting, 1918–1939 interwar period, energetic expressionism, action paintings, light yellow and crimson hues, multi-layered figures, black painting elements, vivid and colorful bird, energetic dynamism, figures in motion, fluid motion and movement, restrained expressionism, dense composition, light yellow and dark red dimensions, energetic strokes, colorful curves and shapes on canvas, Viennese Secession style."
data\DALL-E/art\Giotto_di_Bondone_61.jpg,Giotto_di_Bondone_61.jpg,,DALL-E,1,Giotto_di_Bondone_61,Giotto di Bondone,"Giotto di Bondone, Art, Religious leaders, monks, Jesus' death, light green, navy, naturalistic poses, foreshortening techniques, captivating, emotional imagery, passage, murals, quietly morbid, beige, colorful, decisive moment, river, stone, light emerald, light orange, exaggerated poses, fresco, poignant, hand-coloring, watercolour, mural-like compositions, dramatic scenes, relief, dignified poses, green, beige."
data\DALL-E/art\El_Greco_43.jpg,El_Greco_43.jpg,,DALL-E,1,El_Greco_43,El Greco,"El Greco, Art, St Francis with a fruit, fine attention to anatomy, teethcore, dark green, light amber, medicalcore, chiaroscuro portraitures, emotional gestures, Boston, humor meets heart, swiss realism, brown, ritualistic masks, research as art, realism with a touch of expressionism, man with a crucifix, dark beige, bronze, romanticized figures, dark gold, medical themes, primitive art, romanesque art, figuratively textured, 1000-1400 CE, ritualistic masks"
data\REAL\art_5400\Mikhail_Vrubel_36.jpg,Mikhail_Vrubel_36.jpg,Mikhail Vrubel,REAL,0,Mikhail_Vrubel_36,nan,"Mikhail Vrubel, Art, 1905 portrait, woman, red background, light navy, pink, light violet, brown, close-up, quadratura, lady in neck scarf, dark violet, light red, sovietwave, bloomsbury group, muted color palette, heavy use of palette knives, hard-edge painting, woman holding a rose, light maroon, navy, nostalgic subjects, danube school, western-style portraits, blue bow, oil portraitures, chiaroscuro portraitures, light red, light purple."
data\REAL\art_5400\Frida_Kahlo_11.jpg,Frida_Kahlo_11.jpg,Frida Kahlo,REAL,0,Frida_Kahlo_11,nan,"Frida Kahlo, Art, Surrealist symbolism, woman holding scissors, Persian miniature, medical themes, trompe-l'œil illusionistic detail, drip painting, cut on hand, still lifes, Himalayan art, stains/washes, children's book illustrations, suspended/hanging, white and crimson, deconstructive, realist detail, supple mass, surrealist metamorphosis, medical core, clamp, Mughal art"
data\REAL\art_5400\Paul_Cezanne_27.jpg,Paul_Cezanne_27.jpg,Paul Cezanne,REAL,0,Paul_Cezanne_27,nan,"Paul Cezanne, Art, Bather in the woods, person reproduction, energetic figures, atmospheric clouds, dark blue, light beige, saturated pigment pools, monumental murals, natural phenomena, mythological scenes, dark white, light navy, alchemical symbolism, mysterious figures, cabincore, allegorical, light navy, dark black, depictions of labor, distorted bodies, Barbizon school, dramatic skies, 1860–1969"
data\REAL\art_5400\Edgar_Degas_618.jpg,Edgar_Degas_618.jpg,Edgar Degas,REAL,0,Edgar_Degas_618,nan,"Edgar Degas, Art, Oil painting, people riding horses, grassy field, nature morte, dark navy, light emerald, trompe-l'œil illusionistic detail, aestheticized violence, slumped/draped, horsemen standing, mysterious nocturnal scenes, 1860–1969, mural painting, lush scenery, death of prince albert 1898, brushstroke fields, detailed brushwork, dark indigo, light green, detailed hunting scenes, tapestries, happenings."
data\REAL\art_5400\Pablo_Picasso_84.jpg,Pablo_Picasso_84.jpg,Pablo Picasso,REAL,0,Pablo_Picasso_84,nan,"Pablo Picasso, Art, White square drawing, gravure printing, mono-ha, non-representational art, drawing of a woman holding hand in hat, artists’ books, sculptural and geometric, tondo, tightly composed scenes, delicate etchings, person by person for sale, hard-edged compositions, poetic lines, meticulous lines, 1860–1969, women artists, drawing of a person with cat and dog, portrait, unpolished authenticity."
data\Dreamstudio/art\Sandro_Botticelli_149.jpg,Sandro_Botticelli_149.jpg,,DreamStudio,1,Sandro_Botticelli_149,Sandro Botticelli,"Sandro Botticelli, Art, Madonna and child, surrounded by angels and children, magnified ornamentation, realistic detailing, Botticelli-esque figures, bibliopunk, solarization effect, tondo, high Renaissance style, reimagined religious art, intricate compositions, detailed storytelling, miniature and small-scale paintings, high resolution UHD image."
data\REAL\art_5400\Pierre-Auguste_Renoir_121.jpg,Pierre-Auguste_Renoir_121.jpg,Pierre-Auguste Renoir,REAL,0,Pierre-Auguste_Renoir_121,nan,"Pierre-Auguste Renoir, Art, Painting of a little girl on a table, young girl reading a book, girl looking at a book, young child looking at table, light red, light bronze, dark pink, light orange, light amber, light crimson, light beige, pink, gentle expressions, intense emotional expression, serene faces, child-like innocence, pensive poses, coloristic intensity, harmonious coloration, restrained impressionism, staining, pont-aven school"
data\StarryAI/art\Pierre-Auguste_Renoir_66.png,Pierre-Auguste_Renoir_66.png,,StarryAI,1,Pierre-Auguste_Renoir_66,Pierre-Auguste Renoir,"Pierre-Auguste Renoir, Art, Boy with gun and dog, uniformly staged images, strong facial expression, southern countryside, depictions of labor, full body, on the grass, 1900–1917, realistic portraitures, colorful costumes, sfumato, realist detail, figuration libre, hunter on horseback, rifle, realistic oil portraits, post-impressionist portraits, trompe-l'oeil illusionistic detail, realistic trompe-l'oeil, 1887, the blue rider."
data\REAL\art_5400\Francisco_Goya_54.jpg,Francisco_Goya_54.jpg,Francisco Goya,REAL,0,Francisco_Goya_54,nan,"Francisco Goya, Art, Four men playing with a hammer, strong contrast, chiaroscuro, brutal action, close-up intensity, dark white and light bronze, lively tableaus, mingei, three men holding two axes, heavy use of palette knives, dark white and dark green, jump cuts, realist detail, Spanish enlightenment, dusty piles, small painting of three men preparing at a fire, dark gray and light bronze, whiplash curves, transavanguardia, paintings of indulgences, dark white and bronze, restrained expressionism, tondo."
data\REAL\art_5400\Giotto_di_Bondone_91.jpg,Giotto_di_Bondone_91.jpg,Giotto di Bondone,REAL,0,Giotto_di_Bondone_91,nan,"Giotto di Bondone, Art, Man delivering gift, light indigo, light green, confessional, hurufiyya, light gold, light crimson, scientific approach, red and white painting, emerald, aquamarine, greeting people, light emerald, light blue, miniature dioramas, pointillist optical illusions, intuitive gestures, Byzantine art, emphasis on the process, Altar of Saint Julian, light indigo, light gold, pseudo-historical fiction, narrative sequences, 1000-1400 CE, light crimson, aquamarine, lively storytelling, meticulous detail"
data\DALL-E/art\Marc_Chagall_188.jpg,Marc_Chagall_188.jpg,,DALL-E,1,Marc_Chagall_188,Marc Chagall,"Marc Chagall, Art, Painting of a woman and a bird, red, dark blue, green, large canvas size, 1918-1939 interwar period, characterized animals, vivid expressionism, light violet, post-impressionist coloration, light emerald, navy, The Blue Rider, Germanic art, painting on glass, 1966, light green, dark crimson, women artists, robotic expressionism, woman holding an antique doll, fine art."
data\StarryAI/art\Pierre-Auguste_Renoir_275.png,Pierre-Auguste_Renoir_275.png,,StarryAI,1,Pierre-Auguste_Renoir_275,Pierre-Auguste Renoir,"Pierre-Auguste Renoir, Art, In the Park theme, French oil painting, feminist art, contemporary feminist, abstracted bodies, luxurious wall hangings, mythological imagery, ultrafine detail, sublime wilderness, Vienna Secession, pair of women sitting on outdoor blanket, Impressionist coloration, lively nature scenes, 1918-1939 interwar period, oil portraitures, two girls on a background, naturalistic colors, high resolution, exacting precision, women laying on grass near a tree, Impressionist colorism, curves, Les Nabis, large-scale figuration, saturated pigments, Trompe-l'œil illusionistic detail, naturalistic poses."
data\REAL\art_5400\Marc_Chagall_35.jpg,Marc_Chagall_35.jpg,Marc Chagall,REAL,0,Marc_Chagall_35,nan,"Marc Chagall, Art, Drawing, man in suit, cat, playful figures, exuberant, loose gestures, photocopy, black and white, chaotic, lively brushwork, anthropomorphic animals, caricature-like figures, joyful whimsicality, woman in hat, ball gown, expressive cartooning, mischievous feline motif, disfigured forms, contained chaos, lively tableaus, grainy noir, life narration, satirical expressionism, post-war expressionism, socialist realism, stencils, 1860–1969, zany humor"
data\REAL\art_5400\Henri_Rousseau_49.jpg,Henri_Rousseau_49.jpg,Henri Rousseau,REAL,0,Henri_Rousseau_49,nan,"Henri Rousseau, Art, Painting of person, church, trees, houses in a field, Biedermeier, Primitivist, American prints 1880-1950, panoramic scale, dark gray, light amber, applecore, manapunk, large canvas format, haunting landscapes, detailed, autumn park, oil on canvas, 1920's, naive art, historical reproductions, Cluj school, impressive skies, cottagepunk, villagers, dappled brushwork, landscape"
data\REAL\art_5400\Peter_Paul_Rubens_99.jpg,Peter_Paul_Rubens_99.jpg,Peter Paul Rubens,REAL,0,Peter_Paul_Rubens_99,nan,"Peter Paul Rubens, Art, Woman with child, marble texture, dark amber, gray, light amber, indigo, dark white, pink, childlike innocence, exaggerated nobility, fashionable opulence, spectacular backdrops, arabesque/scroll, painting techniques like dansaekhwa, brushstrokes, Whistlerian style, depictions of aristocracy, high resolution, at a table, holding a baby, sitting position, weathercore influence."
data\Midjourney/art\Paul_Gauguin_150.jpg,Paul_Gauguin_150.jpg,,Midjourney,1,Paul_Gauguin_150,Paul Gauguin,"Paul Gauguin, Art, Village scene, art of Tonga, 1900-1917, woman in village, lively group compositions, man of the woods, Kanō school, spatial play, colorful storytelling, detailed crowd scenes, pastoral settings, Barbizon school, people in the bushes, villagecore, cyan and crimson, Thai art, Schizocore, Mote Kei, Khmer Art, 1892-1893."
data\REAL\art_5400\El_Greco_70.jpg,El_Greco_70.jpg,El Greco,REAL,0,El_Greco_70,nan,"El Greco, Art, Rosca and St Paul, red and orange, realism with a touch of expressionism, dignified poses, dynamic color contrasts, dark yellow and gray, Jewish culture themes, Charles I and John the Baptists, dramatic, somber religious works, saturated pigments, dappled, dramatic diagonals, two people sitting in front of an open book, yellow and red, tenebrism mastery, Rome and Saint Basil, orange and bronze, quiet contemplation."
data\REAL\art_5400\Henri_Matisse_119.jpg,Henri_Matisse_119.jpg,Henri Matisse,REAL,0,Henri_Matisse_119,nan,"Henri Matisse, Art, Two women, two men, vase, blue, fauvism inspiration, acrobatic self-portraits, 1900–1917, picassoesque, feminine sensibilities, floral still lifes, dancers, naturalistic, lively tableaus, studio light, woman and man standing together, vibrant stage backdrops, figure at Rome 1920, fluorescent colors, indigo, figures in motion, satirical expressionism"
data\REAL\art_5400\Rene_Magritte_126.jpg,Rene_Magritte_126.jpg,Rene Magritte,REAL,0,Rene_Magritte_126,nan,"Rene Magritte, Art, Oil painting, table set before an open door, organic stone carvings, dark gray, black, dark brown, photorealistic fantasies, subdued pointillism, Dogon art, detailed drapery, metaphysical realism, orientalism, photorealistic detail, pointillist optical illusions, 1989, primitive forms, cabincore, table with bottle and wine, unsettling emptiness."
data\DALL-E/art\Marc_Chagall_68.jpg,Marc_Chagall_68.jpg,,DALL-E,1,Marc_Chagall_68,Marc Chagall,"Marc Chagall, Art, Black and white drawing, characters running, naive expressionism, American prints 1880–1950, confetti-like dots, satirical caricatures, Sovietwave, meticulous detail, many people dancing, subdued pointillism, negative image, trompe-l'œil illusionistic detail, participatory art, people dancing in a circle, pointillist dots and dashes, an art book, crowd of characters in different styles, comical choreography, black and white etchings"
data\DALL-E/art\Edgar_Degas_492.jpg,Edgar_Degas_492.jpg,,DALL-E,1,Edgar_Degas_492,Edgar Degas,"Edgar Degas, Art, Three-headed people painting, 1860-1969, trompe-l'œil illusionistic detail, heavy palette knives use, socialist realism, race commentary, solarization, self-portrait, impressionist colorism, close-up intensity, multi-layered figures, non-representational art, man holding head of another man, color-field painting, expressive faces, Hudson River school style, Black paintings, isolated figures."
data\REAL\art_5400\Raphael_41.jpg,Raphael_41.jpg,Raphael,REAL,0,Raphael_41,nan,"Raphael, Art, Madonna with children, light crimson and dark black, Mediterranean landscapes, distinctive noses, contrasting balance, tondo, meticulous fantasy, cinquecento, depictions of animals, reflections and mirroring, traditional landscapes, figura serpentinata, museum gallery dioramas, landscape-focused, rounded, dansaekhwa, accurate ornithological paintings, high Renaissance, 500-1000 CE, child-like innocence"
data\StarryAI/art\Francisco_Goya_286.png,Francisco_Goya_286.png,,StarryAI,1,Francisco_Goya_286,Francisco Goya,"Francisco Goya, Art, Painting of woman with hand on head, woman reaching for hands, two women hugging, patience of a saint theme, 1918-1939 interwar period and 1900-1917 period, detailed atmospheric portraits, dramatic somber religious works, atmospheric color washes, expressive faces, classical proportions, romanesque art, fresco painting, low-angle, god rays, deconstructive, translucent immersion, close-up intensity, light red and dark amber colors."
data\REAL\art_5400\Paul_Gauguin_111.jpg,Paul_Gauguin_111.jpg,Paul Gauguin,REAL,0,Paul_Gauguin_111,nan,"Paul Gauguin, Art, Ice hockey painting, wooded area, dark black and aquamarine, saturated pigment pools, vignettes of Paris, people playing in a forest, dark bronze and light aquamarine, nostalgic post-impressionism, poolcore, sgraffito, ice skating on the lake, 1900-1917, naturalistic expressionism, earthworks, Pont-Aven school, dark green, pond play, red boat background, light bronze and cyan, Paris school, chiaroscuro woodcuts, chalk, 1860-1969."
data\Midjourney/art\Edgar_Degas_633.jpg,Edgar_Degas_633.jpg,,Midjourney,1,Edgar_Degas_633,Edgar Degas,"Edgar Degas, Art, Girl dangling from trapeze, architectural details, theatre academia, light yellow, light orange, Venetian school, cinestill 50d, emphasis on detail, 1900–1917, figure middle of rope hanging below ceiling, ballet academia, post-impressionist coloration, depictions of theater, detailed painting, spectacular backdrops, elaborate detail, man doing tricks on rope, illusionistic ceiling frescoes, realist detail, woman hanging by rope, illusionary architectural elements, performance"
data\DALL-E/art\Andy_Warhol_21.jpg,Andy_Warhol_21.jpg,,DALL-E,1,Andy_Warhol_21,Andy Warhol,"Andy Warhol, Art, White flowers, green weeds, pop art silkscreening, light white, azure, art of Congo, luminous reflections, outdoor art, mysterious jungle, reversal, flower, 1988, ektachrome, impressionist gardens, stencil art, two white flowers, dark blue edges, kodak aerochrome, dye-transfer, light cyan, black, punctured canvases, wimmelbilder."
data\REAL\art_5400\Pablo_Picasso_297.jpg,Pablo_Picasso_297.jpg,Pablo Picasso,REAL,0,Pablo_Picasso_297,nan,"Pablo Picasso, Art, Inked drawing, woman walking in rain, grotesque figures, couple with children and dogs, girl in a dress, black and white, mythological scenes, men in mythological narratives, distorted figuration, tapestry-like, projection, figuration libre, heavy chiaroscuro, theatrical gestures, eroded interiors, dramatic shading, hand-drawn"
data\REAL\art_5400\Paul_Cezanne_39.jpg,Paul_Cezanne_39.jpg,Paul Cezanne,REAL,0,Paul_Cezanne_39,nan,"Paul Cezanne, Art, Oil painting, hill and houses, dark white, dark red, dark beige, dark green, light beige, high-contrast chiaroscuro, inclement weather depiction, fauvism influence, high-contrast shading, fauvist landscapes, French countryside, Slovenian paintings, snow scenes, high-contrast realism"
data\REAL\art_5400\Sandro_Botticelli_107.jpg,Sandro_Botticelli_107.jpg,Sandro Botticelli,REAL,0,Sandro_Botticelli_107,nan,"Sandro Botticelli, Art, Saint Jesus, crown of thorns, symmetrical figures, dignified poses, strong facial expression, arms crossed, fantastic grotesque, working-class empathy, hands tied in pain, hair down, symmetrical asymmetry, realist detail, crowns of animals, enigmatic portraits, captivating gaze, Botticelli-esque figures, grandiose portraits, 1000–1400 CE"
data\StarryAI/art\Andrei_Rublev_64.png,Andrei_Rublev_64.png,,StarryAI,1,Andrei_Rublev_64,Andrei Rublev,"Andrei Rublev, Art, Old painting, Saint Stefan, black and azure, light yellow, dark red, deconstructed tailoring, golden age aesthetics, princesscore, avocadopunk, Russian icon, man, light gold, monumental ensembles, queencore, brunaille underpainting, detail-oriented, medieval icon, incarnated figure, ascended into heaven, exquisite clothing detail, ultrafine detail, dark cyan, angel holding book, light azure, commission."
data\REAL\art_5400\Paul_Gauguin_293.jpg,Paul_Gauguin_293.jpg,Paul Gauguin,REAL,0,Paul_Gauguin_293,nan,"Paul Gauguin, Art, Couple sitting in jungle, dark violet and azure, reefwave, light orange and dark cyan, 1860-1969 era, marine scenes, symbolic nabis, high-keyed palette, women under tree, saturated pigment pools, animated exuberance, lively tableaus, men watching from trees, enigmatic tropics, vibrant palette, naturalistic ocean waves, depth-defying murals, people in white dress sitting near a tree, dark green and orange, art of Tonga."
data\StarryAI/art\Sandro_Botticelli_138.png,Sandro_Botticelli_138.png,,StarryAI,1,Sandro_Botticelli_138,Sandro Botticelli,"Sandro Botticelli, Art, Saint in green robes, holding flag, naturalistic style, black and white mastery, fresco painting, working-class empathy, pastoral landscape, black painting, forced perspective drawing, lord carrying cross, blown-off-roof perspective, spiritual landscape, trompe-l'oeil illusionistic detail, altarpiece, depiction of saint standing in field, green academia, Mexican muralism, fluid gestures, man flying in sky, patience of a saint, sharp attention to detail, dignified poses, layered gestures, meticulous detail."
data\REAL\art_5400\Rembrandt_115.jpg,Rembrandt_115.jpg,Rembrandt,REAL,0,Rembrandt_115,nan,"Rembrandt, Art, Angel in flight, luminous shadowing, romantic depictions of historical events, iconographic symbolism, hovering above dark room, luminous palette, biblical motifs, hellish background, watching over someone, Rembrandtesque."
data\REAL\art_5400\Edgar_Degas_580.jpg,Edgar_Degas_580.jpg,Edgar Degas,REAL,0,Edgar_Degas_580,nan,"Edgar Degas, Art, Painting of a woman in blue skirt, light violet and red tones, orientalist influences, pictorialist style, reduced palette, 1900-1917, portraitures; Woman in blue, managing her hair, light violet and light indigo, tonalist orientalist imagery, feminine body; Female figure holding hair and a hat, light violet and dark azure, tonalist style, full body,1860-1969, reduced palette, chiaroscuro portraitures; Young woman painting, lithograph, purple and azure, exquisite clothing detail, shaped canvas, indigo and beige."
data\REAL\art_5400\Camille_Pissarro_17.jpg,Camille_Pissarro_17.jpg,Camille Pissarro,REAL,0,Camille_Pissarro_17,nan,"Camille Pissarro, Art, Painting of man walking in green wooded area, rural life depictions, path in the woods, light gray and green, pointillist landscapes, high resolution, charming, idyllic rural scenes, arched doorways, road with bushes and trees, cabincore, figuration libre, strong diagonals"
data\REAL\art_5400\Caravaggio_25.jpg,Caravaggio_25.jpg,Caravaggio,REAL,0,Caravaggio_25,nan,"Caravaggio, Art, Medusa head, action painting, exaggerated expressions, woman's head, caravaggism, gothcore, terracotta medallions, post-internet art, oil on canvas, whimsical gag-humour, necropunk, dynamic facial expressions, tondo, tempera, weirdcore, magnified ornamentation, surprisingly absurd, figura serpentinata"
data\DALL-E/art\Leonardo_da_Vinci_107.jpg,Leonardo_da_Vinci_107.jpg,,DALL-E,1,Leonardo_da_Vinci_107,Leonardo da Vinci,"Leonardo da Vinci, Art, Four studies, 1588, distinctive noses, character caricatures, Byzantine-inspired, dark white and bronze, Arbeitsrat für Kunst, detailed crowd scenes, rusticcore; sketches of men with varied faces, rustic Renaissance realism, large canvas, 500-1000 CE, Arte Povera, Holotone printing, art academia; pencil drawings of old men, Baroque-esque ornateness, detailed pen strokes, vignetting, distinct facial features; sketch of different drawings of old woman and man, Early Renaissance."
data\REAL\art_5400\Henri_Matisse_78.jpg,Henri_Matisse_78.jpg,Henri Matisse,REAL,0,Henri_Matisse_78,nan,"Henri Matisse, Art, Window and door painting, boats, flowers, potted plants, sky, bold coloration, strip painting, happy expressionism, light magenta, light green, light pink, fauvist figuratism, captivating harbor views, fauvism, tapestries, luxurious wall hangings, maritime scenes, 1860-1969, 1900-1917, 1918-1939 (interwar), French, majestic ports."
data\REAL\art_5400\Frida_Kahlo_54.jpg,Frida_Kahlo_54.jpg,Frida Kahlo,REAL,0,Frida_Kahlo_54,nan,"Frida Kahlo, Art, Woman carrying flower and note, realist detail, folk art, trompe-l'œil illusionistic detail, faith-inspired art, folkloric realism, San Francisco Renaissance, Moche art, melding Mexican and American cultures, Swiss realism, text-based art, light brown and yellow, letras y figuras, floral still-lifes, intertextual artworks, medieval art."
data\REAL\art_5400\Andy_Warhol_165.jpg,Andy_Warhol_165.jpg,Andy Warhol,REAL,0,Andy_Warhol_165,nan,"Andy Warhol, Art, Album cover, hand fist, light yellow and purple, expressive gestures, black and cyan, bold gestures, etchings, ultrafine detail, gesture painting, violet and green, linocut prints, loose gestures, light yellow and black, black vinyl, American works on paper, gestural strokes, yellow and white, human connections."
data\Dreamstudio/art\Pierre-Auguste_Renoir_330.jpg,Pierre-Auguste_Renoir_330.jpg,,DreamStudio,1,Pierre-Auguste_Renoir_330,Pierre-Auguste Renoir,"Pierre-Auguste Renoir, Art, Young boy's head, impressionist coloration, light silver, light indigo, 1860-1969, picassoesque, modern impressionism, boy in blue shirt, tempera, asymmetry, portrait of a child in blue shirt, luminous brushstrokes, harmonizing colors, light red, indigo, coloristic intensity, black and white mastery, distinctive noses, colorful brushwork."
data\REAL\art_5400\Alfred_Sisley_127.jpg,Alfred_Sisley_127.jpg,Alfred Sisley,REAL,0,Alfred_Sisley_127,nan,"Alfred Sisley, Art, Countryside road, impressionist-landscapes, rural landscapes, road outside a village, late impressionism, light gray, green, trompe-l'oeil, light pink, light black, candid, natural scenery, path next to fields, light gray, light pink, light green, loose figuration, suburban ennui, street with houses in background, pastoral landscape, die brücke, lightbox."
data\Midjourney/art\Titian_13.jpg,Titian_13.jpg,,Midjourney,1,Titian_13,Titian,"Titian, Art, Old oil painting; Madonna holding child; pink, indigo; painterly brushwork; dark yellow, dark white; dappled brushwork; research as art; referential painting; Baroque brushwork; dark pink, gray; spot metering; dappled; light yellow, indigo; texture-rich; woman with child; grainy; soft shading; wrapped; saturated; Madonna with two children; high-contrast shading; melancholic atmosphere; delicate touch; dark yellow, light magenta."
data\REAL\art_5400\Titian_68.jpg,Titian_68.jpg,Titian,REAL,0,Titian_68,nan,"Titian, Art, Man with white beard, holding a book, chiaroscuro portraits, religious subjects, portrait of pope, dark white and dark red, bold contrast, textural play, naturalistic figures, depictions of aristocracy, historical significance, elaborate detail, dignified poses, oil painting, noble subjects,  dadaist, contrast, 500–1000 CE, detailed brushwork, mottled."
data\Midjourney/art\Alfred_Sisley_34.jpg,Alfred_Sisley_34.jpg,,Midjourney,1,Alfred_Sisley_34,Alfred Sisley,"Alfred Sisley, Art, Mill at Montrouge, Violet and Silver, 1860-1969, Staining, Manapunk, Pont-Aven School, L'arbre Grist Mill, Waterman's Shop, Late 19th Century, Pinturicchio, Arbeitsrat für Kunst, UHD Image, Ink-Washed, Boats, Bridge on River, Trompe-l'œil, Vernacular Architecture, Chrome-Plated, Mottled, Happenings, Interlocking Structures, 32k UHD, Trees along River, Soggy"
data\StarryAI/art\Edgar_Degas_395.png,Edgar_Degas_395.png,,StarryAI,1,Edgar_Degas_395,Edgar Degas,"Edgar Degas, Art, Painting of a woman in a colorful dress, pastel-colored scenes, light red, light emerald, dark azure, yellow, theatrical, chalk, nouveau réalisme, light azure, orange, turquoise, light yellow, red, fanciful costume design, chalk art, emotional gestures, woman standing in dress, strong facial expression, dance, aquamarine, woman wearing red dress."
data\Dreamstudio/art\Vincent_van_Gogh_77.jpg,Vincent_van_Gogh_77.jpg,,DreamStudio,1,Vincent_van_Gogh_77,Vincent van Gogh,"Vincent van Gogh, Art, Stacked hay in a field, European symbolism, vivid color schemes, frequent use of yellow, meticulously detailed, deconstructive, yankeecore, tondo, irregular structures, saturated colors, light orange and yellow, vanitas paintings, arbeitsrat für kunst, HD, iconic works of art history, light beige and yellow, tangled nests, vignettes of Paris, creative commons attribution, oil painting featuring two haystacks, grandiose color schemes, 1000–1400 CE, vibrant murals, sopheap pich."
data\REAL\art_5400\Vincent_van_Gogh_342.jpg,Vincent_van_Gogh_342.jpg,Vincent van Gogh,REAL,0,Vincent_van_Gogh_342,nan,"Vincent van Gogh, Art, Boat in water, portrait, light gray, pink, vibrant murals, landscape inspirations, painting of boats on river, light pink, emerald, light indigo, yellow, pointillist technique, small brush marks, reflections, colorized, boat sitting on water by island, dark pink, light indigo, vignettes of Paris, light yellow, green, oil painting on canvas, old boat parked in water, light pink, beige, sgraffito."
data\REAL\art_5400\Albrecht_Durer_161.jpg,Albrecht_Durer_161.jpg,Albrecht Durer,REAL,0,Albrecht_Durer_161,nan,Albrecht_Durer_161
data\DALL-E/art\Edgar_Degas_51.jpg,Edgar_Degas_51.jpg,,DALL-E,1,Edgar_Degas_51,Edgar Degas,"Edgar Degas, Art, 1921, laying on the ground, light beige and gray, yellow and pink, woman lying, figuratively textured, light pink and yellow, vignettes of Paris, textural realism, colorful figures, gray and beige, hair on yellow background, feminine body, light bronze and pink, woman laying on the floor, impressionist coloration, light orange and light beige, trompe-l'œil illusionistic detail, crosshatched shading, museum gallery dioramas, exaggerated poses, light magenta and yellow."
data\REAL\art_5400\Edgar_Degas_225.jpg,Edgar_Degas_225.jpg,Edgar Degas,REAL,0,Edgar_Degas_225,nan,"Edgar Degas, Art, Dancers in blue tutu, old master drawings and prints, light magenta and dark green, decorative relief, charming sketches, trompe-l'œil illusionistic detail, hand-coloring, three dancers in blue blues dancing near a tree, high detail, chiaroscuro sketches, ballet dancers in blue tutus, light emerald and pink, detailed etchings, museum gallery dioramas, loose handling of paint, four girls in blue tutus, pictorialism, ballet academia, detailed crosshatching, monumental murals"
data\REAL\art_5400\Diego_Rivera_63.jpg,Diego_Rivera_63.jpg,Diego Rivera,REAL,0,Diego_Rivera_63,nan,"Diego Rivera, Art, Ancient painting, man surrounded by animals, mystical person, Afro-Colombian themes, futurist dynamic movement, mosaic-like pointillism, exaggerated anatomy, light red, light indigo, Mexican muralism, mural, person with woman, traditional arts of Africa, Oceania, Americas, light crimson, bronze, balance, harmony, humanity's struggle, man and woman praying for peace, Aztec art, human anatomy, multilayered, trompe-l'œil illusionistic detail, historical imagery, person mural, man and woman in bed, fantastical otherworldly visions, contrapposto emphasis, commentary on race."
data\Dreamstudio/art\Rene_Magritte_160.jpg,Rene_Magritte_160.jpg,,DreamStudio,1,Rene_Magritte_160,Rene Magritte,"Rene Magritte, Art, Dark-haired man smoking pipe, lit candle, optical illusion, exaggerated caricature, portrait with mustache, surrealism, chiaroscuro lighting, humorous animal scenes, airbrushing, trompe-l'oeil, figura serpentinata, snake motif, surrealistic cartoons, realistic light depiction, teethcore, Enlightenment era, satirical caricature, large nose, man's glasses, tobacco pipe, flickering light, grotesque satire, somber mood."
data\REAL\art_5400\Gustav_Klimt_113.jpg,Gustav_Klimt_113.jpg,Gustav Klimt,REAL,0,Gustav_Klimt_113,nan,"Gustav Klimt, Art, House with lake in front, light yellow and light emerald, neoclassical symmetry, romanticized views, grandiose color schemes, enigmatic automatism, tranquil gardenscapes, Post-World War I European classicism, Arbeitsrat für Kunst, hall of mirrors, colorful gardens, Viennese Secession, gray and gold, trees in background, German Romanticism, sparkling water reflections, rich tapestries of color, figura serpentinata, wimmelbilder, calm waters, rose garden, reflex reflections, elaborate facades, large scale murals, large-scale canvases."
data\REAL\art_5400\Albrecht_Durer_179.jpg,Albrecht_Durer_179.jpg,Albrecht Durer,REAL,0,Albrecht_Durer_179,nan,Albrecht_Durer_179
data\StarryAI/art\Marc_Chagall_48.png,Marc_Chagall_48.png,,StarryAI,1,Marc_Chagall_48,Marc Chagall,"Marc Chagall, Art, Black and white drawing, elaborate table with plates and cups, detailed etchings, aerial view, grocery art, picassoesque, art of the upper paleolithic, dinner table, 1957 person, melting pots, juxtaposition of objects, lithograph, trompe-l'œil illusionistic detail, table setting, extravagant table settings, 1860–1969 printmaking mastery, dinner cat with dishes, experimental printmaking, monochromatic abstractions, lively tavern scenes, spontaneous marks, photorealistic detail."
data\Dreamstudio/art\Michelangelo_8.jpg,Michelangelo_8.jpg,,DreamStudio,1,Michelangelo_8,Michelangelo,"Michelangelo, Art, 16th century, large canvas sizes, wimmelbilder, aerial view, academicism, multi-layered, ceiling painting, timeless mythology, homosexual themes, pastoral nostalgia, multiple points of view, mural painting, illusionistic ceiling frescoes, several people, pastoral settings, multilayered, birth of the saints, High Renaissance, frontal perspective, arte povera, staining, satirical commentary"
data\StarryAI/art\Leonardo_da_Vinci_89.png,Leonardo_da_Vinci_89.png,,StarryAI,1,Leonardo_da_Vinci_89,Leonardo da Vinci,"Leonardo da Vinci, Art, Drawing of lily flowers, botanic studies, delicate gold detailing, Barroco, plein-air, naturecore, woodcut, light orange, brown, amber, beige, bronze, rustic renaissance realism, miniature illumination, organic design, delicate pencil sketches, 1000-1400 CE, terracotta, detailed carvings, deliberate brushwork, sensitive brush strokes, two leaves."
data\Midjourney/art\Edgar_Degas_92.jpg,Edgar_Degas_92.jpg,,Midjourney,1,Edgar_Degas_92,Edgar Degas,"Edgar Degas, Art, Degas Dancing at Salon de Couture, Light violet and green, lively group compositions, dark cyan and yellow, Dazecore, Princesscore, colorful figures, Ballet dancers,  candid Portinari, bright color palette, Vignettes of Paris, haunting Figuratism, grainy, meticulous detail, post-impressionist coloration, museum gallery dioramas, dark yellow and light crimson, Paris school"
data\REAL\art_5400\Paul_Gauguin_65.jpg,Paul_Gauguin_65.jpg,Paul Gauguin,REAL,0,Paul_Gauguin_65,nan,"Paul Gauguin, Art, snowy road, pont-aven school, light orange, cyan, bronze, silver, depictions of labor, modernist paintings, haunting figuratism, soggy, vernacular architecture, flat figuration, street scene, post-impressionism influence, trompe-l'œil, fauvist figuratism, frequent use of diagonals, rusticcore"
data\REAL\art_5400\Jan_van_Eyck_27.jpg,Jan_van_Eyck_27.jpg,Jan van Eyck,REAL,0,Jan_van_Eyck_27,nan,"Jan van Eyck, Art, Wedding of angels, Pont-Aven school, feminine subjects, light navy and green, ultrafine detail, illusionistic images, naturecore, monumental ensembles, Chapel of the Rosette, 1430, light emerald and indigo, joyful whimsicality, elaborate costumes, women in dresses near a tree, medieval inspiration, repetitive religious symbolism, trompe-l'œil illusionistic detail, light navy and emerald, angels of the church, troubadour style, 1000-1400 CE, Renaissance perspective, green and blue."
data\Dreamstudio/art\Raphael_52.jpg,Raphael_52.jpg,,DreamStudio,1,Raphael_52,Raphael,"Raphael, Art, Death of Jesus surrounded by people in park, dark amber and amber hues, childhood arcadias, appropriation art, alla prima technique, golden age aesthetics, realist detail, dye-transfer, saturated pigment pools, alchemical symbolism, light brown and dark black shades, naturalistic figures, haunting figuratives, oil painting, child-like innocence, Italian landscapes, trompe-l'œil illusionistic detail, dark yellow and light black tones, full body, pastoral settings, playful morbidity, 17th century vibe, distorted bodies."
data\REAL\art_5400\Rene_Magritte_45.jpg,Rene_Magritte_45.jpg,Rene Magritte,REAL,0,Rene_Magritte_45,nan,"Rene Magritte, Art, Pipe image, le n'est pas un pipe, black and beige, illustrative realism, pigeoncore, ad posters, luminous quality, inlay, captivating, elegant realism, kimoicore, rasquache, playful symbolism, dark brown and dark beige, high quality, massurrealism, flamboyant, christcore, Nouveau Réalisme, cigarette pipe on the wall, airbrush art, language-based, curvilinear, glossy finish, representational."
data\Midjourney/art\Pieter_Bruegel_101.jpg,Pieter_Bruegel_101.jpg,,Midjourney,1,Pieter_Bruegel_101,Pieter Bruegel,"Pieter Bruegel, Art, 16th century painting, costumes, people playing games, villagecore, explosive pigmentation, sense of movement, contest winner, pictorial harmony, whirring contrivances, folkloric, outdoor scenes, raw and confrontational, oil painting, polo, grimcore, animated exuberance, goblin academia, street scene, low resolution, countryside, grotesque playfulness, dutch golden age, aestheticized violence, full of movement, gamercore, medievalist."
data\REAL\art_5400\Pierre-Auguste_Renoir_134.jpg,Pierre-Auguste_Renoir_134.jpg,Pierre-Auguste Renoir,REAL,0,Pierre-Auguste_Renoir_134,nan,"Pierre-Auguste Renoir, Art, River and trees, light bronze and emerald, late Impressionism, blurred imagery, vignettes of Paris, light gray and indigo, oshare kei, figuration libre, light green and dark gray, play of light, sparse, colorful brushwork, green grassy landscape, light bronze and gray, exuberant, sfumato, summertime, light bronze and green, mist, 1860–1969."
data\Dreamstudio/art\Edgar_Degas_223.jpg,Edgar_Degas_223.jpg,,DreamStudio,1,Edgar_Degas_223,Edgar Degas,"Edgar Degas, Art, Dancing girls, green room, emotional, dramatic, grainy texture, light gray, light crimson, deteriorated, graceful poses, dignified poses, ballet class, emotional distortion, saturated palette, white, fragmented figures, haunting figuratism, absurd, sleepycore, princesscore, magenta, frayed, emotionally charged, expressionist intensity."
data\REAL\art_5400\Vincent_van_Gogh_272.jpg,Vincent_van_Gogh_272.jpg,Vincent van Gogh,REAL,0,Vincent_van_Gogh_272,nan,"Vincent van Gogh, Art, Self-portrait, man wearing blue hat, light brown jacket, azure, light brown, light blue, pink, meticulous, iconic works of art history, folk/naïve, post-impressionist coloration, disfigured forms, colorful moebius, spot metering, 1860-1969 period"
data\Dreamstudio/art\Frida_Kahlo_63.jpg,Frida_Kahlo_63.jpg,,DreamStudio,1,Frida_Kahlo_63,Frida Kahlo,"Frida Kahlo, Art, Monkey, leaves, twisted branches, mysterious jungle, trompe-l'œil illusionistic detail, stained glass effect, moche art, children's book illustrations, vine, surrealistic detail, pencil, tangled nests, high-contrast realism, storybook illustration, yellow and bronze, arboreal forest, detailed wildlife, dark bronze."
data\Dreamstudio/art\Rene_Magritte_100.jpg,Rene_Magritte_100.jpg,,DreamStudio,1,Rene_Magritte_100,Rene Magritte,"Rene Magritte, Art, Two men standing in clouds, painting above them, orderly symmetry, minimalist figures, sky-blue and black, classicist approach, suspended/hanging, distinctive noses, silence, flying, iconic, nostalgic subjects, riding in sky, symbolist figures, symbolist paintings, mind-bending illusions, flat figures."
data\DALL-E/art\Henri_Matisse_40.jpg,Henri_Matisse_40.jpg,,DALL-E,1,Henri_Matisse_40,Henri Matisse,"Henri Matisse, Art, Interwar period, 1918–1939, botanical abundance, nature-inspired compositions, expressive color contrasts, tropical symbolism, dark emerald and light beige, dark green and pink, light pink and dark green, American works on paper 1880–1950, hardedge abstraction, fauvist animator, Kabuki theater, abstracted botanical illustrations, gardener, tropical trees, large plant, view toward a pine, palm trees, lions, gouache, explorations in abstraction."
data\Dreamstudio/art\Titian_242.jpg,Titian_242.jpg,,DreamStudio,1,Titian_242,Titian,"Titian, Art, Sword-slinging man, woman with harp, serene pastoral scenes, naturalistic color palette, Byzantine art influence, woman in armor, man in military uniform, Italian landscapes, mythic symbolism, quiet simplicity, light magenta and brown colors, hero carrying man, castle backdrop, nostalgiacore, quiet contemplation, two individuals on a pond, garden, flag, heroic themes, barbizon school, groundcore, villagecore, ferrania p30 color palette."
data\Midjourney/art\Kazimir_Malevich_44.jpg,Kazimir_Malevich_44.jpg,,Midjourney,1,Kazimir_Malevich_44,Kazimir Malevich,"Kazimir Malevich, Art, Portrait of a woman, black jacket, white shirt, tempera, neo-academism, confessional, light pink, dark brown, strong facial expression, creative commons attribution, dark brown, pink, distinct facial features, light yellow, light black, folk art inspiration, Hispanicore, bloomsbury group."
data\Dreamstudio/art\Titian_96.jpg,Titian_96.jpg,,DreamStudio,1,Titian_96,Titian,"Titian, Art, Lady in green and white, historical significance, lifelike representation, natural fibers, exaggerated nobility, noble subjects, young figure, grandiose portrait"
data\StarryAI/art\Edgar_Degas_311.png,Edgar_Degas_311.png,,StarryAI,1,Edgar_Degas_311,Edgar Degas,"Edgar Degas, Art, 1890 painting, man laying ground, man standing water, man boat river, ultrafine detail, dark indigo, dark amber, abstract nature, varying wood grains, blink-and-you-miss-it detail, raw brushstrokes, 35mm film, black cat, tan body, textural detail, naturalistic landscape, close up, brown, trompe-l'œil illusionistic detail, rusticcore, rough hewn surfaces, organic abstracts."
data\REAL\art_5400\Titian_242.jpg,Titian_242.jpg,Titian,REAL,0,Titian_242,nan,"Titian, Art, Sword-slinging man, woman with harp, serene pastoral scenes, naturalistic color palette, Byzantine art influence, woman in armor, man in military uniform, Italian landscapes, mythic symbolism, quiet simplicity, light magenta and brown colors, hero carrying man, castle backdrop, nostalgiacore, quiet contemplation, two individuals on a pond, garden, flag, heroic themes, barbizon school, groundcore, villagecore, ferrania p30 color palette."
data\Midjourney/art\Pierre-Auguste_Renoir_202.jpg,Pierre-Auguste_Renoir_202.jpg,,Midjourney,1,Pierre-Auguste_Renoir_202,Pierre-Auguste Renoir,"Pierre-Auguste Renoir, Art, Path to lemon orchard, expressionist imagery, mountainous vistas, late 19th century, yellow and orange, botanical abundance, romantic landscape vistas, impressionist-landscapes, trees and paths in mountains, yellow and silver, floral impressionism, fresco paintings, grandeur of scale, oil painting, yellow and emerald, allover composition, Phoenician art, burne-jones art, art of Tonga."
data\Dreamstudio/art\Francisco_Goya_201.jpg,Francisco_Goya_201.jpg,,DreamStudio,1,Francisco_Goya_201,Francisco Goya,"Francisco Goya, Art, El Pinto de los Nocidos, 1915 print, cosmic horror, witty satirical commentary, luminous skies, 18th-century, editorial illustrations, realistic anatomies, dark bronze and white, two people surrounded by stars, grotesque figures, darkly romanticism, zombiecore, multiple points of view, Spanish enlightenment, dusty piles, spectacular show of ages, photograph of two dead people in a pool surrounded by stars, grotesque caricatures, detailed engraving, natural phenomena, human anatomy, skull holding a woman with a star on it, comical choreography, pictorialism, loose gestures, monochromatic ink washes."
data\REAL\art_5400\Pablo_Picasso_240.jpg,Pablo_Picasso_240.jpg,Pablo Picasso,REAL,0,Pablo_Picasso_240,nan,"Pablo Picasso, Art, Figure in head dress, dark beige and amber, post-impressionist colorism, emphasis on facial expressions, bold shadows, man's head with eyes closed, light brown, art of the Congo, loose expressionism, tapestries, loose figuration, portrait of male with head, light brown and bronze, African influence, contemplative scenes, soft shading, woman with open mouth and face, meditative color contrasts, naturalistic shadows, art of the upper paleolithic."
data\REAL\art_5400\Amedeo_Modigliani_93.jpg,Amedeo_Modigliani_93.jpg,Amedeo Modigliani,REAL,0,Amedeo_Modigliani_93,nan,"Amedeo Modigliani, Art, Woman portrait, red hair, yellow lips, gold face, tempera, dark beige, indigo, light pink, dark black, dark gray, distinctive noses, strong facial expression, lively facial expressions, melancholic symbolism, neo-concrete, folkloric, folk/naïve, child-like innocence, ritualistic masks, suspended/hanging, poetic"
data\Dreamstudio/art\Edgar_Degas_504.jpg,Edgar_Degas_504.jpg,,DreamStudio,1,Edgar_Degas_504,Edgar Degas,"Edgar Degas, Art, Two dancers, orange field, light green, dark crimson, trompe-l'œil illusionistic detail, 1860–1969, art academia, grainy, princesscore, impressionism, pictures, three dancers, reduced palette, abrasive authenticity, representational, mende art, desert hill, dark orange, non-representational art, reproduction art, joyful landscapes, official art, magenta"
data\DALL-E/art\Giotto_di_Bondone_48.jpg,Giotto_di_Bondone_48.jpg,,DALL-E,1,Giotto_di_Bondone_48,Giotto di Bondone,"Giotto di Bondone, Art, Ancient church interior, mural, light pink, light navy, ethereal, ghostly figures, 500–1000 CE, ornate detailing, genre painting, monochromatic white figures, chapel of the three doors, otherworldly beings, wall drawings, naturalistic depictions, light gray, brunaille underpainting, Etruscan art, Venetian scenes, entrance to monastery, fresco, light beige, indigo, 15th century, rich and immersive, altarpiece, hurufiyya"
data\Dreamstudio/art\Claude_Monet_57.jpg,Claude_Monet_57.jpg,,DreamStudio,1,Claude_Monet_57,Claude Monet,"Claude Monet, Art, Water lilies, light violet, red, large-scale, light navy, light emerald, large canvas, light red, light blue, plein air, impressionist sensibilities, bluebells, sky-blue, multiple points of view, grandiose color schemes, swirling vortexes, grandeur of scale, magenta, landscape painting."
data\StarryAI/art\Salvador_Dali_13.png,Salvador_Dali_13.png,,StarryAI,1,Salvador_Dali_13,Salvador Dali,"Salvador Dali, Art, Surreal landscapes, romantic ruins, surreal visions, a man near archway, sky-blue and light brown color palette, symmetrical figures, 20th century art, free-flowing surrealism, grandiose ruins, imaginative illustration, two men walking, seeing a door, symmetrical compositions, arched doorways, surrealist dreamscape, unprimed canvas, symbolic images, study of skeletons, surreal abstract landscapes."
data\Dreamstudio/art\Vincent_van_Gogh_263.jpg,Vincent_van_Gogh_263.jpg,,DreamStudio,1,Vincent_van_Gogh_263,Vincent van Gogh,"Vincent van Gogh, Art, Painting, Flowers garden, Hard-edge color field, Post-impressionist coloration, Rectangular fields, Orange and Blue, Large-scale brushstrokes, Multi-layered color fields, Richly colored, Dappled, Expansive, Meadow, Red flowers, Yellow flowers, Vibrant stage backdrops, Large-scale canvas, House, Grandiose color schemes, Spectacular backdrops, Impressionist gardens, Multilayered dimensions, Strip painting"
data\Midjourney/art\Mikhail_Vrubel_84.jpg,Mikhail_Vrubel_84.jpg,,Midjourney,1,Mikhail_Vrubel_84,Mikhail Vrubel,"Mikhail Vrubel, Art, Atlantic Ocean, Neolithic era, 'In the Bosphorus', dimensions 194L x 66H, tangled nests, nightmarish illustrations, expressive forms, synchromism, large and small animals, humans, precise figure drawing, decaying landscapes, dark silver and blue, naturalistic poses, tumblewave, pictorialism, people on a boat in the sea, charcoal drawing, fragmented bodies, raw figuration, earthworks, apocalypse landscape, dark gray and light cyan, mixed media print"
data\REAL\art_5400\Paul_Klee_41.jpg,Paul_Klee_41.jpg,Paul Klee,REAL,0,Paul_Klee_41,nan,"Paul Klee, Art, Abstract painting, woman with blue eyes, light beige, pink, wimmelbilder, irregular forms, 1900–1917, emotive faces, watercolor, ritualistic masks, self-portrait, minimalist, light brown, light blue, light red, light gray, strong facial expression, luxurious wall hangings, serene faces"
data\REAL\art_5400\Albrecht_Durer_207.jpg,Albrecht_Durer_207.jpg,Albrecht Durer,REAL,0,Albrecht_Durer_207,nan,Albrecht_Durer_207
data\REAL\art_5400\Rembrandt_210.jpg,Rembrandt_210.jpg,Rembrandt,REAL,0,Rembrandt_210,nan,"Rembrandt, Art, Jesus baby, manger, 1731, soggy, gloomy, Dutch tradition, cluttered, woman sitting in fire, holding a baby, religious subjects, pregnant woman reading to kitten, swirling vortexes, Xmaspunk, installation-based, sharp and angular, Grandparentcore, Vanitas paintings, study, Samikshavad."
data\StarryAI/art\Camille_Pissarro_46.png,Camille_Pissarro_46.png,,StarryAI,1,Camille_Pissarro_46,Camille Pissarro,"Camille Pissarro, Art, Harbor scene, Saint Charles Port, boats docked, large-scale painting, impressive panoramas, terraced cityscapes, expansive, spectacular backdrops, light pink and green tones, light crimson and sky-blue hues, light magenta and gray, trompe-l'œil, tondo, rocky buildings"
data\StarryAI/art\Amedeo_Modigliani_17.png,Amedeo_Modigliani_17.png,,StarryAI,1,Amedeo_Modigliani_17,Amedeo Modigliani,"Amedeo Modigliani, Art, Woman in black, dark beige and maroon, Germanic art, elongated, somber mood, tondo, unembellished, portrait, black background, distinct facial features, tightly composed scenes, dark proportions, woman sitting in a chair, black book, symmetrical asymmetry, strong facial expression, suspended/hanging, meticulous detail, woman with man at her side, naive charm, Romanesque, Nabis, soft-edged"
data\REAL\art_5400\Edgar_Degas_600.jpg,Edgar_Degas_600.jpg,Edgar Degas,REAL,0,Edgar_Degas_600,nan,"Edgar Degas, Art, Two ballet dancers on bar, light green and orange, nostalgic paintings, vibrant murals, figurative, dark cyan and gray, pensive poses, dark pink and light azure, machine precision, dark teal, light emerald and light crimson, nostalgiacore, iconic works of art history, pure color, grainy, loose handling of paint, ballet academia."
data\StarryAI/art\Edgar_Degas_537.png,Edgar_Degas_537.png,,StarryAI,1,Edgar_Degas_537,Edgar Degas,"Edgar Degas, Art, Drawing of a woman brushing her long hair, impressionist coloration, light red, gray, dignified poses, chalk, disfigured forms, light crimson, emerald, pre-raphaelitism, looking away, feminine body, hand-coloring, green, nouveau réalisme, colorful drawings, 1900–1917, captivating, emotional imagery, eragon, dark aquamarine, symbolism, grisaille, naturalistic poses, trompe-l'œil illusionistic detail."
data\REAL\art_5400\Paul_Cezanne_1.jpg,Paul_Cezanne_1.jpg,Paul Cezanne,REAL,0,Paul_Cezanne_1,nan,"Paul Cezanne, Art, Apples, Jar, Cloth, Light Emerald, Navy, European Symbolism, Grandiose Color Schemes, Picassoesque, Yankeecore, Oshare Kei, Melting Pots, Vase of Apples, Green Jug, Iconic Art History, Harmonious Color Schemes, Impressionist Light and Color, Oil Painting, Table Setting, Mixes Painting and Ceramics, Mingei, Hand-Coloring, Applecore, 1900–1917 period, Flowers, Light Silver, Post-Impressionist Colorism, Melancholic Symbolism, Rembrandtesque"
data\DALL-E/art\Frida_Kahlo_102.jpg,Frida_Kahlo_102.jpg,,DALL-E,1,Frida_Kahlo_102,Frida Kahlo,"Frida Kahlo, Art, Man with mustache and camera, figura serpentinata, colorized, strong facial expression, Mexican muralism, old camera, Mesoamerican influences, luminous shadowing, secessionist style, historical reproductions, man in suit and tie, traditional Mexican style, portraitures with hidden meanings, fantastical machines, camera obscura, modern impressionism, mechanical designs, Hopi art, celebrity portraits."
data\Midjourney/art\Paul_Gauguin_144.jpg,Paul_Gauguin_144.jpg,,Midjourney,1,Paul_Gauguin_144,Paul Gauguin,"Paul Gauguin, Art, Drawing, two creatures, classical portraiture, light blue, beige, ashcan school, demonic photograph, 1918–1939 interwar period, Chicano-inspired, rough texture, Venus, the scream, the bull, pencil sketch, dark beige, Hopi art, theater depiction, self-portrait, Khmer art, Aeolian, snake, brunaille underpainting, romantic gestures, cartoon mis-en-scene, earth spirit, 1912, satirical caricature, American sculpture 1830–1950, handscroll, domestic intimacy."
data\Dreamstudio/art\Henri_de_Toulouse-Lautrec_45.jpg,Henri_de_Toulouse-Lautrec_45.jpg,,DreamStudio,1,Henri_de_Toulouse-Lautrec_45,Henri de Toulouse-Lautrec,"Henri de Toulouse-Lautrec, Art, Woman at table, using makeup, antique mirror, in front of painting, long hair, post-impressionist coloration, nouveau réalisme, light turquoise, light orange, light red, light aquamarine, light azure, green, harsh lighting, red threads, embroidery art, heavy use of palette knives, hand-coloring, cottagecore, contour line, painting and writing tools, quadratura."
data\REAL\art_5400\Gustave_Courbet_34.jpg,Gustave_Courbet_34.jpg,Gustave Courbet,REAL,0,Gustave_Courbet_34,nan,"Gustave Courbet, Art, woman reading on chair, woman laying by flowers, portrait of a woman surrounded by flowers, young woman in chair, blink-and-you-miss-it detail, barbizon school, trompe-l'œil illusionistic detail, vanitas paintings, captivating floral still lifes, colorful arrangements, rusticcore, bibliopunk, romantic idealism, dark amber and white, light white and dark orange, serene faces, close-up, realistic still-lifes, distinctive noses, intricate floral arrangements"
data\REAL\art_5400\Henri_Matisse_182.jpg,Henri_Matisse_182.jpg,Henri Matisse,REAL,0,Henri_Matisse_182,nan,"Henri Matisse, Art, Painting, man, traditional French costume, dark orange, dark gray, nocturne, 1860-1969, American works on paper 1880–1950, carrying cane, dark violet, dark green, yellow, medieval-inspired, reflective, wearing clothing and hat, dark azure, tempera, composed, person in coat, walking a dog, playing violin, fanciful costume design, Byzantine-inspired."
data\REAL\art_5400\Kazimir_Malevich_39.jpg,Kazimir_Malevich_39.jpg,Kazimir Malevich,REAL,0,Kazimir_Malevich_39,nan,"Kazimir Malevich, Art, Cubism painting, the blue egg, dark beige and navy, distinctive noses, 1900-1917, multidimensional shading, technological symmetry, serene faces, the blue flower, 1927991914, light silver and dark indigo, tightly cropped compositions, light bronze, high resolution, dark blue and light beige, hard-edged shapes, luminous shadowing, angular dramatism, symmetrical asymmetry, angular cubism, light navy and light beige, allegorical symbolism, strong facial expression, luminous shadows"
data\REAL\art_5400\Vincent_van_Gogh_243.jpg,Vincent_van_Gogh_243.jpg,Vincent van Gogh,REAL,0,Vincent_van_Gogh_243,nan,"Vincent van Gogh, Art, White baby on blue background, intense expressions, baby with blue eyes and hat, thick impasto texture, relief sculpture, blink-and-you-miss-it detail, light beige and green, meticulous pointillism, light beige and light azure, trompe-l'œil illusionistic detail, oil portraitures, infant looking pensive, mosaic-like pointillism, light green and blue, chiaroscuro portraitures, plein-air paintings, strong facial expression, 1860-1969, 1900-1917, relief sculpture."
data\REAL\art_5400\Andy_Warhol_51.jpg,Andy_Warhol_51.jpg,Andy Warhol,REAL,0,Andy_Warhol_51,nan,"Andy Warhol, Art, Woman with colors, shiny eyes, voluminous mass, serene faces, official art, stencil-based, image of Syria in blue make up, magenta and black, decadent beauty, emotional intensity, light bronze and red, blink-and-you-miss-it detail, polished metamorphosis, close-up intensity, expressive eyes, dark crimson and azure, pop culture references, lithograph, crimson and azure, dark black and light beige."
data\Midjourney/art\Rembrandt_52.jpg,Rembrandt_52.jpg,,Midjourney,1,Rembrandt_52,Rembrandt,"Rembrandt, Art, Portrait of a man with red hat, portrait of a young man in red coat, man wearing patterned hat and red coat, baroque-inspired chiaroscuro, die brücke, large-scale canvas, raw brushstrokes, 16th century, Flemish Baroque, rich tonal palette, raw and unpolished, grid, layered mesh, 500-1000 CE, Skeuomorphic, Young British Artists (YBAs), Dau-al-Set, Whistlerian, Colorist"
data\REAL\art_5400\Andrei_Rublev_63.jpg,Andrei_Rublev_63.jpg,Andrei Rublev,REAL,0,Andrei_Rublev_63,nan,"Andrei Rublev, Art, Orthodox icon, St Peter, Joseph, man holding book, brooding mood, flat yet expressive, dark sky-blue, light red, green and gold, dark indigo, historical documentation, narrative paneling, creative commons attribution, slumped/draped, Chinese iconography, aurorapunk style, Phoenician art inspiration."
data\DALL-E/art\Rembrandt_72.jpg,Rembrandt_72.jpg,,DALL-E,1,Rembrandt_72,Rembrandt,"Rembrandt, Art, Portrait of old man, dark crimson, light bronze, suburban ennui, graceful figures, singular focus, red coat, man's head, old masters, dark green, light brown, dark yellow, light indigo, smooth curves, grandparentcore, strong facial expression, orderly symmetry, joyful, optimistic, symmetrical figures, man wearing purple cap, iconic art history, unpolished authenticity, neue sachlichkeit, master of spray paint."
data\Midjourney/art\Marc_Chagall_173.jpg,Marc_Chagall_173.jpg,,Midjourney,1,Marc_Chagall_173,Marc Chagall,"Marc Chagall, Art, Woman with flowers, angel, multi-layered narrative scenes, nightscape, grainy, pastoral, 1970-present, coloristic, fantastical scenes, Jewish culture themes, dark sky-blue and red, large-scale, symbolic use of animals, spectral, impressionistic colorplay, princesscore, nouveau réalisme, figura serpentinata, old woman, the blue rider, red and emerald, 32k UHD, ivory"
data\Midjourney/art\Pieter_Bruegel_116.jpg,Pieter_Bruegel_116.jpg,,Midjourney,1,Pieter_Bruegel_116,Pieter Bruegel,"Pieter Bruegel, Art, Group of children attacking, confessional, suburban ennui, wimmelbilder, cyan and crimson, trompe-l'œil illusionistic detail, arbeitsrat für kunst, massurrealism, meticulous detail, colorful sidewalk scenes, fence, altarpiece, childlike innocence, realist detail, grotesque, dark aquamarine and red, villagecore, emotional gestures, birds-eye-view"
data\REAL\art_5400\Salvador_Dali_71.jpg,Salvador_Dali_71.jpg,Salvador Dali,REAL,0,Salvador_Dali_71,nan,"Salvador Dali, Art, Collage with red, blue, orange, green rectangles, photocopy, coded patterns, nonobjective gestural marks, gray and bronze, pixelation, illusory tessellations, public interventions, puzzle image, light red and cyan, collage experimentation, silver and orange, pixelated abstraction, grid formations, stenciled iconography, drawing of a man in blue and orange, light red and aquamarine, aerial view, photographs of surfaces, graph paper, trompe-l'œil illusionistic detail, image of a brown cat, woven color planes, gridded abstractions, silkscreen."
data\REAL\art_5400\Kazimir_Malevich_15.jpg,Kazimir_Malevich_15.jpg,Kazimir Malevich,REAL,0,Kazimir_Malevich_15,nan,"Kazimir Malevich, Art, Painting of a woman in blue with red scarf, 1900–1917, orphism, light magenta and dark indigo, biedermeier women, image of a woman in a blue jacket with red collar, fauvist coloration, serene faces, anemoiacore, woman in orange with accent of red, dark pink and navy, black paintings, quadratura, die brücke, red hair female portrait, dark pink and dark indigo, quadratura, nonrepresentational, automatism."
data\REAL\art_5400\Titian_78.jpg,Titian_78.jpg,Titian,REAL,0,Titian_78,nan,"Titian, Art, Woman in ornate dress, holding white flower, historical reproductions, distinct facial features, dark gold, dark blue, golden velvet, bluecolored lace, era of Napoleon, dark sky-blue, Italian Renaissance revival, opulent ornaments, natural fibers, textural portraits, opera painting, Florentine Renaissance, dark pink, dark amber, delicate intricate details, dark white, dark emerald, elegant clothing, Renaissance-inspired chiaroscuro, empress arms, red rose, hair and neck portraitures, dark azure, beige, oil portraiture, meticulous details."
data\REAL\art_5400\Paul_Gauguin_171.jpg,Paul_Gauguin_171.jpg,Paul Gauguin,REAL,0,Paul_Gauguin_171,nan,"Paul Gauguin, Art, Painting within a painting, two women, child-like innocence, dark violet, light orange, light green, blue, tightly composed scenes, vibrant murals, tropical symbolism, light brown, dark azure, light violet, dark green, nabis, dadaist, two dogs, monumental murals, pensive poses, azure, olive cotton, women in bed, dog on bed, fauvist figuratism, light azure, light amber, large-scale murals, disfigured forms, maori art, melancholic symbolism."
data\REAL\art_5400\Paul_Gauguin_310.jpg,Paul_Gauguin_310.jpg,Paul Gauguin,REAL,0,Paul_Gauguin_310,nan,"Paul Gauguin, Art, Painting of a person, art nouveau organic forms, pastoral scenes, large-scale figuration, light orange, dark aquamarine, full body, naturalistic settings, soggy, figurative painting, dark beige, melting pots, large-scale murals, hellish background, feminine body, depictions of animals, figure and flower image, saturated pigment pools, narrative paneling, mythology-inspired, naturalistic shadows, expansive, light orange, dark green, large-scale murals, light green, dark crimson, large canvas paintings, mythological narratives, multi-panel compositions."
data\REAL\art_5400\Mikhail_Vrubel_157.jpg,Mikhail_Vrubel_157.jpg,Mikhail Vrubel,REAL,0,Mikhail_Vrubel_157,nan,"Mikhail Vrubel, Art, Painting of bouquet of red flowers, fragmented compositions, dark green, light gray, 1860-1969, rustic naturalism, loose handling of paint, collages, old painted paper, textural prints, subdued palettes, mosaic-like compositions, green and gray, floral arrangement, red and gray, distorted fragmented images, dark beige, naturalistic shadows, rough clusters, loose compositions, bouquet on leaves, light gray, red, varied textures"
data\DALL-E/art\Rembrandt_210.jpg,Rembrandt_210.jpg,,DALL-E,1,Rembrandt_210,Rembrandt,"Rembrandt, Art, Jesus baby, manger, 1731, soggy, gloomy, Dutch tradition, cluttered, woman sitting in fire, holding a baby, religious subjects, pregnant woman reading to kitten, swirling vortexes, Xmaspunk, installation-based, sharp and angular, Grandparentcore, Vanitas paintings, study, Samikshavad."
data\REAL\art_5400\Edgar_Degas_540.jpg,Edgar_Degas_540.jpg,Edgar Degas,REAL,0,Edgar_Degas_540,nan,"Edgar Degas, Art, Painting of a woman having her hair done, light azure and orange, light crimson and light blue, lively tableaus, saturated color, grainy texture, elegant subjects, use of precious materials, vibrant color scheme, art historical allusions, light red, kitchen still life, red threads, light azure and pink, machine-like precision."
data\REAL\art_5400\Caravaggio_16.jpg,Caravaggio_16.jpg,Caravaggio,REAL,0,Caravaggio_16,nan,"Caravaggio, Art, Reproduction of old painting, dark white and brown tones, quiet contemplation, depictions of labor, frogcore, gentle expressions, punctured canvases, woman with jug, slumped/draped style, nostalgiacore, patience of a saint, catcore, realistic imagery, embroidery, woman sitting in dark room, woman and cat playing in mud and leaves, pensive stillness."
data\Dreamstudio/art\Marc_Chagall_128.jpg,Marc_Chagall_128.jpg,,DreamStudio,1,Marc_Chagall_128,Marc Chagall,"Marc Chagall, Art, Drawings and paintings, romantic emotion, black and white etchings, ink drawing of Jesus and Mary, captivatingly atmospheric cityscapes, darkly romantic, slumped/draped, dream-like imagery, dark brown and white, small painting of a woman holding a baby, naturalistic cityscapes, trompe-l'œil illusionistic detail, romantic conception, picture depicting two people lonesome in the snow, arabesque/scroll, brooding cityscapes, Madonna and Child, emotional gestural strokes, happenings."
data\StarryAI/art\Sandro_Botticelli_53.png,Sandro_Botticelli_53.png,,StarryAI,1,Sandro_Botticelli_53,Sandro Botticelli,"Sandro Botticelli, Art, Saint Michelangelo with Christ, angel, surrounding saints, captivating visual storytelling, voluminous mass, exacting precision, panel composition mastery, light gold and crimson, light gold and navy, Magewave, Madonna and Child, multiple perspectives, Savior and angels, Florentine Renaissance, joyful and optimistic, precisionism influence, historical reimagining, 500–1000 CE, imposing monumentality, spot metering, Christianity the rapture, feminine sensibilities, emphasis on the process."
data\REAL\art_5400\Pablo_Picasso_76.jpg,Pablo_Picasso_76.jpg,Pablo Picasso,REAL,0,Pablo_Picasso_76,nan,"Pablo Picasso, Art, Mansion park, mysterious jungle, green and gray, majestic ports, tropical symbolism, striped arrangements, art of the Congo, die Brücke, El Piso, San Carlos, tropical landscapes, dark beige and gray, landscape-focused, outdoor scenes, paisley pattern."
data\Midjourney/art\Alfred_Sisley_110.jpg,Alfred_Sisley_110.jpg,,Midjourney,1,Alfred_Sisley_110,Alfred Sisley,"Alfred Sisley, Art, Plate with grapes, nuts, pencil, iconic works of art history, American impressionism, dark white and green, painting and writing tools, hard-edge painting, walnuts, cheeses, grapes, old country, silver and green, American Barbizon school, white and purple, heavy use of palette knives, jewelry by painters and sculptors, pendant, person, fruit, table, raw materials, white and brown, academic art."
data\REAL\art_5400\Eugene_Delacroix_10.jpg,Eugene_Delacroix_10.jpg,Eugene Delacroix,REAL,0,Eugene_Delacroix_10,nan,"Eugene Delacroix, Art, Boatwraith, martyrdom painting, irony, hispanicore, baroque drama, oil paintings, renaissance-inspired chiaroscuro, figures in costume, boat, antichrist, dark crimson and orange, natural phenomena, gothic references, symbolic nabis, women and men in water, boats, dark red and orange, theatrical gestures, mystic symbolism, contrapposto emphasis, historical references, two men riding a boat, dark white and crimson, elaborate costumes, dark orange and dark azure, gesture, humanism."
data\REAL\art_5400\Peter_Paul_Rubens_54.jpg,Peter_Paul_Rubens_54.jpg,Peter Paul Rubens,REAL,0,Peter_Paul_Rubens_54,nan,"Peter Paul Rubens, Art, Man on horse, sci-fi baroque, hispanicore, uniformly staged images, dark white and bronze, man with dog, baroque chiaroscuro, dynamic, action-packed, mythological references, magewave, strong facial expression, red horse, dark gold and silver, powerful portraits, stark naturalism, baroque energy, meticulous military scenes."
data\Dreamstudio/art\Caravaggio_12.jpg,Caravaggio_12.jpg,,DreamStudio,1,Caravaggio_12,Caravaggio,"Caravaggio, Art, Chiaroscuro technique, man holding sword, another man, light white, dark brown, slumped/draped, realist detail, Christian art and architecture, self-portraits, dead man with sword, biblical motifs, abrasive authenticity, ancient man fighting, demon, trompe-l'œil illusionistic detail, contemplative minimalism, woman with swords, dark white, light brown, asymmetrical balance, flowing draperies."
data\REAL\art_5400\Vasiliy_Kandinskiy_54.jpg,Vasiliy_Kandinskiy_54.jpg,Vasiliy Kandinskiy,REAL,0,Vasiliy_Kandinskiy_54,nan,"Vasiliy Kandinskiy, Art, Abstract painting, several shapes and colors, symbolic figures, 1900–1917, mechanized precision, naive charm, light orange, light gray, pointillist precision, figura serpentinata, colorful, tapestries, monochromatic white figures, outlined art, puzzle-like pieces, highly stylized figures, neoplasticism, machine-like precision, asymmetric balance, happy expressionism, colorful biomorphic forms, excessivism."
data\Dreamstudio/art\Andy_Warhol_127.jpg,Andy_Warhol_127.jpg,,DreamStudio,1,Andy_Warhol_127,Andy Warhol,"Andy Warhol, Art, Marilyn Monroe, gold painting, dark orange, blue, hard-edge, chrome-plated, pink, bronze, strong facial expression, 1970, light silver, portraiture, gravure printing, trompe-l'œil graffiti, distinctive noses, elegant, emotive faces, silkscreen, dark pink."
data\Dreamstudio/art\Edgar_Degas_96.jpg,Edgar_Degas_96.jpg,,DreamStudio,1,Edgar_Degas_96,Edgar Degas,"Edgar Degas, Art, Bathroom scene, nature-inspired art nouveau, gesture, upper paleolithic art, irridescent, twisted branches, human emotions, trapped emotions depicted, ethereal trees, mural painting, impressionist colorism, women artists, soggy, dignified poses, woman caring for herself, light aquamarine and light amber, romantic gestures, woman washing hair in water, gaudy and grotesque, delicacy of touch, light emerald and light amber, happenings."
data\REAL\art_5400\Rene_Magritte_24.jpg,Rene_Magritte_24.jpg,Rene Magritte,REAL,0,Rene_Magritte_24,nan,"Rene Magritte, Art, Tree with moon, album covers, modernist sensibilities, realist naturalistic form, young man, minimalist representations, dark brown, dark azure, meticulous realism, subtle chromatism, projection, woodcut, black paintings, folk/naive, nature morte, chiaroscuro portraitures, delicate markings, juxtapositions."
data\Dreamstudio/art\Edgar_Degas_393.jpg,Edgar_Degas_393.jpg,,DreamStudio,1,Edgar_Degas_393,Edgar Degas,"Edgar Degas, Art, Painters with horses standing by a wall, mythic symbolism, dramatic somber religious works, faith-inspired art, women with horses, confessional, earthworks, dark crimson, light beige, poignant, patience of a saint, apostolic church, oil painting, celebration of rural life, dark beige, Mediterranean landscapes, mural painting, biblical drama, large scale murals, dark crimson and beige."
data\REAL\art_5400\Francisco_Goya_42.jpg,Francisco_Goya_42.jpg,Francisco Goya,REAL,0,Francisco_Goya_42,nan,"Francisco Goya, Art, Engraving, man in top hat, transavanguardia, serene faces, young british artists, soggy, gloomcore, vignetting, black and white print, cap, genre painting, grandiose portraits, elegant brushstrokes, witty vignettes, bold lines and contrasts, gentle expressions, gravure printing, avocadopunk."
data\Dreamstudio/art\Vincent_van_Gogh_481.jpg,Vincent_van_Gogh_481.jpg,,DreamStudio,1,Vincent_van_Gogh_481,Vincent van Gogh,"Vincent van Gogh, Art, Cottage in the country, thatched roof, weathered materials, monolithic structures, groundcore, heistcore, surprisingly absurd, blown-off-roof perspective, oil painting, field, distressed materials, 1860–1969, Dutch maritime paintings, pigeoncore, trompe-l'œil, rendered in Maya, vernacular architecture, massurrealism, piles/stacks, whistlerian, richly colored, manapunk, old farmhouse, irregular structures, representational realism, Dutch realism, rusticcore."
data\Midjourney/art\Henri_Matisse_49.jpg,Henri_Matisse_49.jpg,,Midjourney,1,Henri_Matisse_49,Henri Matisse,"Henri Matisse, Art, Room with green flowers, furniture, violet and brown, collaged constructions, folkloric themes, vibrant stage backdrops, painting of house with flowers on walls and ceiling, fauvist still lifes, purple and brown, elaborate kimono, vintage cut-and-paste, lively tableaus, modernist sensibilities, orange and green, dining room scene, bold patterned quilts, dream-like scenes, light orange and green, goa-inspired motifs, Dutch Golden Age, sofa and chairs, vibrant collage, light brown and violet, mingei, vanitas, playful motifs, color field painter, cloisonnism."
data\REAL\art_5400\Henri_Matisse_61.jpg,Henri_Matisse_61.jpg,Henri Matisse,REAL,0,Henri_Matisse_61,nan,"Henri Matisse, Art, Painting of a room with statues, light green and dark gray colors, vignettes of Paris, lively tableaus, light yellow and red tones, red chair next to a red book, cubist figures, absinthe culture, light gray and bronze, haunting figuratism, wrought iron, chair and two chairs, light green and light gray, interior scenes, window of the house, dadaism, figurative colorist, American modernism, green and gray."
data\REAL\art_5400\Salvador_Dali_99.jpg,Salvador_Dali_99.jpg,Salvador Dali,REAL,0,Salvador_Dali_99,nan,"Salvador Dali, Art, Desert tables, figures standing around, table of four chairs, pensive stillness, light bronze and beige hue, seaside vistas, hazy romanticism, multi-angled perspectives, emphasis on negative space, large-scale canvas, iconic dream-like visionary, punctured surface, grandiose environments, sombre mood, light grey, sand and seagulls."
data\REAL\art_5400\Pablo_Picasso_350.jpg,Pablo_Picasso_350.jpg,Pablo Picasso,REAL,0,Pablo_Picasso_350,nan,"Pablo Picasso, Art, Woman sitting next to a child, food on table, light crimson, light aquamarine, dark beige, dark aquamarine, dark cyan, light beige, light red, light azure, light bronze, gray, historical reproductions, chiaroscuro portraitures, human-canvas integration, pictorialism, striped painting, disfigured forms, historical illustration, romanticized figures, haunting figuratism, vignetting, bibliographic anomalies, fine attention to anatomy, brooding mood, macabre subjects, use of fabric, solarization, 1860–1969 era."
data\REAL\art_5400\Andy_Warhol_141.jpg,Andy_Warhol_141.jpg,Andy Warhol,REAL,0,Andy_Warhol_141,nan,"Andy Warhol, Art, Brillo soda pop box, 1991, minimalist ceramics, realistic impression, die brücke, reflective, sharp brushwork, off pedestal, lying on bed, pop art, pop culture references, corporate punk, hyperrealistic sculptures, crisp, 1990s, light white and red, large-scale abstraction, postmodern bricolage, snapshot realism, pop art advertising, cargopunk, smilecore, pizza box, bright sculptures, shiny/glossy, crisp and clean."
data\REAL\art_5400\Kazimir_Malevich_68.jpg,Kazimir_Malevich_68.jpg,Kazimir Malevich,REAL,0,Kazimir_Malevich_68,nan,"Kazimir Malevich, Art, Black and white drawing, symbol, lyon school, lithograph, scoutcore, elongated, square image, symbolic identity, interwar period, star, number, letters, cloth, stenciled iconography, atmospheric etchings, tarot card, logo, 1923, divinatory objects, talismans, amulets, suprematism, charcoal drawing, cluj school, 1860–1969"
data\REAL\art_5400\Francisco_Goya_131.jpg,Francisco_Goya_131.jpg,Francisco Goya,REAL,0,Francisco_Goya_131,nan,"Francisco Goya, Art, Donkey reading a music book, grotesque caricatures, microfilm, captivating gaze, grid, pun-laden pop art, 18th century, werkstätte, darkly comedic, marbleized, printed matter, necropunk, characterful animal portraits, fanciful costume design, troll in an open book, depiction of animals, silkscreening, monochromatic compositions, bunnycore."
data\REAL\art_5400\Joan_Miro_42.jpg,Joan_Miro_42.jpg,Joan Miro,REAL,0,Joan_Miro_42,nan,"Joan Miro, Art, House, desert path, hyperrealistic landscapes, naturalistic expressionism, etchings, mesmerizing colorscapes, Provence landscape, relief, technicolor dreamscapes, beige and azure, whistlerian, hyper-detailed, saturated pigments, garden, road, new topographics, Mediterranean landscapes, windy road, French countryside, complex pointillism, vibrant murals, les automatistes, detailed foliage, multilayered."
data\REAL\art_5400\Francisco_Goya_34.jpg,Francisco_Goya_34.jpg,Francisco Goya,REAL,0,Francisco_Goya_34,nan,"Francisco Goya, Art, Old drawing, old man wearing a hat, distinctive noses, explosive pigmentation, strong lines, pensive poses, sketch, heavy shading, spontaneous mark-making, humble charm, symbolist drawings, detailed pen strokes, older man with hat and tie, romanticism influence, crosshatched shading, loose, gestural mark-making, nonrepresentational."
data\REAL\art_5400\Rene_Magritte_56.jpg,Rene_Magritte_56.jpg,Rene Magritte,REAL,0,Rene_Magritte_56,nan,"Rene Magritte, Art, Woman reading book, comical caricatures, dark gray and indigo, realist attention to detail, animated expressions, exaggerated expressions, charming characters, library, photorealistic surrealism, dada-inspired sculptures, dark blue and beige, bold shadows, girl with books at her feet, surrealist dadaism, light bronze and dark blue, large-scale painting, strong facial expression, animated exuberance, masculine neo-cubism."
data\StarryAI/art\Edouard_Manet_46.png,Edouard_Manet_46.png,,StarryAI,1,Edouard_Manet_46,Edouard Manet,"Edouard Manet, Art, Painting of human figures sitting and leaning, crucifix, strong facial expression, dark white, light orange, death of Jesus, dark bronze, white, punctuated caricature, restrained color palette, heroic masculinity, man lying on bed with angels, dark brown, wrapped, full body, medicalcore, 500–1000 CE, Barroco, Hispanicore, goosepunk, Samikshavad, hyperbolic expression."
data\DALL-E/art\Alfred_Sisley_9.jpg,Alfred_Sisley_9.jpg,,DALL-E,1,Alfred_Sisley_9,Alfred Sisley,"Alfred Sisley, Art, Trees at sunset, viennese actionism, sculpted impressionism, inclement weather, twisted branches, rectangular fields, light gray and bronze, road, fauvist animator, tonalist genius, light gray and pink, Dutch landscape, loose gestures, paved street, light violet, expressive color-field, 'the hay field on a summer evening', 1887, expressionist emotion, impressionist-landscapes, sculptural impasto, light pink and orange."
data\REAL\art_5400\Alfred_Sisley_80.jpg,Alfred_Sisley_80.jpg,Alfred Sisley,REAL,0,Alfred_Sisley_80,nan,"Alfred Sisley, Art, Impressionist landscapes, Barbizon school, outdoor art, oil painting, field of trees, grassed areas, road in the park, light gray, green, black, silver, heavy shading, 1860-1969, 1970-present, vignettes of Paris, fine art, old master drawings and prints, tempera."
data\Midjourney/art\Sandro_Botticelli_14.jpg,Sandro_Botticelli_14.jpg,,Midjourney,1,Sandro_Botticelli_14,Sandro Botticelli,"Sandro Botticelli, Art, Painting of lady with long hair, realist fine details, close-up intensity, romantic depiction of historical events, intricate embellishments, asymmetric balance, portrait of young woman with curly hair, highly detailed illustrations, exquisite detailing, white and crimson, girl with long hair and necklace, fine lines, restored and repurposed, exquisite clothing detail, queen virginia's portrait, hyper-detailed illustrations, panel composition mastery, realistic detail, 500–1000 ce."
data\REAL\art_5400\Vincent_van_Gogh_27.jpg,Vincent_van_Gogh_27.jpg,Vincent van Gogh,REAL,0,Vincent_van_Gogh_27,nan,"Vincent van Gogh, Art, Old wooden fishing boats on beach, pop art and pop culture references, Neo-Fauvism, dark yellow and sky-blue palette, old master drawings and prints, official art, precursor of Fauvism, vivid color schemes, orange and azure, chiaroscuro woodcuts, majestic ports, nineteenth century French realism, poetic realism, web-based art, colorful animation stills, Moebius inspiration, two boats sitting next to each other."
data\REAL\art_5400\Frida_Kahlo_111.jpg,Frida_Kahlo_111.jpg,Frida Kahlo,REAL,0,Frida_Kahlo_111,nan,"Frida Kahlo, Art, Surrealistic distortion, symmetrical asymmetry, figurative distortion, chiaroscuro portraitures, strong facial expression, poignant, dark yellow and light red, solarization effect, post-world war II art, traditional Mexican style, acrobatic self-portraits, dark brown and red, pensive surrealism, chicano-inspired, woman's face with two heads, man with a woman's head on one side black and blue, appropriation art, emphasis on facial expressions"
data\REAL\art_5400\William_Turner_23.jpg,William_Turner_23.jpg,William Turner,REAL,0,William_Turner_23,nan,"William Turner, Art, 'Triumph of the Angel', 'Ascension of the Lord', Tempera technique, High-keyed palette, Swirling vortexes, Light amber and crimson, Enlightenment era, Official art, Rough gesturalism, Hazy atmospheres, Angels with suns in their wings, Big group of people, Light red and dark gold, Chaotic environments, Pastoral settings, Faded palates, Raw, Confrontational figures, Dark cyan and light amber, Light red and dark beige, James Ensor, Redshift, Germanic Art."
data\REAL\art_5400\Paul_Gauguin_273.jpg,Paul_Gauguin_273.jpg,Paul Gauguin,REAL,0,Paul_Gauguin_273,nan,"Paul Gauguin, Art, Five women and a girl in a field, soothing landscapes, light cyan and green, subtle coloring, tonal landscapes, pastoral landscape, light gray and green, figuration libre, villagecore, dreamlike environments, scene with people sitting in the grass near a windmill, maranao art, tropical landscapes, outdoor scenes, play of light and shade, light emerald and light beige, suburban ennui capturer, pensive stillness, 1900–1917."
data\DALL-E/art\Pablo_Picasso_112.jpg,Pablo_Picasso_112.jpg,,DALL-E,1,Pablo_Picasso_112,Pablo Picasso,"Pablo Picasso, Art, Pablo Picasso, Pieiro Recuerdos, 1928 - 1945, 135 x 100 cm, dark white and light beige, light gray and dark beige, asymmetrical and abstracted yet recognizable forms, dynamic poses, monumental sculptures, high-contrast shading, feminine body, functional aesthetics, monumental sculptures, strong lines, staining, 1918 - 1939 (interwar), painting of a man with his legs on the floor, painting of a seated man in a white tank."
data\StarryAI/art\Camille_Pissarro_60.png,Camille_Pissarro_60.png,,StarryAI,1,Camille_Pissarro_60,Camille Pissarro,"Camille Pissarro, Art, Paris riverside 1881, fine art influence, gray and bronze, strip painting, pointillist dotting technique, The Seine, Paris 1867, pointillist landscapes, light purple and gray, industrial paintings, 1918–1939 (interwar), impressionist-landscapes, river scene, people, 19th century American paintings and works on paper, atmospheric painting, majestic ports, light bronze and sky-blue, riverbank and the city, oil painting, expressionist imagery."
data\REAL\art_5400\Claude_Monet_62.jpg,Claude_Monet_62.jpg,Claude Monet,REAL,0,Claude_Monet_62,nan,"Claude Monet, Art, Sunset painting, cliffs of St Agnes tower, castle, rock formation, port over sea, expressive line, organic formations, arched doorways, light and dark gray, amber, light orange, soft pastels, monumental sculptures, horizons, strip painting, commission for, chalk, gouache, colorful Moebius, 1924."
data\REAL\art_5400\Diego_Velazquez_37.jpg,Diego_Velazquez_37.jpg,Diego Velazquez,REAL,0,Diego_Velazquez_37,nan,"Diego Velazquez, Art, Child in gown, vase, Hispanicore, high resolution, opulent fabrics, 1860–1969, portraitures, dark pink, light gray, dress of Valencia Rey Gordiano, light crimson, embroidered dress, child-like innocence, Picassoesque, tondo, vanitas paintings, exquisite clothing detail, traditional."
data\REAL\art_5400\Henri_Rousseau_35.jpg,Henri_Rousseau_35.jpg,Henri Rousseau,REAL,0,Henri_Rousseau_35,nan,"Henri Rousseau, Art, Interwar period, painting of woman in forest, Australian landscapes, spectacular backdrops, early medieval art, oil painting, large-scale murals, dark green and red, naive art, Australian tonalism, monumental murals, woodland goth, panoramic scale, green and crimson, folk art inspiration, spectacular backdrops, medieval art, monumental scale"
data\REAL\art_5400\Vincent_van_Gogh_118.jpg,Vincent_van_Gogh_118.jpg,Vincent van Gogh,REAL,0,Vincent_van_Gogh_118,nan,"Vincent van Gogh, Art, Trees in woods, post-impressionist color, yellow and bronze, detailed foliage, color-field, pastoral, heavy use of impasto, heavy shading, tree in summer, dense composition, 1860–1969, atmospheric woodland imagery, neo-impressionism, en plein air, trees in green park, ultrafine detail, rustic naturalism, bentwood, oak tree, dark yellow and dark green, captures the essence of nature, lush colors."
data\REAL\art_5400\Mikhail_Vrubel_115.jpg,Mikhail_Vrubel_115.jpg,Mikhail Vrubel,REAL,0,Mikhail_Vrubel_115,nan,"Mikhail Vrubel, Art, Two people by lake, oil portraiture, delicate flowers, light sky-blue, dark gray, dark blue, brown, dark dressed man and woman, light azure, 1860–1969, romanticized nature, barroco, 1918–1939, stencil art, man and woman in the sun, nostalgic romanticism, light black, dark azure, subtle luminosity, woman in black gown, man in black suit, dark brown, pensive poses, dark white, indigo."
data\REAL\art_5400\Kazimir_Malevich_113.jpg,Kazimir_Malevich_113.jpg,Kazimir Malevich,REAL,0,Kazimir_Malevich_113,nan,"Kazimir Malevich, Art, Abstract shapes, yellow and black stripes, Vienna Secession, scattered composition, light gray and blue, paper materials, mechanical designs, flat planes, multilayered dimensions, black, yellow, white pieces, light beige, indigo, angular lines, recursive shapes, Die Brücke, abstract design, mechanized precision, overlapping shapes, high-angle, graceful lines, suprematist geometric shapes, light yellow, dark silver, aerial view, multi-layered figures"
data\StarryAI/art\Raphael_41.png,Raphael_41.png,,StarryAI,1,Raphael_41,Raphael,"Raphael, Art, Madonna with children, light crimson and dark black, Mediterranean landscapes, distinctive noses, contrasting balance, tondo, meticulous fantasy, cinquecento, depictions of animals, reflections and mirroring, traditional landscapes, figura serpentinata, museum gallery dioramas, landscape-focused, rounded, dansaekhwa, accurate ornithological paintings, high Renaissance, 500-1000 CE, child-like innocence"
data\REAL\art_5400\William_Turner_47.jpg,William_Turner_47.jpg,William Turner,REAL,0,William_Turner_47,nan,"William Turner, Art, Sarah's Descent, abstract landscapes, Renaissance chiaroscuro lighting, stormy seascapes, chaotic environments, hellish background, light amber and white, unseen object in the center, biblical drama, harsh lighting, light bronze and white, soggy, pastoral, Descent of the Roman Empire, sea landscape, contrast of light and dark, expressionist chaos, suburban ennui, light white and magenta, old boat in scene, apocalypse landscape, light crimson and yellow, illusionistic ceiling frescoes, wet-on-wet blending, strong contrast between light and dark, harmonious chaos, baptized by war, 1853, 1809-1818."
data\Midjourney/art\Henri_Matisse_173.jpg,Henri_Matisse_173.jpg,,Midjourney,1,Henri_Matisse_173,Henri Matisse,"Henri Matisse, Art, Painting, man standing on table, fauvism precursor, neo-fauvism, dark navy, light green, light navy, emerald, American sculpture 1830-1950, 1900-1917, 1918-1939 interwar, fine attention to anatomy, reduced palette, cut/ripped, disfigured forms, raw figuration, presentation of human form, Yale University School of Art, 1860-1969, online sculpture"
data\Dreamstudio/art\Paul_Klee_56.jpg,Paul_Klee_56.jpg,,DreamStudio,1,Paul_Klee_56,Paul Klee,"Paul Klee, Art, Abstract painting, woman and man, sitting, expansive landscapes, mosaic-like composition, Yoruba art, striped painting, man standing alone, light pink, dark green, 1918-1939 interwar period, joyful celebration of nature, Ndebele art, aerial view, Figuration Libre, Charles and George Henry Hicks era, 1910-1923, colorful abstractions, abstracted bodies, light magenta, dark green, Ndebele-inspired motifs, symbolic landscapes, black and white abstraction, colourful mosaics, all-over composition, mosaic-like patterns"
data\REAL\art_5400\Marc_Chagall_160.jpg,Marc_Chagall_160.jpg,Marc Chagall,REAL,0,Marc_Chagall_160,nan,"Marc Chagall, Art, Two women with hanging hair, historical illustration, distinctive noses, carnivalesque, sharp attention to detail, woman to a man in 1905, romanticized realism, realist detail, nostalgic illustration, mirror, red and indigo, soft mist, woman being carried by a man, cubist faceting, vintage portraiture, trompe-l'œil illusionistic detail, dark white and light red, romanticized nostalgia, woman and man hugging, serene faces, red and green, meticulous detail"
data\Dreamstudio/art\Kazimir_Malevich_31.jpg,Kazimir_Malevich_31.jpg,,DreamStudio,1,Kazimir_Malevich_31,Kazimir Malevich,"Kazimir Malevich, Art, Two red-headed figures standing on a hill, calming symmetry, color fields, expansive landscapes, folk/naïve art, pair of female heads in the open sky, suprematism, vivid landscapes, orderly symmetry, uncanny valley realism, symmetrical figures, landscapes with social commentary, people wearing red tops in a large open field, neocubism, mysterious figures, distinctive noses, light yellow and indigo, symmetrical harmony, bold landscapes."
data\REAL\art_5400\Vasiliy_Kandinskiy_40.jpg,Vasiliy_Kandinskiy_40.jpg,Vasiliy Kandinskiy,REAL,0,Vasiliy_Kandinskiy_40,nan,"Vasiliy Kandinskiy, Art, Wedding celebration, fauvist color palette, light yellow, crimson, tempera, lush colors, lush brushstrokes, multilayered, grocery art, couple in suits, outdoor party, light yellow, magenta, altarpiece, elaborate costumes, subdued expressionism, people sitting together, colorful gardens, light crimson, women dressed in yellow, excessivism, light beige, lively tableaus, festive atmosphere."
data\Dreamstudio/art\Henri_de_Toulouse-Lautrec_62.jpg,Henri_de_Toulouse-Lautrec_62.jpg,,DreamStudio,1,Henri_de_Toulouse-Lautrec_62,Henri de Toulouse-Lautrec,"Henri de Toulouse-Lautrec, Art, Impressionist coloration, Ballet dancer, Pink shorts, Looking back, 1860-1969, Pensive pose, Light magenta and blue, Comical figurative, Composed, Poignant, Soggy, Performance ballet dancer, Light gray, Grainy, Figurative colorist, Woman in pink hat, Leaning, Illustration, Staining, Frayed."
data\REAL\art_5400\Michelangelo_10.jpg,Michelangelo_10.jpg,Michelangelo,REAL,0,Michelangelo_10,nan,"Michelangelo, Art, Sistine Chapel, surreal sculpture, gray and gold, faith-inspired art, trompe-l'œil illusionistic detail, bronze casting, arched doorways, natural symbolism, bronze and blue, lively tableaus, figura serpentinata, different figures with heads covered, dark bronze and yellow, realistic anamorphic art, spherical sculptures, two statues in painting, two pillars and chairs, alchemical symbolism, large-scale murals, light bronze and gold."
data\REAL\art_5400\Paul_Gauguin_85.jpg,Paul_Gauguin_85.jpg,Paul Gauguin,REAL,0,Paul_Gauguin_85,nan,"Paul Gauguin, Art, Man in chair with cigar, Pont-Aven school, trompe-l'oeil illusionistic detail, western-style portraits, dark cyan, light black, post-impressionist coloration, narrative paneling, whirring contrivances, man with brush painting, haunting portraits, focus on joints/connections, 1860–1969, sculptor, pensive stillness, old man with mustache, post-impressionist colorism, narrative paneling, haunting figuratism, Young British Artists (YBAs), painting and writing tools, full body"
data\REAL\art_5400\Henri_Matisse_41.jpg,Henri_Matisse_41.jpg,Henri Matisse,REAL,0,Henri_Matisse_41,nan,"Henri Matisse, Art, Abstract painting, table with plants and trees, avant-garde abstraction, brown and aquamarine, fauvist figuratism, melancholic symbolism, naturalistic shadows, blue leaves, constructivist roots, dark orange and light green, dreamlike whimsy, play of light and shade, orphism, muted whimsy, abstract human figure, ethereal trees, asymmetrical composition, symbolic still lifes, upside down bowl with flowers, twisted branches, light azure and brown, dreamlike environments, abstraction-création."
data\DALL-E/art\Hieronymus_Bosch_129.jpg,Hieronymus_Bosch_129.jpg,,DALL-E,1,Hieronymus_Bosch_129,Hieronymus Bosch,"Hieronymus Bosch, Art, Old painting, various deities sitting in chairs, demonic photograph, trompe-l'œil illusionistic detail, mechanical realism, organized chaos, playful genre scenes, men and spirits playing, solarpunk, synchromism, apocalypse art, dark realm of the underworld, meticulous detail, sandalpunk, symbolic overload, satirical tone, 'the devil's cauldron', altarpiece, unprimed canvas, 1000–1400 CE, satirical expressionism."
data\REAL\art_5400\Alfred_Sisley_235.jpg,Alfred_Sisley_235.jpg,Alfred Sisley,REAL,0,Alfred_Sisley_235,nan,"Alfred Sisley, Art, River and bridge in front of buildings, sunny impressionism, light pink and green, striped painting, pictorial, monumental murals, magewave, dappled, people on boats, impasto, light gray, cars driving in the middle of the lake, sky-blue."
data\REAL\art_5400\Vincent_van_Gogh_24.jpg,Vincent_van_Gogh_24.jpg,Vincent van Gogh,REAL,0,Vincent_van_Gogh_24,nan,"Vincent van Gogh, Art, Old woman with shovel, chiaroscuro portraitures, working class subjects, modern impressionism, plowing field, pensive poses, deconstructive, depictions of labor, dark green and light brown, heavy chiaroscuro, piles/stacks, bronze, strong facial expression, open field picking grain, mushroomcore, rough clusters, harsh lighting, whistlerian"
data\REAL\art_5400\Paul_Gauguin_129.jpg,Paul_Gauguin_129.jpg,Paul Gauguin,REAL,0,Paul_Gauguin_129,nan,"Paul Gauguin, Art, Grove, trees, bridge, light cyan, green, Australian landscape, stage-like environments, striped painting, installation-based, landscape inspirations, landscapes and gardens, 1890-1927, light aquamarine, strong diagonals, emphasis on linear perspective, 1860–1969, cottagepunk, high resolution, impressionist-landscapes, rural landscapes, the Follia garden, gestural lines, light azure, die brücke, landscape-focused"
data\StarryAI/art\Edgar_Degas_406.png,Edgar_Degas_406.png,,StarryAI,1,Edgar_Degas_406,Edgar Degas,"Edgar Degas, Art, Hands holding fire, painting, light black and orange, dark white and orange, fine art realism, stains/washes, asymmetrical balance, quiet contemplation, goblin academia, pictorialist, classic still-life, frenetic brushwork, naturalistic proportions, ghostly presence, hispanicore, caninecore, 1900-1917, 1860-1969, child, box of matches"
data\REAL\art_5400\Amedeo_Modigliani_65.jpg,Amedeo_Modigliani_65.jpg,Amedeo Modigliani,REAL,0,Amedeo_Modigliani_65,nan,"Amedeo Modigliani, Art, Woman with yellow hair, dark white, dark orange, dark amber, light red, dark indigo, yellow coat, chiaroscuro portraitures, black jacket, light amber, red, harmonious coloration, exaggerated facial features, medieval art, luminous shadowing, german expressionism, 1000-1400 CE, folkloric themes, melancholic symbolism, symmetrical asymmetry."
data\REAL\art_5400\Joan_Miro_101.jpg,Joan_Miro_101.jpg,Joan Miro,REAL,0,Joan_Miro_101,nan,"Joan Miro, Art, Abstract painting, three birds, flying, clouds, light gray, black, spirals, inclement weather depiction, circular shapes, interlaced figures, birds flying over a cloud, punctuated caricature, arabesque, 1918-1939 interwar, mist, outdoor art, circa 1925, pared-down abstraction, tempera, circular abstraction, net art, various colored birds, dark silver, light beige, delicate brushwork, rhythmic lines."
data\DALL-E/art\Kazimir_Malevich_15.jpg,Kazimir_Malevich_15.jpg,,DALL-E,1,Kazimir_Malevich_15,Kazimir Malevich,"Kazimir Malevich, Art, Painting of a woman in blue with red scarf, 1900–1917, orphism, light magenta and dark indigo, biedermeier women, image of a woman in a blue jacket with red collar, fauvist coloration, serene faces, anemoiacore, woman in orange with accent of red, dark pink and navy, black paintings, quadratura, die brücke, red hair female portrait, dark pink and dark indigo, quadratura, nonrepresentational, automatism."
data\REAL\art_5400\Giotto_di_Bondone_83.jpg,Giotto_di_Bondone_83.jpg,Giotto di Bondone,REAL,0,Giotto_di_Bondone_83,nan,"Giotto di Bondone, Art, Medieval inspiration, angel holding object, star, 1000-1400 CE, forced perspective, graceful balance, arched doorways, exquisite clothing detail, figurative sculptures, psychological symbolism, figurative art, monumentalism, symmetrical figures, wings outstretched, holding onto a scroll, fine art realism, relief, haunting figuratives."
data\DALL-E/art\Vasiliy_Kandinskiy_87.jpg,Vasiliy_Kandinskiy_87.jpg,,DALL-E,1,Vasiliy_Kandinskiy_87,Vasiliy Kandinskiy,"Vasiliy Kandinskiy, Art, Abstract, colorful shapes and lines, light yellow and black, Viennese Actionism, elaborate designs, gestural markings, pictorial space, poster, purple, yellow, white background, symbolic elements, dark green, Futurism, tightly composed scenes, mechanical designs, zigzags, abstract figure with bird, Soviet Avant-garde, infinity nets, colorized, multi-layered figures, geometric forms, black-and-white graphic, Vienna secession, scattered composition, curvilinear shapes, Memphis design."
data\DALL-E/art\Paul_Cezanne_42.jpg,Paul_Cezanne_42.jpg,,DALL-E,1,Paul_Cezanne_42,Paul Cezanne,"Paul Cezanne, Art, Neo-impressionism, oil on canvas, strip painting, nouveau réalisme, fawncore, several women by a lake, feminine body, interlaced figures, light beige, light azure, light white, light indigo, sky-blue, naturalistic color palette, naturalistic poses, light pink, Group Zero, Nul Group, free brushwork, 1887, summer, women in the woods."
data\REAL\art_5400\Titian_27.jpg,Titian_27.jpg,Titian,REAL,0,Titian_27,nan,"Titian, Art, Madonna and child, children, donkey, traditional color scheme, lucid development, exacting precision, precious materials, most holy serving the son, softly organic, playful, colorful depictions, biblical iconography, mythological references, infant and children with young men in countryside, religious symbolism, delicate touch, light crimson and blue, frequent use of yellow, woman on a horse, iconographic symbolism, Mediterranean landscapes, functionality emphasis."
data\REAL\art_5400\Raphael_63.jpg,Raphael_63.jpg,Raphael,REAL,0,Raphael_63,nan,"Raphael, Art, Lady with a cross, dark green and magenta, 1000-1400 CE, portraitures, woman sitting with hand clasped, early Renaissance, Dansaekhwa, 18th century woman, Pictorat, rose, rustic Renaissance realism, 3840x2160, Swiss realism, dark emerald and gold, 1000-1400 CE"
data\DALL-E/art\Vincent_van_Gogh_117.jpg,Vincent_van_Gogh_117.jpg,,DALL-E,1,Vincent_van_Gogh_117,Vincent van Gogh,"Vincent van Gogh, Art, Black and white drawing, man carrying sack, marine theme, subtle tonal values, working class subjects, 1860-1969 period, cargopunk, romanticized realism, utilitarian, grainy, brooding mood, basket carrier, sea and coast, depictions of labor, grainy noir, whistlerian, monochromatic scheme, non-representational, traincore."
data\DALL-E/art\Paul_Gauguin_257.jpg,Paul_Gauguin_257.jpg,,DALL-E,1,Paul_Gauguin_257,Paul Gauguin,"Paul Gauguin, Art, Vase on Canvas, 1860-1969, Violet and Navy, Grandiose Color Schemes, Art of Tonga, Extravagant Table Settings, Image Noise, 1900-1917, Painting of London, Post-Impressionist Still Lifes, Violet and Black, Color-Field, Lightbox, Cloisonnism, Vase of Flowers, Impressionistic Surfaces, Dark White and Violet, Violet and Aquamarine, Texture-Rich Compositions, Table with Pansies, Light Red and Blue, Dark White and Violet, Eclectic Curatorial Style"
data\REAL\art_5400\Amedeo_Modigliani_141.jpg,Amedeo_Modigliani_141.jpg,Amedeo Modigliani,REAL,0,Amedeo_Modigliani_141,nan,"Amedeo Modigliani, Art, Head of young woman, 1923, dark emerald and indigo, expressionistic coloration, portraitures, Face of woman, dark teal and light red, strong facial expression, appropriation, non-representational, Post-impressionist fauvism, light navy and dark emerald, distinct facial features, serene faces, Man with head covered in black paint, fauvist figuratism, 1900–1917, light orange and azure, oil portraitures"
data\Dreamstudio/art\Paul_Gauguin_192.jpg,Paul_Gauguin_192.jpg,,DreamStudio,1,Paul_Gauguin_192,Paul Gauguin,"Paul Gauguin, Art, Plate of Fruit, Table with Bowls, Indonesian Art, Human-Canvas Integration, Traditional Vietnamese, Somber Mood, Depictions of Labor, Large-Scale Canvas, Large Canvas Paintings, Large-Scale Portraits, Quito School, Figuratively Textured, Yiannis Moralis, Lively Tableaus, Extravagant Table Settings, Chinese Cultural Themes, Human Emotions, Inuit Art, Khmer Art, Art of Tonga"
data\StarryAI/art\Edvard_Munch_3.png,Edvard_Munch_3.png,,StarryAI,1,Edvard_Munch_3,Edvard Munch,"Edvard Munch, Art, The Scream painting, two people, light red and dark black, detailed crowd scenes, richly colored skies, elegant, emotive faces, hellish background, mural painting, mysterious figures, Berlin Secession, serene faces, wandering eye, distorted and exaggerated human figures, captivatingly atmospheric cityscapes."
data\REAL\art_5400\Mikhail_Vrubel_104.jpg,Mikhail_Vrubel_104.jpg,Mikhail Vrubel,REAL,0,Mikhail_Vrubel_104,nan,"Mikhail Vrubel, Art, Drawing of a woman dressed in fanciful costume, light gold and orange, ritualistic masks, 1860–1969, light aquamarine and crimson, classical figures, oriental, naturalistic figures, red and gold, costume design, light orange and light cyan, mythological references, 'Death in the guise of Lord Debussy' costumes sketch, Tang Dynasty, light amber and orange, blink-and-you-miss-it detail, nouveau réalisme, woman in long dress, 1918–1939 interwar period, exquisite clothing detail, red and aquamarine, Samikshavad, Berlin Secession"
data\REAL\art_5400\Jan_van_Eyck_68.jpg,Jan_van_Eyck_68.jpg,Jan van Eyck,REAL,0,Jan_van_Eyck_68,nan,"Jan van Eyck, Art, Old man, red robe, no tie, altarpiece, distinct facial features, quantumpunk, pigeoncore, meticulous design, spot metering, rector Franz Edward, c 1545, light red, dark maroon, large canvas format, arte povera, distinctive noses, 1000–1400 CE, Dutch realism, portrait, red pants, black robe, grandparentcore, patience of a saint, detailed facial features, painting of a man in red, luminist."
data\Dreamstudio/art\Pablo_Picasso_4.jpg,Pablo_Picasso_4.jpg,,DreamStudio,1,Pablo_Picasso_4,Pablo Picasso,"Pablo Picasso, Art, Person's paintings, Berlin secession, manapunk, portrait, bleaches, official art, album covers, post-impressionist fauvism, poignant, Jewish life scenes, manticore, oil portrait circa 1920, bold posters, mallgoth, rendered in Maya, exquisite craftsmanship, man in shirt and tie in front of painting, mythic-art nouveau, German expressionism, melding Mexican and American cultures, light yellow and dark orange, pseudo-historical fiction, psychological portraits, dark emerald and light crimson."
data\Midjourney/art\Vincent_van_Gogh_276.jpg,Vincent_van_Gogh_276.jpg,,Midjourney,1,Vincent_van_Gogh_276,Vincent van Gogh,"Vincent van Gogh, Art, Falcons in flight 1893, chiaroscuro sketches, raw materialism, trompe-l'œil illusionistic detail, detailed sketching, St Paul 1897, bird painting 1904, black and beige, forced perspective drawings, ultrafine detail, brooding mood, manticore, drawing of bird on top of other birds, panoramic scale, street art sensibilities, open bird flying over document, depictions of animals, American works on paper 1880–1950."
data\REAL\art_5400\Piet_Mondrian_9.jpg,Piet_Mondrian_9.jpg,Piet Mondrian,REAL,0,Piet_Mondrian_9,nan,"Piet Mondrian, Art, Red windmill, neo expressionism, distillation of forms, windmill painting, color and reds, German expressionism, punctured canvases, Dutch marine scenes, neo-mosaic, intense color swaths, trompe-l'œil, outlined big red windmill, melting pots, electric color schemes, heavy use of palette knives, oil painting, yellow mill in front, light red and cyan, etchings, 1860–1969, drip painting, woodcut."
data\DALL-E/art\Kazimir_Malevich_79.jpg,Kazimir_Malevich_79.jpg,,DALL-E,1,Kazimir_Malevich_79,Kazimir Malevich,"Kazimir Malevich, Art, Striped, man, red and blue shirt, open wrist, strong facial expression, disfigured forms, meticulous detail, contemporary Chinese art, ballet academia, soviet nonconformist art, portrait painting, light red and blue, hoop, azure, dappled, symmetrical, sovietwave, 1900-1917, expressive body language, intense gaze, queercore."
data\DALL-E/art\Pablo_Picasso_34.jpg,Pablo_Picasso_34.jpg,,DALL-E,1,Pablo_Picasso_34,Pablo Picasso,"Pablo Picasso, Art, House in foreground, trees, cubo-futurism, dark beige and emerald, shaped canvas, landscape inspirations, light brown and emerald, bold and daring compositions, tightly cropped compositions, road with farmhouses, geometric modernism, still life focus, 1900–1917, detailed foliage, asymmetrical forms, heavy shading, bold lines and shapes, French landscape, 1918–1939, interwar, terracotta."
data\REAL\art_5400\Edouard_Manet_9.jpg,Edouard_Manet_9.jpg,Edouard Manet,REAL,0,Edouard_Manet_9,nan,"Edouard Manet, Art, Painting of asparagus in baskets and on a table, large wooden pile, light white, green, azure, bronze, floral still-lifes, wrapped, trompe-l'oeil, 1860–1969 era, dramatic shading, piled/stacked, color-streaked, natural fibers, oil portraiture, bentwood"
data\REAL\art_5400\Pieter_Bruegel_57.jpg,Pieter_Bruegel_57.jpg,Pieter Bruegel,REAL,0,Pieter_Bruegel_57,nan,"Pieter Bruegel, Art, Engraving, nature, river, charming realism, precisionist art, landscape, Germanic art, highly detailed figures, Dutch realism, drawing, 1566, 1630, people, lithograph, commission, dansaekhwa, black and white, trees, water, landscape mastery, exacting precision, panorama, densely patterned imagery"
data\REAL\art_5400\Titian_72.jpg,Titian_72.jpg,Titian,REAL,0,Titian_72,nan,"Titian, Art, Portrait, Man with Beard, Robes, Dark Magenta, Dark Bronze, Black Cape, Jacket, Holding Envelope, Holding Book, Sacricore, Figura Serpentinata, Majestic Ports, Meticulous Detail, Explosive Pigmentation, Dadaist, Neo-Academism, Chiaroscuro Portraits, Exquisite Clothing Detail, Graceful Figures, Oil Painting"
data\REAL\art_5400\Pablo_Picasso_306.jpg,Pablo_Picasso_306.jpg,Pablo Picasso,REAL,0,Pablo_Picasso_306,nan,"Pablo Picasso, Art, Man playing guitar, Vienna Secession, Cosmic Jester, 1918-1939 interwar, striped painting, textured shading, 15th Century, elaborate costumes, masked person holding guitar, chiaroscuro portraitures, clowncore, excessivism, light emerald and red, 16th Century, detailed depiction, fanciful costume design, illusory wallpaper portraits, grotesque"
data\DALL-E/art\Paul_Gauguin_91.jpg,Paul_Gauguin_91.jpg,,DALL-E,1,Paul_Gauguin_91,Paul Gauguin,"Paul Gauguin, Art, Red spoon, bowl, fruit, art of Tonga, rim light, angular composition, vignettes of Paris, red shell with fruit, textural surface, tondo, wood, coconut, light red and bronze, 1860–1969, ultrafine detail, Soviet avant-garde, light black and red, 1900–1917, experimental pottery."
data\REAL\art_5400\Diego_Velazquez_10.jpg,Diego_Velazquez_10.jpg,Diego Velazquez,REAL,0,Diego_Velazquez_10,nan,"Diego Velazquez, Art, Painters at vineyard 1860-1866, Baroque-inspired drama, Majismo, Brown and amber, Heroic masculinity, Vacation dadcore, Picassoesque, Yankeecore, Man holding another man, Bucolic scenes, Lively group compositions, Caravaggism, Light pink and dark amber, Idealized beauty, People next to one another, Valentin de Boulogne, Playful genre scenes, Phoenician art, Earthy palette, Heroic masculinity, Absinthe culture, Drinking, Art historical allusions, Sabbas apterus"
data\DALL-E/art\Vincent_van_Gogh_483.jpg,Vincent_van_Gogh_483.jpg,,DALL-E,1,Vincent_van_Gogh_483,Vincent van Gogh,"Vincent van Gogh, Art, Painting of a man wearing a hat, coloristic intensity, iconic works of art history, light red and blue, strong facial expression, swirling vortexes, whistlerian, kombuchapunk, distinct facial features, self-portraits, derppunk, meticulous pointillism, light teal and light brown, portraitures with hidden meanings, 1000–1400 ce, light red and dark green."
data\StarryAI/art\Georges_Seurat_13.png,Georges_Seurat_13.png,,StarryAI,1,Georges_Seurat_13,Georges Seurat,"Georges Seurat, Art, Person, towns of Boucle, light emerald and dark beige, Pont-Aven school, landscape mastery, grainy, people on a boat by a lake, light gold, rectangular fields, villagecore, happenings, person on the beach, mosaic-like pointillism, captivating harbor views, light gold and green, depiction of rural life, low resolution, original oil painting, Lyme, large scale murals, holotone printing."
data\StarryAI/art\Jan_van_Eyck_15.png,Jan_van_Eyck_15.png,,StarryAI,1,Jan_van_Eyck_15,Jan van Eyck,"Jan van Eyck, Art, Jesus head portrait, beard, Renaissance perspective, anatomy, strong facial expression, sharp attention to detail, distinct facial features, realist attention to detail, male head full of beard and hair, Christian art and architecture, Massurrealism, carved head, biblical grandeur, naturalistic realism, realistic depiction of light"
data\DALL-E/art\Pierre-Auguste_Renoir_108.jpg,Pierre-Auguste_Renoir_108.jpg,,DALL-E,1,Pierre-Auguste_Renoir_108,Pierre-Auguste Renoir,"Pierre-Auguste Renoir, Art, Fruits on wood surface, impressionist colorism, 1900–1917, pink and amber, linear delicacy, impressionist gardens, trompe-l'œil illusionistic detail, incisioni series, oranges and roses, varying wood grains, barbizon school, light gold and magenta, decorative borders, applecore, oil painting, fruits and flowers, yellow background, light orange and magenta, expressionist: emotional intensity, installation-based, ultrafine detail, rusticcore"
data\DALL-E/art\Vincent_van_Gogh_357.jpg,Vincent_van_Gogh_357.jpg,,DALL-E,1,Vincent_van_Gogh_357,Vincent van Gogh,"Vincent van Gogh, Art, Surviving boots in front of an old rock, realist detail, oil portraiture, military and naval scenes, human-canvas integration, dieselpunk, socialist realism, dark chiaroscuro figurative paintings, war scenes, black and beige, several boots on a rock, light black and dark beige, trompe-l'œil illusionistic detail, dark reflections, rough clusters, dark gold and green, vintage boots sitting on the edge, post-apocalyptic themes, light bronze and black, dark green and dark beige"
data\REAL\art_5400\Rene_Magritte_1.jpg,Rene_Magritte_1.jpg,Rene Magritte,REAL,0,Rene_Magritte_1,nan,"Rene Magritte, Art, Three red leaves on a desert, three trees with brown, red leaves, big red leaves in space, classical symmetry, light orange and light gray, interwar period, spherical sculptures, monochromatic geometry, surrealist realism, light red and light beige, bulbous, graceful balance, subdued tranquility, symbolic iconography, surrealist automatons, still life, pale palette, naturalistic light and shadow, geometric surrealism, monochromatic shadows, symbolic elements, leaf patterns."
data\REAL\art_5400\Giotto_di_Bondone_15.jpg,Giotto_di_Bondone_15.jpg,Giotto di Bondone,REAL,0,Giotto_di_Bondone_15,nan,"Giotto di Bondone, Art, Man in church with surrounding figures, emerald and aquamarine hues, poignant symbolism, groundcore, confessional, Venetian scenes, figure in alcove, patience of saint, light emerald and brown colors, 1000-1400 CE, colorful sidewalk scenes, ghostly presence, sacrament of cross, green hues, religious buildings, highly staged scenes, ascension of devil and saint, forced perspective, tondo."
data\Dreamstudio/art\Rembrandt_50.jpg,Rembrandt_50.jpg,,DreamStudio,1,Rembrandt_50,Rembrandt,"Rembrandt, Art, Man riding horse, dark silver and yellow, light bronze and gray, portrait, grandiose environments, vignetting, grid, mist, anthropomorphic animals, light gray and light amber, 17th century, Barbizon School, master of the spray paint, Die Brücke, The New Fauves"
data\REAL\art_5400\Hieronymus_Bosch_69.jpg,Hieronymus_Bosch_69.jpg,Hieronymus Bosch,REAL,0,Hieronymus_Bosch_69,nan,"Hieronymus Bosch, Art, Devil's box, medieval period, surreal animal hybrids, trompe-l'œil illusionistic detail, domestic scenes, 1000-1400 CE, dusty piles, mechanical realism, clockpunk, mouse, richly detailed genre, creatures, gothic realism, online culture artifacts, aetherclockpunk, 500-1000 CE, grotesque, witches, realist detail, eroded interiors, manticore, post-internet art, playful machines."
data\REAL\art_5400\Georges_Seurat_19.jpg,Georges_Seurat_19.jpg,Georges Seurat,REAL,0,Georges_Seurat_19,nan,"Georges Seurat, Art, Harbour and sea, New Roche, subdued pointillism, secessionist style, muted colours, orderly symmetry, striped painting, light bronze and gold, pier with street below, light brown and light bronze, Pont-Aven School, saturated pigment pools, grainy, grandeur of scale, Port of Reims, pixelated realism, detailed miniatures, unprimed canvas, lithograph, Savannock beach, 1860-1969, moody and tranquil scenes."
data\REAL\art_5400\Claude_Monet_20.jpg,Claude_Monet_20.jpg,Claude Monet,REAL,0,Claude_Monet_20,nan,"Claude Monet, Art, Snow on a hill, yellow cottage, light pink, light cyan, cold and detached atmosphere, large-scale works, cabincore, redscale film, 'snow road', 1900 lithograph, sky-blue, pink, rural life depictions, oil painting, barn, two houses, snow scenes, light bronze, color field painting, simple village scene, light magenta, light azure."
data\Midjourney/art\Paul_Klee_25.jpg,Paul_Klee_25.jpg,,Midjourney,1,Paul_Klee_25,Paul Klee,"Paul Klee, Art, Abstract painting, brown and white, simplified figures, etchings, dark white, light orange, moche art, soft crosshatchings, rough gesturalism, puzzle-like pieces, drawing, human body, three different shapes, light amber, white, weathered materials, relief, earthy textures, 'tilled', beige, amber, organic formations, American works on paper 1880–1950, acrylic painting, pencil, dark beige, rough hewn surfaces, ceramic, symbolic figures, contour line."
data\Midjourney/art\Kazimir_Malevich_88.jpg,Kazimir_Malevich_88.jpg,,Midjourney,1,Kazimir_Malevich_88,Kazimir Malevich,"Kazimir Malevich, Art, Yellow paper triangle, gum bichromate, minimalist simplicity of forms, orange and gold, 1900-1917, highly polished surfaces, careful composition, golden light, gravure printing, white background, free-form compositions, daring compositions, minimalist geometry, folded planes, single object, poured paint."
data\Midjourney/art\Pieter_Bruegel_119.jpg,Pieter_Bruegel_119.jpg,,Midjourney,1,Pieter_Bruegel_119,Pieter Bruegel,"Pieter Bruegel, Art, Late medieval age, journey of soldiers, die brücke, hidden details, yellow and crimson, dadaism, transportcore, ming dynasty, german romanticism, horses pulling boat, medieval dress, military armor, trompe-l'œil illusionistic detail, colorful street murals, light yellow and red, creative commons attribution, medieval city scene, celebration of rural life, installation-based, detailed crowd scenes, dark yellow and red, battle of lord's day, nostalgic rural life depictions, colorful muralist, realist detail, transfer"
data\Midjourney/art\Edvard_Munch_28.jpg,Edvard_Munch_28.jpg,,Midjourney,1,Edvard_Munch_28,Edvard Munch,"Edvard Munch, Art, Old man, orange chair, sitting, fireplace, interwar period, large-scale, fluid figuratism, oil painting, light pink, indigo, dark orange, light crimson, expressionistic depictions, pensive stillness, interior scenes, figura serpentinata, wealthy portraiture, garden, Berlin Secession, flowing draperies, women artists."
data\REAL\art_5400\Giotto_di_Bondone_58.jpg,Giotto_di_Bondone_58.jpg,Giotto di Bondone,REAL,0,Giotto_di_Bondone_58,nan,"Giotto di Bondone, Art, Religious painting, Jesus in front of throne among disciples, death of Jesus VIII, light red, light emerald, atmospheric impressionistic scenes, tondo, 500–1000 CE, theatrical gestures, hall of mirrors, creative commons attribution, group gathered around a figure, light green, dark crimson, sanctuary, lively brushwork, luminous shadowing, Jesus sitting in room, ethereal, ghostly figures, emotional gestures, arched doorways, candid moments captured"
data\Dreamstudio/art\Rembrandt_144.jpg,Rembrandt_144.jpg,,DreamStudio,1,Rembrandt_144,Rembrandt,"Rembrandt, Art, Portrait of a man, black cap, appropriation art, light maroon, indigo, new fauves, joyful, optimistic, delicate washes, mirror, Hans Gallerist light brown, saturated palette, dark indigo, light green, singular focus, dark yellow, light crimson, hat, dark amber, pink, light bronze, working-class empathy, raw authenticity, arabesque/scroll, creative commons attribution, expressive facial features, distinctive noses, tondo."
data\Midjourney/art\Rene_Magritte_67.jpg,Rene_Magritte_67.jpg,,Midjourney,1,Rene_Magritte_67,Rene Magritte,"Rene Magritte, Art, Two figures in surreal portraiture, chiaroscuro, realism, men and women conversation, visionary, blue skies, movie poster aesthetics, letras y figuras, black paintings, reflections, mirroring, storytelling, face directions, atmospheric, silence, language-based, poignant, lips detailing, landscape surrealism, mirror usage, Spanish enlightenment, text-based, grainy film texture."
data\REAL\art_5400\Rene_Magritte_61.jpg,Rene_Magritte_61.jpg,Rene Magritte,REAL,0,Rene_Magritte_61,nan,"Rene Magritte, Art, White head painting with an eye, neoclassical themes, realistic blue skies, 1918–1939 interwar period, somber mood, iconic imagery, punctured canvases, head painting with all over details, chiaroscuro portraiture, classical landscapes, dreamlike figures, split toning, head beside water, vanitas paintings, eroded interiors, majestic figures, red sand, classical portraiture, blink-and-you-miss-it detail, surreal dreamlike imagery."
data\Midjourney/art\Alfred_Sisley_127.jpg,Alfred_Sisley_127.jpg,,Midjourney,1,Alfred_Sisley_127,Alfred Sisley,"Alfred Sisley, Art, Countryside road, impressionist-landscapes, rural landscapes, road outside a village, late impressionism, light gray, green, trompe-l'oeil, light pink, light black, candid, natural scenery, path next to fields, light gray, light pink, light green, loose figuration, suburban ennui, street with houses in background, pastoral landscape, die brücke, lightbox."
data\Dreamstudio/art\Raphael_46.jpg,Raphael_46.jpg,,DreamStudio,1,Raphael_46,Raphael,"Raphael, Art, Madonna and two children, crimson and azure, high Renaissance, natural and man-made elements, dignified poses, pastoral settings, sky-blue and red, sense of harmony, meticulous linework precision, early renaissance, Italian landscapes, golden age aesthetics, hard-edged painting, ornithological accuracy, mother with baby children, basket, natural beauty."
data\REAL\art_5400\Henri_Matisse_133.jpg,Henri_Matisse_133.jpg,Henri Matisse,REAL,0,Henri_Matisse_133,nan,"Henri Matisse, Art, Painting of woman with black eye, woman with necklace, woman with long hair, young woman with pearl, eastern orthodox icons, Qajar art, light brown, black, expressive facial features, interwar period 1918-1939, Bloomsbury group, dark beige, confessional, 500-1000 CE, 1860-1969 era, expressive eyes"
data\REAL\art_5400\Vincent_van_Gogh_31.jpg,Vincent_van_Gogh_31.jpg,Vincent van Gogh,REAL,0,Vincent_van_Gogh_31,nan,"Vincent van Gogh, Art, Rainy field, houses background, gold, azure, contour line, 1900-1917, vibrant color fields, whistlerian, mottled, calculated, public domain etching, light yellow, deconstructed landscapes, oil and enamel paintings, installation-based, tree countryside, rectangular fields, terraced cityscapes, fragmented, sky-blue, beige, red field, light bronze, tempera, commission for, 1860-1969"
data\REAL\art_5400\Albrecht_Durer_104.jpg,Albrecht_Durer_104.jpg,Albrecht Durer,REAL,0,Albrecht_Durer_104,nan,Albrecht_Durer_104
data\StarryAI/art\Hieronymus_Bosch_50.png,Hieronymus_Bosch_50.png,,StarryAI,1,Hieronymus_Bosch_50,Hieronymus Bosch,"Hieronymus Bosch, Art, Oil painting, people floating in darkness, trompe-l'œil illusionistic detail, dark amber, black, mysterious jungle, grotesque imagery, naturalistic depth, fantastical ruins, dark reflections, grotesque figures, American tonalism, old man, mermaid, romanticized depictions of wilderness, nightmarish imagery, 1860–1969, meticulous detail, intricate underwater worlds, underwater scenes, seaweed, birds, fishes, contrasting lights and darks, oil on copper"
data\REAL\art_5400\Francisco_Goya_150.jpg,Francisco_Goya_150.jpg,Francisco Goya,REAL,0,Francisco_Goya_150,nan,"Francisco Goya, Art, Person receiving relics, high contrast chiaroscuro, dark white and dark gold, oil portraitures, god rays, distinctive noses, man in black receiving bishop's benediction, expressive use of light, coat ceremony 1626, sunrays shine, socialist realism, gothic realism, neo-academism, sacrificial priesthood, use of light and shadow, concise brushwork techniques, gothic references, polished craftsmanship"
data\REAL\art_5400\Edgar_Degas_362.jpg,Edgar_Degas_362.jpg,Edgar Degas,REAL,0,Edgar_Degas_362,nan,"Edgar Degas, Art, Outdoor painting, horses, jockeys, field, light red, dark emerald, pastel colors, grainy textures, rim light, princesscore aesthetic, undulating lines, dark cyan, yellow, hill scene, dark crimson, green, iconic art history, whistlerian style, working-class empathy, horizon views, tupinipunk, fauvist influence, mountain views, light crimson, color field painting, black paintings, distinct noses, skillful depiction, inscription on the back, dark orange, light green, realistic landscape, energetic figures, spiky mounds, happenings,  carnivalesque atmosphere."
data\REAL\art_5400\Vincent_van_Gogh_296.jpg,Vincent_van_Gogh_296.jpg,Vincent van Gogh,REAL,0,Vincent_van_Gogh_296,nan,"Vincent van Gogh, Art, Rain covered fields, Vienna Secession, light violet and emerald, cyclorama, finely textured brushwork, linear movement, woodblock prints, pre-raphaelite realism, rural landscapes, raw figuration, net art, rain scene, rectangular fields, light violet and green, chalk, high resolution, field of green and snow, light violet and dark azure, naive drawing, dark sky-blue and beige, French countryside, contour line, relief."
data\REAL\art_5400\Francisco_Goya_204.jpg,Francisco_Goya_204.jpg,Francisco Goya,REAL,0,Francisco_Goya_204,nan,"Francisco Goya, Art, Black and white drawing, animals on railing, brutal action, staining, strong contrast, gorpcore, repetitive, bull depiction, candid photojournalism, hispanicore, dusty piles, negative space usage, war scenes, ballet academia, cattle and shepherd, daring experimentation, black-and-white etchings, classical balance, animals and people in water, violent, clean sharp inking, lively tableaus, working-class empathy."
data\REAL\art_5400\Andy_Warhol_25.jpg,Andy_Warhol_25.jpg,Andy Warhol,REAL,0,Andy_Warhol_25,nan,"Andy Warhol, Art, Three sheets of money bags and dollars, light silver and dark green, large scale murals, ps1 graphics, miniaturecore, white border around a white table with green and white colored dollars, dark silver and dark purple, appropriated images, rectilinear forms, repetition, light green and dark black, various denominations of denomination money from a hat, stencil art, rectilinear forms, six dollar bills shown on the counter, detailed realism, 1970–present, Childhood arcadias."
data\Dreamstudio/art\Francisco_Goya_289.jpg,Francisco_Goya_289.jpg,,DreamStudio,1,Francisco_Goya_289,Francisco Goya,"Francisco Goya, Art, Painting of woman holding large jar, historical reproductions, free brushwork, melting pots, washed-out, girl with olive in basket, light sky-blue and light brown, decorative vessels, absinthe culture, presentation of human form, golden age aesthetics, stylish costume design, loose and fluid, woman holding a bucket, quadratura, grid, light indigo and light brown, lady with red sack in hand."
data\Midjourney/art\Rembrandt_132.jpg,Rembrandt_132.jpg,,Midjourney,1,Rembrandt_132,Rembrandt,"Rembrandt, Art, Boat in rough sea, biblical grandeur, chiaroscuro, sense of movement, reimagined religious art, neue sachlichkeit, bold yet graceful, stormy boat, religious subjects, dark white and yellow, uniformly staged images, 8k resolution, spectacular backdrops, lively movement, noble figures, large boat carrying people, faith-inspired art, washed-out, atmospheric lighting, official art, dramatic somber religious works, dark sky-blue and light amber, dramatic movement, tumblewave, nabis, wimmelbilder."
data\StarryAI/art\Edvard_Munch_35.png,Edvard_Munch_35.png,,StarryAI,1,Edvard_Munch_35,Edvard Munch,"Edvard Munch, Art, Woman in coat, front of windows, expressionist emotiveness, German modernism, strong facial expression, light red and dark green, light gray and indigo, pensive stillness, Bauhaus, jacket, standing by window, functional design, 1900-1917, expressionist angst, self-portrait, sharp brushwork, outside, secessionist style, harsh lighting, fleeting brushstrokes, distinctive characters."
data\DALL-E/art\Jackson_Pollock_1.jpg,Jackson_Pollock_1.jpg,,DALL-E,1,Jackson_Pollock_1,Jackson Pollock,"Jackson Pollock, Art, Abstract painting, black, white, brown, yellow streaks, colorful complexity, post-world war ii art, pulled, scraped, scratched, intricate, erudite, high-keyed palette, fine detailed, black staining, dark yellow and red, scattered composition, threaded tapestries, dark green and dark gray, grandiose color schemes, distressed surfaces, arabesque/scroll, hellish background, multilayered, harmonious coloration, dark silver, splattered/dripped, energetic strokes."
data\StarryAI/art\Paul_Klee_112.png,Paul_Klee_112.png,,StarryAI,1,Paul_Klee_112,Paul Klee,"Paul Klee, Art, Yellow and blue area, stylized figures, light magenta, dark beige, etchings, colorful composition, European symbolism, elongated forms, symbolist watercolors, light yellow, light pink, suspended/hanging elements, allover composition, post-war European art, abstract birds and flowers, columns and totems, carpetpunk, ink and color, people, flying birds, sky, architectonic motifs, stylized figures, constructivist roots, patinated and oxidized, elongated forms, rug"
data\DALL-E/art\Amedeo_Modigliani_176.jpg,Amedeo_Modigliani_176.jpg,,DALL-E,1,Amedeo_Modigliani_176,Amedeo Modigliani,"Amedeo Modigliani, Art, Long brown hair woman, light crimson, indigo, Wimmelbilder, young woman, light orange, dark crimson, exaggerated facial features, light beige, black paintings, serene faces, colorized, Romanesque art, 1900–1917, oil portraitures, Dansaekhwa"
data\REAL\art_5400\Edgar_Degas_191.jpg,Edgar_Degas_191.jpg,Edgar Degas,REAL,0,Edgar_Degas_191,nan,"Edgar Degas, Art, Dancers on stage, pink and green, late impressionism, dancing with ballet dancers, pastel-colored scenes, dark pink and light green, delicate flowers, trompe-l'œil illusionistic detail, uniformly staged images, representational, dreamlike creatures, ballet portrait, dancing in the ballroom, avian-themed, princesscore, light green and orange, dynamic brushwork vibrations, loose gestures, sparklecore"
data\DALL-E/art\Joan_Miro_97.jpg,Joan_Miro_97.jpg,,DALL-E,1,Joan_Miro_97,Joan Miro,"Joan Miro, Art, Yellow painting, surrealist motifs, light yellow and light bronze, Quito school, bleaches, dream-like imagery, avian-themed, mystical portraits, figurative art, multiple flying animals, chalk art, colorfield painting, poignant symbolism, human head surrounded by yellow shapes, mystical allegorical scenes, brunaille underpainting, monumental murals, blink-and-you-miss-it detail, 'Nothin But Love' painting, whimsical and fantastical elements"
data\REAL\art_5400\Caravaggio_27.jpg,Caravaggio_27.jpg,Caravaggio,REAL,0,Caravaggio_27,nan,"Caravaggio, Art, Resurrection of Christ, Caravaggesque chiaroscuro, dark white and dark beige, optical illusion paintings, aesthetic movement, playful repetitions, manticore, high-angle, Catholic university, mysterious nocturnal scenes, dense compositions, sanctuary, Baroque ornate and dramatic compositions, illusionistic ceiling frescoes, dramatic diagonals, Phoenician art, biblical drama, undefined anatomy, multi-layered compositions, confessional."
data\REAL\art_5400\Edgar_Degas_302.jpg,Edgar_Degas_302.jpg,Edgar Degas,REAL,0,Edgar_Degas_302,nan,"Edgar Degas, Art, Lady in black, oil painting on canvas, etchings, light brown, light black, subdued tones, dark crimson, dark brooding design, woman sitting in window, dark beige, elegant subjects, large-scale, uniformly staged, fine detail emphasis, woman with hat sitting on couch, noble subjects, muted colors, chiaroscuro portrayals, grayscale, woman sitting in a chair, mirror rooms, picassoesque, whistlerian."
data\REAL\art_5400\Francisco_Goya_72.jpg,Francisco_Goya_72.jpg,Francisco Goya,REAL,0,Francisco_Goya_72,nan,"Francisco Goya, Art, Woman with candle, dark painting, disfigured forms, theatrical exuberance, goblin academia, master of shadows, figures in motion, dark palette, witchy academia, shadowy intensity, uniformly staged images, dark green and light black, bibliographic anomalies, loose gestures"
data\REAL\art_5400\Andy_Warhol_136.jpg,Andy_Warhol_136.jpg,Andy Warhol,REAL,0,Andy_Warhol_136,nan,"Andy Warhol, Art, Beethoven, music, politics, international cooperation, pop art silkscreening, dark amber, blue, coloristic, classical precision, lyrical line-work, dynamic color, chalky, man's music sheet, dark pop art, classical influence, celebrity-portraits, deconstructive, man in blue clothing, preparing notes, pop-art graphics, symphonies, captivating gaze, mosscore, person drawing musical score, art gallery, classical portraits, dark cyan, light beige, bold colors, dynamic lines, lucid developments of subjects, mottled."
data\REAL\art_5400\Francisco_Goya_212.jpg,Francisco_Goya_212.jpg,Francisco Goya,REAL,0,Francisco_Goya_212,nan,"Francisco Goya, Art, Group of people around a table, dark white and green, American tonalism, Spanish enlightenment, play with light and shadow, dollcore, grandiose portraits, spot metering, family portrait, women gathered, trick of the eye painting, painting and writing tools, depiction of aristocracy, queer academia, medicalcore, silk painting, 'wedding scene', meld of Mexican and American culture, darktable processing, absinthe culture, 1820, 1860–1969."
data\Dreamstudio/art\Henri_Matisse_13.jpg,Henri_Matisse_13.jpg,,DreamStudio,1,Henri_Matisse_13,Henri Matisse,"Henri Matisse, Art, Bowl of fruit, cup, utensils, impressionist-landscapes, luminous glazes, goosepunk, dark purple and yellow, strip painting, table, light yellow and dark violet, melting pots, eastern brushwork, oil on canvas, color-light, porcelain, absinthe culture, viennese secession, bloomsbury group"
data\Midjourney/art\Pierre-Auguste_Renoir_27.jpg,Pierre-Auguste_Renoir_27.jpg,,Midjourney,1,Pierre-Auguste_Renoir_27,Pierre-Auguste Renoir,"Pierre-Auguste Renoir, Art, Avenue of trees painting, church, nouveau réalisme, hispanicore, transavanguardia, tondo, vernacular architecture, high resolution, precise simplicity, folk/naïve, dirt road, les automatistes, les nabis, charming realism, streetscape, passage, silver and azure"
data\StarryAI/art\Joan_Miro_35.png,Joan_Miro_35.png,,StarryAI,1,Joan_Miro_35,Joan Miro,"Joan Miro, Art, African man portrait with paint palette, yellow and green hues, Japanese woodblock prints influence, feminist iconography, Mexican muralism, brightly colored graffiti-esque style, collaborative activism, folkloric portraits, woodcut, striped painting, psychedelic influences, dark yellow and light green, strip painting, self-portrait, oil painting, California art style, yellow and violet, Harlem Renaissance, symbolic self-portraits, Dadaism, 1970–present era, Bengal school of art."
data\DALL-E/art\Vincent_van_Gogh_178.jpg,Vincent_van_Gogh_178.jpg,,DALL-E,1,Vincent_van_Gogh_178,Vincent van Gogh,"Vincent van Gogh, Art, Yellow and pink flowers in vase, 1860-1969, black paintings, dark orange, dark green, varied textures, lightbox, abundant paint, orange and yellow flowers, light yellow, dark pink, emphasis on texture, high resolution, white vase, pre-raphaelites, light crimson, wooden table, elaborate detail, vernal color palettes"
data\REAL\art_5400\Pierre-Auguste_Renoir_210.jpg,Pierre-Auguste_Renoir_210.jpg,Pierre-Auguste Renoir,REAL,0,Pierre-Auguste_Renoir_210,nan,"Pierre-Auguste Renoir, Art, Washing by the river, playful symbolism, vibrant murals, hand-coloring, aquamarine, framed women, childlike innocence, charm, tempera, depictions of labor, working-class empathy, neo-impressionist pointillism, impressionist sensibilities, landscape inspirations, bentwood, three women and children fetching bread in woods, chromatic post-impressionism, saturated pigment pools, pictures generation, melting pots, Pont-Aven school, high resolution"
data\Midjourney/art\Edgar_Degas_216.jpg,Edgar_Degas_216.jpg,,Midjourney,1,Edgar_Degas_216,Edgar Degas,"Edgar Degas, Art, Ballet girl studio, light purple, sky-blue, dark aquamarine, light violet, light indigo, columns and totems, orderly arrangements, lively group compositions, hall of mirrors, bronze, die brücke, installation-based, machine-like precision, atmospheric impressionistic scenes, grainy, solarization, nabis, dance classes, large-scale murals, sanctuary, dynamic balance."
data\REAL\art_5400\Titian_73.jpg,Titian_73.jpg,Titian,REAL,0,Titian_73,nan,"Titian, Art, Portrait of a man holding a book, dark maroon and brown, elegantly formal, contrasting, black wig, elegant subjects, crimson, young man sitting in black coat, Florentine Renaissance, vibrant portraits, Renaissance painting, light maroon, handsome, pictorial."
data\REAL\art_5400\Marc_Chagall_94.jpg,Marc_Chagall_94.jpg,Marc Chagall,REAL,0,Marc_Chagall_94,nan,"Marc Chagall, Art, Abstract painting, various figures, lithograph, color splash, concert poster, cosmic jester, splattered/dripped, silkscreen, strong facial expressions, c 1968, bold, cartoonish lithographs, kabuki theater, high resolution, child with umbrella on face, abstract expressionist figures, colorful grotesques, nabis, aerial view, elephant with yellow hair, tightly composed scenes."
data\REAL\art_5400\Pierre-Auguste_Renoir_248.jpg,Pierre-Auguste_Renoir_248.jpg,Pierre-Auguste Renoir,REAL,0,Pierre-Auguste_Renoir_248,nan,"Pierre-Auguste Renoir, Art, Stormy waves on beach, 1890-1917, watercolor washes, silver, blue, light violet, gray, dark azure, light green, indigo, light yellow, impressionist-landscapes, oil paintings, solarization, realism, marine paintings, waves crashing, cloudy sky, ocean academia, impressionist coloration, gestural realism, dark sky-blue"
data\REAL\art_5400\Paul_Cezanne_46.jpg,Paul_Cezanne_46.jpg,Paul Cezanne,REAL,0,Paul_Cezanne_46,nan,"Paul Cezanne, Art, Supper of the Lamb, dark yellow, dark red, organized chaos, digitally enhanced, art of Burma, 1860–1969, spiral group, Jesus after the supper, expressionist chaos, Qajar art, tightly composed scenes, saturated palette, late 19th century, dark expressionism, chaotic expressionism, oil, expressionist imagery, painting of people with food, color-streaked, Byzantine art, hellish, intense color saturation."
data\REAL\art_5400\Peter_Paul_Rubens_110.jpg,Peter_Paul_Rubens_110.jpg,Peter Paul Rubens,REAL,0,Peter_Paul_Rubens_110,nan,"Peter Paul Rubens, Art, Arnulf and Orpheus, earthy naturalism, alchemical symbolism, serene pastoral scenes, relational aesthetics, organic realism, two men sitting next to a cow, natural symbolism, twisted branches, natural phenomena, 500–1000 CE, two deer and three men next to a cow, emotional naturalism, golden age aesthetics, performance, The Narcissist, oil on canvas, 1650, art of the upper Paleolithic, pastoral landscape, pictorialist, Mycenaean art, naturalistic details"
data\DALL-E/art\Henri_de_Toulouse-Lautrec_12.jpg,Henri_de_Toulouse-Lautrec_12.jpg,,DALL-E,1,Henri_de_Toulouse-Lautrec_12,Henri de Toulouse-Lautrec,"Henri de Toulouse-Lautrec, Art, Old poster for Jardin de Paris, woman in blue tights, dancer, light yellow, dark orange, black and white drawings, bold, cartoonish lines, wrought iron, depictions of aristocracy, neo-dadaism, passage, comic strip-esque, light orange, dark brown, trompe-l'oeil graffiti, animated exuberance, poignant symbolism, cultural satire, poster art, light amber, black, comical choreography, expressive movement, captivating visual storytelling."
data\REAL\art_5400\Paul_Gauguin_178.jpg,Paul_Gauguin_178.jpg,Paul Gauguin,REAL,0,Paul_Gauguin_178,nan,"Paul Gauguin, Art, Man sitting with canoe, chiaroscuro portraitures, textural prints, fresco, kneeling man fishing, dark beige and black, atmospheric etchings, acrobatic self-portraits, art of the upper paleolithic, Neanderthal men in canoe, 1680's, Indian Linwood Park Indiana, renaissance-inspired chiaroscuro, Japanese prints, distressed surfaces, panel composition mastery, subtle chiaroscuro, chalk, 1900-1917, man with spear, chiaroscuro woodcuts, contemporary siren, brunaille underpainting, 16th century, slumped/draped."
data\REAL\art_5400\Pablo_Picasso_233.jpg,Pablo_Picasso_233.jpg,Pablo Picasso,REAL,0,Pablo_Picasso_233,nan,"Pablo Picasso, Art, Portrait of a man, black hair, light beige, light amber, Vienna Secession, Creative Commons Attribution, charming sketches, distinctive noses, bulbous, French origin, C 1906, light orange, comic art, close-up, non-representational art, portraitures, elegant inking techniques, man in head scarf, light yellow, ultrafine detail, characterful pen and ink, terracotta, light brown, chiaroscuro portraitures."
data\Midjourney/art\Kazimir_Malevich_101.jpg,Kazimir_Malevich_101.jpg,,Midjourney,1,Kazimir_Malevich_101,Kazimir Malevich,"Kazimir Malevich, Art, Bauhaus-inspired abstract painting, geometric figures with lines and triangle, columns and totems, frequent use of diagonals, overlapping shapes, graceful balance, colorized, loose gestures, red shapes and blue lines, Vienna secession, light yellow and light magenta, asymmetric designs, diagonal composition of square blocks, 1900–1917 period, coloristic, sharp brushwork, constructivist roots, strong use of color, modernist sensibilities."
data\Midjourney/art\Paul_Klee_58.jpg,Paul_Klee_58.jpg,,Midjourney,1,Paul_Klee_58,Paul Klee,"Paul Klee, Art, Colorful abstract painting, tree, elongated figures, light pink, light black, richly colored, large canvas, yellow, 1918–1939 interwar, biomorphic forms, Dogon art, black paintings, abstraction-création, outlined art, twisted branches, light pink, dark gray, symbolist watercolors, woodcarvings, skillful composition, 1960, grotesques, architectonic motifs, pink, amber, gouache."
data\REAL\art_5400\Andrei_Rublev_77.jpg,Andrei_Rublev_77.jpg,Andrei Rublev,REAL,0,Andrei_Rublev_77,nan,"Andrei Rublev, Art, Medieval Russian drawing, 1873 print, computer-aided manufacturing, narrative sequences, lively tableaus, monumentalism, ancient city depiction, black-and-white graphic, altarpiece, 15th century, distillation of forms, town representation, small buildings, wood engraving, mountainous vistas, tarot card, noble figures, multi-layered compositions, old city illustration, old trees, energetic figures, hall of mirrors, irregular linear forms, commission"
data\REAL\art_5400\Pablo_Picasso_431.jpg,Pablo_Picasso_431.jpg,Pablo Picasso,REAL,0,Pablo_Picasso_431,nan,"Pablo Picasso, Art, Mamut, violet and green self-portrait, balanced compositions, women artists, dark sky-blue and light beige, simplified figures, black paintings, large painting, woman in green and purple blouse, strong facial expression, online sculpture, symmetrical asymmetry, vanitas paintings, abstract figure, distinct facial features, man with purple hat, dark sky-blue and light green, geometric modernism, distinctive characters, orphism, punctuated caricature."
data\Midjourney/art\Sandro_Botticelli_76.jpg,Sandro_Botticelli_76.jpg,,Midjourney,1,Sandro_Botticelli_76,Sandro Botticelli,"Sandro Botticelli, Art, Realistic depictions of human form, gothic references, painting with woman and statue of a male god, renaissance perspective and anatomy, light gold and black, loose gestures, black paintings, woman with an acrobat on her belly, odd juxtapositions, Botticelli-esque figures, massurrealism, illusionary architectural elements, black and amber, Romanesque art, forced perspective"
data\DALL-E/art\Vincent_van_Gogh_322.jpg,Vincent_van_Gogh_322.jpg,,DALL-E,1,Vincent_van_Gogh_322,Vincent van Gogh,"Vincent van Gogh, Art, Watercolor painting of a tree, atmospheric impressionistic cityscapes, modern impressionism, impressionist-landscapes, painting of a tree, vignettes of Paris, colorful ink wash paintings, light sky-blue and dark yellow, Manapunk, post-war European art, watercolor painting of a tree with no leaves, encaustic painting, three white trees on a farm in watercolors, 1860–1969, light indigo and amber, densely patterned imagery"
data\REAL\art_5400\Francisco_Goya_277.jpg,Francisco_Goya_277.jpg,Francisco Goya,REAL,0,Francisco_Goya_277,nan,"Francisco Goya, Art, Painting of a man holding an easel, outside and in front of window, backlight, delicacy of touch, extremely gendered, working-class subjects, melting pots, goosepunk, fanciful costume design, lively tableaus, black paintings, multi-layered, tondo, abundant paint, mirror, Spanish school, hispanicore, 1860-1969 period, androgynous, soviet, reflections"
data\REAL\art_5400\Paul_Cezanne_10.jpg,Paul_Cezanne_10.jpg,Paul Cezanne,REAL,0,Paul_Cezanne_10,nan,"Paul Cezanne, Art, Bottle, fruit, cloth, glass, juice, apple, blanket, person, table, alcoholic beverages, wine, light navy, light emerald, light red, light gray, dark blue, dark green, red, light orange, teal, silver, green, light beige, indigo, art historical allusions, lively tableaus, reductive, elegant subjects, biedermeier, picassoesque, roguecore, use of fabric, exquisite brushwork, sharp brushwork, fauvist, 19th century, functional aesthetics, melancholic atmosphere."
data\Dreamstudio/art\Kazimir_Malevich_33.jpg,Kazimir_Malevich_33.jpg,,DreamStudio,1,Kazimir_Malevich_33,Kazimir Malevich,"Kazimir Malevich, Art, Outdoor oil painting, tall trees in a field, winter setting, snow scenes, pointillist dots and dashes, light gray, gold, light brown, sky-blue, light azure, light amber, orange, mosaic-like composition, precisionist lines, Danish golden age, multiple points of view, hard-edged lines, delicate pointillism, Viennese Secession, romanticized realism, meticulous lines, punctured canvases, golden age aesthetics."
data\REAL\art_5400\Peter_Paul_Rubens_95.jpg,Peter_Paul_Rubens_95.jpg,Peter Paul Rubens,REAL,0,Peter_Paul_Rubens_95,nan,"Peter Paul Rubens, Art, Armor-clad figure, red shirt, warrior depiction, chiaroscuro, soft-edged, hard-edged, grandiose color schemes, symbolic nabis, cinquecento, dark green, crimson, richly colored, contrasting, King of the Spanish, azure, meticulous detail, representational, renaissance influence, heroic, dark red, dark cyan, close up, uniformly staged images, bold color schemes."
data\REAL\art_5400\Paul_Klee_1.jpg,Paul_Klee_1.jpg,Paul Klee,REAL,0,Paul_Klee_1,nan,"Paul Klee, Art, Abstract arches, light maroon and brown, Dayak art, Dogon art, East Village art, yellow, orange and brown squares, abstract painting, arched doorways, elongated figures, woodblock print, piles/stacks, light red and dark gray, symmetrical figures, light amber and red, terraced cityscapes, abstract cats, Benin art, light brown and maroon, light orange and dark gray, confessional."
data\Dreamstudio/art\Paul_Klee_54.jpg,Paul_Klee_54.jpg,,DreamStudio,1,Paul_Klee_54,Paul Klee,"Paul Klee, Art, House with red road, letras y figuras, mosaic composition, romantic moonlit seascapes, rationalism, distinct shapes, regionalism, orange and green, street in red and orange, soviet avant-garde, richly layered, symbolic iconography, texture-rich landscapes, 1918–1939 interwar era, assemblage, detailed compositions, eastern orthodox icons, cubist fragmentation of form, dark red and orange, trompe-l'œil illusionistic detail."
data\DALL-E/art\Edgar_Degas_506.jpg,Edgar_Degas_506.jpg,,DALL-E,1,Edgar_Degas_506,Edgar Degas,"Edgar Degas, Art, Two ballerinas, light violet and light crimson, working-class subjects, light green, frayed, graphite sketches, exquisite clothing detail, museum gallery dioramas, costumes, pensive poses, chalk, post-impressionist colorism, shoe paintings, emotional gestures, organized chaos, Pont-Aven School, dance, vibrant pastels, light beige, hand-coloring, melting pots, emotional."
data\REAL\art_5400\Raphael_76.jpg,Raphael_76.jpg,Raphael,REAL,0,Raphael_76,nan,"Raphael, Art, Nativity scene, delicate landscapes, light emerald, dark azure, classical portraiture, Madonna and Child, large canvas size, aerial view, Christian art and architecture, all-over composition, beige, delicate washes, spatial, sky-blue and green, technology-based art, Italian landscapes, 16th century, allegorical composition, light magenta, UHD image, alla prima."
data\REAL\art_5400\Alfred_Sisley_94.jpg,Alfred_Sisley_94.jpg,Alfred Sisley,REAL,0,Alfred_Sisley_94,nan,"Alfred Sisley, Art, Seine 1862, oil on canvas, impressionist-landscapes, pointillist landscapes, symbolic figurative landscapes, freehand painting, cottagepunk, raw figuration, serene scenes, people passing by river path, light azure, cabincore, woods and river, calm waters, road near trees in city, France"
data\Midjourney/art\Titian_102.jpg,Titian_102.jpg,,Midjourney,1,Titian_102,Titian,"Titian, Art, Painting depicting scenes with many people and animals gathered by the woods, mythological realism, evening setting, diverse color palette of light amber, indigo, bronze, white, navy, light brown, 500-1000 CE, 1st version, Group Zero, Italian landscapes, Dau-al-Set, Dansaekhwa, light themes of parodies and pastiches, fawncore, Garden of Paradise, feminine body representation, Wimmelbilder style."
data\REAL\art_5400\Joan_Miro_82.jpg,Joan_Miro_82.jpg,Joan Miro,REAL,0,Joan_Miro_82,nan,"Joan Miro, Art, Yellow painting, circles, squares, blue sphere, dark sky-blue, violet, energetic, charismatic, bold, cartoonish lithographs, blue circle, black ball, yellow square, fanciful figures, cosmic dream-like atmosphere, cosmic landscape, happy expressionism, dotted, light purple, light crimson, post-war European art, graceful movement, ink, dreamlike quality, large canvas sizes."
data\REAL\art_5400\Edgar_Degas_205.jpg,Edgar_Degas_205.jpg,Edgar Degas,REAL,0,Edgar_Degas_205,nan,"Edgar Degas, Art, Sitting in room reading, romanticism influence, dark white and light bronze, sovietwave, Victorian era, naturalistic lighting, Whistlerian, gentle expressions, girl in long dress sitting at desk, expressionist emotional intensity, silhouette lighting, 1860–1969, still life painting, young girl resting beside antique dresser, Neo-Dadaism, light gray and brown, Meiji art, working-class empathy, Helsinki school, young lady in a room, monochromatic contemplation, melancholic symbolism, study place"
data\Midjourney/art\Francisco_Goya_7.jpg,Francisco_Goya_7.jpg,,Midjourney,1,Francisco_Goya_7,Francisco Goya,"Francisco Goya, Art, Old black and white drawing, two men and owl, dadaism, sovietwave, staining, ritualistic masks, 1860-1969, depiction of animals, blunt brushstrokes, man and cat sitting by table, room interior, interwar period, bunnycore, pencil and ink drawings, bold shadows, medievalist, catcore, lithograph, pig and sax depiction, dark expressionism, sketchy."
data\REAL\art_5400\Pierre-Auguste_Renoir_156.jpg,Pierre-Auguste_Renoir_156.jpg,Pierre-Auguste Renoir,REAL,0,Pierre-Auguste_Renoir_156,nan,"Pierre-Auguste Renoir, Art, Impressionist colorism, figure-focused, organized chaos, trompe-l'œil illusionistic detail, light orange and light indigo, mirror rooms, painting on a table, children around, curved mirrors, close-up intensity, light brown and light beige, feminine affluence, distinctive noses, colorful washes, voluminous mass, naive childlike, bleaches, ultrafine detail, serene faces, detailed crowd scenes, subdued expressionism, old women, whitcomb-girls, 1900-1917 period."
data\REAL\art_5400\Andrei_Rublev_91.jpg,Andrei_Rublev_91.jpg,Andrei Rublev,REAL,0,Andrei_Rublev_91,nan,"Andrei Rublev, Art, Interior of church, various murals, images, foreshortening techniques, bronze, amber, rounded, early medieval art, angels, kings cathedral, naturalistic depictions, mural-like compositions, art of the upper paleolithic, arched doorways, gray, bronze, stylized figures, brunaille underpainting, naturalistic motifs, light sky-blue, dark beige, depicting Christs, delicate constructions, light yellow, dark orange, depictions of labor, rusticcore"
data\REAL\art_5400\Henri_Rousseau_11.jpg,Henri_Rousseau_11.jpg,Henri Rousseau,REAL,0,Henri_Rousseau_11,nan,"Henri Rousseau, Art, Painting of a woman walking through a jungle, light red and dark orange, manticore, tropical symbolism, depicting a tropical scene, light orange and black, vintage imagery, animated gifs, light red and dark green, post-1921, dark orange and light black, figurative symbolism, album covers, botanical accuracy, luminous shadowing, tropical symbolism, light red and dark beige, arts and crafts movement, mysterious jungle, hopi art."
data\StarryAI/art\Amedeo_Modigliani_45.png,Amedeo_Modigliani_45.png,,StarryAI,1,Amedeo_Modigliani_45,Amedeo Modigliani,"Amedeo Modigliani, Art, Portrait painting, neo-concrete, werkstätte, handsome, art deco sensibilities, American Barbizon school, confessional, man with hat and jacket seated, art brut, graceful, neo-academism, dark emerald and light crimson, trompe-l'œil illusionistic detail, large brushstrokes, loose brushwork, depictions of theater, constructivist roots, man in tie and black jacket."
data\REAL\art_5400\Andrei_Rublev_2.jpg,Andrei_Rublev_2.jpg,Andrei Rublev,REAL,0,Andrei_Rublev_2,nan,"Andrei Rublev, Art, Round lion holding a book, medieval art, gender-bending iconography, lion in a golden bowl, light red and light indigo, bibliographic anomalies, sky-blue and beige, wizardcore, figura serpentinata, mathematical art, Byzantine iconography, circular shapes, miniature illumination, mythic storytelling, illuminated manuscript-esque, science academia, 500-1000 ce, high-angle"
data\Midjourney/art\Edouard_Manet_13.jpg,Edouard_Manet_13.jpg,,Midjourney,1,Edouard_Manet_13,Edouard Manet,"Edouard Manet, Art, Painting, man holding a sword, late impressionism, dark gray, light beige, Victorian-era clothing, figura serpentinata, impressionist light, depictions of aristocracy, black paintings, stylish costume design, black and gray, Victorian genre paintings, depictions of theater, oil painting, 1860-1969, light black, violet, plein-air paintings, masculine, full body, dark and brooding designer, San Francisco Renaissance."
data\REAL\art_5400\Hieronymus_Bosch_29.jpg,Hieronymus_Bosch_29.jpg,Hieronymus Bosch,REAL,0,Hieronymus_Bosch_29,nan,"Hieronymus Bosch, Art, Apocalyptic garden of earthly delights, light brown, dark blue, wimmelbilder, light green, dark amber, narrative diptychs, happy expressionism, fall of the angels, scene of two women in flight, monolithic structures, light yellow, dark black, expressionistic anthropology, saturated pigment pools, panoramic scale, mythic symbolism, richly detailed genre paintings, pre-raphaelite-inspired, asymmetric balance, birth of three, Germanic art"
data\DALL-E/art\Hieronymus_Bosch_24.jpg,Hieronymus_Bosch_24.jpg,,DALL-E,1,Hieronymus_Bosch_24,Hieronymus Bosch,"Hieronymus Bosch, Art, Hell depiction, lot of people, figurative precision, meticulous realism, sandalpunk, aerial view, wimmelbilder, mushroomcore, primitivist realism, mechanical realism, medieval, birds-eye-view, distorted bodies, modernist paintings, Dutch and Flemish, organic chaos, meticulous military scenes, goblin academia, satirical expressionism, people with hats, forest scene, hellish background, manticore, realist detail, zombiecore."
data\DALL-E/art\Frida_Kahlo_104.jpg,Frida_Kahlo_104.jpg,,DALL-E,1,Frida_Kahlo_104,Frida Kahlo,"Frida Kahlo, Art, Painting of a man in a suit with scissors, trompe-l'œil illusionistic detail, trad goth, altarpiece, realist detail, black and amber, human connection, restrained forms, 20th century art, lacquer painting, person sitting on an old stool with scissors, black paintings, samikshavad, detail-oriented, 1903, eastern orthodox icons, dark black and gold, clamp, domestic intimacy."
data\REAL\art_5400\Gustav_Klimt_44.jpg,Gustav_Klimt_44.jpg,Gustav Klimt,REAL,0,Gustav_Klimt_44,nan,"Gustav Klimt, Art, Florescent house on green hill, canvas, dark white, dark green, German Romanticism, texture-rich landscapes, light cyan, amber, villagecore, landscape inspirations, expansive, mosaic-like, luminous color harmonies, multilayered, subtle, trees, swiss style, color-field, multiple points of view, glistening, wimmelbilder, dark gold, dark cyan, light gold."
data\Midjourney/art\Jackson_Pollock_22.jpg,Jackson_Pollock_22.jpg,,Midjourney,1,Jackson_Pollock_22,Jackson Pollock,"Jackson Pollock, Art, Black and yellow painting, fragmented figuration, light white and dark green, inkblots, loose figuration, classic composition, two black and white leaves in an abstract painting, abstracted figuration, light yellow and dark emerald, disintegrated, abstract figures, mechanized abstraction, post-war expressionism, drawing of a black and white painting, restrained serenity, stencil-like imagery, 1918–1939 (interwar), 'the leaf of wheat', abstract expressionistic splatters, expressionistic figuration, restrained expressionism, negative image"
data\REAL\art_5400\Diego_Velazquez_126.jpg,Diego_Velazquez_126.jpg,Diego Velazquez,REAL,0,Diego_Velazquez_126,nan,"Diego Velazquez, Art, Oil painting, scene with two people holding hands, standing in a garden in front of an arch, Etruscan art, classical academic, romantic ruins, luminous scenes, light silver, indigo, bronze, light white, dark indigo, impressive panoramas, literary excavations, marbleized, mural painting, green academia, romantic landscape vistas, mirror rooms, neo-mosaic, columns and totems, cabincore, arched doorways, happenings, impressionist gardens."
data\REAL\art_5400\Kazimir_Malevich_66.jpg,Kazimir_Malevich_66.jpg,Kazimir Malevich,REAL,0,Kazimir_Malevich_66,nan,"Kazimir Malevich, Art, Woman sitting at outdoor table, light yellow and pink, textural portraits, cherry blossoms, layered lines, garden, pointillist portraits, rich tapestries of color, american impressionism, light pink and orange, umbrella, threaded tapestries, meticulous pointillism, ultrafine detail, chair, knitted and crocheted, naturalistic settings, germanic art."
data\Dreamstudio/art\Vincent_van_Gogh_437.jpg,Vincent_van_Gogh_437.jpg,,DreamStudio,1,Vincent_van_Gogh_437,Vincent van Gogh,"Vincent van Gogh, Art, Wheat field drawing, intricate cityscapes, black and white imagery, monochrome painting, large-scale figuration, countryside image, mosaic-like pointillism, engraved line-work, post-impressionist influence, transavanguardia, loose linework, terraced cityscapes, rectangular fields, hay fields, pointillist cityscapes, thick impasto brushstrokes, flattened perspective, detailed pen strokes, depiction of rural life, trompe-l'œil illusionistic detail."
data\DALL-E/art\Alfred_Sisley_79.jpg,Alfred_Sisley_79.jpg,,DALL-E,1,Alfred_Sisley_79,Alfred Sisley,"Alfred Sisley, Art, Leefront, old port Lithuania, beige, impressionist-landscapes, rural landscapes, cabincore, people on boats, shore, street scenes, walkers, boats, 1860-1969, light pink, sky-blue, seaside vistas, rue d'encienne, seaside scenes, landscape painter, plein-air"
data\Midjourney/art\Marc_Chagall_42.jpg,Marc_Chagall_42.jpg,,Midjourney,1,Marc_Chagall_42,Marc Chagall,"Marc Chagall, Art, House in the street, Edo-period Japan, Farm Security Administration aesthetics, energetic figures, manga-influenced, 1918–1939 interwar, sketch, three people near houses, depiction of rural life, blown-off-roof perspective, happy expressionism, mono-ha, drawn c1943, Russian exile in Austrian captivity, cartoonish chaos, post-minimalist structures, sōsaku hanga, grainy, low resolution, man with a sign, vernacular architecture, figures in motion, Danube school, shin hanga, suburban ennui capturer, film stills"
data\REAL\art_5400\Joan_Miro_91.jpg,Joan_Miro_91.jpg,Joan Miro,REAL,0,Joan_Miro_91,nan,"Joan Miro, Art, Three people near each other, dark black and gray, emotive expressionism, symbolist watercolors, biomorphic forms, Dogon art, 2 characters on big canvas, organic biomorphic forms, dark atmosphere, atmospheric watercolors, naive childlike, nocturne, loose gestures, mechanized forms, 'the three people', darkly whimsical, gouache, gloomy, animated expressions, playful caricature; two people on blue background, expressive watercolors, dark black and gray, emotive expressionism."
data\REAL\art_5400\Rene_Magritte_32.jpg,Rene_Magritte_32.jpg,Rene Magritte,REAL,0,Rene_Magritte_32,nan,"Rene Magritte, Art, Three pears, ocean, distorted bodies, emotive gestures, surrealistic grotesque, post-impressionist seascapes, trompe-l'œil illusionistic detail, naturalistic bird portraits, hyperbolic expression, frenzied action painting, man standing behind apple and pear, energetic dynamism, tempera, lively seascapes, grotesque caricatures, disfigured forms, realistic bird paintings, two people holding two pears, exaggerated expressions, surrealistic detail."
data\Dreamstudio/art\Jan_van_Eyck_17.jpg,Jan_van_Eyck_17.jpg,,DreamStudio,1,Jan_van_Eyck_17,Jan van Eyck,"Jan van Eyck, Art, Man with arm ornaments, realistic detail, altarpiece, trompe-l'œil illusionistic detail, metallic accents, exquisite clothing detail, arched doorways, old king painting, gloves, gold crown, eastern orthodox icons, detailed drapery, realist detail, metalwork jewelry, golden armoire, rosary necklace, detail-oriented, byzantine-style iconography, hand and pearl necklace painting, elaborate drapery, uniformly staged images, patience of a saint."
data\REAL\art_5400\Albrecht_Durer_39.jpg,Albrecht_Durer_39.jpg,Albrecht Durer,REAL,0,Albrecht_Durer_39,nan,Albrecht_Durer_39
data\Dreamstudio/art\Raphael_30.jpg,Raphael_30.jpg,,DreamStudio,1,Raphael_30,Raphael,"Raphael, Art, King, religious figures, multidimensional shading, light gray, light gold, light red, dark indigo, light emerald, spectacular backdrops, illusionary spaces, statue, ceiling painting, otherworldly beings, multiple perspectives, Madonna and child, cosmic symbolism, sacrificial altar, Botticelli-esque figures, grand color scheme, high resolution, monumental ensembles, 15th century, illusionistic ceiling frescoes, assembly, fresco paintings, Cinquecento, spiritual dimensions, Florentine Renaissance, cosmic inspiration."
data\DALL-E/art\Frida_Kahlo_38.jpg,Frida_Kahlo_38.jpg,,DALL-E,1,Frida_Kahlo_38,Frida Kahlo,"Frida Kahlo, Art, Mexican mural, 1917, surrealistic anatomy, machine age aesthetics, sky-blue and crimson, modernist sensibilities, surrealistic dreamlike scenes, iconic album covers, austerity modernism, poignant symbolism, mechanized forms, mosaic-inspired realism, Mexico City art museum, surrealist landscape, depictions of labor, emphasizes emotion over realism, first exhibition, surrealist symbolism, working-class empathy, 20th-century art, Rembrandtesque"
data\StarryAI/art\El_Greco_45.png,El_Greco_45.png,,StarryAI,1,El_Greco_45,El Greco,"El Greco, Art, Man in black coat, paintbrush and palette, Spanish school, furry art, grandiose portraits, teethcore, marbleized, high-contrast shading, English major, collar, chiaroscuro portraitures, master of ink, tempera, el greco style, elegant subjects, high-contrast realism, brushstroke-intensive portraits, holding easel."
data\Dreamstudio/art\Pierre-Auguste_Renoir_213.jpg,Pierre-Auguste_Renoir_213.jpg,,DreamStudio,1,Pierre-Auguste_Renoir_213,Pierre-Auguste Renoir,"Pierre-Auguste Renoir, Art, Blue vase with various flowers, high resolution, roguecore, golden age aesthetics, gold and azure, massurrealism, ceramic, vignettes of Paris, dark yellow and blue, polychrome terracotta, colorful arrangements, meticulous design, red vase, yellow vase, flower and nature motifs, symmetrical arrangement"
data\REAL\art_5400\Amedeo_Modigliani_137.jpg,Amedeo_Modigliani_137.jpg,Amedeo Modigliani,REAL,0,Amedeo_Modigliani_137,nan,"Amedeo Modigliani, Art, Lady with red hair, black dress, necklace, seated, naive childlike, emerald, indigo, soft watercolours, 1920s, nonrepresentational, woman with blond hair, chair, naive charm, distinct facial features, dark orange, tondo, meticulous, 'the red coat', charming illustrations, art deco, candid portraits, feminine sensibilities"
data\REAL\art_5400\Alfred_Sisley_205.jpg,Alfred_Sisley_205.jpg,Alfred Sisley,REAL,0,Alfred_Sisley_205,nan,"Alfred Sisley, Art, Bridge painting, town background, water, impressionist landscapes, Nabis, austerity modernism, majestic ports, Romanesque"
data\Midjourney/art\Michelangelo_20.jpg,Michelangelo_20.jpg,,Midjourney,1,Michelangelo_20,Michelangelo,"Michelangelo, Art, Large painting, several people sitting in church, marble, tagging and marking style, orange and emerald colors, trompe-l'oeil folds, science academia, arched doorways, figures of the dead in a window at the Vatican, elaborate calligraphy, cathedral setting, trompe-l'œil graffiti, panel composition mastery, artwork depicting a door in a hall, religious subjects, large-scale mural, research as art, realistic detailing."
data\REAL\art_5400\Paul_Klee_151.jpg,Paul_Klee_151.jpg,Paul Klee,REAL,0,Paul_Klee_151,nan,"Paul Klee, Art, Abstract painting, blue, orange, white tiles, woven color planes, light gold, yellow, glass material, pointillist artwork, mid-century, stained glass effect, shaped canvas, mosaic-like forms, light silver, textured detail, mosaic-inspired realism, detailed crosshatching, mosaics, light orange, sky-blue, light silver, mosaic composition."
data\REAL\art_5400\Rembrandt_137.jpg,Rembrandt_137.jpg,Rembrandt,REAL,0,Rembrandt_137,nan,"Rembrandt, Art, Painting of people being hurt, war scenes, baroque-inspired chiaroscuro, dark brown and light bronze, 8k resolution, angular dramatism, heavy use of palette knives, luminous shadows, canvas, action-packed scenes, restrained color palette, aestheticized violence, meticulous detail, people in armor and knights, stylized violence, junglecore, trapped emotions depicted, person being carried by soldiers, dark amber and bronze, symbolist mystery, harsh angles, punctured canvases, biblical drama, eye-catching detail."
data\DALL-E/art\Paul_Gauguin_177.jpg,Paul_Gauguin_177.jpg,,DALL-E,1,Paul_Gauguin_177,Paul Gauguin,"Paul Gauguin, Art, People with dogs, sitting by river, dark gray, light cyan, raw, confrontational figures, pale palette, iridescent, multiple points of view, académie by Seine, 1939 person, light silver, dark cyan, colorful figures, tonal landscapes, art of Tonga, referential painting, lake seine river landscape, outdoor scenes, black paintings, park in Bourgeonnay, 1890, impressionistic seascape, light gray, dark emerald, expressionistic anthropology, interwar, Majismo, ultrafine detail."
data\REAL\art_5400\Pablo_Picasso_247.jpg,Pablo_Picasso_247.jpg,Pablo Picasso,REAL,0,Pablo_Picasso_247,nan,"Pablo Picasso, Art, Woman, light red, light beige, light brown, light orange, light crimson, dark orange, light indigo, Japanese prints, naive expressionism, German expressionism, Renaissance realism, early medieval art, 15th century, 500–1000 CE, disfigured forms, majismo, ultrafine detail, emphasis on detail, sitting position, hands in lap, womancore, fauvist figuratism."
data\REAL\art_5400\Marc_Chagall_15.jpg,Marc_Chagall_15.jpg,Marc Chagall,REAL,0,Marc_Chagall_15,nan,"Marc Chagall, Art, Black and white Hebrew print, the zoo book, symbolic animal use, uncanny combinations, parodies and pastiches, faux naïf, Israeli poem text in two languages, depiction of animals, political prints, bamileke art, sōsaku hanga, religious book cover, bull and calf, Jewish life scenes, photogram, avian-themed, satirical etchings, expressive gestures, poster, cattle and chick, Jewish culture themes, dark brown and black, humorous depictions, manticore, gestural marks, visual puns"
data\REAL\art_5400\Edgar_Degas_155.jpg,Edgar_Degas_155.jpg,Edgar Degas,REAL,0,Edgar_Degas_155,nan,"Edgar Degas, Art, Portrait of a girl with a fan, comical choreography, light gray and azure, enchanting watercolors, 19th-century German realism, feminine sensibilities, whiplash curves, girl in blue robe, ballet academia, post-impressionist coloration, white and gray, princesscore, aquarellist, child in blue, fanciful costume design, impressionist sensibilities, colorized, sharp attention to detail, lovely, plein-air."
data\Dreamstudio/art\Edgar_Degas_533.jpg,Edgar_Degas_533.jpg,,DreamStudio,1,Edgar_Degas_533,Edgar Degas,"Edgar Degas, Art, Woman painting, crossed colors, light indigo, light beige, vibrant murals, hand-coloring, soggy, symbolic still-lifes, supple mass, washroom scene, cyan, light orange, dignified poses, soft crosshatchings, person rubbing skin, light blue, pastel-colored scenes, rich tapestries of color, charming sketches, young man sitter, azure, aquamarine, violet, naturalistic poses, color-streaked, exotic tapestries."
data\REAL\art_5400\Henri_Rousseau_28.jpg,Henri_Rousseau_28.jpg,Henri Rousseau,REAL,0,Henri_Rousseau_28,nan,"Henri Rousseau, Art, Two people sitting in park, en plein air, two women at park, landscape painting, sophisticated woodblock, light black and green, large-scale murals, orderly symmetry, strip painting, Victorian genre paintings, black paintings, women sitting next to tree, vignettes of Paris, rectangular fields, repetitive, horizontal stripes, suburban gothic, trees background, punctured canvases, enigmatic automatism, striped painting."
data\REAL\art_5400\Frida_Kahlo_1.jpg,Frida_Kahlo_1.jpg,Frida Kahlo,REAL,0,Frida_Kahlo_1,nan,"Frida Kahlo, Art, Woman looking at monkey, red ribbon, realist detail, junglecore, trompe-l'œil illusionistic detail, shiny eyes, historical illustrations, older painting, close-up, dark gold and red, surrealistic detail, fawncore, moche art, naturalist, monkey in a bow, qajar art, madonna and child."
data\StarryAI/art\Rembrandt_116.png,Rembrandt_116.png,,StarryAI,1,Rembrandt_116,Rembrandt,"Rembrandt, Art, Dutch Golden Age, old couple, piece of mail, pen, layered gestures, working-class empathy, mathematical intricacy, older woman writing a letter, spontaneous gestures, patience of a saint, calculated, progressive academia, elderly people, money, 'bom' de houttuin, black paintings, studyplace, plasticien, old man and woman in front of the door, painting and writing tools, highly polished surfaces, lightbox"
data\Midjourney/art\Edgar_Degas_207.jpg,Edgar_Degas_207.jpg,,Midjourney,1,Edgar_Degas_207,Edgar Degas,"Edgar Degas, Art, Man sitting, American works on paper 1880–1950, sumi-e, flowing draperies, 1900–1917, black and gray, watercolor, black-and-white, gutai, 1918–1939 (interwar), women designers, mori kei, dark gray, abstracted bodies, dark white and dark black, delicate washes, drawing, dark black and light beige, elegant clothing, graceful movement, loose brushwork"
data\REAL\art_5400\William_Turner_7.jpg,William_Turner_7.jpg,William Turner,REAL,0,William_Turner_7,nan,"William Turner, Art, Thames bridge, delicate ink washes, dark yellow, light gray, unprimed canvas, light magenta, bronze, two boats on shore, fishing boat, hazy, oil painting, boats on river, light brown, yellow, etchings, light crimson, gray, working-class empathy, atmospheric watercolours, River Tay, 1860, impressionistic Venice scenes, ink-washed, light crimson, yellow, tonalist seascapes, installation-based"
data\REAL\art_5400\Pierre-Auguste_Renoir_178.jpg,Pierre-Auguste_Renoir_178.jpg,Pierre-Auguste Renoir,REAL,0,Pierre-Auguste_Renoir_178,nan,"Pierre-Auguste Renoir, Art, Painting of a young girl with long yellow hair and a pink bow, 1860-1969, impressionistic and post-impressionist color use, strong facial expression, light beige and indigo, pink, light orange and light magenta, child-like innocence, exaggerated features, intense coloration, delicacy, youthful, 1st version, high resolution 8k, interwar period"
data\Dreamstudio/art\Vincent_van_Gogh_389.jpg,Vincent_van_Gogh_389.jpg,,DreamStudio,1,Vincent_van_Gogh_389,Vincent van Gogh,"Vincent van Gogh, Art, Painting of man in straw hat, yellow and cyan, strong facial expression, solarpunk, azure, wimmelbilder, iconic art history, grandparentcore, folk/naïve, self-portraits, brushstroke-intensive portraits, beige, melancholic symbolism, luminous portraits."
data\StarryAI/art\Edgar_Degas_558.png,Edgar_Degas_558.png,,StarryAI,1,Edgar_Degas_558,Edgar Degas,"Edgar Degas, Art, Women sitting in cafe, impressionist light effects, neo-victorian, theater depictions, gestural strokes, bright luster, cafe at Montmartre in 1890, light aquamarine and brown, chiaroscuro portraitures, contemplative scenes, feminine sensibility, balcony cafe Paris, women artists, whistlerian, oil painting, old table, vignettes of Paris, bleaches, blown-off-roof perspective, striped painting, dark white, light cyan, light aquamarine, high resolution, mingei, salon kei, larme kei"
data\REAL\art_5400\Diego_Velazquez_120.jpg,Diego_Velazquez_120.jpg,Diego Velazquez,REAL,0,Diego_Velazquez_120,nan,"Diego Velazquez, Art, Two men at table, dark brown and amber, use of fabric, studyplace, sharp focus, decorative vessels, working-class empathy, sense of quiet contemplation, miscellaneous academia, abrasive authenticity, looking at bottles, man and two children, dark yellow, painting and writing tools, glazed earthenware, use of light and shadow, dark white and dark orange, Spanish school, vanitas painting, photographic source"
data\DALL-E/art\Pierre-Auguste_Renoir_134.jpg,Pierre-Auguste_Renoir_134.jpg,,DALL-E,1,Pierre-Auguste_Renoir_134,Pierre-Auguste Renoir,"Pierre-Auguste Renoir, Art, River and trees, light bronze and emerald, late Impressionism, blurred imagery, vignettes of Paris, light gray and indigo, oshare kei, figuration libre, light green and dark gray, play of light, sparse, colorful brushwork, green grassy landscape, light bronze and gray, exuberant, sfumato, summertime, light bronze and green, mist, 1860–1969."
data\StarryAI/art\Paul_Klee_182.png,Paul_Klee_182.png,,StarryAI,1,Paul_Klee_182,Paul Klee,"Paul Klee, Art, Drawing of birds in vase, childlike abstraction, mysterious figures, light amber and blue, etchings, large canvas, cosmic jester, painting of flowers, dreamlike creatures, dark beige and blue, Igbo art, flowers and various objects in a vase, sardonic, satirical etchings, abstraction-création, light red and blue, mystical creatures, undulating lines, anthropomorphic animals, lone vase with birds"
data\Dreamstudio/art\Andrei_Rublev_3.jpg,Andrei_Rublev_3.jpg,,DreamStudio,1,Andrei_Rublev_3,Andrei Rublev,"Andrei Rublev, Art, Jesus, dark yellow, dark beige, emotive gestures, gentle expressions, dignified poses, risen Christ, sword, elegant, light brown, red, old painting, holding cane, distinctive noses, slumped/draped, 15th century, layered gestures, light yellow, black, Soviet nonconformist art, dark beige, yellow, Pre-Raphaelite"
data\DALL-E/art\Titian_69.jpg,Titian_69.jpg,,DALL-E,1,Titian_69,Titian,"Titian, Art, Self-portrait, man in armor with sword and helmet, dark silver, light black, dark gray, dark crimson, sfumato, meticulous portraiture, contrast of light and dark, use of light and shadow, oil portraiture, grandiose portraits, iconic works of art history, transavanguardia, nostalgiacore, die brücke, biedermeier"
data\REAL\art_5400\Edgar_Degas_672.jpg,Edgar_Degas_672.jpg,Edgar Degas,REAL,0,Edgar_Degas_672,nan,"Edgar Degas, Art, Two people sitting at a table, absinthe culture, impressionist influences, light maroon and white, dark white and light crimson, 1860-1969, ultrafine detail, vignettes of Paris, dignified poses, portraiture, restaurant setting, 19th century French academy, lively and energetic, working-class empathy."
data\REAL\art_5400\Titian_34.jpg,Titian_34.jpg,Titian,REAL,0,Titian_34,nan,"Titian, Art, Nativity painting, two people in field, early renaissance, rustic materiality, raw materialism, adoration painting, people near sheep, Madonna and child, slumped/draped, 15th century, Utrecht oil painting, Christmas 1835, iconographic motifs, intricate use of hatching, rustic naturalism, 1000-1400 CE, gold and blue, pensive stillness, appropriated images, Saint John and his little one, 1820, fragmented figuration, rusticcore, gold and azure, xmaspunk."
data\StarryAI/art\Francisco_Goya_86.png,Francisco_Goya_86.png,,StarryAI,1,Francisco_Goya_86,Francisco Goya,"Francisco Goya, Art, Black and white print, bull, kicked, working-class empathy, light bronze, bronze, etchings, poignant, old engraving, man chasing bull, dark chiaroscuro, figurative paintings, contemporary Latin American art, impressive panoramas, gentle expressions, dark brown and white, 1918–1939 interwar, two men riding bull, American prints 1880–1950, brooding mood, capturing moments, lith printing, fighting with bull, etching/engraving, realistic chiaroscuro, minimalist figuration, dark white, dark bronze, hispanicore, typologies."
data\DALL-E/art\Hieronymus_Bosch_101.jpg,Hieronymus_Bosch_101.jpg,,DALL-E,1,Hieronymus_Bosch_101,Hieronymus Bosch,"Hieronymus Bosch, Art, Christ on the cross paintings, Renaissance, Subdued Expressionism, orange and green, multi-panel compositions, Jesus at the cross, Early Renaissance, Asymmetric balance, Hard-edged painting, captivating scenes, Black paintings, Iconoclastic scene, Person with raised hand over cross, Northern Renaissance, Mechanical Realism, Precarious balance, light green and orange, Altarpiece, Dansaekhwa"
data\StarryAI/art\Rene_Magritte_3.png,Rene_Magritte_3.png,,StarryAI,1,Rene_Magritte_3,Rene Magritte,"Rene Magritte, Art, Man with umbrella holding a walking stick, Viennese secession, light red and black, large-scale portraits, poster art, realist detail, 1860–1969, oil portraitures, French menswear, menswear in early 1900's poster, depictions of inclement weather, full body, socialist realism, personage assis, soviet propaganda, masculine, reprint, elegantly formal."
data\REAL\art_5400\Andy_Warhol_116.jpg,Andy_Warhol_116.jpg,Andy Warhol,REAL,0,Andy_Warhol_116,nan,"Andy Warhol, Art, Absolut vodka poster, Sweden, vibrant neon colors, spray paint, violet and black, freestyle painting, Japanese woodblock print influence, sleek metallic finish, neon pop, dark silver, brightly colored graffiti-esque, neon realism, light magenta and dark bronze, intense colors, pop art silkscreening, light bronze and magenta, expressive line-work, 21st century, sgrafitto"
data\REAL\art_5400\Rene_Magritte_142.jpg,Rene_Magritte_142.jpg,Rene Magritte,REAL,0,Rene_Magritte_142,nan,"Rene Magritte, Art, Man in top hat, 1900-1917, McDonaldpunk, action paintings, grotesque satire, dramatic lighting, suit and hat flying over city, light red and dark black, mannerism, 1860-1969, ritualistic masks, bulbous, naturalistic poses, hellish background, cryptid academia, light crimson and gold, neo-dada, grainy noir, modern impressionism, Sydney the Nymph, 1917, illusionism, dark chiaroscuro lighting, energetic gestures, bulbous."
data\Midjourney/art\Paul_Klee_150.jpg,Paul_Klee_150.jpg,,Midjourney,1,Paul_Klee_150,Paul Klee,"Paul Klee, Art, Face, red eyes, blue eyes, early medieval art, contemplative scenes, bamileke art, frayed, outsider art, dark crimson, yellow, serene faces, juxtaposed imagery, black painting, head, eye, light crimson, light brown, distinct facial features, abstract, old adobe print, chiaroscuro portraitures, satirical caricatures, dark brown, crimson, igbo (ibo) art, surrealistic masterpieces, byzantine art"
data\Midjourney/art\Pablo_Picasso_306.jpg,Pablo_Picasso_306.jpg,,Midjourney,1,Pablo_Picasso_306,Pablo Picasso,"Pablo Picasso, Art, Man playing guitar, Vienna Secession, Cosmic Jester, 1918-1939 interwar, striped painting, textured shading, 15th Century, elaborate costumes, masked person holding guitar, chiaroscuro portraitures, clowncore, excessivism, light emerald and red, 16th Century, detailed depiction, fanciful costume design, illusory wallpaper portraits, grotesque"
data\REAL\art_5400\Albrecht_Durer_123.jpg,Albrecht_Durer_123.jpg,Albrecht Durer,REAL,0,Albrecht_Durer_123,nan,Albrecht_Durer_123
data\Dreamstudio/art\Edgar_Degas_270.jpg,Edgar_Degas_270.jpg,,DreamStudio,1,Edgar_Degas_270,Edgar Degas,"Edgar Degas, Art, Valley, creek, muted colours, all-over composition, light magenta, light bronze, brushstrokes, pre-raphaelite-inspired, gestural strokes, gestural paint handling, brunaille underpainting, expressionistic color fields, viennese secession, delicate washes, aerial view, whistlerian, Suffolk coast views, waterfall, cliff, panorama, earthworks, watercolor, pastel-colored landscapes, die brücke, saturated pigment pools."
data\REAL\art_5400\Edgar_Degas_630.jpg,Edgar_Degas_630.jpg,Edgar Degas,REAL,0,Edgar_Degas_630,nan,"Edgar Degas, Art, Portrait of a woman sitting on a chair with towel, washing herself in a bathroom and old man washing himself, in kitchen setting, 1895, impressionist colorism, light maroon, light green, light magenta, light indigo, light purple, light violet, light crimson, gray, soggy ambiance, haunting figuratives and figuratism, flowing draperies, elaborate tapestries, dramatic poses, soft crosshatchings, chiaroscuro, detailed drapery, body extensions, chalk medium."
data\Midjourney/art\Andy_Warhol_81.jpg,Andy_Warhol_81.jpg,,Midjourney,1,Andy_Warhol_81,Andy Warhol,"Andy Warhol, Art, Old master paintings inspiration, pink and bronze color palette, pensive poses, captivating gaze, official art, image of a man with finger on chin, light magenta and dark bronze, neo-pop sensibility, broad brushstrokes, album covers, broad and gestural, large-scale portraits, grainy film aesthetic, bold gestural strokes, photographic style, man posing, pop art sensibilities, lithograph, close-up, dark gray and amber, dignified poses."
data\DALL-E/art\Vincent_van_Gogh_194.jpg,Vincent_van_Gogh_194.jpg,,DALL-E,1,Vincent_van_Gogh_194,Vincent van Gogh,"Vincent van Gogh, Art, Pair of shoes, leather boots, nostalgic post-impressionism, punctured canvases, luminous reflections, rusty debris, #vfxfriday, detailed impressionism, sovietwave, old shoes on the floor, dark sky-blue and bronze, oil portraitures, watercolors, necropunk, restrained impressionism, socialist realism, two pairs of shoes, shoes and lace on blue background, dark brown and orange, chromepunk, impressionistic portraits, frogcore."
data\StarryAI/art\Frida_Kahlo_87.png,Frida_Kahlo_87.png,,StarryAI,1,Frida_Kahlo_87,Frida Kahlo,"Frida Kahlo, Art, Sunflower painting, other vibrant flowers, brightly colored hummingbirds, birds-eye-view, vintage Americana, colorful realism, dark azure and amber hues, realistic figurative painting, American romanticism, transcendent Qajar art, mandala design, daisies and butterflies, ultrafine detailed realism, dark palette, realistic watercolor."
data\DALL-E/art\Leonardo_da_Vinci_121.jpg,Leonardo_da_Vinci_121.jpg,,DALL-E,1,Leonardo_da_Vinci_121,Leonardo da Vinci,"Leonardo da Vinci, Art, Mona Lisa, appropriation art, revived historic art forms, precisionist art, mythical portraiture, woman with moustache, black robe, golden ratio, historical reproductions, creative commons attribution, dark sky-blue, light red, princesscore, dark green, beige, imposing monumentality, whistlerian, die brücke, low resolution, Phoenician art"
data\REAL\art_5400\Andy_Warhol_105.jpg,Andy_Warhol_105.jpg,Andy Warhol,REAL,0,Andy_Warhol_105,nan,"Andy Warhol, Art, Hypermodernism, painted truck, red background, silkscreen, realistic color schemes, abstract art, dark crimson, spray painted realism, horror freight truck, pop art silkscreening, dark crimson, light blue, infrared, truck on blue background, meticulous realism, heavy lines, cardboard"
data\REAL\art_5400\Edgar_Degas_454.jpg,Edgar_Degas_454.jpg,Edgar Degas,REAL,0,Edgar_Degas_454,nan,"Edgar Degas, Art, Painting of a woman resting on table, exaggerated poses, dark cyan, light brown, post-impressionist coloration, museum gallery dioramas, hatching, figure with arms behind head, working-class empathy, somber mood, highly staged scenes, absinthe culture, oil painting of woman napping with umbrella, grotesque caricatures, melting pots, 1000–1400 CE, solarization, dark brown, blue, Pont-Aven school, two people laying down and resting, mannerism, dignified poses, childlike, uniformly staged images."
data\StarryAI/art\Eugene_Delacroix_11.png,Eugene_Delacroix_11.png,,StarryAI,1,Eugene_Delacroix_11,Eugene Delacroix,"Eugene Delacroix, Art, Woman resting on chair, androgynous, museum purchase, print, unprimed canvas, woman lying on couch, saturated palette, barroco, handsome, haunting figuratism, firecore, salon kei, woman on chess board surrounded by flowers, large brushstrokes/loose brushwork, dark crimson and emerald, luxurious drapery, oriental ism, flowing draperies"
data\REAL\art_5400\Andrei_Rublev_39.jpg,Andrei_Rublev_39.jpg,Andrei Rublev,REAL,0,Andrei_Rublev_39,nan,"Andrei Rublev, Art, Red metal plaque, gold images, monotype/monoprint, spiritual figures, minimalist figuration, stenciled iconography, goldtoned panel, dark red, monochromatic contemplation, frame of gold scrolls, pictorialist, commission for, confessional, gold frame, saint statue, light maroon, mystical portraits."
data\REAL\art_5400\Sandro_Botticelli_138.jpg,Sandro_Botticelli_138.jpg,Sandro Botticelli,REAL,0,Sandro_Botticelli_138,nan,"Sandro Botticelli, Art, Saint in green robes, holding flag, naturalistic style, black and white mastery, fresco painting, working-class empathy, pastoral landscape, black painting, forced perspective drawing, lord carrying cross, blown-off-roof perspective, spiritual landscape, trompe-l'oeil illusionistic detail, altarpiece, depiction of saint standing in field, green academia, Mexican muralism, fluid gestures, man flying in sky, patience of a saint, sharp attention to detail, dignified poses, layered gestures, meticulous detail."
data\Midjourney/art\Raphael_10.jpg,Raphael_10.jpg,,Midjourney,1,Raphael_10,Raphael,"Raphael, Art, Ascension of Jesus, playful and colorful depictions, high-contrast shading, 500–1000 CE, light silver and dark green, naturalistic shadows, coloristic intensity, joyful celebration of nature, light green and black, baroque exaggeration, bold chromaticity, dark green and gray, lively and energetic, naturalistic poses, green and gray, installation-based, Italian landscapes, lively tableaus, appropriated images."
data\REAL\art_5400\Frida_Kahlo_70.jpg,Frida_Kahlo_70.jpg,Frida Kahlo,REAL,0,Frida_Kahlo_70,nan,"Frida Kahlo, Art, Woman in black dress, sitting on chair, hand-painted details, dark gold, azure, old painting, woman with cigarette, exquisite clothing detail, dark black, azure, upholstered chair, trompe-l'oeil illusionistic detail, indigo, black, traditional Mexican style, close up, 1860-1969, classical elegance, meticulous detail, woman with cigarette, exquisite clothing detail."
data\REAL\art_5400\Edgar_Degas_492.jpg,Edgar_Degas_492.jpg,Edgar Degas,REAL,0,Edgar_Degas_492,nan,"Edgar Degas, Art, Three-headed people painting, 1860-1969, trompe-l'œil illusionistic detail, heavy palette knives use, socialist realism, race commentary, solarization, self-portrait, impressionist colorism, close-up intensity, multi-layered figures, non-representational art, man holding head of another man, color-field painting, expressive faces, Hudson River school style, Black paintings, isolated figures."
data\REAL\art_5400\Marc_Chagall_130.jpg,Marc_Chagall_130.jpg,Marc Chagall,REAL,0,Marc_Chagall_130,nan,"Marc Chagall, Art, Stork bird in vase, 1956, sepia tone, lithograph, floral motifs, man with flowers, black-and-white etchings, dark brown and light beige, decorative vessels, trompe-l'œil illusionistic detail, flowing draperies, spiral group, romantic atmosphere, paper print for art gallery, Hollywood, California, rococo still-lifes, monochromatic expressionism, joyful celebration of nature, etchings, dark white and dark emerald, 1860–1969, emotional expressionism, montage, 1960, etched still lifes, black-and-white etchings, silkscreen, dark magenta and beige, ultrafine detail."
data\REAL\art_5400\Mikhail_Vrubel_60.jpg,Mikhail_Vrubel_60.jpg,Mikhail Vrubel,REAL,0,Mikhail_Vrubel_60,nan,"Mikhail Vrubel, Art, Abstract drawing, black and white lines, circular abstraction, monotype/monoprint, swirling vortexes, aerial view, eroded interiors, dark inner part of a globe, abstract seascapes, spiral group, encaustic, dark white and gray, circle in white, ethereal impressionistic seascapes, dark, foreboding landscapes, dark white and light navy, stormy seascapes."
data\REAL\art_5400\Edgar_Degas_597.jpg,Edgar_Degas_597.jpg,Edgar Degas,REAL,0,Edgar_Degas_597,nan,"Edgar Degas, Art, Two women sitting on grass, light violet, cyan, depictions of labor, realist detail, sketches, picassoesque, exquisite clothing detail, vibrant colorism, azure, working-class subjects, light azure, green, chalk art, outdoor art, aquamarine, grainy, depictions of theater, ultrafine detail, expressive figuratism."
data\REAL\art_5400\Rene_Magritte_183.jpg,Rene_Magritte_183.jpg,Rene Magritte,REAL,0,Rene_Magritte_183,nan,"Rene Magritte, Art, Acrylic painting, red rose in corner of room, dark orange, 1970-present, outdoor art, captivating realism, trompe-l'oeil technique, 1918-1939 interwar, monochromatic realism, plein-air realism, art of Tonga, artist's frame, red rose in window, richly detailed genre paintings, light red, empty room, realist detail, chiaroscuro portraitures, dark orange and silver."
data\Midjourney/art\Pierre-Auguste_Renoir_303.jpg,Pierre-Auguste_Renoir_303.jpg,,Midjourney,1,Pierre-Auguste_Renoir_303,Pierre-Auguste Renoir,"Pierre-Auguste Renoir, Art, Girl with red hat, white shirt, light bronze and red, Germanic art, vibrant coloration, eastern brushwork, folklore, woman in pink blouse, light red and green, depictions of labor, reduced palette, symbolic vibrant, light red and light gray, impressionist colorism, light bronze and white, interwar period, soft pastel, woman-centered, vibrant folkloric portraits."
data\REAL\art_5400\Pablo_Picasso_310.jpg,Pablo_Picasso_310.jpg,Pablo Picasso,REAL,0,Pablo_Picasso_310,nan,"Pablo Picasso, Art, Cubist man, white, brown, blue, religious iconography, light yellow, dark gray, vanitas paintings, confessional, supple forms, graceful forms, sphinx, clock, light orange, gray, objective abstraction, shaped canvas, Ottoman art, cubist-inspired portraits, statue, light gray, light brown, subjective representations, expressive figuratism, man sitting alone, chair, meticulous detail, asymmetrical balance."
data\REAL\art_5400\Vincent_van_Gogh_467.jpg,Vincent_van_Gogh_467.jpg,Vincent van Gogh,REAL,0,Vincent_van_Gogh_467,nan,"Vincent van Gogh, Art, 1889, Impressionist-landscapes, Strip painting, Realistic Impressionism, Vivid Expressionism, Ultrafine detail, Grassy area around trees, Viennese Secession, Impasto frenzy, Light yellow and emerald, Color-field, Exacting precision, Green grassy field, Colorful gardens, Light yellow and light magenta, Green field with trees, Caravaggism, Light magenta and yellow, Pseudo-realistic, Luminous shadowing, Sparse"
data\StarryAI/art\Alfred_Sisley_56.png,Alfred_Sisley_56.png,,StarryAI,1,Alfred_Sisley_56,Alfred Sisley,"Alfred Sisley, Art, Snow-covered street, walking person, rural subject matter, villagecore, light azure and beige, street of Clermont in winter, loose figuration, rural landscapes, rough texture, impressionist landscapes, depiction of rural life, sky-blue, winter scene, trees, street scene, tonalist."
data\REAL\art_5400\Vincent_van_Gogh_191.jpg,Vincent_van_Gogh_191.jpg,Vincent van Gogh,REAL,0,Vincent_van_Gogh_191,nan,"Vincent van Gogh, Art, Green vase with flowers, light red, light beige, dark pink, light green, dark green, 1860-1969, wimmelbilder, vanitas paintings, woodcut, rough clusters, Vienna Secession, chiaroscuro portraitures, low resolution, 1900-1917, velvia, picassoesque, grotesque imagery, still life"
data\REAL\art_5400\Pierre-Auguste_Renoir_221.jpg,Pierre-Auguste_Renoir_221.jpg,Pierre-Auguste Renoir,REAL,0,Pierre-Auguste_Renoir_221,nan,"Pierre-Auguste Renoir, Art, Woman in red hat, crocheting in garden, knitting, reduced palette, feminine sensibilities, light violet, crimson, lush detailing, intricate embellishments, floral motifs, impressionist gardens, post-impressionism influence, colorful gardens, youthful protagonist, light red."
data\REAL\art_5400\Paul_Gauguin_225.jpg,Paul_Gauguin_225.jpg,Paul Gauguin,REAL,0,Paul_Gauguin_225,nan,"Paul Gauguin, Art, Young woman outside cottage, luminous color harmonies, chalk, street scene, interwar period, Art of the Congo, light pink and yellow, isolated village, earth path, domestic scenes, traditional Vietnamese, American works on paper 1880–1950, man riding horse through village, impressionist colorism, light yellow, colorful sidewalk scenes, Indonesian art, impressionist dappled light, people walking down country road, traditional street scenes, primitive structures."
data\REAL\art_5400\Henri_Matisse_153.jpg,Henri_Matisse_153.jpg,Henri Matisse,REAL,0,Henri_Matisse_153,nan,"Henri Matisse, Art, Woman in green dress sitting on chair, light magenta, black, heian period, somber mood, 1900-1917, dansaekhwa, woman on green chair in dark room, light magenta, dark emerald, classic Japanese simplicity, interwar period, bold brush strokes, dark pink, light green, chiaroscuro portraiture, 'Green Woman on the Chair', fauvist color scheme, datamosh, 1860-1969."
data\REAL\art_5400\Albrecht_Durer_78.jpg,Albrecht_Durer_78.jpg,Albrecht Durer,REAL,0,Albrecht_Durer_78,nan,Albrecht_Durer_78
data\REAL\art_5400\Caravaggio_19.jpg,Caravaggio_19.jpg,Caravaggio,REAL,0,Caravaggio_19,nan,"Caravaggio, Art, Lady playing lute, nostalgic subjects, dark white and amber, meticulous details, tachisme, genre paintings, light and shade play, oil portraiture, musical influences, still life realism, caravaggism, handsome woman, rich details, guitar and flowers, qajar art, child-like innocence"
data\Dreamstudio/art\Paul_Klee_135.jpg,Paul_Klee_135.jpg,,DreamStudio,1,Paul_Klee_135,Paul Klee,"Paul Klee, Art, Art print, man with teapot, violet and magenta, happy expressionism, fluorescent colors, figurative neo-expressionism, anthropomorphic figures, table scene, primitivist, dansaekhwa, two dimensional, figuration libre, orange flower, green cup, imaginative characters, light magenta, dark black, elongated figures, pictorial space, raw, confrontational figures, cartoon-like figures, woman and child, smelling tea, light purple, dark green, American works on paper 1880–1950."
data\REAL\art_5400\Marc_Chagall_197.jpg,Marc_Chagall_197.jpg,Marc Chagall,REAL,0,Marc_Chagall_197,nan,"Marc Chagall, Art, Dreamy vignettes, light indigo and red, metaphysical interiors, joyful and optimistic, indigo and emerald, vignettes of Paris, atmospheric blues, vibrant stage backdrops, red and blue, lithograph, large canvas paintings, woman and child laying on a couch, mother's eyes, painting on canvas, interior scenes, vibrant airy scenes, dark azure and crimson, colorful arrangements, primitivist, bright luster, etchings, emotional expressions, people laying near lit painting."
data\DALL-E/art\Vincent_van_Gogh_150.jpg,Vincent_van_Gogh_150.jpg,,DALL-E,1,Vincent_van_Gogh_150,Vincent van Gogh,"Vincent van Gogh, Art, Stuffed apples in a basket, 1890, pig, oil on canvas, dark yellow and dark brown, atmospheric lighting, gestural strokes, rough clusters, wood, monochromatic scheme, basket of apples on a dark table, reduced palette, painting of plums in a basket with leaves, dark chiaroscuro lighting, dark brown and dark beige, grid, fruits in a basket on a table, pictorialist, piles/stacks, 1860–1969."
data\REAL\art_5400\Titian_224.jpg,Titian_224.jpg,Titian,REAL,0,Titian_224,nan,"Titian, Art, Painting depicting people in a mythological setting, light pink and dark amber hues, fawncore, princesscore, lush detailing, hyper-realistic water, men and women in background, exaggerated nobility, natural phenomena, dappled, allegorical symbolism, saturated pigment pools, phoenician art, high resolution, riding in a rocky place, meticulous detail, hall of mirrors, metallic etherialism, feminine affluence."
data\REAL\art_5400\Salvador_Dali_53.jpg,Salvador_Dali_53.jpg,Salvador Dali,REAL,0,Salvador_Dali_53,nan,"Salvador Dali, Art, Oil painting, cat, soldiers, colorful moebius, blue and beige, expansive landscapes, Berlin secession, spectacular backdrops, dusty piles, Bengal School of Art, door to labyrinth, 1973, mischievous feline motif, war scenes, Lucifer El Rocho, open door, surrealist landscapes, 1860-1969, violet and beige, 8K resolution, meticulous military scenes, girl sitting in open door, The Blue Rider, repetitive, light violet and beige, depiction of animals."
data\REAL\art_5400\Rembrandt_98.jpg,Rembrandt_98.jpg,Rembrandt,REAL,0,Rembrandt_98,nan,"Rembrandt, Art, Portrait of young man, man wearing a hat, black jacket, on horse, Dark indigo, light bronze, dark green, light amber, dark brown, pink, light brown, magenta, hazy brushstrokes, soft mist, Dutch Golden Age, new fauves, tondo, iconic works of art history, self-portraits, confesssional, lightbox, creative commons attribution."
data\REAL\art_5400\Michelangelo_25.jpg,Michelangelo_25.jpg,Michelangelo,REAL,0,Michelangelo_25,nan,"Michelangelo, Art, Sistine Chapel, feminine sculpture, analytical art, panel composition mastery, Italian art, 1533, contemporary feminist art, trompe-l'oeil folds, religious building, romantic gestures, trompe-l'œil graffiti, human anatomy, painting illustrating human and animal figures in a high ceiling, feminist iconography, arched doorways, alla prima, polychrome sculpture, light indigo and red, painting of angels and their figures, human anatomy, romantic graffiti"
data\StarryAI/art\Paul_Klee_175.png,Paul_Klee_175.png,,StarryAI,1,Paul_Klee_175,Paul Klee,"Paul Klee, Art, Colorful painting, geometric shapes, watercolorist, playfully intricate, trompe-l'œil illusionistic detail, revived historic art forms, watercolor painting, abstract pattern, vibrant mosaic, geodesic structures, light bronze and indigo, ultrafine detail, colored abstract painting, European symbolism, muted colorscape mastery, elaborate, blocky, atmospheric watercolors, person, historical painting, faceted shapes."
data\REAL\art_5400\Albrecht_Durer_166.jpg,Albrecht_Durer_166.jpg,Albrecht Durer,REAL,0,Albrecht_Durer_166,nan,Albrecht_Durer_166
data\Dreamstudio/art\Marc_Chagall_163.jpg,Marc_Chagall_163.jpg,,DreamStudio,1,Marc_Chagall_163,Marc Chagall,"Marc Chagall, Art, 1922, window, flowers, 1921, dark, foreboding landscapes, colorful landscapes, celebration of rural life, enigmatic automatism, dark white and purple, rainbow, flower garden, nostalgic paintings, folk art inspiration, vase, villagecore, purple and green, multiple points of view, happenings, view from window, 1918–1939 interwar, colorful melancholy, dark violet and green, expressionistic anthropology, 1900–1917, rasquache."
data\REAL\art_5400\Edgar_Degas_223.jpg,Edgar_Degas_223.jpg,Edgar Degas,REAL,0,Edgar_Degas_223,nan,"Edgar Degas, Art, Dancing girls, green room, emotional, dramatic, grainy texture, light gray, light crimson, deteriorated, graceful poses, dignified poses, ballet class, emotional distortion, saturated palette, white, fragmented figures, haunting figuratism, absurd, sleepycore, princesscore, magenta, frayed, emotionally charged, expressionist intensity."
data\DALL-E/art\Caravaggio_5.jpg,Caravaggio_5.jpg,,DALL-E,1,Caravaggio_5,Caravaggio,"Caravaggio, Art, Person holding flowers, grape wine, neoclassicist influences, dark white and dark red, heroic masculinity, lively tableaus, wimmelbilder, idealized beauty, figuration libre, women, vanitas paintings, caravaggio chiaroscuro, elaborate fruit arrangements, neo-classical, table, plate of fruit, mythical portraiture, emanicore, naturalistic, floral still-lifes, boy in a dress, refined aesthetic sensibility, mythological references, naturalistic bird portraits."
data\Midjourney/art\Michelangelo_10.jpg,Michelangelo_10.jpg,,Midjourney,1,Michelangelo_10,Michelangelo,"Michelangelo, Art, Sistine Chapel, surreal sculpture, gray and gold, faith-inspired art, trompe-l'œil illusionistic detail, bronze casting, arched doorways, natural symbolism, bronze and blue, lively tableaus, figura serpentinata, different figures with heads covered, dark bronze and yellow, realistic anamorphic art, spherical sculptures, two statues in painting, two pillars and chairs, alchemical symbolism, large-scale murals, light bronze and gold."
data\Dreamstudio/art\Henri_de_Toulouse-Lautrec_20.jpg,Henri_de_Toulouse-Lautrec_20.jpg,,DreamStudio,1,Henri_de_Toulouse-Lautrec_20,Henri de Toulouse-Lautrec,"Henri de Toulouse-Lautrec, Art, Dance painting, people dancing at an art show, art hall, light red, light green, vivid street scenes, feminine sensibilities, the New York School, painting of people dancing on an elegant stage, American Impressionism, light brown, Vienna Secession, Gutai, street-savvy, Oshare kei, harsh flash, ballroom dancing scene, Manapunk, energetic Dadaism, Gilded Age, light pink, outdoor scenes, streaked, eccentric, tondo."
data\REAL\art_5400\Alfred_Sisley_154.jpg,Alfred_Sisley_154.jpg,Alfred Sisley,REAL,0,Alfred_Sisley_154,nan,"Alfred Sisley, Art, Snowy road, winter scene, trompe-l'œil style, light gray, brown, magenta, white, pink, purple, rural life, vernacular architecture, heavy shading, large-scale, mottled, punctured canvases, classic."
data\REAL\art_5400\Pierre-Auguste_Renoir_33.jpg,Pierre-Auguste_Renoir_33.jpg,Pierre-Auguste Renoir,REAL,0,Pierre-Auguste_Renoir_33,nan,"Pierre-Auguste Renoir, Art, Women on horses, children in eyes, dappled, realist, lifelike accuracy, pont-aven school, motion blur panorama, 18th Century, Bloomsbury group, realistic naturalism, high resolution, impressionistic figures, large-scale paintings, dappled brushwork, taxidermy, grisaille, French painting, realistic with impressionistic colors, close-up intensity, large scale murals, The Blue Rider, black and white mastery, figurative naturalism."
data\DALL-E/art\Amedeo_Modigliani_49.jpg,Amedeo_Modigliani_49.jpg,,DALL-E,1,Amedeo_Modigliani_49,Amedeo Modigliani,"Amedeo Modigliani, Art, Portrait of woman, head of a woman, light brown and gray, expressionism, 1900-1917, non-representational, expressive facial features, plaster, subdued expressionism, wide brimmed hat, Romanesque art, delicate washes, dark beige and azure, portraitures, strong facial expression, staining, enamel, untrained portrait."
data\Dreamstudio/art\Claude_Monet_17.jpg,Claude_Monet_17.jpg,,DreamStudio,1,Claude_Monet_17,Claude Monet,"Claude Monet, Art, Frozen lake, people walking, motion blur panorama, light gold, sky-blue, bentwood, light violet, light orange, snowy pond, elongated figures, strip painting, expressionist figures, painting of people in snowy areas, translucent water, subtle color harmonies, detailed hunting scenes, soft-edged, two people walking on water, snow scenes, light yellow, multi-panel compositions, impressionist landscapes."
data\REAL\art_5400\Paul_Klee_69.jpg,Paul_Klee_69.jpg,Paul Klee,REAL,0,Paul_Klee_69,nan,"Paul Klee, Art, Abstract painting, cross, black squares, red color, romantic moonlit seascapes, distinct shapes, post-war European art, light orange, dark gray, symbolic figures, hellish background, aerial view, geometric paintings, nocturne, light red, naturalistic shadows, dark yellow, 'The Cross' painting, 1901, cubist landscapes, simplified abstraction, mysterious nocturnal scenes, minimalist color field, mosaic-like forms, chiaroscuro woodcuts, abstract red painting on black canvas, dark gray, light brown, crossed colors, illuminated landscapes."
data\DALL-E/art\Pierre-Auguste_Renoir_97.jpg,Pierre-Auguste_Renoir_97.jpg,,DALL-E,1,Pierre-Auguste_Renoir_97,Pierre-Auguste Renoir,"Pierre-Auguste Renoir, Art, Woman sitting on carpet, orange and emerald, traditional costumes, hurufiyya, lively colors, oshare kei, tachist, large-scale impressionism, cranberrycore, light red and indigo, luminous sfumato, villagecore, colorful costumes, visual harmony, color-field, mottled, lively brushwork, french countryside."
data\REAL\art_5400\Frida_Kahlo_47.jpg,Frida_Kahlo_47.jpg,Frida Kahlo,REAL,0,Frida_Kahlo_47,nan,"Frida Kahlo, Art, Frida's hairstyle, Queen of Frida's, person, tangled nests, dark brown, crimson, trompe-l'œil illusionistic detail, Pre-Columbian art, spirals, portrait with curly wig, dark red and black, Hopi art, post-internet art, Infinity nets, manticore, traditional costumes, spiral group, tiara, red threads, thick paint, post-internet aesthetics, dark brown, interlaced figures."
data\REAL\art_5400\Leonardo_da_Vinci_25.jpg,Leonardo_da_Vinci_25.jpg,Leonardo da Vinci,REAL,0,Leonardo_da_Vinci_25,nan,"Leonardo da Vinci, Art, Sketch of woman with hair parted in front, high renaissance, pastoral, wrapped, firecore, creative commons attribution, high-resolution, serene faces, drawing of a woman with headpiece, deliberate brushwork, hard-edged lines, blink-and-you-miss-it detail, 1860–1969, old master drawings and prints, young woman wearing hat, frayed, lively brushwork, Whistlerian, reimagined religious art, delicate pencil sketches, romanticized femininity, distinctive noses, 500–1000 CE, detailed facial features, David by the sea."
data\Midjourney/art\Claude_Monet_5.jpg,Claude_Monet_5.jpg,,Midjourney,1,Claude_Monet_5,Claude Monet,"Claude Monet, Art, Snow-covered landscapes, golden light, light orange, sky-blue, suburban ennui, grandiose environments, en plein air, prairiecore, winter's day, impressionist-landscapes, trompe-l'œil, sparse, soft-edged, light yellow, street scenes, light crimson, 1860-1969 period."
data\REAL\art_5400\Peter_Paul_Rubens_19.jpg,Peter_Paul_Rubens_19.jpg,Peter Paul Rubens,REAL,0,Peter_Paul_Rubens_19,nan,"Peter Paul Rubens, Art, Lion, Angel, Horse, High Resolution, Wimmelbilder, Solarpunk, Golden Age Aesthetics, Flying Horse, Child, Infant, Realistic Equine Paintings, Grandiose Color Schemes, Dark Yellow, Light Red, Baroque-esque Ornateness, Metaphysical Narratives, Hurufiyya, Man on Horseback, Magical Creatures, Religious Symbolism, Angelcore, Light Amber, White, Caffenol Developing, Eagle, Baby Angels."
data\REAL\art_5400\Francisco_Goya_101.jpg,Francisco_Goya_101.jpg,Francisco Goya,REAL,0,Francisco_Goya_101,nan,"Francisco Goya, Art, Lady in white dress, dark green and gray, austere simplicity, woman holding a bird, dark gray and light beige, elegantly formal, hazy, grandiose portraits, panoramic scale, elegant dress, light gray and dark emerald, iconic works of art history, uniformly staged images, academic classicism, lady showing a feather, full body, portrait"
data\DALL-E/art\Alfred_Sisley_56.jpg,Alfred_Sisley_56.jpg,,DALL-E,1,Alfred_Sisley_56,Alfred Sisley,"Alfred Sisley, Art, Snow-covered street, walking person, rural subject matter, villagecore, light azure and beige, street of Clermont in winter, loose figuration, rural landscapes, rough texture, impressionist landscapes, depiction of rural life, sky-blue, winter scene, trees, street scene, tonalist."
data\REAL\art_5400\Edgar_Degas_93.jpg,Edgar_Degas_93.jpg,Edgar Degas,REAL,0,Edgar_Degas_93,nan,"Edgar Degas, Art, Dancers, dark magenta, light green, expressionist emotional intensity, tight composition, light emerald, pink, baroque emotional gestures, reduced palette, dream-like scenes, deteriorated, light bronze, working on costumes, chiaroscuro effects, frayed, high-keyed palette, intense emotions"
data\Dreamstudio/art\El_Greco_29.jpg,El_Greco_29.jpg,,DreamStudio,1,El_Greco_29,El Greco,"El Greco, Art, Painting showing two men touching Jesus, baroque animals, coloristic intensity, repetition, dark gold and white, aestheticized violence, medical themes, hand-coloring, old picture of Jesus being carried by men, humanistic empathy, frequent use of yellow, domesticity, disfigured forms, polished concrete, tondo, baroque-influenced drama, Phoenician art, delicacy of touch, 500–1000 CE, emotional intensity, baroque religious scenes, suburban ennui capturer."
data\REAL\art_5400\Kazimir_Malevich_42.jpg,Kazimir_Malevich_42.jpg,Kazimir Malevich,REAL,0,Kazimir_Malevich_42,nan,"Kazimir Malevich, Art, Black and white drawing, two black squares, multiple triangles, spontaneous marks, melancholic symbolism, grainy, toy-like proportions, iconographic motifs, tagging-like marks, graphic symbols, symbolic figures, lithograph, flat planes, datamosh, loose gestural mark-making, grainy noir, naive charm, trompe-l'œil illusionistic detail, rectangular fields."
data\Midjourney/art\Edgar_Degas_195.jpg,Edgar_Degas_195.jpg,,Midjourney,1,Edgar_Degas_195,Edgar Degas,"Edgar Degas, Art, Dancers in green attire, vibrant murals, cranberrycore, post-impressionism, light crimson, emerald, light aquamarine, installation-based, museum gallery dioramas, lush colors, solarization, cabincore, trompe-l'œil, dancing class, lush scenery, cyan, quadratura, large-scale murals, abrasive authenticity, mirror rooms, varied brushwork techniques, princesscore, woods."
data\REAL\art_5400\Edgar_Degas_537.jpg,Edgar_Degas_537.jpg,Edgar Degas,REAL,0,Edgar_Degas_537,nan,"Edgar Degas, Art, Drawing of a woman brushing her long hair, impressionist coloration, light red, gray, dignified poses, chalk, disfigured forms, light crimson, emerald, pre-raphaelitism, looking away, feminine body, hand-coloring, green, nouveau réalisme, colorful drawings, 1900–1917, captivating, emotional imagery, eragon, dark aquamarine, symbolism, grisaille, naturalistic poses, trompe-l'œil illusionistic detail."
data\REAL\art_5400\Frida_Kahlo_23.jpg,Frida_Kahlo_23.jpg,Frida Kahlo,REAL,0,Frida_Kahlo_23,nan,"Frida Kahlo, Art, Oil painting, leaf, yellow leaves, red berries, chiaroscuro woodcuts, surrealistic dreamscapes, trompe-l'œil illusionistic detail, constructivist roots, dark yellow, light green, puzzle-like pieces, tapestries, fine art print, twisted branches, dark yellow, brown, vibrant tapestries, atmospheric etchings, detailed nature depictions, golden brown, surrealist botanical, expressionistic use of light and dark, light green, dark crimson, naturalistic expressionism, dark brown, yellow, surreal abstractions, leaf patterns, rustic textures, garden of life."
data\REAL\art_5400\Salvador_Dali_46.jpg,Salvador_Dali_46.jpg,Salvador Dali,REAL,0,Salvador_Dali_46,nan,"Salvador Dali, Art, 1924, dark crimson, light beige, lively tableaus, mural painting, ultrafine detail, various figures in various locations, optical illusions, melting pots, arabesque/scroll, extravagant table settings, surrealistic detail, surrealist composition, light maroon, interior scenes, trompe-l'œil illusionistic detail, ottoman art, panoramic scale, historical illustration, 1918–1939 interwar, golden cauldron, stumbling ape, qajar art, Salvadoran style."
data\REAL\art_5400\Leonardo_da_Vinci_92.jpg,Leonardo_da_Vinci_92.jpg,Leonardo da Vinci,REAL,0,Leonardo_da_Vinci_92,nan,"Leonardo da Vinci, Art, Drawings of baby figures, expressive emotions, functional aesthetics, realistic forms, multiple limbs, high renaissance, topographical realism, tondo style, exquisite juxtaposition, explosive pigmentation, creative commons, focus stacking techniques, sculpture-like, varying positions, old master drawing techniques, forced perspective, foreshortening, child-like innocence, strong facial expression, exaggerated anatomy, soft shading, mechanical realism."
data\REAL\art_5400\Marc_Chagall_236.jpg,Marc_Chagall_236.jpg,Marc Chagall,REAL,0,Marc_Chagall_236,nan,"Marc Chagall, Art, Black and white painting, bearded man, contemporary Middle Eastern and North African art, rural life depictions, appropriation artist, oil paintings, black and white drawing, old man, hat, broad brushstrokes, 1860-1969, symbolic figures, man in red hat, traditional oil painting, 500–1000 CE, folkloric portraits, Qajar art, sketch, 1970-present, large brushstrokes, loose brushwork, Shibori, encaustic painting, new Fauves style."
data\StarryAI/art\El_Greco_81.png,El_Greco_81.png,,StarryAI,1,El_Greco_81,El Greco,"El Greco, Art, Old man, red robe, large white beard, captivating realism, 19th-century German realism, portrait, ancient man, realistic oil paintings, cryptid academia, Romanesque, sharp attention to detail, grandparentcore, long hair, dark red, light red, 500-1000 CE, religious symbolism, beard and mustache, dark silver, crimson, patience of a saint, bold yet graceful, marble, antichrist, chiaroscuro portraitures."
data\StarryAI/art\Peter_Paul_Rubens_27.png,Peter_Paul_Rubens_27.png,,StarryAI,1,Peter_Paul_Rubens_27,Peter Paul Rubens,"Peter Paul Rubens, Art, Angels flying to heaven, baroque madness, swirling vortexes, light orange, light gray, light black, raw confrontational figures, varied brushwork, metallic etherialism, highly staged scenes, baroque-inspired ornamentation, accumulative process, confessional, subdued color palette, monumental murals, whirring contrivances, colorful washes"
data\REAL\art_5400\Paul_Gauguin_305.jpg,Paul_Gauguin_305.jpg,Paul Gauguin,REAL,0,Paul_Gauguin_305,nan,"Paul Gauguin, Art, Landscape with sheep, light cyan and bronze, coastal landscapes, red and azure, unusual cropping, painting of people and a field next to the sea, fauvism precursor, light brown and blue, new topographics, pastoral scenes, relief, azure, piles/stacks, traditional British landscapes, coastal landscapes, mysterious seascapes, fauvist color usage, light brown and azure, depictions of animals, expansive geometry, coastal views"
data\REAL\art_5400\Albrecht_Durer_317.jpg,Albrecht_Durer_317.jpg,Albrecht Durer,REAL,0,Albrecht_Durer_317,nan,Albrecht_Durer_317
data\DALL-E/art\Hieronymus_Bosch_9.jpg,Hieronymus_Bosch_9.jpg,,DALL-E,1,Hieronymus_Bosch_9,Hieronymus Bosch,"Hieronymus Bosch, Art, Field labor scenes, raking, collecting fruit, walking dog, two men, old man, figure with knife, European symbolism, panel composition mastery, altarpiece, die brücke, earthworks, medievalist, meticulous detail, narrative diptychs, narrative paneling, depictions of labor, light brown, black, die brücke."
data\REAL\art_5400\Pieter_Bruegel_24.jpg,Pieter_Bruegel_24.jpg,Pieter Bruegel,REAL,0,Pieter_Bruegel_24,nan,"Pieter Bruegel, Art, Antique drawing, two men eating on bench, schizocore, rounded, fine attention to anatomy, wimmelbilder, text-heavy, illustration, tondo, naive charm, lith printing, Dutch Golden age, circular shapes, trompe-l'œil, hatching, reduction of canine anatomy, Dutch and Flemish, paleocore, printed social commentary."
data\REAL\art_5400\Alfred_Sisley_111.jpg,Alfred_Sisley_111.jpg,Alfred Sisley,REAL,0,Alfred_Sisley_111,nan,"Alfred Sisley, Art, Paris merchant street, St John's church, pointillist landscapes, light azure, bronze, rural landscapes, inclement weather, French countryside, people in a street, carriage, light silver, sky-blue, pointillist nature scenes, rainy street of Montsaint Louis, Romanesque, rural life depictions, cultural heritage, rain on the Louvre, pointillist seascapes"
data\Midjourney/art\Joan_Miro_28.jpg,Joan_Miro_28.jpg,,Midjourney,1,Joan_Miro_28,Joan Miro,"Joan Miro, Art, Star in the middle of a painting, light orange, bronze, light black, modernist surrealism, singular forms, loose brushwork, trompe-l'œil illusionistic detail, large-scale figuration, erased and obscured, trompe-l'œil graffiti, depictions of animals, neo-primitivism, postwar avant-garde, chiaroscuro portraitures, abstract cats, concert poster, dreamlike imagery, light amber, cosmic imagery, stencil-like imagery, art of the congo"
data\Dreamstudio/art\Rembrandt_83.jpg,Rembrandt_83.jpg,,DreamStudio,1,Rembrandt_83,Rembrandt,"Rembrandt, Art, Young woman holding a flower, arched doorways, dark gold and light black, distinct facial features, large-scale portraits, elaborate costumes, 32k UHD, self-portrait, portrait of lady with pearls and garniture, Dutch landscape, black paintings, feminine sensibilities, woman in black and white, sanatorium, dark gold and dark cyan, baroque-inspired details, oil on panel, exquisite clothing detail, girl in black, dark colored gown, dutch golden age, large-scale, catcore, meticulous detailing, maidcore, punctured canvases."
data\Dreamstudio/art\Vincent_van_Gogh_276.jpg,Vincent_van_Gogh_276.jpg,,DreamStudio,1,Vincent_van_Gogh_276,Vincent van Gogh,"Vincent van Gogh, Art, Falcons in flight 1893, chiaroscuro sketches, raw materialism, trompe-l'œil illusionistic detail, detailed sketching, St Paul 1897, bird painting 1904, black and beige, forced perspective drawings, ultrafine detail, brooding mood, manticore, drawing of bird on top of other birds, panoramic scale, street art sensibilities, open bird flying over document, depictions of animals, American works on paper 1880–1950."
data\Dreamstudio/art\Amedeo_Modigliani_72.jpg,Amedeo_Modigliani_72.jpg,,DreamStudio,1,Amedeo_Modigliani_72,Amedeo Modigliani,"Amedeo Modigliani, Art, Emotionally charged portraits, woman with red dress, woman with black hair, young woman wearing red shorts, light red and dark gray, light maroon and indigo, light brown and navy, dark beige and crimson, dark beige and indigo, naive charm, art deco sensibilities, secessionist style, thick paint, tondo, vignetting, exaggerated facial features, strong facial expression, charming characters, simplified and stylized portraits."
data\StarryAI/art\Edgar_Degas_638.png,Edgar_Degas_638.png,,StarryAI,1,Edgar_Degas_638,Edgar Degas,"Edgar Degas, Art, Painting of woman on beach, another woman, man, two children, in front of umbrella, near wooden table, reduction of canine anatomy, nostalgic subjects, cut and paste, trompe-l'œil illusionistic detail, watercolorist, working-class empathy, concise brushwork techniques, beach life, dadaism, depictions of inclement weather, aquarellist, feminine sensibility, contrasting shadows, humorous animal scenes, light green and black, striped painting, loose handling of paint, collage paintings."
data\DALL-E/art\Hieronymus_Bosch_123.jpg,Hieronymus_Bosch_123.jpg,,DALL-E,1,Hieronymus_Bosch_123,Hieronymus Bosch,"Hieronymus Bosch, Art, After the Fall: The Garden of Destruction, whimsical yet eerie animal symbolism, light emerald and red, futurist gothic, dark beige and black, vibrant stage backdrops, close-up intensity, meticulous design; Devil's Play, Italian painting, whimsical animals, depictions of inclement weather, organized chaos, Germanic art, realist detail, Hatecore; The Hell of the Pharaoh, detailed hunting scenes, unprimed canvas, installation-based, colorful sidewalk scenes; Witch and Four Flies in a Dark Setting, detailed crowd scenes, trompe-l'œil illusionistic detail, depiction of animals, dynamic expressionism."
data\StarryAI/art\Francisco_Goya_161.png,Francisco_Goya_161.png,,StarryAI,1,Francisco_Goya_161,Francisco Goya,"Francisco Goya, Art, Drawing of two women with umbrella, romantic sensibility, hyperbolic expression, blonde subjects, holding umbrellas, grisaille technique, lovecore aesthetic, blink-and-you-miss-it detail, en plein air style, romantic illustration, one holding cigarette, trompe-l'œil illusionistic detail, romanticized views, frayed texture, ink and wash method, carnivalcore theme, romantic academia, depiction of inclement weather, crosshatched shading, 19th-century style, mist element, surprisingly absurd."
data\REAL\art_5400\Claude_Monet_48.jpg,Claude_Monet_48.jpg,Claude Monet,REAL,0,Claude_Monet_48,nan,"Claude Monet, Art, Meadow of poppies, light emerald and orange, light gray and light crimson, striped painting, low resolution, prairiecore, large-scale canvases, yellow, red, and orange flowers in a field, landscapes with social commentary, light red and light emerald, road with red poppies, light orange and emerald, trompe-l'œil, light gray and sky-blue, large-scale, mottled, new topographics."
data\StarryAI/art\Gustav_Klimt_113.png,Gustav_Klimt_113.png,,StarryAI,1,Gustav_Klimt_113,Gustav Klimt,"Gustav Klimt, Art, House with lake in front, light yellow and light emerald, neoclassical symmetry, romanticized views, grandiose color schemes, enigmatic automatism, tranquil gardenscapes, Post-World War I European classicism, Arbeitsrat für Kunst, hall of mirrors, colorful gardens, Viennese Secession, gray and gold, trees in background, German Romanticism, sparkling water reflections, rich tapestries of color, figura serpentinata, wimmelbilder, calm waters, rose garden, reflex reflections, elaborate facades, large scale murals, large-scale canvases."
data\REAL\art_5400\Pierre-Auguste_Renoir_30.jpg,Pierre-Auguste_Renoir_30.jpg,Pierre-Auguste Renoir,REAL,0,Pierre-Auguste_Renoir_30,nan,"Pierre-Auguste Renoir, Art, Vase of mixed blooms painting, light red and emerald flowers, dark green, luminous color palette, oil painting, colorful, Art Deco floral arrangement, canvas, vibrant, harmonious color schemes, pastel, flower bouquet, 1889, voluminous mass, decorative vessels, Biedermeier, white and crimson, light orange, 1860-1969, 1900-1917, impressionistic lighting, vivid color schemes, coloristic."
data\Midjourney/art\Henri_Matisse_157.jpg,Henri_Matisse_157.jpg,,Midjourney,1,Henri_Matisse_157,Henri Matisse,"Henri Matisse, Art, Person holding a bird, girl with a book, woman on a chair, fauvist palette, light violet and emerald, made of vines, 1900-1917, plein-air paintings, automatism, loose figuration, pale palette, high-keyed palette, ultrafine detail, arbeitsrat für kunst, light purple and green, expressionistic anthropology, expressive figuratism."
data\REAL\art_5400\El_Greco_87.jpg,El_Greco_87.jpg,El Greco,REAL,0,El_Greco_87,nan,"El Greco, Art, Painting of Jesus in Armor, surrounded by men with swords, Dark Magenta, Light Green, Light Purple, Dark Green, Light Bronze, Gray, Marine Painter, Dramatic Diagonals, Foreshortening Techniques, Meticulous Details, Disfigured Forms, High-Contrast Shading, Uniformly Staged Images, Chiaroscuro Portraitures, Meticulous Military Scenes, Emphasis on Detail, Punctured Canvases, Tondo, Phoenician Art, Die Brücke"
data\REAL\art_5400\Paul_Gauguin_266.jpg,Paul_Gauguin_266.jpg,Paul Gauguin,REAL,0,Paul_Gauguin_266,nan,"Paul Gauguin, Art, Portrait of a young man, dark beige and black, distinct facial features, enigmatic automatism, symmetrical asymmetry, portrait of a man in a black hat, social media portraiture, sovietwave, Qajar art, dark brown and light black, working-class subjects, strong facial expression, 1860–1969, man wearing a blue cap, late impressionism, self-portraits, art informel."
data\DALL-E/art\Salvador_Dali_26.jpg,Salvador_Dali_26.jpg,,DALL-E,1,Salvador_Dali_26,Salvador Dali,"Salvador Dali, Art, Velvet lips sofa, pink and bronze, wimmelbilder, 1970-present, plush doll art, koehne pink and brown couch, distinctive noses, photoillustration, blink-and-you-miss-it detail, silkscreening, reclining chair in pink and red velvet, realistic trompe-l'oeil, pink and gold sofa in paper, surrealist subconsciousness, 1918-1939 (interwar), color photography, shaped canvas, lovecore"
data\REAL\art_5400\Peter_Paul_Rubens_77.jpg,Peter_Paul_Rubens_77.jpg,Peter Paul Rubens,REAL,0,Peter_Paul_Rubens_77,nan,"Peter Paul Rubens, Art, Person carried onto the cross, baroque madness, meticulous composition, death of Jesus, graceful balance, confessional, symbolic overload, twisted branches, oil painting, lively tableaus, dark white and dark gray, dignified poses, suspended/hanging, contained chaos, balance and harmony, pastoral."
data\StarryAI/art\Peter_Paul_Rubens_110.png,Peter_Paul_Rubens_110.png,,StarryAI,1,Peter_Paul_Rubens_110,Peter Paul Rubens,"Peter Paul Rubens, Art, Arnulf and Orpheus, earthy naturalism, alchemical symbolism, serene pastoral scenes, relational aesthetics, organic realism, two men sitting next to a cow, natural symbolism, twisted branches, natural phenomena, 500–1000 CE, two deer and three men next to a cow, emotional naturalism, golden age aesthetics, performance, The Narcissist, oil on canvas, 1650, art of the upper Paleolithic, pastoral landscape, pictorialist, Mycenaean art, naturalistic details"
data\DALL-E/art\Henri_de_Toulouse-Lautrec_79.jpg,Henri_de_Toulouse-Lautrec_79.jpg,,DALL-E,1,Henri_de_Toulouse-Lautrec_79,Henri de Toulouse-Lautrec,"Henri de Toulouse-Lautrec, Art, Impressionist and post-impressionist coloration, two women sitting on a couch, light red, light pink, and light azure hues, candid, dignified poses, 1860-1969 era, whiplash curves, colorful costumes, grainy texture, disfigured forms, bucolic scenes, raw confrontational figures, romantic gestures, asymmetry, tightly composed scenes, curvilinear, woman relaxing on bed, light magenta and red, extremely gendered, surprisingly absurd."
data\Dreamstudio/art\Henri_Matisse_106.jpg,Henri_Matisse_106.jpg,,DreamStudio,1,Henri_Matisse_106,Henri Matisse,"Henri Matisse, Art, Lady laying in bed with lamp and striped blanket, fauvist figuratism, decorative vessels, les nabis, gold and aquamarine, interwar period, humble charm, colorized, portrait of woman laying, pink, melting pots, lively tableaus, candid atmosphere, orientalist, nappy on bed, light bronze, feminine affluence, man and woman laying on desk, beige, striped painting."
data\DALL-E/art\Francisco_Goya_34.jpg,Francisco_Goya_34.jpg,,DALL-E,1,Francisco_Goya_34,Francisco Goya,"Francisco Goya, Art, Old drawing, old man wearing a hat, distinctive noses, explosive pigmentation, strong lines, pensive poses, sketch, heavy shading, spontaneous mark-making, humble charm, symbolist drawings, detailed pen strokes, older man with hat and tie, romanticism influence, crosshatched shading, loose, gestural mark-making, nonrepresentational."
data\REAL\art_5400\Edvard_Munch_14.jpg,Edvard_Munch_14.jpg,Edvard Munch,REAL,0,Edvard_Munch_14,nan,"Edvard Munch, Art, River painting with waves, fauvist coloration, interwar period, rectangular fields, light maroon, light green, light purple, light red, cyan, aquamarine, expressionist color fields, unusual cropping, angular and bold brush strokes, smooth and curved lines, monochrome elements, three boats, whistlerian and kurzgesagt nuances, whirring contrivances."
data\StarryAI/art\Pieter_Bruegel_10.png,Pieter_Bruegel_10.png,,StarryAI,1,Pieter_Bruegel_10,Pieter Bruegel,"Pieter Bruegel, Art, Older woman, bonnet, early 15th century, historical reproductions, crumpled, distorted, grotesque, dramatic diagonals, trompe-l'œil, illusionistic detail, white and bronze, Botticelli-esque figures, loose handling of paint, biblical drama, serial art, Renaissance, unmasked head, ultrafine detail, distinctive noses, depictions of labor."
data\REAL\art_5400\Pablo_Picasso_433.jpg,Pablo_Picasso_433.jpg,Pablo Picasso,REAL,0,Pablo_Picasso_433,nan,"Pablo Picasso, Art, Dog in kitchen, columns and totems, dark white, dark green, strip painting, marbleized, haunting houses, extravagant table settings, abstract cat, dining room, maquette, emerald green, animal figurines, architectural scenes, bold block prints, family at table, vignettes of Paris, lively tableaus, architecture abstraction, 1860-1969 art, figurines, Dogon art, Congo art."
data\REAL\art_5400\Pablo_Picasso_246.jpg,Pablo_Picasso_246.jpg,Pablo Picasso,REAL,0,Pablo_Picasso_246,nan,"Pablo Picasso, Art, Black and white painting, woman and baby holding each other, antique subjects, on a chair, sculptor, symbolist, romanticized figures, art historical allusions, psychotic cubism, terracotta"
data\StarryAI/art\Diego_Velazquez_10.png,Diego_Velazquez_10.png,,StarryAI,1,Diego_Velazquez_10,Diego Velazquez,"Diego Velazquez, Art, Painters at vineyard 1860-1866, Baroque-inspired drama, Majismo, Brown and amber, Heroic masculinity, Vacation dadcore, Picassoesque, Yankeecore, Man holding another man, Bucolic scenes, Lively group compositions, Caravaggism, Light pink and dark amber, Idealized beauty, People next to one another, Valentin de Boulogne, Playful genre scenes, Phoenician art, Earthy palette, Heroic masculinity, Absinthe culture, Drinking, Art historical allusions, Sabbas apterus"
data\DALL-E/art\Gustav_Klimt_42.jpg,Gustav_Klimt_42.jpg,,DALL-E,1,Gustav_Klimt_42,Gustav Klimt,"Gustav Klimt, Art, Large sunflower, night sky, trees, light emerald and green, narrative figurative, murals and wall drawings, columns and totems, inclement weather depictions, angelcore, Norwegian nature, Berlin Viennese secession, altarpiece, Figura serpentinata, joyful nature celebration, surrounded by tall green and white flowers, multilayered, fine art, outdoor art."
data\REAL\art_5400\Paul_Gauguin_48.jpg,Paul_Gauguin_48.jpg,Paul Gauguin,REAL,0,Paul_Gauguin_48,nan,"Paul Gauguin, Art, Landscapes, raw confrontational figures, violet and emerald, Buddhist art and architecture, manticore, installation-based, depiction of everyday life, groundcore, painting of several people sitting near a tree, tropical symbolism, color-field painter, nouveau réalisme, light indigo and green, automatism, folkloric, flora paisley, outdoor scenes, reverent and tranquil, Indonesian art, large-scale murals, pastoral settings, vibrant color fields, pensive poses, light violet and dark green, monumental murals, 500–1000 CE."
data\REAL\art_5400\Andy_Warhol_133.jpg,Andy_Warhol_133.jpg,Andy Warhol,REAL,0,Andy_Warhol_133,nan,"Andy Warhol, Art, Muhammed Ali on canvas, 1963-1974, dark yellow, light magenta, realist detail, lithograph, non-representational, light black, amber, American prints 1880-1950, pop art brights, singular focus, October 1971, pop art silk-screening, yellow, dark emerald, art of Tonga, holotone printing"
data\REAL\art_5400\Mikhail_Vrubel_31.jpg,Mikhail_Vrubel_31.jpg,Mikhail Vrubel,REAL,0,Mikhail_Vrubel_31,nan,"Mikhail Vrubel, Art, Oil painting, body of water, near distance, mountainous vistas, dark silver, light green, captivating harbor views, ultrafine detail, 1900–1917, Vienna Secession, mountains in distance, dark beige, aquamarine, coastal views, ruins, rocky harbor, bronze, Chinese painting, panorama, dark brown, green, the sea, dark beige, cyan, 1860–1969, mountainous vistas."
data\StarryAI/art\Hieronymus_Bosch_19.png,Hieronymus_Bosch_19.png,,StarryAI,1,Hieronymus_Bosch_19,Hieronymus Bosch,"Hieronymus Bosch, Art, Angel dies before coming into world, exotic landscapes, death of Joshua, landscapist, genesis of St Fransisco, Vanitas paintings, person with dead birds, altarpiece, fantastic landscapes, earthworks, mystical terrains, sharp attention to detail, archaeological object"
data\REAL\art_5400\Pierre-Auguste_Renoir_204.jpg,Pierre-Auguste_Renoir_204.jpg,Pierre-Auguste Renoir,REAL,0,Pierre-Auguste_Renoir_204,nan,"Pierre-Auguste Renoir, Art, Flowers in vase, impressionist-landscapes, light red, light green, light emerald, light white, violet, detailed botanical studies, still life studies, American prints 1880–1950."
data\DALL-E/art\Andrei_Rublev_8.jpg,Andrei_Rublev_8.jpg,,DALL-E,1,Andrei_Rublev_8,Andrei Rublev,"Andrei Rublev, Art, Mysticism, Russian icon, 1303, Illusory wallpaper portraits, 500-1000 CE, Jesus sitting and holding an icon, Light yellow and crimson, Bibliographic anomalies, Black paintings, Eastern brushwork, Creative commons attribution, Monumental murals, Luminous imagery, Old painting, Jesus reading a book, Light red and black, Graphic symbols, Hryhorii Havrylenko, Symmetrical, Distinctive characters, Religious painting, Large crucifix, Jesus showing head and heart, 1000-1400 CE, Carved books, Mythic symbolism, Luminous shadowing."
data\StarryAI/art\Joan_Miro_7.png,Joan_Miro_7.png,,StarryAI,1,Joan_Miro_7,Joan Miro,"Joan Miro, Art, Painting with cat's mouth and the sun, contrasting lights and darks, expressive figuratism, nightmarish creatures, wandering eye, aboriginal art, cosmic abstraction, abstracted grotesqueries, moche art, playfully dark, stains/washes, luminous sfumato, orange portrait painting with colorful lines, dark white and dark black, symbolic use of animals, luminous watercolors, cosmic themes, 'snake and fangs', childlike abstraction, black paintings, cosmic jester, loose figuration, quito school."
data\Midjourney/art\Andrei_Rublev_2.jpg,Andrei_Rublev_2.jpg,,Midjourney,1,Andrei_Rublev_2,Andrei Rublev,"Andrei Rublev, Art, Round lion holding a book, medieval art, gender-bending iconography, lion in a golden bowl, light red and light indigo, bibliographic anomalies, sky-blue and beige, wizardcore, figura serpentinata, mathematical art, Byzantine iconography, circular shapes, miniature illumination, mythic storytelling, illuminated manuscript-esque, science academia, 500-1000 ce, high-angle"
data\Midjourney/art\Amedeo_Modigliani_22.jpg,Amedeo_Modigliani_22.jpg,,Midjourney,1,Amedeo_Modigliani_22,Amedeo Modigliani,"Amedeo Modigliani, Art, Red painting, woman with wings, from above view, light red, light black, satirical expressionism, strip painting, oil on canvas, 1900-1917, light orange, art brut, Bohemia art, feminine body, suspended/hanging, neo-primitivism, dripping paint, luxurious wall hangings, wimmelbilder, rusticcore."
data\REAL\art_5400\El_Greco_68.jpg,El_Greco_68.jpg,El Greco,REAL,0,El_Greco_68,nan,"El Greco, Art, Religious painting, Jesus, angels, rock, baroque madness, bold chromaticity, detailed crowd scenes, light gold and black, whirring contrivances, red, navy, hand-coloring, empty cave, apocalyptic collage, grandiose color schemes, apocalypse landscape, adoration, colorful turbulence, saturated pigment pools, symbolic overload."
data\Midjourney/art\Kazimir_Malevich_38.jpg,Kazimir_Malevich_38.jpg,,Midjourney,1,Kazimir_Malevich_38,Kazimir Malevich,"Kazimir Malevich, Art, Abstract shapes, people print, monochromatic chaos, cubist geometric shapes, mosaic-like composition, imaginative prison scenes, black and white illustration, art pieces, holotone printing, lively tableaus, tightly composed scenes, dark green and light gray, eastern brushwork, 1900-1917 era, artist's notebook theme, etching/engraving, detailed crowd scenes, geometric abstraction, figuration libre, person by person concept, elaborate engravings, meticulous military scenes, lively movement, grid-like structures."
data\StarryAI/art\Edgar_Degas_508.png,Edgar_Degas_508.png,,StarryAI,1,Edgar_Degas_508,Edgar Degas,"Edgar Degas, Art, Ballet dancers practicing in a window, light white and light blue, light white and bronze, elaborate costumes, expressive gestures, dark white and light violet, ballerinas in white tutu and shoes, light azure and dark amber, dynamic brushwork vibrations, dark white and light purple, loose brushwork, dynamic chiaroscuro, light white and light gray, emotional gestures, dark cyan and light amber, sparklecore, feminine grace, light white, exaggerated, light white and dark gray, 19th century style, light teal and light white, light white and dark violet."
data\DALL-E/art\Alfred_Sisley_210.jpg,Alfred_Sisley_210.jpg,,DALL-E,1,Alfred_Sisley_210,Alfred Sisley,"Alfred Sisley, Art, House near river, sky-blue, pink, light bronze, countryside, trees, impressive panoramas, impressionist-landscapes, trompe-l'oeil, cold and detached atmosphere, decorative art, curvilinear, manapunk, mote kei, cabincore, magewave, 1860–1969, 1900–1917"
data\StarryAI/art\Edgar_Degas_412.png,Edgar_Degas_412.png,,StarryAI,1,Edgar_Degas_412,Edgar Degas,"Edgar Degas, Art, Two men sitting in front of easel, working class subjects, light brown and black, pattern-based painting, post-impressionist coloration, sharp brushwork, two men in hats with easels, panel composition mastery, loose handling of paint, sharp angles, solarpunk, creative commons attribution, frequent use of diagonals, heavy use of palette knives, light crimson and black, solarizing master, dark green and indigo, concise brushwork techniques, light brown and light black."
data\StarryAI/art\Rembrandt_159.png,Rembrandt_159.png,,StarryAI,1,Rembrandt_159,Rembrandt,"Rembrandt, Art, Large-scale canvas, Dutch Golden Age, painting depicting painter and woman, dark gold, dark amber, color splash, joyful, optimistic, bleaches, Jewish culture themes, two figures painting and holding each other, light bronze, crimson, muralist, painting and writing tools, nostalgic subjects, 1902 1903, elaborate costumes, dark brown, Jewish life scenes, feminine sensibilities, happycore, assemblage, hung in court."
data\StarryAI/art\Paul_Klee_54.png,Paul_Klee_54.png,,StarryAI,1,Paul_Klee_54,Paul Klee,"Paul Klee, Art, House with red road, letras y figuras, mosaic composition, romantic moonlit seascapes, rationalism, distinct shapes, regionalism, orange and green, street in red and orange, soviet avant-garde, richly layered, symbolic iconography, texture-rich landscapes, 1918–1939 interwar era, assemblage, detailed compositions, eastern orthodox icons, cubist fragmentation of form, dark red and orange, trompe-l'œil illusionistic detail."
data\REAL\art_5400\Paul_Klee_113.jpg,Paul_Klee_113.jpg,Paul Klee,REAL,0,Paul_Klee_113,nan,"Paul Klee, Art, Nocturne, abstract landscapes, mountainous vistas, celebration of rural life, rusticcore, harmonious color schemes, loose compositions, grid-like structures, luminous shadowing, cubist fragmentation of space, rectangular fields, dark green, light crimson, dark yellow, dark red, dark gray, dark brown, dark white, orange tree, sun, oil on canvas, traditional landscapes, vivid landscapes, nightscapes"
data\Dreamstudio/art\Vincent_van_Gogh_59.jpg,Vincent_van_Gogh_59.jpg,,DreamStudio,1,Vincent_van_Gogh_59,Vincent van Gogh,"Vincent van Gogh, Art, Oil painting, path with green grass, long grass, weeded path, swirling vortexes, wild brushstrokes, exuberant, cloud depiction, post-impressionism influence, azure, sky-blue, emerald, grandiose color schemes, contour line, inclement weather, romanticized views, vibrant murals, autumn landscape, light magenta, land art, yellow road, trees, flowing brushwork, 'I can't believe how beautiful this is'"
data\REAL\art_5400\Georges_Seurat_3.jpg,Georges_Seurat_3.jpg,Georges Seurat,REAL,0,Georges_Seurat_3,nan,"Georges Seurat, Art, Oil painting, sunflower crop, field in front of lake, yellow, pointillism, 19th century German realism, light emerald, orange, broad palette knife marks, grandeur of scale, meticulously detailed, color-field painting, panel composition mastery, large loose brushstrokes, strip painting, Biedermeier, Vienna Secession, prairiecore, amber, made of vines."
data\Dreamstudio/art\Alfred_Sisley_127.jpg,Alfred_Sisley_127.jpg,,DreamStudio,1,Alfred_Sisley_127,Alfred Sisley,"Alfred Sisley, Art, Countryside road, impressionist-landscapes, rural landscapes, road outside a village, late impressionism, light gray, green, trompe-l'oeil, light pink, light black, candid, natural scenery, path next to fields, light gray, light pink, light green, loose figuration, suburban ennui, street with houses in background, pastoral landscape, die brücke, lightbox."
data\Dreamstudio/art\Francisco_Goya_112.jpg,Francisco_Goya_112.jpg,,DreamStudio,1,Francisco_Goya_112,Francisco Goya,"Francisco Goya, Art, Old drawing, man in pants and shoes, squat position, theatrical exuberance, shadowy drama, loose handling of paint, luminous shadowing, die brücke, frayed, low-angle, theatrical gestures, splattered paint, lit kid, inkblots, man next to light, horror film, lithograph."
data\Midjourney/art\Edgar_Degas_395.jpg,Edgar_Degas_395.jpg,,Midjourney,1,Edgar_Degas_395,Edgar Degas,"Edgar Degas, Art, Painting of a woman in a colorful dress, pastel-colored scenes, light red, light emerald, dark azure, yellow, theatrical, chalk, nouveau réalisme, light azure, orange, turquoise, light yellow, red, fanciful costume design, chalk art, emotional gestures, woman standing in dress, strong facial expression, dance, aquamarine, woman wearing red dress."
data\REAL\art_5400\Rene_Magritte_46.jpg,Rene_Magritte_46.jpg,Rene Magritte,REAL,0,Rene_Magritte_46,nan,"Rene Magritte, Art, Drawing of a man sitting with a violin and a child, soft crosshatching, American works on paper 1880–1950, swirling vortexes, repetitive, pointillist precision, detailed crosshatching, accurate and detailed, 'the violin player', figurative precision, portrait of a man who plays the violin, multi-layered figures, cross-hatching, 1860–1969"
data\REAL\art_5400\Edgar_Degas_261.jpg,Edgar_Degas_261.jpg,Edgar Degas,REAL,0,Edgar_Degas_261,nan,"Edgar Degas, Art, Orchestra and violon, close-up, confessional, progressive academia, realist detail, low resolution, dynamic action, painting with musicians in theater, man playing clarinet, period 1860-1969, solarization."
data\Dreamstudio/art\Kazimir_Malevich_93.jpg,Kazimir_Malevich_93.jpg,,DreamStudio,1,Kazimir_Malevich_93,Kazimir Malevich,"Kazimir Malevich, Art, Garden scene, woman, house, organic impressionist, pale palette, light green, indigo, loose figuration, quadratura, die brücke, fruit tree, small brushstrokes, angular composition, sky-blue, suburban ennui, pont-aven school, pictorial space, plein-air, 1892, reprinted 1893, soft atmospheric scenes, reduced palette"
data\REAL\art_5400\Henri_Matisse_126.jpg,Henri_Matisse_126.jpg,Henri Matisse,REAL,0,Henri_Matisse_126,nan,"Henri Matisse, Art, Man sitting on chair, Ndebele-inspired motifs, Berlin Secession, colorful costumes, dark emerald and yellow, painting depicts man sitting on box, elaborate costumes, Harlem Renaissance, colorful portraits, art 1900s, art 1920s, Renaissance art, yellow and emerald, Yale University School of Art, Fauvist figuratism, raw, confrontational figures, moody figurative, portrait of man sitting in black clothe wearing head scarf, restrained impressionism, vibrant murals, 1918–1939 (interwar), detailed costumes"
data\REAL\art_5400\Paul_Klee_167.jpg,Paul_Klee_167.jpg,Paul Klee,REAL,0,Paul_Klee_167,nan,"Paul Klee, Art, Abstract painting, house, red orange ball, Japanese abstraction, Germanic art, Slovenian paintings, 1860-1969, Himalayan art, happy expressionism, stars art group, red sun, angular composition, colorful gardens, unprimed canvas, group of houses, red rose, tempera, person art, landscape artist, art history, abstract art, art critic, soviet avant-garde, Edo-period Japan, Vienna Secession, vibrant watercolor landscapes, light red and dark green, vernacular architecture, naive charm."
data\REAL\art_5400\Frida_Kahlo_118.jpg,Frida_Kahlo_118.jpg,Frida Kahlo,REAL,0,Frida_Kahlo_118,nan,"Frida Kahlo, Art, Woman holding mirror, Byzantine iconography, surrealistic detail, medicalcore, dark gold and blue, trompe-l'œil illusionistic detail, massurrealism, back button focus, eastern orthodox icons, medical themes, dark yellow and blue, young woman, blink-and-you-miss-it detail, oil painting, red mirror, medical imaging film."
data\REAL\art_5400\Amedeo_Modigliani_54.jpg,Amedeo_Modigliani_54.jpg,Amedeo Modigliani,REAL,0,Amedeo_Modigliani_54,nan,"Amedeo Modigliani, Art, 1922 oil on canvas, orange and black, humor meets heart, wealthy portraiture, Confucian ideology, bearded man with a book, grotesque caricatures, dark brown and light black, thick impasto, Chinese brushwork, soggy, man with blue scarf, strong facial expression, light red and dark black, dynamic and exaggerated facial expressions, darkly comedic, Japanese Renaissance, impressionist colorism, barbizon school"
data\REAL\art_5400\Henri_Matisse_171.jpg,Henri_Matisse_171.jpg,Henri Matisse,REAL,0,Henri_Matisse_171,nan,"Henri Matisse, Art, Person at table, oranges, yellow curtains, painting of room, fanciful compositions, striped arrangements, romanticized views, fauvist tendencies, arched doorways, hard-edged compositions, vignettes of Paris, lively tableaus, folkloric themes, light maroon and yellow, mirror, oil painting, yellow vase, fruits, orange, mirror rooms, elaborate textiles, vibrant stage backdrops, painting on wood and canvas, cafe window, festive atmosphere, elaborate artistic environments."
data\REAL\art_5400\Amedeo_Modigliani_69.jpg,Amedeo_Modigliani_69.jpg,Amedeo Modigliani,REAL,0,Amedeo_Modigliani_69,nan,"Amedeo Modigliani, Art, Abstract painting, man in suit and tie, bearded man, distinctive characters, soft-edged, light brown and indigo, black, animated expressions, iconic works, art history, social media portraiture, fauvist animator."
data\REAL\art_5400\Paul_Gauguin_214.jpg,Paul_Gauguin_214.jpg,Paul Gauguin,REAL,0,Paul_Gauguin_214,nan,"Paul Gauguin, Art, Three women, exotic subject matter, light red, yellow, dark yellow, light pink, light magenta, 1900-1917, masculine, contrasting values, art of Tonga, participatory, implied narratives, post-impressionist colorism, human connection, two women and two men holding apples, feminine body, spectacular backdrops, strip painting, Indonesian art, Sumatraism, ethical concerns, women in tropical clothing standing"
data\StarryAI/art\Paul_Cezanne_22.png,Paul_Cezanne_22.png,,StarryAI,1,Paul_Cezanne_22,Paul Cezanne,"Paul Cezanne, Art, Angular cubism, painting of rocks, trees near a mountain, orange cliffs, tree stumps, nineteenth century French realism, creative commons attribution, strong use of contrast, stone, spot metering, hills and trees on backdrop, irregular structures, light orange, dark emerald, bold strokes, functional aesthetics, upper paleolithic art, dark white and green, stone sculptures, azure, art historical allusions, landscape"
data\REAL\art_5400\Amedeo_Modigliani_4.jpg,Amedeo_Modigliani_4.jpg,Amedeo Modigliani,REAL,0,Amedeo_Modigliani_4,nan,"Amedeo Modigliani, Art, Woman in black, sitting on chair, light brown, gray, humble charm, staining, nouveau réalisme, tondo, bold colours, light gray, indigo, dignified poses, dark black, die brücke, feminine sensibilities, dark gray, dark beige, romanticist"
data\Midjourney/art\Hieronymus_Bosch_92.jpg,Hieronymus_Bosch_92.jpg,,Midjourney,1,Hieronymus_Bosch_92,Hieronymus Bosch,"Hieronymus Bosch, Art, Ancient painting of Jesus being flogged against a wall, feminine affluence, goblin academia, meticulous military scenes, altarpiece, Sui Dynasty, chaotic academia, knights with a crucifix, satirical expressionism, detailed crowd scenes, Japanese Renaissance, installation-based, men with the cross, carnivalesque, 15th century, sandalpunk, tightly composed scenes, oil painting of a man on a boat surrounded by men, vibrant stage backdrops, trompe-l'œil illusionistic detail, women artists, Gongbi, confessional"
data\Midjourney/art\Pierre-Auguste_Renoir_12.jpg,Pierre-Auguste_Renoir_12.jpg,,Midjourney,1,Pierre-Auguste_Renoir_12,Pierre-Auguste Renoir,"Pierre-Auguste Renoir, Art, Person sitting in room with woman, impressionist light and color, dark blue, elegant clothing, bright luster, harmonious coloration, light indigo, woman sitting in chair by window, light violet and dark blue, elegant figures, light yellow and light navy, subdued expressionism, two people sitting in chairs, light navy and indigo, haunting figuratism, bright luster, elegant brushstrokes, angular composition, bed sitting under blue table, gestural impressionism, confessional, colorful impasto, claire-obscure lighting, happenings."
data\REAL\art_5400\Alfred_Sisley_159.jpg,Alfred_Sisley_159.jpg,Alfred Sisley,REAL,0,Alfred_Sisley_159,nan,"Alfred Sisley, Art, Crashing waves over rocks, ocean with rocky background, waves hitting rocks under a bridge, light gray and navy, plein-air realism, impressionist-landscapes, sculptural landscapes, 1900-1917, fluid gestures, en plein air, elaborate, tumblewave, melting pots, energetic impasto, action paintings, plein-air paintings, white and blue, American impressionism, loose gestures, goosepunk, mosaic-like composition, naturalistic ocean waves, fluid."
data\Midjourney/art\Vincent_van_Gogh_24.jpg,Vincent_van_Gogh_24.jpg,,Midjourney,1,Vincent_van_Gogh_24,Vincent van Gogh,"Vincent van Gogh, Art, Old woman with shovel, chiaroscuro portraitures, working class subjects, modern impressionism, plowing field, pensive poses, deconstructive, depictions of labor, dark green and light brown, heavy chiaroscuro, piles/stacks, bronze, strong facial expression, open field picking grain, mushroomcore, rough clusters, harsh lighting, whistlerian"
data\REAL\art_5400\Vincent_van_Gogh_375.jpg,Vincent_van_Gogh_375.jpg,Vincent van Gogh,REAL,0,Vincent_van_Gogh_375,nan,"Vincent van Gogh, Art, Field in distance, late impressionism, intricate line-work, light brown and light beige, natural symbolism, sculpted impressionism, hay in field, impressionist-landscapes, matte drawing, detailed penciling, countryside field, sparse, angular linework, naturalistic renderings, light pink and dark beige, trompe-l'œil illusionistic detail, hay bale, relief, naïve drawing, woodblock prints."
data\DALL-E/art\El_Greco_35.jpg,El_Greco_35.jpg,,DALL-E,1,El_Greco_35,El Greco,"El Greco, Art, Painting of a person with a necklace, symbolic allegorical, dark silver and white, naturalistic cityscapes, heroic masculinity, figura serpentinata, art that plays with scale, aerial view, baroque-punk, brooding cityscapes, supernatural realism, creative commons attribution, man with a circle in his hands, high resolution, painting of a man on a table, black and white imagery, trompe-l'œil illusionistic detail."
data\REAL\art_5400\Hieronymus_Bosch_109.jpg,Hieronymus_Bosch_109.jpg,Hieronymus Bosch,REAL,0,Hieronymus_Bosch_109,nan,"Hieronymus Bosch, Art, Image titled 'The Death of Hell', meticulous surrealism, Organized Chaos, gothic grotesque figures, powerful symbolism, mysterious backdrops, fire painting with woman center, fantastical and imaginative creatures, depictions of labor, mechanical realism, dark area horse rider, trompe-l'œil illusionistic detail, surrealist-influenced human figures, large canvas sizes, polished metamorphosis, mysterious woman's death, fire in a dark night, tightly composed scenes, contained chaos, dark-amber, light-amber, and green coloring, pictorial space."
data\REAL\art_5400\Edouard_Manet_88.jpg,Edouard_Manet_88.jpg,Edouard Manet,REAL,0,Edouard_Manet_88,nan,"Edouard Manet, Art, Woman in park, 1877, navy and beige, light yellow and dark beige, detailed brushstrokes, light green and black, woman in sunhat in chair, impressionist, dappled light, light beige and black, high resolution, plein-air, light yellow and dark navy, en plein air, woman hat in front of sea, impressionist gardens, dark navy and beige, American sculpture 1830–1950, Meiji art, Die brücke, Oshare Kei, Manapunk, Street-savvy."
data\Dreamstudio/art\Mikhail_Vrubel_25.jpg,Mikhail_Vrubel_25.jpg,,DreamStudio,1,Mikhail_Vrubel_25,Mikhail Vrubel,"Mikhail Vrubel, Art, Oriental man, elaborate costumes, detailed, crown, orange, red, light brown, dark white, restrained palette, 1918-1939 interwar period, barroco, Qajar art, oil painting, holding ornament, aquarellist, watercolorist, frayed, fanciful costume design"
data\Dreamstudio/art\Leonardo_da_Vinci_70.jpg,Leonardo_da_Vinci_70.jpg,,DreamStudio,1,Leonardo_da_Vinci_70,Leonardo da Vinci,"Leonardo da Vinci, Art, Bearded man, oil lamp, fresco, meticulous linework precision, sculptor, older man, sketch, pocket, sitting, expressive figuratism, strong facial expression, rustic figurative, trompe-l'oeil illusionistic detail, czar, hand up, sketch book."
data\Dreamstudio/art\Joan_Miro_28.jpg,Joan_Miro_28.jpg,,DreamStudio,1,Joan_Miro_28,Joan Miro,"Joan Miro, Art, Star in the middle of a painting, light orange, bronze, light black, modernist surrealism, singular forms, loose brushwork, trompe-l'œil illusionistic detail, large-scale figuration, erased and obscured, trompe-l'œil graffiti, depictions of animals, neo-primitivism, postwar avant-garde, chiaroscuro portraitures, abstract cats, concert poster, dreamlike imagery, light amber, cosmic imagery, stencil-like imagery, art of the congo"
data\Dreamstudio/art\Henri_Rousseau_9.jpg,Henri_Rousseau_9.jpg,,DreamStudio,1,Henri_Rousseau_9,Henri Rousseau,"Henri Rousseau, Art, Little girl holding doll, sea and coast painting, oil portraiture, girl in red dress, field, surrealist motifs, folk art, seaside scenes, naïve art, thick paint, Mexican muralism, toys, posing, plush doll art, disfigured forms, Arte Povera, childlike, mingling with doll, dark beige and red, seaside vistas."
data\REAL\art_5400\Albrecht_Durer_14.jpg,Albrecht_Durer_14.jpg,Albrecht Durer,REAL,0,Albrecht_Durer_14,nan,Albrecht_Durer_14
data\REAL\art_5400\Andrei_Rublev_99.jpg,Andrei_Rublev_99.jpg,Andrei Rublev,REAL,0,Andrei_Rublev_99,nan,"Andrei Rublev, Art, Ancient church painted walls, bible figures, light indigo, dark amber, organic forms, muted tones, foreshortening techniques, 1918-1939, mysterious figures, rounded, large fresco, cathedral, Christians, earth tone color palette, trompe-l'œil illusionistic detail, 500-1000 CE, lurid, unsettling mood, mural painting, disfigured forms, confessional, monastery of Saints John and St Benedict, figurative compositions, evocative textures, light navy and brown."
data\REAL\art_5400\Pablo_Picasso_251.jpg,Pablo_Picasso_251.jpg,Pablo Picasso,REAL,0,Pablo_Picasso_251,nan,"Pablo Picasso, Art, Three women sitting near a house, two women with a basket, sisters talking with husband and daughter, three girls in a small red car near a house, painting, soviet propaganda, Dutch and Flemish, Farm Security Administration aesthetics, Die Brücke, ritualistic masks, light beige and blue, working-class subjects, depiction of rural life, suburban ennui capturer, emotional gestures, Germanic art, light red and blue, villagecore, Danube school, bronze and azure, symbolic nabis, 1918–1939 (interwar), figurative symbolism, blue and beige, gesture."
data\REAL\art_5400\Vincent_van_Gogh_77.jpg,Vincent_van_Gogh_77.jpg,Vincent van Gogh,REAL,0,Vincent_van_Gogh_77,nan,"Vincent van Gogh, Art, Stacked hay in a field, European symbolism, vivid color schemes, frequent use of yellow, meticulously detailed, deconstructive, yankeecore, tondo, irregular structures, saturated colors, light orange and yellow, vanitas paintings, arbeitsrat für kunst, HD, iconic works of art history, light beige and yellow, tangled nests, vignettes of Paris, creative commons attribution, oil painting featuring two haystacks, grandiose color schemes, 1000–1400 CE, vibrant murals, sopheap pich."
data\Midjourney/art\Gustav_Klimt_60.jpg,Gustav_Klimt_60.jpg,,Midjourney,1,Gustav_Klimt_60,Gustav Klimt,"Gustav Klimt, Art, Female laying on paper sketch, classic composition, dark beige and gray, primitivist, solarization, Düsseldorf School of Photography style, elongated figures, delicate shading, woman laying down, high resolution, topographical realism, dignified poses, interwar period, classicist, soft-focused realism, golden ratio, sculpted, woman on bed with pillows, dynamic figure studies, chalk, aerial view."
data\StarryAI/art\Sandro_Botticelli_11.png,Sandro_Botticelli_11.png,,StarryAI,1,Sandro_Botticelli_11,Sandro Botticelli,"Sandro Botticelli, Art, Altarpiece painting, lady holding infant and sword, extreme angle, pseudo-realistic, exquisite clothing detail, slumped/draped, apocalyptic, red and gold, full body, punctured canvas, mechanical realism, light red and dark green, frenzied action painting, Madonna and child, Botticelli-esque figures, precisionist art, cut/ripped, mediated view."
data\Dreamstudio/art\Leonardo_da_Vinci_140.jpg,Leonardo_da_Vinci_140.jpg,,DreamStudio,1,Leonardo_da_Vinci_140,Leonardo da Vinci,"Leonardo da Vinci, Art, Human leg and feet anatomy, distorted bodies, medical themes, horror academia, fragmented bodies, staining, suspended/hanging, distinctive noses, detail drawing, 1408, sketches, disfigured forms, expressive figure studies, exaggerated forms, meticulous inking, large canvas sizes, art academia, otherworldly grotesquery, old masters, microscopic views, goblin academia, cut/ripped"
data\DALL-E/art\Edgar_Degas_100.jpg,Edgar_Degas_100.jpg,,DALL-E,1,Edgar_Degas_100,Edgar Degas,"Edgar Degas, Art, Jockeys on the horse track, 1885, suburban ennui, impressive skies, installation-based, distinctive noses, horse races, nostalgic paintings, surprisingly absurd, happenings, large-scale impressionism, sky-blue and black, the new fauves, bentwood, patience of a saint, color-field, dark gray and sky-blue, spontaneous realism, sky-blue and yellow, participatory, 1860–1969, massurrealism."
data\REAL\art_5400\Frida_Kahlo_21.jpg,Frida_Kahlo_21.jpg,Frida Kahlo,REAL,0,Frida_Kahlo_21,nan,"Frida Kahlo, Art, cactus painting, flower, trompe-l'œil illusionistic detail, surreal theatrics, hyperrealistic wildlife, green, crimson, oil painting, light red, dark green, intense close-ups, paleocore, vines, realistic hyper-detail, primordial creatures, twisted branches, pink flowers, realist detail, 1860-1969 era style"
data\REAL\art_5400\Georges_Seurat_6.jpg,Georges_Seurat_6.jpg,Georges Seurat,REAL,0,Georges_Seurat_6,nan,"Georges Seurat, Art, Cirque in circus, light indigo and light gold, vintage imagery, monumental murals, American prints 1880–1950, Picassoesque, realistic equine paintings, art deco sensibilities, lithograph, light yellow, mural painting, neo-mosaic, audience in arena, horse in background, art nouveau organicity, yellow and indigo, illusionary spaces, large canvas paintings, arabesque, colorful storytelling, mosaic-inspired realism, impressionist sensibilities, altarpiece, princesscore."
data\StarryAI/art\Edvard_Munch_30.png,Edvard_Munch_30.png,,StarryAI,1,Edvard_Munch_30,Edvard Munch,"Edvard Munch, Art, Three boys standing in front of a door, light black, lively group compositions, striped arrangements, sculptural costumes, harsh lighting, light amber and black, mural-like compositions, orange and black, six boys in room with a clock, orphism, marine painter, light orange and light black, strong facial expression, child-like innocence, monumental ensembles, light yellow and dark navy, presentation of human form, light and harmonious, 1900-1917."
data\StarryAI/art\Diego_Velazquez_37.png,Diego_Velazquez_37.png,,StarryAI,1,Diego_Velazquez_37,Diego Velazquez,"Diego Velazquez, Art, Child in gown, vase, Hispanicore, high resolution, opulent fabrics, 1860–1969, portraitures, dark pink, light gray, dress of Valencia Rey Gordiano, light crimson, embroidered dress, child-like innocence, Picassoesque, tondo, vanitas paintings, exquisite clothing detail, traditional."
data\Dreamstudio/art\Pablo_Picasso_241.jpg,Pablo_Picasso_241.jpg,,DreamStudio,1,Pablo_Picasso_241,Pablo Picasso,"Pablo Picasso, Art, Two paintings of men, expressionistic emotiveness, light yellow and gray, vibrant tapestries, asymmetrical composition, hard-edge painting, coloristic intensity, oil painting, intricate composition, large-scale canvas, strong facial expression, postwar abstract, highly stylized figures, deconstructive, dark white and yellow, person, black and yellow, large canvas paintings, animated exuberance, authentic expressions, vanitas paintings."
data\REAL\art_5400\Vincent_van_Gogh_383.jpg,Vincent_van_Gogh_383.jpg,Vincent van Gogh,REAL,0,Vincent_van_Gogh_383,nan,"Vincent van Gogh, Art, Impressionist landscapes, trees and plants in front of brick houses, vivid color scheme, expressionist emotiveness, dark yellow, light black, light crimson, azure, rubens, whistlerian, luminous shadowing, bold lines, vibrant color, Mediterranean landscapes, light red and gold, colorful sidewalk scenes, vivid color scheme, twisted branches, installation-based."
data\DALL-E/art\Paul_Gauguin_49.jpg,Paul_Gauguin_49.jpg,,DALL-E,1,Paul_Gauguin_49,Paul Gauguin,"Paul Gauguin, Art, Painting, young woman holding fan, art of Tonga, Vancouver school, 1860-1969, light magenta, dark blue, light pink, light navy, dark white, strong facial expression, figurativism, symbolic subjects, heavy use of palette knives, altarpiece, large scale murals, folkloric themes, cultural heritage, confrontational figures, confessional."
data\REAL\art_5400\Raphael_9.jpg,Raphael_9.jpg,Raphael,REAL,0,Raphael_9,nan,"Raphael, Art, Euphrosyphus, young man, arrow, slingshot, child-like innocence, romanticized depictions of wilderness, bold chiaroscuro contrast, sharp attention to detail, person holding a bow, heroic masculinity, high renaissance, light brown, dark black, full body, genesis, figura serpentinata, sharp contrast, myth, chiaroscuro portraitures, realistic chiaroscuro, dark gold, dark azure, sublime wilderness."
data\REAL\art_5400\Pablo_Picasso_371.jpg,Pablo_Picasso_371.jpg,Pablo Picasso,REAL,0,Pablo_Picasso_371,nan,"Pablo Picasso, Art, Woman holding cell phone, dark beige and gray, bibliographic anomalies, brooding mood, made of cheese, exacting precision, woman on telephone, post-internet aesthetics, lady with phone and pencil, green and gray, Great Depression, vanitas paintings, sense of quiet contemplation, woman playing game with tablet, pensive portraiture, distinctive noses, online sculpture."
data\REAL\art_5400\Pieter_Bruegel_28.jpg,Pieter_Bruegel_28.jpg,Pieter Bruegel,REAL,0,Pieter_Bruegel_28,nan,"Pieter Bruegel, Art, Old engraving, harbor, ships, delicately rendered landscapes, Phoenician art, aerial photography, Dutch seascapes, handscroll, letterboxing, water foreground, intricate hatching, pictorial space, ancient Greece drawing, detailed miniatures, Dutch realism, pirate ship sailing on lake, coastal and harbor views"
data\Midjourney/art\Caravaggio_35.jpg,Caravaggio_35.jpg,,Midjourney,1,Caravaggio_35,Caravaggio,"Caravaggio, Art, Two men writing a book near a skull, old man working on a book, vanitas paintings, sharp angles, undefined anatomy, wizardcore, automatism, realistic details, man on table with skull, classic academia, ritualistic masks, two people playing a recorder, desk with a skull, interdisciplinary art, dissected books, enigmatic automatism, juxtaposed figures, miscellaneous academia, tondo."
data\Dreamstudio/art\Diego_Rivera_50.jpg,Diego_Rivera_50.jpg,,DreamStudio,1,Diego_Rivera_50,Diego Rivera,"Diego Rivera, Art, Intricate scene with people, figures and objects on floor, fantastical otherworldly visions, Mexican cave at Mexico City, Surrealist motifs, depictions of labor, art museum, colorful murals, macabre realism, Mexican folklore-inspired, light emerald and dark amber, trompe-l'œil illusionistic detail, organic biomorphic forms, symmetrical chaos, intricate ceiling designs, mushroomcore, infinity nets, gigantic scale, lively tableaus, tempera."
data\REAL\art_5400\Marc_Chagall_184.jpg,Marc_Chagall_184.jpg,Marc Chagall,REAL,0,Marc_Chagall_184,nan,"Marc Chagall, Art, Tenebrism-inspired, evocative emotions, gentle expressions, indigo and crimson, painting of a woman looking at someone while holding someone's hand, Jewish life scenes, joyful celebration of nature, 1970–present, white and indigo, deteriorated, vibrant stage backdrops, angel painting of people and an angel, emotional expressionism, crimson and blue, Jewish culture themes, angel reflection in a mirror, violet and red, emotional figures, the blue rider, floralpunk, princesscore, poignant."
data\StarryAI/art\Raphael_87.png,Raphael_87.png,,StarryAI,1,Raphael_87,Raphael,"Raphael, Art, Group of people, holding a child, Renaissance painting, Madonna and child, two women, childlike innocence and charm, nostalgic paintings, high-contrast shading, birth of baby, Italian Renaissance revival, golden age aesthetics, appropriation art, Baroque compositions, Caravaggism."
data\REAL\art_5400\Titian_246.jpg,Titian_246.jpg,Titian,REAL,0,Titian_246,nan,"Titian, Art, Painting of woman, holding pot, light pink and dark green tones, Slovenian painting style, detailed, elaborate costumes, candid portrait, meticulous details, graceful curves, exaggerated nobility, curvaceous simplicity, time period 500-1000 CE."
data\Dreamstudio/art\Andrei_Rublev_64.jpg,Andrei_Rublev_64.jpg,,DreamStudio,1,Andrei_Rublev_64,Andrei Rublev,"Andrei Rublev, Art, Old painting, Saint Stefan, black and azure, light yellow, dark red, deconstructed tailoring, golden age aesthetics, princesscore, avocadopunk, Russian icon, man, light gold, monumental ensembles, queencore, brunaille underpainting, detail-oriented, medieval icon, incarnated figure, ascended into heaven, exquisite clothing detail, ultrafine detail, dark cyan, angel holding book, light azure, commission."
data\REAL\art_5400\Vincent_van_Gogh_4.jpg,Vincent_van_Gogh_4.jpg,Vincent van Gogh,REAL,0,Vincent_van_Gogh_4,nan,"Vincent van Gogh, Art, Old man, hat, scarf, victorian genre, algeapunk, trompe-l'œil illusionistic detail, cross-hatching, master of shadows, dark bronze and blue, master of ink, pencilsteampunk, old master drawings and prints, meticulous sketches, captivating gaze, 1860-1969, 1888, Slovenian paintings."
data\REAL\art_5400\Albrecht_Durer_69.jpg,Albrecht_Durer_69.jpg,Albrecht Durer,REAL,0,Albrecht_Durer_69,nan,Albrecht_Durer_69
data\REAL\art_5400\Giotto_di_Bondone_107.jpg,Giotto_di_Bondone_107.jpg,Giotto di Bondone,REAL,0,Giotto_di_Bondone_107,nan,"Giotto di Bondone, Art, Christ's face in round blue circle, fresco, celebrity portraits with personality, quiet contemplation, creative commons attribution, figura serpentinata, light purple, light brown, full body, Saint Paul with beard, light indigo, dark beige, exaggerated facial features, strong facial expression, tondo, Persian miniature, Saint Peter of Sicily, circular shapes, distinct facial features, emphasis on facial expression, side view of risen Christ's head, rounded."
data\REAL\art_5400\Camille_Pissarro_27.jpg,Camille_Pissarro_27.jpg,Camille Pissarro,REAL,0,Camille_Pissarro_27,nan,"Camille Pissarro, Art, Oil painting, figure under apple tree, naturalistic cityscapes, birds-eye-view, light pink and green, twisted branches, villagecore, rural life scenes, trees and house, light magenta and green, pointillist precision, trompe l'oeil realism, cottagepunk, neo-impressionism, genre painting, impressionist sensibilities"
data\REAL\art_5400\Edgar_Degas_652.jpg,Edgar_Degas_652.jpg,Edgar Degas,REAL,0,Edgar_Degas_652,nan,"Edgar Degas, Art, Woman in bathrobe, impressionist coloration, anthropomorphic animals, slumped/draped, foreshortening techniques, grit and grain, pseudo-infrared, detailed brushwork, color bursts, light maroon and indigo, hard-edged, supple forms, grainy, au cur de l'huile 1899, painterly brushwork, contemporary tapestries, color-streaked, thermal imagery, raw and emotional, duchess of Salisbury, hand-coloring, abstract whispers, expressionist imagery, pensive poses."
data\REAL\art_5400\Amedeo_Modigliani_136.jpg,Amedeo_Modigliani_136.jpg,Amedeo Modigliani,REAL,0,Amedeo_Modigliani_136,nan,"Amedeo Modigliani, Art, Oil painting, woman in black dress, sitting in armchair, dark green and light gray, tondo, cinquecento, poetcore, staining, nouveau réalisme, naive style, 1900–1917, portraitures, aquarellist, light maroon and dark indigo, arm chair, meticulous detail, non-representational art, green ground, chiaroscuro portraitures, monumental ensembles, folkloric portraits, light indigo, black, expressionist emotiveness."
data\DALL-E/art\Pablo_Picasso_166.jpg,Pablo_Picasso_166.jpg,,DALL-E,1,Pablo_Picasso_166,Pablo Picasso,"Pablo Picasso, Art, Drawing of woman with cat in bed, light azure, emerald, violet, aquamarine, restrained expressionism, chiaroscuro portraitures, charming illustrations, cartoonish innocence, light emerald, blue, 1900-1917, gloomy, happenings, shoe paintings, biedermeier, turquoise, beige, nightmarish illustrations, domestic intimacy, German expressionism, chiaroscuro sketches"
data\REAL\art_5400\Albrecht_Durer_188.jpg,Albrecht_Durer_188.jpg,Albrecht Durer,REAL,0,Albrecht_Durer_188,nan,Albrecht_Durer_188
data\REAL\art_5400\Pierre-Auguste_Renoir_46.jpg,Pierre-Auguste_Renoir_46.jpg,Pierre-Auguste Renoir,REAL,0,Pierre-Auguste_Renoir_46,nan,"Pierre-Auguste Renoir, Art, Female Turkish woman, blue and yellow dress, Barbizon school, Fauvist tendencies, strong facial expression, elaborate costumes, detailed drapery, high resolution, oriental woman, blue tunic, Orientalist influence, large-scale brushstrokes, Ottoman art, high quality, Qajar art, mural painting, young woman in blue dress, Orientalist imagery, referential painting, detailed costumes, Grisaille."
data\Midjourney/art\Henri_de_Toulouse-Lautrec_57.jpg,Henri_de_Toulouse-Lautrec_57.jpg,,Midjourney,1,Henri_de_Toulouse-Lautrec_57,Henri de Toulouse-Lautrec,"Henri de Toulouse-Lautrec, Art, Dance at masquerade, expressionist figuration, 1860-1969, realist detail, light red, light indigo, gestural lines, confessional, people at art show, Viennese Secession, 1900-1917, haunting imagery, carnivalesque, two women talking, walking, detailed crowd scenes, blue, close-up, dinner party, women of cabernet, light red, indigo."
data\REAL\art_5400\Henri_Matisse_148.jpg,Henri_Matisse_148.jpg,Henri Matisse,REAL,0,Henri_Matisse_148,nan,"Henri Matisse, Art, Oil painting, woman, white turban, fauvist themes, 1860–1969, princesscore, qajar art, ming dynasty, dark brown and pink, 1900–1917, feminine sensibilities, mughal painting, soviet avant-garde, hurufiyya, madonna and child, feminine body, gold and white, oil portraitures."
data\REAL\art_5400\Francisco_Goya_58.jpg,Francisco_Goya_58.jpg,Francisco Goya,REAL,0,Francisco_Goya_58,nan,"Francisco Goya, Art, Painting showing men and women at a picnic in the woods, playing chess, classical compositions, rococo pastel hues, iconic, frivolity, ornateness, naturalistic light, dark green, sky-blue, light amber, light indigo, distinctive noses, hispanicore, harmony with nature, reverent, tranquil, group material, lush scenery, solarizing master, contemporary landscape"
data\StarryAI/art\Hieronymus_Bosch_114.png,Hieronymus_Bosch_114.png,,StarryAI,1,Hieronymus_Bosch_114,Hieronymus Bosch,"Hieronymus Bosch, Art, Table with numerous people, mushroomcore, clamp, naturalistic poses, light bronze and blue, german expressionism, figures with arms on table, schizocore, acrobatic self-portraits, trompe-l'œil illusionistic detail, medieval art, cyan and beige, men with bodies at table, table of lord rebecq, surrealist dadaism, hellish background, early medieval art, unprimed canvas."
data\Midjourney/art\Georges_Seurat_42.jpg,Georges_Seurat_42.jpg,,Midjourney,1,Georges_Seurat_42,Georges Seurat,"Georges Seurat, Art, Renaissance painting, concert, fresco, light yellow, light bronze, monumental murals, art deco, poster, music, dancers, impressionistic surfaces, trompe-l'œil illusionistic detail, animated mosaics, romantic academia, synchromism, circus, dancing women, light navy, socialist realism, hall of mirrors, dreamy pointillism, romantic scenes, mural-like compositions, 1920, dance, indigo."
data\StarryAI/art\Rene_Magritte_162.png,Rene_Magritte_162.png,,StarryAI,1,Rene_Magritte_162,Rene Magritte,"Rene Magritte, Art, Glass dish, painting, slice of cheese, grisaille, wimmelbilder, artists’ books, arte povera, lise levin collection, glass dome cheese, oil and enamel paintings, 1970–present, two large pieces of cheese, plates, rococo still-lifes, glass sculptures, fine art, painting and plate on glass stand, blue background, trompe l'oeil compositions, depictions of aristocracy, dark white and dark beige, aquarellist, post-internet art."
data\REAL\art_5400\Sandro_Botticelli_79.jpg,Sandro_Botticelli_79.jpg,Sandro Botticelli,REAL,0,Sandro_Botticelli_79,nan,"Sandro Botticelli, Art, Man sitting on steps, ledge, arched doorways, dramatic, somber religious works, frayed, light red, light green, altarpiece, church setting, quiet introspection, detailed drapery, phoenician art, dusty piles, portrait, quietly morbid, light beige, romantic ruins, early medieval art, color zone painting, sitting in the middle, detailed drapery"
data\StarryAI/art\Paul_Klee_9.png,Paul_Klee_9.png,,StarryAI,1,Paul_Klee_9,Paul Klee,"Paul Klee, Art, Abstract painting, sun and stars, colorful graffiti-like, Jewish life scenes, dark yellow, light pink, blurred forms, modernist lines, symbolist figures, dynamic mark making, various colors and shapes, luminous skies, energetic mark making, Phoenician art, solarpunk, 1918–1939 Interwar period, happy expressionism, man with bright colored sun and rainbow, spontaneous mark-making."
data\Midjourney/art\Diego_Velazquez_30.jpg,Diego_Velazquez_30.jpg,,Midjourney,1,Diego_Velazquez_30,Diego Velazquez,"Diego Velazquez, Art, Portrait of a lady, circa 1617, dot-painted colors, optical blending, furry art, light orange, light green, queencore, manticore, emphasis on facial expression, warmcore, antique, Florentine Renaissance, dotted, exaggerated facial features, Northern Renaissance, light maroon, explosive pigmentation, creative commons attribution, historical reproductions, renaissance realism, distinct facial features."
data\StarryAI/art\Kazimir_Malevich_51.png,Kazimir_Malevich_51.png,,StarryAI,1,Kazimir_Malevich_51,Kazimir Malevich,"Kazimir Malevich, Art, Interwar painting, political satire, girl with apron in red and blue, sculptor, antipodeans, cluj school, human form presentation, 1860-1969, klnczowska ljuva sailor, light red and navy, gesture, chalk,1900-1917, woman holding egg, woman carrying baskets, farm security administration aesthetics, classical portraits, tempera, portraitist, lively tableaus."
data\Dreamstudio/art\Joan_Miro_93.jpg,Joan_Miro_93.jpg,,DreamStudio,1,Joan_Miro_93,Joan Miro,"Joan Miro, Art, Two figures and a bird, light purple and light gray, symmetry and balance, naive expressionism, water drops, oil on canvas 22 x 32 inches, whimsical compositions, negative image, human connections, light violet, blue painting in background with white ball, elongated figures, primitivist, aerial view, neo-dada, wandering eye, symmetrical balance, art brut influences, dynamic balance, elegant, emotive faces, light white and light indigo."
data\Midjourney/art\Edgar_Degas_87.jpg,Edgar_Degas_87.jpg,,Midjourney,1,Edgar_Degas_87,Edgar Degas,"Edgar Degas, Art, Orchestra by Edgar Degas, Neoclassical movement, Trompe-l'oeil technique, Pre-World War II School of Paris, Close-up, Mexican muralism, Commercial art, Panoramic scale, Manapunk, Realist detail, Altarpiece, Union des Artistes Modernes, Projection, Concert at the Château d'Aix, Trompe-l'œil illusionistic detail, Orderly arrangements, Confessional, Large-scale, A Performance, Realist detail."
data\StarryAI/art\Sandro_Botticelli_98.png,Sandro_Botticelli_98.png,,StarryAI,1,Sandro_Botticelli_98,Sandro Botticelli,"Sandro Botticelli, Art, Roman soldier tomb, stylized violence, San Francisco renaissance, massurrealism, meticulous realism, altarpiece, tondo, precarious balance, Battle of St Peter's Square, columns and totems, high resolution, 15th century, symbolic props, Emperor Romulus drawing on marble pillar, statues around base, brutal action, painted realism, confessional, light red and dark green, Botticelli-esque figures, aestheticized violence, spectacular backdrops, orchestrator with soldiers in a fountain."
data\REAL\art_5400\Gustav_Klimt_15.jpg,Gustav_Klimt_15.jpg,Gustav Klimt,REAL,0,Gustav_Klimt_15,nan,"Gustav Klimt, Art, Waterfront cityscape, Dense patterned imagery, Swiss realism, Large canvas format, Striped painting, High detailed, Rich tapestries of color, Figura serpentinata, Historical imagery, Majestic ports, Italy, Venice, 1912, Post-impressionist coloration, Detailed cityscapes, Neo-mosaic, Reflections and mirroring, Threaded tapestries, Whistlerian, Light beige and violet, Pointillist dots and specks, Swiss style"
data\StarryAI/art\Paul_Klee_180.png,Paul_Klee_180.png,,StarryAI,1,Paul_Klee_180,Paul Klee,"Paul Klee, Art, Man in dark room with trees, captivating floral still lifes, dark green and red, anthropomorphic figures, fantastical contraptions, reduced palette, 1920s art history, dark red and green, columns and totems, joyful celebration of nature, German expressionism, dark green and dark gray, luminous spheres, ethereal trees, night scene with trees and birds, symmetrical arrangements, person with flowers, rustic futurism, vernacular architecture, idealized figures, lively tableaus, suspended objects, oil painting."
data\DALL-E/art\Vincent_van_Gogh_379.jpg,Vincent_van_Gogh_379.jpg,,DALL-E,1,Vincent_van_Gogh_379,Vincent van Gogh,"Vincent van Gogh, Art, Fieldwork theme, Thick impasto landscapes, Light brown and azure, Whirring contrivances,  Transavanguardia, Vivid color schemes, Hay fields of Greece, Colorful Moebius, Whistlerian, Heavy use of impasto, Light gold and azure, Working-class empathy, Dutch landscape, Hard-edged painting, Photograph of a field with people, Tempera, Monumental vistas, French countryside."
data\REAL\art_5400\Salvador_Dali_121.jpg,Salvador_Dali_121.jpg,Salvador Dali,REAL,0,Salvador_Dali_121,nan,"Salvador Dali, Art, Extravagant table settings, raw confrontational figures, classicist approach, eroded interiors, dark beige and crimson, panoramic scale, monochromatic contemplation, large gold cups, raw figuration, unprimed canvas, historical illustration, surrealistic motifs, melting pots, black paintings, unsettling atmosphere, dense composition, interwar period, old masters of the philology, large painting of men on chairs, dark and brooding design."
data\Midjourney/art\Henri_Matisse_149.jpg,Henri_Matisse_149.jpg,,Midjourney,1,Henri_Matisse_149,Henri Matisse,"Henri Matisse, Art, 1900-1939, bouquet of flowers, light red, indigo, simple compositions, light yellow, dark green, playful arrangements, emotional naturalism, fauvist color scheme, red, beige, lightbox, table with flowers in vase, interwar period, navy, colorful arrangements, pattern-based painting, flower arrangement on table, light crimson, folk art inspiration, lush brushstrokes"
data\DALL-E/art\Pierre-Auguste_Renoir_314.jpg,Pierre-Auguste_Renoir_314.jpg,,DALL-E,1,Pierre-Auguste_Renoir_314,Pierre-Auguste Renoir,"Pierre-Auguste Renoir, Art, Impressionist landscapes, muted tonality, pointillist florals, gardens, villagecore, painting and writing tools, street scene, light gray, raw figuration, impressionistic city scenes, colorful gardens, suburban ennui, romanticized views, complex pointillism, high resolution, man painting in yard, men at the easel."
data\DALL-E/art\Gustav_Klimt_5.jpg,Gustav_Klimt_5.jpg,,DALL-E,1,Gustav_Klimt_5,Gustav Klimt,"Gustav Klimt, Art, Sketch, woman with long hair, curves, Japanese prints, 1900–1917, clamp, inked drawing, hand-drawn animation, pre-raphaelites, thick brushstrokes, chalk body, grainy, wavy, head and shoulders, tan outlines, American works on paper 1880–1950, bold curves, loose, gestural strokes."
data\REAL\art_5400\Vincent_van_Gogh_157.jpg,Vincent_van_Gogh_157.jpg,Vincent van Gogh,REAL,0,Vincent_van_Gogh_157,nan,"Vincent van Gogh, Art, Woman sitting at bar, anthropomorphism, red and green, 1860-1969, assemblage art, sovietwave, photo-realistic, orientalist, inside cafe, eccentric props, die brücke, tondo, gaudy and grotesque, drinking beer, chromoluminarism, portraiture, steampunk, hispanicore, qajar art, light emerald and red, oil portraiture."
data\REAL\art_5400\Vincent_van_Gogh_404.jpg,Vincent_van_Gogh_404.jpg,Vincent van Gogh,REAL,0,Vincent_van_Gogh_404,nan,"Vincent van Gogh, Art, Lady in cornfields, light orange, dark blue, working-class subjects, coloristic intensity, strong facial expression, unembellished, yellow hat, sharp brushwork, dark orange, azure, made of vines, unusual cropping, wandering eye, brushstroke fields, punctured canvases, light red, blue, depictions of labor, groundcore, 1860-1969, color-field, grit and grain, girl in yellow hat, blue jacket."
data\Midjourney/art\Paul_Cezanne_10.jpg,Paul_Cezanne_10.jpg,,Midjourney,1,Paul_Cezanne_10,Paul Cezanne,"Paul Cezanne, Art, Bottle, fruit, cloth, glass, juice, apple, blanket, person, table, alcoholic beverages, wine, light navy, light emerald, light red, light gray, dark blue, dark green, red, light orange, teal, silver, green, light beige, indigo, art historical allusions, lively tableaus, reductive, elegant subjects, biedermeier, picassoesque, roguecore, use of fabric, exquisite brushwork, sharp brushwork, fauvist, 19th century, functional aesthetics, melancholic atmosphere."
data\Dreamstudio/art\Pierre-Auguste_Renoir_280.jpg,Pierre-Auguste_Renoir_280.jpg,,DreamStudio,1,Pierre-Auguste_Renoir_280,Pierre-Auguste Renoir,"Pierre-Auguste Renoir, Art, Plein air landscape, seaside vistas, light amber and violet, 3840x2160, grandiose environments, trees by the water, Mediterranean landscapes, 1860-1969, harmonizing colors, brushstroke fields, light gold and azure, violet and orange, coastal views, water with trees, white background, coastal and harbor views, light violet and light amber, large-scale figuration, St Tropez's grove, calm waters, Australian landscape."
data\REAL\art_5400\Edgar_Degas_290.jpg,Edgar_Degas_290.jpg,Edgar Degas,REAL,0,Edgar_Degas_290,nan,"Edgar Degas, Art, Woman, flowers on table, yellow and black, 1860-1969, saturated palette, ceramic, strong facial expression, extravagant table settings, manapunk, watercolor, multi-layered compositions, oil painting, contrasting values, self-portrait, installation, melancholic atmosphere, hispanicore, somber mood, portrait, vase."
data\REAL\art_5400\Sandro_Botticelli_54.jpg,Sandro_Botticelli_54.jpg,Sandro Botticelli,REAL,0,Sandro_Botticelli_54,nan,"Sandro Botticelli, Art, Angels flying around holy woman, Botticelli-esque figures, exquisite clothing detail, birds-eye-view, appropriation art, anthropocene, child-like innocence, gold leaf accents, many birds, close-up intensity, detailed crowd scenes, light brown and black, gold leaf overlay, interacting with infant, realistic naturalism, swirling vortexes, asymmetric balance, birth of Jesus, light gold and black, polished metamorphosis."
data\Midjourney/art\Alfred_Sisley_250.jpg,Alfred_Sisley_250.jpg,,Midjourney,1,Alfred_Sisley_250,Alfred Sisley,"Alfred Sisley, Art, Horses on a path, men riding horse, dirt road, horse and carriage in woods, light green, navy, blue, light sky-blue, light gray, 1860-1969, en plein air, candid shots, gesture driven, trompe-l'œil, happenings, installation-based, English countryside, French 19th-century, meticulous military scenes, expressionist imagery, French impressionism, forest at sunset, rifling of ears, bloomsbury group, Dutch baroque."
data\REAL\art_5400\Albrecht_Durer_118.jpg,Albrecht_Durer_118.jpg,Albrecht Durer,REAL,0,Albrecht_Durer_118,nan,Albrecht_Durer_118
data\Midjourney/art\Pablo_Picasso_343.jpg,Pablo_Picasso_343.jpg,,Midjourney,1,Pablo_Picasso_343,Pablo Picasso,"Pablo Picasso, Art, Woman holding stick, gesture with left hand, working-class empathy, child-like innocence, Mariana de Toledo 1921, spontaneous gesture, patience of a saint, brown and azure, classical realism, energetic gestures, holding white bat, raising hand, Slovenian paintings, 1860–1969, representational realism, automatism, Pont-Aven school, The Blue Rider, Die Brücke."
data\REAL\art_5400\Francisco_Goya_240.jpg,Francisco_Goya_240.jpg,Francisco Goya,REAL,0,Francisco_Goya_240,nan,"Francisco Goya, Art, Black and white drawing, two women, three bats, heavy use of palette knives, disfigured forms, dark gray, dark brown, Spanish Enlightenment, hellish, frayed, horror academia, old engraving, acolytes, black cat, monstrous surrealism, multilayered realism, hauntingly beautiful narratives, cut/ripped, engraving, animals, dark and moody chiaroscuro, psychotic cubism, gritty horror comics, layered gestures, contrasting lights and darks, tango, Catalan, 1897, nightmarish creatures, necronomicon illustrations, new fauves."
data\StarryAI/art\Pierre-Auguste_Renoir_178.png,Pierre-Auguste_Renoir_178.png,,StarryAI,1,Pierre-Auguste_Renoir_178,Pierre-Auguste Renoir,"Pierre-Auguste Renoir, Art, Painting of a young girl with long yellow hair and a pink bow, 1860-1969, impressionistic and post-impressionist color use, strong facial expression, light beige and indigo, pink, light orange and light magenta, child-like innocence, exaggerated features, intense coloration, delicacy, youthful, 1st version, high resolution 8k, interwar period"
data\REAL\art_5400\Paul_Gauguin_21.jpg,Paul_Gauguin_21.jpg,Paul Gauguin,REAL,0,Paul_Gauguin_21,nan,"Paul Gauguin, Art, Countryside painting, man and woman, Pont-Aven School, American works on paper 1880–1950, color-field painter, light gray and indigo, monumental murals, farm near a mountain, large-scale canvases, light gray and blue, high resolution, people standing near a building in a green field, multicolored landscapes, Norwegian nature, mill windmill, Fauvism precursor, murals and wall drawings, Washington color school, dense composition, 1860–1969, quiet simplicity"
data\REAL\art_5400\Gustav_Klimt_61.jpg,Gustav_Klimt_61.jpg,Gustav Klimt,REAL,0,Gustav_Klimt_61,nan,"Gustav Klimt, Art, The Brides, colorful dreams, trompe-l'œil illusionistic detail, figura serpentinata, infinity nets, pensive surrealism, colorful moebius, silkscreening, two female figures laying on top of each other, technicolor dreamscapes, flowing draperies, dreamlike realism, elaborate costumes, psychedelic art nouveau, princesscore, illuminated visions, dreamlike narratives, close up, colorful dreams, realist detail, arabesque/scroll, princesscore."
data\Dreamstudio/art\Raphael_47.jpg,Raphael_47.jpg,,DreamStudio,1,Raphael_47,Raphael,"Raphael, Art, Painting, man, fingers outward, gender-bending iconography, realist, lifelike accuracy, light red and gold, body holding finger up, feminine body, religious themes, pseudo-realistic, primitivist, body with finger pointing, early renaissance, homosexual themes, light gold and crimson, pastoral, emphasis on facial expression, realistic depictions, northern renaissance, appropriation art, Christo."
data\Dreamstudio/art\El_Greco_70.jpg,El_Greco_70.jpg,,DreamStudio,1,El_Greco_70,El Greco,"El Greco, Art, Rosca and St Paul, red and orange, realism with a touch of expressionism, dignified poses, dynamic color contrasts, dark yellow and gray, Jewish culture themes, Charles I and John the Baptists, dramatic, somber religious works, saturated pigments, dappled, dramatic diagonals, two people sitting in front of an open book, yellow and red, tenebrism mastery, Rome and Saint Basil, orange and bronze, quiet contemplation."
data\REAL\art_5400\Edouard_Manet_71.jpg,Edouard_Manet_71.jpg,Edouard Manet,REAL,0,Edouard_Manet_71,nan,"Edouard Manet, Art, Woman in black hat reading a book, vignettes of Paris, plein air paintings, strong facial expression, pictorial, oshare kei, woman holding up and reading a book, light gray and black, black paintings, large-scale impressionism, collecting and modes of display, puzzle-like pieces, media-savvy, en plein air technique, high resolution, whistlerian, mirror"
data\REAL\art_5400\Sandro_Botticelli_154.jpg,Sandro_Botticelli_154.jpg,Sandro Botticelli,REAL,0,Sandro_Botticelli_154,nan,"Sandro Botticelli, Art, 15th Century, Fresco, Light Blue, Emerald, Emotional Expressiveness, Foreshortening Techniques, Textural Detail, Altarpiece, Sacricore, Fragmented Figuration, Blink-and-you-miss-it Detail, Tempera, Beige, Aquamarine, Slumped/Draped, Old Painting, Nun Laying on Blanket, Hand-Painted Details, Depiction of Old Woman"
data\REAL\art_5400\Pierre-Auguste_Renoir_323.jpg,Pierre-Auguste_Renoir_323.jpg,Pierre-Auguste Renoir,REAL,0,Pierre-Auguste_Renoir_323,nan,"Pierre-Auguste Renoir, Art, Blue vase, roses, 1860–1969, Paris vignettes, dappled, floral explosions, light crimson, white, high resolution, flower bouquet, porcelain, light red, dark azure, vintage charm, Victorian genre paintings, American sculpture 1830–1950, painting mixes with ceramics, red roses, blue leaves, green leaves, nostalgic post-impressionism, dark white, light pink, humble charm, romanticized views, functionality emphasis, light indigo, ceramic, green and pink leaves."
data\REAL\art_5400\Henri_Matisse_154.jpg,Henri_Matisse_154.jpg,Henri Matisse,REAL,0,Henri_Matisse_154,nan,"Henri Matisse, Art, Red table, white vase with flowers, light violet, navy, Berlin Secession, vibrant color schemes, colorful arrangements, Shin Hanga, Goa-inspired motifs, red background, vibrant tapestries, happy expressionism, Bengal School of Art, light gray, indigo, large canvas sizes, kintsukuroi, person with flowers, light red."
data\StarryAI/art\Edgar_Degas_633.png,Edgar_Degas_633.png,,StarryAI,1,Edgar_Degas_633,Edgar Degas,"Edgar Degas, Art, Girl dangling from trapeze, architectural details, theatre academia, light yellow, light orange, Venetian school, cinestill 50d, emphasis on detail, 1900–1917, figure middle of rope hanging below ceiling, ballet academia, post-impressionist coloration, depictions of theater, detailed painting, spectacular backdrops, elaborate detail, man doing tricks on rope, illusionistic ceiling frescoes, realist detail, woman hanging by rope, illusionary architectural elements, performance"
data\Midjourney/art\Paul_Cezanne_38.jpg,Paul_Cezanne_38.jpg,,Midjourney,1,Paul_Cezanne_38,Paul Cezanne,"Paul Cezanne, Art, Painting of a rock and path through a forest, dark white and dark green, trompe-l'œil, light yellow and dark navy, high-contrast shading, high resolution, stones and a path in a wooded area, chiaroscuro lighting, monumental murals, rough clusters, wooden path in a forest, dark green and dark beige, mediterranean landscapes, high contrast lighting, stone, yellow and navy, 1860–1969, barroco, light yellow and dark black, lush scenery, transavanguardia, contrasting shadows, bold figuration."
data\DALL-E/art\Paul_Gauguin_273.jpg,Paul_Gauguin_273.jpg,,DALL-E,1,Paul_Gauguin_273,Paul Gauguin,"Paul Gauguin, Art, Five women and a girl in a field, soothing landscapes, light cyan and green, subtle coloring, tonal landscapes, pastoral landscape, light gray and green, figuration libre, villagecore, dreamlike environments, scene with people sitting in the grass near a windmill, maranao art, tropical landscapes, outdoor scenes, play of light and shade, light emerald and light beige, suburban ennui capturer, pensive stillness, 1900–1917."
data\REAL\art_5400\Vincent_van_Gogh_97.jpg,Vincent_van_Gogh_97.jpg,Vincent van Gogh,REAL,0,Vincent_van_Gogh_97,nan,"Vincent van Gogh, Art, Church image, post-impressionism influence, dark azure, yellow, trompe-l'œil, dark white, green, high detail, whistlerian, church's gable, bell tower, expressionist emotiveness, nightscape, French landscape, bold figuration, 'The Church on the Lane', luminescent color scheme, grandiose ruins, The Chapel of Saintaux, vivid expressionism, dark white, indigo, en plein air technique, happy expressionism"
data\DALL-E/art\Diego_Velazquez_4.jpg,Diego_Velazquez_4.jpg,,DALL-E,1,Diego_Velazquez_4,Diego Velazquez,"Diego Velazquez, Art, Portrait painting, young woman with palette and brush, woman holding an easel, dark orange, dark beige, dark yellow, light red, dark gray, antique subjects, self-portraits, quadratura, oil portraitures, transavanguardia, attention to detail, caravaggesque chiaroscuro, painting and writing tools, saturated palette, spot metering, li-core, lightbox."
data\Midjourney/art\Marc_Chagall_214.jpg,Marc_Chagall_214.jpg,,Midjourney,1,Marc_Chagall_214,Marc Chagall,"Marc Chagall, Art, Person riding a red horse, dark orange, light blue, childlike innocence, charm, indigo, carnivalesque, dignified poses, dark azure, symbolic use of animals, 500–1000 CE, light emerald, panchromatic film, colorful grotesques, 1970–present, vivid color palette, flowers, dark sky-blue, light crimson, Paris School, light red, light green."
data\StarryAI/art\Edvard_Munch_16.png,Edvard_Munch_16.png,,StarryAI,1,Edvard_Munch_16,Edvard Munch,"Edvard Munch, Art, 1902, The Bridge, light sky-blue, women artists, colorful sidewalk scenes, monumental ensembles, colorful costumes, suburban ennui capturer, maranao art, Berlin secession, light azure and navy, three women with white dresses, frontal perspective, working-class subjects, light red, light indigo, light green."
data\StarryAI/art\Edgar_Degas_625.png,Edgar_Degas_625.png,,StarryAI,1,Edgar_Degas_625,Edgar Degas,"Edgar Degas, Art, Book, light gray and red, satirical figuration, pensive poses, cluttered, saturated color scheme, working-class subjects, person, socialist realism, self-portrait, studyplace, light red and light navy, figurative colorist, color field painting."
data\StarryAI/art\Marc_Chagall_7.png,Marc_Chagall_7.png,,StarryAI,1,Marc_Chagall_7,Marc Chagall,"Marc Chagall, Art, Drawing of a man sitting, stenciled iconography, bronze and black, lacquer painting, Jewish culture themes, old man portrait on porch, gold and black, interwar period, Samikshavad, silkscreening, biblical drama, 500-1000 CE, illustration of someone sitting through window, depictions of labor, Tachist, monotype/monoprint, bearded man with dog looking out window, Dansaekhwa, 1900-1917"
data\Dreamstudio/art\Alfred_Sisley_94.jpg,Alfred_Sisley_94.jpg,,DreamStudio,1,Alfred_Sisley_94,Alfred Sisley,"Alfred Sisley, Art, Seine 1862, oil on canvas, impressionist-landscapes, pointillist landscapes, symbolic figurative landscapes, freehand painting, cottagepunk, raw figuration, serene scenes, people passing by river path, light azure, cabincore, woods and river, calm waters, road near trees in city, France"
data\Midjourney/art\Gustav_Klimt_91.jpg,Gustav_Klimt_91.jpg,,Midjourney,1,Gustav_Klimt_91,Gustav Klimt,"Gustav Klimt, Art, Woods of Miva, 1944, light cyan and orange, realistic landscape, large scale, Dusseldorf school, large canvas format, birch forest art print, 1894-1924, realistic color schemes, gray and bronze, spectacular backdrops, orange and bronze, punctured canvases, Vienna Secession, rusticcore, trees with leaves on the ground, Viennese secession, light gray and dark gold, light emerald and orange, pointillist coloration, Germanic art, haunting atmospheres, leaves falling in center, atmospheric woodland imagery, post-world war I European classicism, groundcore, meticulously detailed, piles/stacks."
data\Midjourney/art\Paul_Klee_4.jpg,Paul_Klee_4.jpg,,Midjourney,1,Paul_Klee_4,Paul Klee,"Paul Klee, Art, 1932 painting, blue, red, yellow colors, organic stone carvings, dark orange, sky-blue, symbolic still lifes, black paintings, chiaroscuro woodcuts, reduced palette, blue and orange painting, red and yellow elements, naturalistic light and shadow, luminous shadowing, mixes painting and ceramics, abstract shapes, yellow colored object middle, mosaic composition, light red, dark gray, loose figuration, naturalistic shadows, abstraction-création, different shapes, dark amber, happy expressionism."
data\Midjourney/art\Diego_Rivera_45.jpg,Diego_Rivera_45.jpg,,Midjourney,1,Diego_Rivera_45,Diego Rivera,"Diego Rivera, Art, People carrying crosses, arched doorways, earth tones, transportcore, great depression, hispanicore, supple mass, group of men, burned/charred, dark white and green, primitive sophistication, spectacular backdrops, stone tower, Mexican city, depictions of labor, Mexican muralism, dark white and bronze, humanity's struggle."
data\Dreamstudio/art\Andy_Warhol_3.jpg,Andy_Warhol_3.jpg,,DreamStudio,1,Andy_Warhol_3,Andy Warhol,"Andy Warhol, Art, Portrait of a man, framed, holography style, glamorous Hollywood, realist detail, captivating gaze, cardboard medium, photogram, handsome, late 19th-century vibe, transparent/translucent medium, neon-lit pop art, personal sketch, corner framed, associated press photo aesthetic"
data\Dreamstudio/art\Henri_Matisse_45.jpg,Henri_Matisse_45.jpg,,DreamStudio,1,Henri_Matisse_45,Henri Matisse,"Henri Matisse, Art, Abstract painting, blue and yellow outline, 1900-1917, Expressionist figurative paintings, light emerald and orange, confessional, bold curves, yellow, blue and brown color palette, Bloomsbury Group influence, Ndebele art elements, flowing draperies, gestural outlines, yellow frame, green background, Art Nouveau curves, light azure, jazzy interiors, oil painting technique, fine lines, delicate curves, tapestries motifs, light green and orange hues."
data\REAL\art_5400\Edgar_Degas_348.jpg,Edgar_Degas_348.jpg,Edgar Degas,REAL,0,Edgar_Degas_348,nan,"Edgar Degas, Art, Portrait of a lady, historical reproductions, fine art realism, folkloric realism, woman in ornate dress, dark amber and white, distinct facial features, academic classicism, Swiss realism, meticulous detail, renaissance portrait, Caravaggism, light amber and white, light crimson and light brown, naive childlike, exquisite clothing detail, old woman holding a lace handkerchief."
data\REAL\art_5400\Rene_Magritte_96.jpg,Rene_Magritte_96.jpg,Rene Magritte,REAL,0,Rene_Magritte_96,nan,"Rene Magritte, Art, Chessboard, dreamscapes, Biedermeier art, dreaming train, 1937, classical balance, dappled, optical art illusions, Kazimierz Dąbrowski, cheese, white figures, tranquil gardenscapes, sharp perspective angles, mysterious backdrops, piles/stacks, majestic figures, solarization, dreamer in the marble jungle, optical illusion paintings, nostalgic paintings, columns and totems, art of Burma."
data\REAL\art_5400\Pierre-Auguste_Renoir_303.jpg,Pierre-Auguste_Renoir_303.jpg,Pierre-Auguste Renoir,REAL,0,Pierre-Auguste_Renoir_303,nan,"Pierre-Auguste Renoir, Art, Girl with red hat, white shirt, light bronze and red, Germanic art, vibrant coloration, eastern brushwork, folklore, woman in pink blouse, light red and green, depictions of labor, reduced palette, symbolic vibrant, light red and light gray, impressionist colorism, light bronze and white, interwar period, soft pastel, woman-centered, vibrant folkloric portraits."
data\DALL-E/art\Rembrandt_119.jpg,Rembrandt_119.jpg,,DALL-E,1,Rembrandt_119,Rembrandt,"Rembrandt, Art, Portrait of a man, black hat, 1632-1702, rich grandiose color schemes, gendered, richly colored, distinctive noses, old masters, curvilinear, arabesque, appropriation art, creative commons attribution, spot metering, velvia."
data\REAL\art_5400\Vincent_van_Gogh_5.jpg,Vincent_van_Gogh_5.jpg,Vincent van Gogh,REAL,0,Vincent_van_Gogh_5,nan,"Vincent van Gogh, Art, Bridge over water, chromatic post-impressionism, vignettes of Paris, pattern-based painting, meticulous detail, light gray and indigo, neo-fauvism, Sovietwave, Fauvist color palette, light gray and magenta, Zaire school of popular painting, pointillism, oil painting, light indigo and orange, painting of boats in a river, light gray and pink, mural painting, New Zealand bridge over Verona river, impressionist-landscapes, subdued pointillism."
data\Dreamstudio/art\Leonardo_da_Vinci_58.jpg,Leonardo_da_Vinci_58.jpg,,DreamStudio,1,Leonardo_da_Vinci_58,Leonardo da Vinci,"Leonardo da Vinci, Art, 1834 drawing, multi-layered narrative scenes, minimalist stage designs, expansive spaces, light red and light bronze, precisionist lines, blown-off-roof perspective, manticore, room with people, spectacular backdrops, fragmented architecture, large-scale canvas, mastery of perspective, 'sepulchre', architectural drawing, meticulous military scenes, distorted perspective, precisionist art, expressive use of line, neo-renaissance, person working on an altar, renaissance perspective and anatomy, impressive panoramas, fantastical contraptions, large-scale murals, light brown and crimson, delicate ink lines."
data\REAL\art_5400\Diego_Rivera_8.jpg,Diego_Rivera_8.jpg,Diego Rivera,REAL,0,Diego_Rivera_8,nan,"Diego Rivera, Art, Little girl in plaid dress standing, bulbous, creative commons attribution, depictions of labor, emphasis on detail, little girl holding an apple, melds Mexican and American cultures, 1920s, grid-based, red and green, exquisite clothing detail, supple brushstrokes, childhood arcadias, 1918–1939 interwar, mismatched patterns, pixelated realism, meticulous detail, applecore, oil painting framed, charming illustrations."
data\Midjourney/art\Edgar_Degas_573.jpg,Edgar_Degas_573.jpg,,Midjourney,1,Edgar_Degas_573,Edgar Degas,"Edgar Degas, Art, Woman at shaving mirror, pastel-colored scenes, furry art, melting pots, avian-themed, orange and magenta, monochromatic contemplation, stage-like environments, anthropomorphic animals, vibrant murals, unilalianism, cluttered, use of light and shadow, impressionistic still-life, light orange and light maroon, dark white and dark cyan, mirrored realms, depictions of animals, luxuriant, washing hands, filling hair in washroom"
data\Midjourney/art\Pierre-Auguste_Renoir_157.jpg,Pierre-Auguste_Renoir_157.jpg,,Midjourney,1,Pierre-Auguste_Renoir_157,Pierre-Auguste Renoir,"Pierre-Auguste Renoir, Art, Large oil painting of bouquet of red, orange, and white flowers, 1918-1939(interwar), impressionist colorism, expressionistic depictions, chromatic experimentation, textural explorations, flickr, tonal variations in color, light crimson, light beige, dark pink, maroon, swirling vortexes, colorful palette, fauvist color palette, light white, dark red, subdued expressionism."
data\Midjourney/art\Mikhail_Vrubel_111.jpg,Mikhail_Vrubel_111.jpg,,Midjourney,1,Mikhail_Vrubel_111,Mikhail Vrubel,"Mikhail Vrubel, Art, Potted rose in a vase, dark white and dark bronze, northern China's terrain, eroded interiors, Edo-period Japan, plate of flowers, surrealist collages, dark white and light beige, chinapunk, interwar period, Qajar art, marble, figuration libre, white rose, dark gray and dark beige, cloisonnism, Shang Dynasty, vanitas, Chinese painting, collaged, experimental pottery, gray and bronze."
data\StarryAI/art\Amedeo_Modigliani_36.png,Amedeo_Modigliani_36.png,,StarryAI,1,Amedeo_Modigliani_36,Amedeo Modigliani,"Amedeo Modigliani, Art, Girl in red, blue hair, primitivist style, wimmelbilder, light brown, indigo, gentle expressions, traditional color scheme, blue eyes, art historical allusions, appropriation, dark orange, sky-blue, cartoonish innocence, folkloric portraits, red sweater, historical reproductions."
data\REAL\art_5400\Salvador_Dali_91.jpg,Salvador_Dali_91.jpg,Salvador Dali,REAL,0,Salvador_Dali_91,nan,"Salvador Dali, Art, Painting of people flying over the moon, illusionary architectural elements, aerial view, light navy and light gold, projection, earthworks, illusionistic ceiling frescoes, global imagery, symbolic images, neoclassical painting, nightscape, storybook illustration, dark violet and beige, interwar period, legend of the shirring moon, constellation theme, global illumination."
data\Dreamstudio/art\Vincent_van_Gogh_137.jpg,Vincent_van_Gogh_137.jpg,,DreamStudio,1,Vincent_van_Gogh_137,Vincent van Gogh,"Vincent van Gogh, Art, Black and white print, men in field, decaying landscapes, dark brown and sky-blue, subdued expressionism, post-apocalyptic imagery, Dresden water mill, pictorialist, high horizon lines, dark palette chiaroscuro, sardonic, satirical etchings, Dutch seascapes, etchings, bentwood, hellish background, Image of pig on water bank, holotone printing, nightmarish illustrations, loose figuration, prairiecore, rusty debris."
data\REAL\art_5400\Edgar_Degas_577.jpg,Edgar_Degas_577.jpg,Edgar Degas,REAL,0,Edgar_Degas_577,nan,"Edgar Degas, Art, Woman in blue scarf, American works on paper 1880–1950, dramatic shading, chalk, soft pastel, Bloomsbury group, 1860-1969, Germanic art, dark gray and light aquamarine, light turquoise and light yellow, wrapped blanket, charcoal drawing, loose composition, Bamileke art, Mbole art"
data\Dreamstudio/art\Gustave_Courbet_16.jpg,Gustave_Courbet_16.jpg,,DreamStudio,1,Gustave_Courbet_16,Gustave Courbet,"Gustave Courbet, Art, Male with a pipe, dark cyan, green, dark emerald, light brown, deconstructive, dreamy portraits, violent, neo-romanticism, rough edges, serene faces, Unilalianism, Caravaggesque, dark green, orange, romanticized realism, dreamy romanticism, distinctive noses, strong facial expression, color field painting, brooding mood, sky-blue, preparing pipe for smoking, tall man, rough edges, serene faces."
data\Midjourney/art\Marc_Chagall_84.jpg,Marc_Chagall_84.jpg,,Midjourney,1,Marc_Chagall_84,Marc Chagall,"Marc Chagall, Art, Lion drawing, on the ground, grainy noir, lithograph, 1000-1400 CE, Phoenician art, standing in grass, German expressionism, trompe-l'œil illusionistic detail, black-and-white etchings, dynamic pose, tree, etchings, trompe-l'œil graffiti, 1970-present, loose figuration, pointillism dots, princesscore, mischievous feline motif."
data\DALL-E/art\Edgar_Degas_355.jpg,Edgar_Degas_355.jpg,,DALL-E,1,Edgar_Degas_355,Edgar Degas,"Edgar Degas, Art, Jockeys and horses in a field, loose handling of paint, sabattier filter, suburban ennui, light yellow and light blue, dappled, hard-edge painting, old master drawings and prints, high resolution, working-class empathy, 1884 horse race, solarization, high detail, oil paintings, action paintings, victorian genre paintings"
data\Dreamstudio/art\Raphael_40.jpg,Raphael_40.jpg,,DreamStudio,1,Raphael_40,Raphael,"Raphael, Art, Oil painting, Madonna and child, oil portraitures, wimmelbilder, mother with child, High Renaissance, sky-blue and red, light red and dark green, masterful shading, frequent use of yellow, precise and lifelike, holding baby, Northern Renaissance, red and indigo, women artists, light yellow and green, realist: lifelike accuracy, high resolution, Italian landscapes, portraitures with hidden meanings, unpolished authenticity, reimagined religious art, golden age aesthetics"
data\Midjourney/art\Vasiliy_Kandinskiy_75.jpg,Vasiliy_Kandinskiy_75.jpg,,Midjourney,1,Vasiliy_Kandinskiy_75,Vasiliy Kandinskiy,"Vasiliy Kandinskiy, Art, Bird of paradise abstract painting, 1918–1939 interwar period, energetic expressionism, action paintings, light yellow and crimson hues, multi-layered figures, black painting elements, vivid and colorful bird, energetic dynamism, figures in motion, fluid motion and movement, restrained expressionism, dense composition, light yellow and dark red dimensions, energetic strokes, colorful curves and shapes on canvas, Viennese Secession style."
data\REAL\art_5400\Edgar_Degas_573.jpg,Edgar_Degas_573.jpg,Edgar Degas,REAL,0,Edgar_Degas_573,nan,"Edgar Degas, Art, Woman at shaving mirror, pastel-colored scenes, furry art, melting pots, avian-themed, orange and magenta, monochromatic contemplation, stage-like environments, anthropomorphic animals, vibrant murals, unilalianism, cluttered, use of light and shadow, impressionistic still-life, light orange and light maroon, dark white and dark cyan, mirrored realms, depictions of animals, luxuriant, washing hands, filling hair in washroom"
data\REAL\art_5400\Henri_Matisse_96.jpg,Henri_Matisse_96.jpg,Henri Matisse,REAL,0,Henri_Matisse_96,nan,"Henri Matisse, Art, Yellow room, chair, view, oil painting, flowing draperies, seaside vistas, light yellow, dark violet, grandiose color schemes, German expressionism, yellow curtains, window, romanticized views, melancholic symbolism, fauvist color scheme, yellow-red-white room, violet and black, tempera, art nouveau, azure, dream-like atmosphere, yellow and black, room of the yellow sofa, ocean view, decorative art nouveau, abundant paint, light yellow, dark purple, study."
data\REAL\art_5400\Leonardo_da_Vinci_105.jpg,Leonardo_da_Vinci_105.jpg,Leonardo da Vinci,REAL,0,Leonardo_da_Vinci_105,nan,"Leonardo da Vinci, Art, Botanical drawings, flowers and fruits, twisted tangles, 1900–1917, tangled nests, drawing of a flower and seeds, striped arrangements, silver and bronze, plant with leaves and petals, neo-renaissance, expressionistic lines, sharp/prickly, delicate flowers, flowers and plants with red leaves, grass, black-and-white etchings, juxtaposition of objects, swirling vortexes, light magenta and bronze."
data\Midjourney/art\Rembrandt_17.jpg,Rembrandt_17.jpg,,Midjourney,1,Rembrandt_17,Rembrandt,"Rembrandt, Art, Two men, pieces of jewelry, Dutch tradition, smilecore, detailed crowd scenes, radical inventions, distinctive noses, painting and writing tools, old man narrating about hammer, carnivalesque, lively tableaus, assemblage, joyful and optimistic, wooden box, realist lifelike accuracy, eye-catching detail, lively facial expressions, Dutch and Flemish, women artists."
data\REAL\art_5400\Andy_Warhol_76.jpg,Andy_Warhol_76.jpg,Andy Warhol,REAL,0,Andy_Warhol_76,nan,"Andy Warhol, Art, Old fashioned vegetable soup, Campbell's soup, vintage art, soup art, Campbell's stock, tagging and marking style, light crimson and indigo, post-modern deconstruction, high resolution, silkscreen, dignified poses, condensed vegetable soup, fashionable opulence, post-modern appropriation, light maroon and red, raw and unpolished, object-oriented, stencil-based, navy and crimson, cardboard, contrapposto emphasis, lithograph, light red and indigo, canned soup."
data\REAL\art_5400\Claude_Monet_64.jpg,Claude_Monet_64.jpg,Claude Monet,REAL,0,Claude_Monet_64,nan,"Claude Monet, Art, Garden, two young ladies, light sky-blue, pink, cherry blossoms, Biedermeier, impressionist-landscapes, plein-air realism, black paintings, women sitting under trees, large-scale paintings, light red, watercolor medium, trompe-l'œil, large canvas, light crimson, 1860-1969 era, feminine sensibilities"
data\Midjourney/art\Paul_Klee_108.jpg,Paul_Klee_108.jpg,,Midjourney,1,Paul_Klee_108,Paul Klee,"Paul Klee, Art, Abstract style painting, large squares of different colors, light maroon, violet, reduced palette, nature morte, abstraction-creation, abstract forms, figures, dune, bright color blocks, rustic still lifes, patchwork patterns, dark red, light beige, impressionist gardens, light purple, colorful patchwork, still life, color-field, vibrant color blocks, grocery art, 1900-1917 era"
data\StarryAI/art\Joan_Miro_82.png,Joan_Miro_82.png,,StarryAI,1,Joan_Miro_82,Joan Miro,"Joan Miro, Art, Yellow painting, circles, squares, blue sphere, dark sky-blue, violet, energetic, charismatic, bold, cartoonish lithographs, blue circle, black ball, yellow square, fanciful figures, cosmic dream-like atmosphere, cosmic landscape, happy expressionism, dotted, light purple, light crimson, post-war European art, graceful movement, ink, dreamlike quality, large canvas sizes."
data\Dreamstudio/art\William_Turner_56.jpg,William_Turner_56.jpg,,DreamStudio,1,William_Turner_56,William Turner,"William Turner, Art, Artistic painting, moon surrounded by bodies, biblical drama, light white and light amber, glimmering light effects, depictions of labor, spectral, pastoral, art print from 'the burning of cauldron', brunaille underpainting, celestial, pastoral settings, 1860–1969, translucent immersion, spiral group, patience of a saint, oil on canvas, 'the lord in the desert', cosmic horror, light white and light bronze, intricate storytelling, luminous spheres, person standing in middle of field, ethereal figures, light white and gold, hellish, celestial."
data\Dreamstudio/art\Titian_109.jpg,Titian_109.jpg,,DreamStudio,1,Titian_109,Titian,"Titian, Art, Bearded figure, Renaissance chiaroscuro lighting, large brushstrokes, loose brushwork, spontaneous mark-making, asymmetric balance, dark bronze and white colors, interlaced figures, self-portrait, handsome, whistlerian, marble texture, man on throne, powerful gestural mark-making, light and dark contrast, brushstroke-intensive portraiture, stylized portraiture, creative commons attribution, Dau al Set, Die Brücke."
data\Midjourney/art\Edouard_Manet_48.jpg,Edouard_Manet_48.jpg,,Midjourney,1,Edouard_Manet_48,Edouard Manet,"Edouard Manet, Art, Woman portrait, pulling her legs, tight gown, laying on a chair, exquisite clothing detail, light gray, light black, beige, light indigo, pink, 1860–1969 era, colorful washes, picassoesque, pensive poses, wallpaper, haunting figuratives, painterly brushwork, naïve style, absinthe culture, comfycore aesthetic, interior scenes, figuration libre style, silver."
data\REAL\art_5400\Henri_Matisse_17.jpg,Henri_Matisse_17.jpg,Henri Matisse,REAL,0,Henri_Matisse_17,nan,"Henri Matisse, Art, Woman sitting on balcony, boats, light red, aquamarine, light beige, light orange, orphism, vignettes of Paris, whistlerian, brightly colored, seaside vistas, Die Brücke, 1900-1917, colorful melancholy, expressive figuratism, harmonious coloration, rasquache, fauvism precursor, datamosh, elegant subjects, romanticized views, playful expressions, post-impressionist seascapes, vibrant murals, mordecai ardon."
data\Dreamstudio/art\Edgar_Degas_209.jpg,Edgar_Degas_209.jpg,,DreamStudio,1,Edgar_Degas_209,Edgar Degas,"Edgar Degas, Art, Woman, Coat and Skirt, 1900, Soft Pastel, Dark Brown and Gray, Distinctive Noses, 19th Century American Paintings and Works on Paper, Dark Violet and Light Green, Contour Line, Fine Feather Details, Drawing in Jacket and Coat, Violet and Bronze, Light Green and Light Black, 1860–1969, Brash Impressionism, Dark Gray and Light Beige, Understated Elegance, Dark Brown and Light Black, Elegant Clothing, Light Yellow and Dark Violet, Dark and Brooding Designer, Lady in a Yellow Coat with Hat, Dark Violet and Light Emerald, Dark Brown and Light Black, Charcoal Sketches, Exquisite Clothing Detail"
data\REAL\art_5400\Rene_Magritte_89.jpg,Rene_Magritte_89.jpg,Rene Magritte,REAL,0,Rene_Magritte_89,nan,"Rene Magritte, Art, Oil painting, blue object with yellow rim, dark surrealist imagery, text-based art, light amber, black and yellow painting of an eye, heart and brain, dark azure and brown, curvilinear shapes, smooth curves, subtle satire, organic formations, yellow painting of a mouth, circular head, surreal organic shapes, dark sky-blue and dark brown, abstract painting, with a circle, iconic album covers, sculptural grotesqueries, naturalistic shadows."
data\DALL-E/art\Vincent_van_Gogh_386.jpg,Vincent_van_Gogh_386.jpg,,DALL-E,1,Vincent_van_Gogh_386,Vincent van Gogh,"Vincent van Gogh, Art, Oil painting on canvas, de Aubusson cottage, stream, monolithic structures, irregular structures, unprimed canvas, large scale murals, two workers in field, house, gold, azure, high resolution, French countryside, abundant paint, vibrant coloration, people standing by house, modern impressionism, dark yellow, sky-blue, brushstroke fields, grandiose color schemes, beige, front door, old farmhouse, neo-fauvism, light gold, exacting precision."
data\REAL\art_5400\Henri_Rousseau_42.jpg,Henri_Rousseau_42.jpg,Henri Rousseau,REAL,0,Henri_Rousseau_42,nan,"Henri Rousseau, Art, Painting with trees, peculiar architecture, dark green and white, Les Automatistes, Viennese Secession, industrial landscapes, Whistlerian, large-scale works, person the landscape, green, monolithic structures, landscape inspirations, tranquil gardenscapes, two people standing in a field near trees and fountain, terraced cityscapes, dark gray and green, arched doorways, industrial forms, person by person painting at the garden, Art Deco sensibilities, imaginative prison scenes, expansive landscapes, trompe-l'œil, captivatingly atmospheric cityscapes, Romanesque."
data\REAL\art_5400\Edgar_Degas_195.jpg,Edgar_Degas_195.jpg,Edgar Degas,REAL,0,Edgar_Degas_195,nan,"Edgar Degas, Art, Dancers in green attire, vibrant murals, cranberrycore, post-impressionism, light crimson, emerald, light aquamarine, installation-based, museum gallery dioramas, lush colors, solarization, cabincore, trompe-l'œil, dancing class, lush scenery, cyan, quadratura, large-scale murals, abrasive authenticity, mirror rooms, varied brushwork techniques, princesscore, woods."
data\REAL\art_5400\Kazimir_Malevich_37.jpg,Kazimir_Malevich_37.jpg,Kazimir Malevich,REAL,0,Kazimir_Malevich_37,nan,"Kazimir Malevich, Art, Portrait, blue and red figure, field, folk/naïve, automatism, nonrepresentational, Ndebele art, abstract painting, man standing, vibrant colorism, 1860–1969, pensive stillness, mori kei, red shirt, art of Burma, the blue rider, minimalist landscapes, 1918–1939 (interwar), emotive fields of color, figura serpentinata, zen minimalism."
data\REAL\art_5400\Francisco_Goya_176.jpg,Francisco_Goya_176.jpg,Francisco Goya,REAL,0,Francisco_Goya_176,nan,"Francisco Goya, Art, Spanish print, délibération, macabre illustrations, clowncore, teethcore, ink wash, ritualistic masks, candid atmosphere, hellish background, figure in a bed with two children, nightmarish illustrations, absinthe culture, explosive pigmentation, loose gestures, grimcore, dark and menacing, nightmarish creatures, horror manga, miniaturecore, black and white picture, grotesque satire, pulled, scraped, and scratched."
data\REAL\art_5400\Caravaggio_53.jpg,Caravaggio_53.jpg,Caravaggio,REAL,0,Caravaggio_53,nan,"Caravaggio, Art, Meticulous realism, iconographic symbolism, patience of a saint, murder of Joseph, martyrdom of St. Jesus, magenta and bronze, twisted sense of humor, realist accuracy, whiplash curves, sacricore, dramatic diagonals, old oil painting, man holding young woman, dragged off bed, women having a spill, heroic masculinity, dark maroon and light bronze, massurrealism, religious subjects, white and bronze, strong diagonals."
data\Midjourney/art\Francisco_Goya_180.jpg,Francisco_Goya_180.jpg,,Midjourney,1,Francisco_Goya_180,Francisco Goya,"Francisco Goya, Art, Black and white drawing, old lady and woman, charming illustrations, claire-obscure lighting, poignant, strip painting, portrait, chiaroscuro woodcuts, absinthe culture, nineteenth century French realism, knitted and crocheted, animated gifs, nocturne, deliberate brushwork, Spanish school, playfully dark, detailed crosshatching, stencils, theatrical, night of the frogs, feminine sensibilities, grainy noir, Victorina Durán, pictorial"
data\REAL\art_5400\Albrecht_Durer_203.jpg,Albrecht_Durer_203.jpg,Albrecht Durer,REAL,0,Albrecht_Durer_203,nan,Albrecht_Durer_203
data\DALL-E/art\Raphael_8.jpg,Raphael_8.jpg,,DALL-E,1,Raphael_8,Raphael,"Raphael, Art, Painting of a woman, Etruscan art, exotic realism, massurrealism, historical reproductions, museum restoration, depictions of aristocracy, accurate ornithological paintings, feminine sensibilities, intricate body-painting, Florentine renaissance, prehistoricore, firecore, romanticized realism, tupinipunk, Renaissance perspective and anatomy, lady holding a hand, lady with a head scarf, seated figure."
data\REAL\art_5400\Kazimir_Malevich_79.jpg,Kazimir_Malevich_79.jpg,Kazimir Malevich,REAL,0,Kazimir_Malevich_79,nan,"Kazimir Malevich, Art, Striped, man, red and blue shirt, open wrist, strong facial expression, disfigured forms, meticulous detail, contemporary Chinese art, ballet academia, soviet nonconformist art, portrait painting, light red and blue, hoop, azure, dappled, symmetrical, sovietwave, 1900-1917, expressive body language, intense gaze, queercore."
data\REAL\art_5400\Francisco_Goya_159.jpg,Francisco_Goya_159.jpg,Francisco Goya,REAL,0,Francisco_Goya_159,nan,"Francisco Goya, Art, Man spinning wheel, transportcore, hard-edge painting, working-class subjects, Hispanicore, wheel carving, Rustic Impressionism, machine aesthetics, working-class empathy, machine maker, figurative colorist, tondo, painterly technique, creative commons attribution, wheeled frame, palette knives, Spanish Enlightenment, Caravaggism, machine-like precision, Smilecore, trompe-l'œil."
data\REAL\art_5400\Frida_Kahlo_25.jpg,Frida_Kahlo_25.jpg,Frida Kahlo,REAL,0,Frida_Kahlo_25,nan,"Frida Kahlo, Art, Still life realism, painting of cords resting on a wooden surface, militaristic realism, trompe-l'œil illusionistic detail, painting on the wall of a boat covered with wire, utilitarian objects, focus on joints/connections, rustic still lifes, distinctive noses, silent setting, realistic marine paintings, made of wire, realist detail, instruments on wooden board, wires in flight, made of paperclips"
data\Midjourney/art\Rene_Magritte_164.jpg,Rene_Magritte_164.jpg,,Midjourney,1,Rene_Magritte_164,Rene Magritte,"Rene Magritte, Art, Tree trunk with axe, tree cut with blade by hammer, hauntingly beautiful illustration, massurrealism, fairy tale illustrations, destroyed gadget sculptures, tree stump with knife set inside, satirical illustrations, trompe l'oeil illusions, beautiful, fawncore, cryptidcore, clever juxtapositions, tree stump with big branch, wood shavings, pens on ground, naive realism, New Yorker cartoons, trompe l'oeil realism, naive art, light orange and white, axe lying in ground next to tree stump, loose handling of paint, animated illustrations"
data\REAL\art_5400\Giotto_di_Bondone_89.jpg,Giotto_di_Bondone_89.jpg,Giotto di Bondone,REAL,0,Giotto_di_Bondone_89,nan,"Giotto di Bondone, Art, Nativity scene, crib of infant Jesus, domestic scenes, solarpunk, quadratura, medieval, light-filled scenes, highly staged scenes, Venetian scenes, light yellow, light indigo, light purple, beige, early medieval art, large scale murals, child-like innocence, four children in a bed, St James Church Florence, otherworldly beings, gold, murals, wall drawings, xmaspunk, confessional, delicate constructions, symbolic props"
data\Dreamstudio/art\Pierre-Auguste_Renoir_134.jpg,Pierre-Auguste_Renoir_134.jpg,,DreamStudio,1,Pierre-Auguste_Renoir_134,Pierre-Auguste Renoir,"Pierre-Auguste Renoir, Art, River and trees, light bronze and emerald, late Impressionism, blurred imagery, vignettes of Paris, light gray and indigo, oshare kei, figuration libre, light green and dark gray, play of light, sparse, colorful brushwork, green grassy landscape, light bronze and gray, exuberant, sfumato, summertime, light bronze and green, mist, 1860–1969."
data\DALL-E/art\Jan_van_Eyck_57.jpg,Jan_van_Eyck_57.jpg,,DALL-E,1,Jan_van_Eyck_57,Jan van Eyck,"Jan van Eyck, Art, Man praying behind window, High Renaissance, detailed facial features, punctured canvases, northern and southern dynasties, trompe-l'oeil illusionistic detail, altarpiece, terraced cityscapes, portrait of walter roth with the throne, 1480, realist detail, panel composition mastery, purple and brown, landscape mastery, historical illustration, richly colored, emphasis on detail, naturalistic cityscapes, portrait of william the saint, enigmatic portraits, older man praying in balcony."
data\REAL\art_5400\Paul_Klee_21.jpg,Paul_Klee_21.jpg,Paul Klee,REAL,0,Paul_Klee_21,nan,"Paul Klee, Art, Rot, 1968, lithograph, altered books, pastoral nostalgia, trompe-l'œil illusionistic detail, album, folio and fan formats, balance, interwar 1918–1939, red color poster, pastoral settings, tagging-like marks, positive/negative space, ogham scripts, graphic illustrations, red and black, letter t in the middle, pulsating rhythm, orange, engineering/construction and design"
data\REAL\art_5400\Sandro_Botticelli_132.jpg,Sandro_Botticelli_132.jpg,Sandro Botticelli,REAL,0,Sandro_Botticelli_132,nan,"Sandro Botticelli, Art, Madonna holding a child, chiaroscuro portraitures, emphasis on detail, manticore, 1000-1400 CE, Botticelli-esque figures, massurrealism, use of vintage imagery, precisionist, black paintings, grainy texture, appropriation art, Golden Age aesthetics, Mediterranean landscapes, Japanese renaissance, quadratura, mythological paintings, altarpiece, punctured canvases, high resolution, on-the-phonecore aesthetics"
data\DALL-E/art\Pierre-Auguste_Renoir_93.jpg,Pierre-Auguste_Renoir_93.jpg,,DALL-E,1,Pierre-Auguste_Renoir_93,Pierre-Auguste Renoir,"Pierre-Auguste Renoir, Art, Young Woman with Fan, Light Red, Light Purple, Distinctive Characters, American Barbizon School, Art of Tonga, 1900–1917, Cartelcore, Heavy Shading, Girl Holding Fan, Manapunk, Biedermeier, Impressionist Coloration, Light Red, Light Black, Distinct Facial Features, Colorful Costumes, Youthful, Candid Portraits, Creative Commons Attribution"
data\Midjourney/art\Salvador_Dali_113.jpg,Salvador_Dali_113.jpg,,Midjourney,1,Salvador_Dali_113,Salvador Dali,"Salvador Dali, Art, Nightmarish night, murals and wall drawings, fantastical ruins, aetherclockpunk, light crimson and silver, 15th century, decorative relief, polychrome terracotta, garden with clock, hauntingly beautiful illustrations, polished metamorphosis, allegorical composition, mural painting, woodcut, surrealistic detail, Eiffel tower in the night of death, woman in a dark room, trompe-l'œil illusionistic detail, grotesque satire."
data\REAL\art_5400\Edgar_Degas_658.jpg,Edgar_Degas_658.jpg,Edgar Degas,REAL,0,Edgar_Degas_658,nan,"Edgar Degas, Art, Dancer in green and yellow tutu, pictorial dreams, fanciful illustrations, ballerina in yellow tutu with baton on head, 1860–1969, chiaroscuro portraitures, light indigo and light emerald, grainy, délibération de deux pour un autre pied, light emerald and yellow, ballet academia, trompe-l'œil illusionistic detail, childlike wonder, radiant clusters, portrait of a ballet dancer in yellow with yellow feathers, dream-like scenes, delicate chromatics, princesscore, holotone printing, dark azure and light aquamarine"
data\StarryAI/art\Paul_Gauguin_136.png,Paul_Gauguin_136.png,,StarryAI,1,Paul_Gauguin_136,Paul Gauguin,"Paul Gauguin, Art, 1896, en plein air, woman, man, farm, art of Tonga, altarpiece, dramatic shading, skeuomorphic, transcendent, mountainous vistas, person, horse, country, post-impressionist colorism, lush scenery, atmospheric perspective, two people walking, path, group of cattle, woman, horse, field, mysterious jungle, rectangular fields, trompe-l'œil, installation-based."
data\DALL-E/art\Rene_Magritte_104.jpg,Rene_Magritte_104.jpg,,DALL-E,1,Rene_Magritte_104,Rene Magritte,"Rene Magritte, Art, Oil painting, four birds descending, rock, macabre realism, fractalpunk, dark crimson, brown, graphic novel realism, spiky mounds, chiaroscuro portraitures, realist detail, 'the wings of death', accurate ornithological paintings, dystopian realism, dark silver, red, topographical realism, mountain ledge, surrealistic grotesque, dark chiaroscuro figurative paintings, surrealistic installations, dinocore, dappled, four fish with wings, foreboding landscapes, mountainous vistas."
data\REAL\art_5400\Leonardo_da_Vinci_27.jpg,Leonardo_da_Vinci_27.jpg,Leonardo da Vinci,REAL,0,Leonardo_da_Vinci_27,nan,"Leonardo da Vinci, Art, Portrait of old man, Renaissance perspective and anatomy, curly hair, highly ornamented, hard-edged lines, romanticized figures, whiplash curves, made of wire, unpolished authenticity, caricature-like figures, grotesque caricatures, gestural lines, distinctive noses, Renaissance-inspired draftsman, jagged edges, exaggerated anatomy, head and hands of satyr."
data\REAL\art_5400\Sandro_Botticelli_33.jpg,Sandro_Botticelli_33.jpg,Sandro Botticelli,REAL,0,Sandro_Botticelli_33,nan,"Sandro Botticelli, Art, Medieval-inspired painting, boy and man, man clad in red, holding boy, ocean academia, surrealistic detail, narrative sequences, 500-1000 CE, light green and light crimson, sea and coast, forced perspective, gothic references, fanciful illustrations, old man and boy in wooden boat, water setting, Botticelli-esque figures, confessional, juxtaposed imagery, child-like innocence, supple mass, surreal seascapes, playful and whimsical scenes, Jesus as pope concept, 1784, 15th century."
data\REAL\art_5400\Titian_210.jpg,Titian_210.jpg,Titian,REAL,0,Titian_210,nan,"Titian, Art, Females playing harp, hunting with women, historical reproductions, oil painting, two women, depictions of aristocracy, birth of st alexander, Ionian bride, natural phenomena, baroque animals, vanitas paintings, light pink, dark amber, meticulous detail, finely textured brushwork, rustic renaissance realism, marine painting, mythological references, Phoenician art, metallic etherealism, trompe-l'œil illusionistic detail."
data\REAL\art_5400\Andy_Warhol_10.jpg,Andy_Warhol_10.jpg,Andy Warhol,REAL,0,Andy_Warhol_10,nan,"Andy Warhol, Art, Old photograph, car wreck, head pointing at ambulance, VHS style, multiple flash, dark brown and white, slender, uniformly staged images, kintsukuroi, non-representational, dark white and dark silver, rough clusters, happening, carcore, flamboyant, body extensions, damaged car, Associated Press photo, NYC explosion coverage, multiple screens, slumped/draped, Provia, driving car, rusty debris, multiple points of view."
data\DALL-E/art\Pablo_Picasso_291.jpg,Pablo_Picasso_291.jpg,,DALL-E,1,Pablo_Picasso_291,Pablo Picasso,"Pablo Picasso, Art, Surrealist painting, woman and man, dark white and light gray, cartoonish chaos, heavy shading, tightly composed scenes, tapestries, bold cartoonish lines, dignified poses, grisaille, playful repetitions, gray and beige, threaded tapestries, cartoonish figures, automatism, multilayered dimensions, black and white abstraction, meticulous military scenes, voluminous mass, two figures holding hands, black and white grayscale, war scenes, dark cyan and light beige, use of fabric, monumental murals."
data\REAL\art_5400\Paul_Klee_73.jpg,Paul_Klee_73.jpg,Paul Klee,REAL,0,Paul_Klee_73,nan,"Paul Klee, Art, Red, green, yellow, blue, orange, blue square, pictorial space, crosshatched shading, black paintings, overlapping shapes, gond art, scattered composition, aerial view, bright multicolored, square painting on black, grid-like structures, light red, dark green, hand-coloring, complementary colors, collage of squares in different colors, post-World War II art, biomorphic, dark sky-blue, cubist fragmentation of form, graph paper, mosaic sculpture, color field abstraction, post-war expressionism, reduced palette."
data\REAL\art_5400\Henri_Matisse_149.jpg,Henri_Matisse_149.jpg,Henri Matisse,REAL,0,Henri_Matisse_149,nan,"Henri Matisse, Art, 1900-1939, bouquet of flowers, light red, indigo, simple compositions, light yellow, dark green, playful arrangements, emotional naturalism, fauvist color scheme, red, beige, lightbox, table with flowers in vase, interwar period, navy, colorful arrangements, pattern-based painting, flower arrangement on table, light crimson, folk art inspiration, lush brushstrokes"
data\REAL\art_5400\Vincent_van_Gogh_384.jpg,Vincent_van_Gogh_384.jpg,Vincent van Gogh,REAL,0,Vincent_van_Gogh_384,nan,"Vincent van Gogh, Art, Red painting, vineyard, houses, white, emerald, light green, indigo, exacting precision, landscape, fauvism inspiration, terraced cityscapes, dark white, green, colorful gardens, vines, hillside, Vienna Secession, Trompe-l'œil illusionistic detail, grocery art, red poppies, garden, house, neo-fauvism, unusual cropping."
data\REAL\art_5400\Francisco_Goya_271.jpg,Francisco_Goya_271.jpg,Francisco Goya,REAL,0,Francisco_Goya_271,nan,"Francisco Goya, Art, Painting of a man sitting in a chair with soldiers, letras y figuras, history painting, Spanish enlightenment, rough gesturalism, uniformly staged images, satirical caricatures, Rococo whimsy, dark navy and light brown, strong facial expression, light bronze and red, historical documentation, Baroque madness, Quito school, lucid developments of his subjects, depictions of aristocracy, the new Fauves"
data\REAL\art_5400\Francisco_Goya_278.jpg,Francisco_Goya_278.jpg,Francisco Goya,REAL,0,Francisco_Goya_278,nan,"Francisco Goya, Art, Man in black coat, wild daring, light navy brown, exaggerated nobility, dramatic vistas, dullcore, saturated, mallgoth, Scottish landscapes, disfigured forms, celebrity image mashups, full body, dark foreboding landscapes, large canvas paintings, young British artists, fawncore, dark black dark beige, mannerist style"
data\Midjourney/art\Edgar_Degas_102.jpg,Edgar_Degas_102.jpg,,Midjourney,1,Edgar_Degas_102,Edgar Degas,"Edgar Degas, Art, Jockeys on horses in field, free brushwork, three jockeys riding, 1860–1969, performance, gestural realism, sacricore, les nabis, people watching horse race, multiple filter effect, trompe-l'œil, sharp focus, crimson and brown, loose handling of paint, grainy, figuration libre, horses galloping, impressionist brush strokes."
data\Midjourney/art\Eugene_Delacroix_20.jpg,Eugene_Delacroix_20.jpg,,Midjourney,1,Eugene_Delacroix_20,Eugene Delacroix,"Eugene Delacroix, Art, Orientalist influence, man with horse, poignant, ironical, Kushan Empire, dark yellow and light red, Hudson River School, Germanic art, oil painting, foreshortening techniques, bucolic scenes, emotional gestures, graceful restraint, endurance art, paintings, 1860-1969 era."
data\REAL\art_5400\Leonardo_da_Vinci_71.jpg,Leonardo_da_Vinci_71.jpg,Leonardo da Vinci,REAL,0,Leonardo_da_Vinci_71,nan,"Leonardo da Vinci, Art, Madonna, child, 1000-1400 CE, light indigo, pink, childlike innocence, charm, meticulous realism, dark beige, sky-blue, trompe-l'oeil technique, distinctive noses, precisionist, refined aesthetic sensibility, renaissance, dark azure, cinquecento, dark sky-blue, gray, confessional, pseudo-realistic, high resolution, deconstructive."
data\Midjourney/art\Andrei_Rublev_31.jpg,Andrei_Rublev_31.jpg,,Midjourney,1,Andrei_Rublev_31,Andrei Rublev,"Andrei Rublev, Art, Old man writing, biblical iconography, light teal, navy, emancicore, studyplace, spot metering, close-up intensity, majestic figures, 12th century icon, painting and writing tools, light aquamarine, azure, writer academia, detail-oriented, biblical themes, traditional craftsmanship, fresco paintings, apocrypha, rhesus, light emerald, indigo, pensive poses, bibliopunk, medieval inspiration, temple of virtus, quiet contemplation, poetcore, manuscript."
data\REAL\art_5400\Diego_Rivera_49.jpg,Diego_Rivera_49.jpg,Diego Rivera,REAL,0,Diego_Rivera_49,nan,"Diego Rivera, Art, Painting, people gathered around, explosive wildlife, surrealistic urban, prehistoric art, political imagery, grotesque imagery, chicano art, wildlife muralism, great depression, grandeur of scale, supple mass, neo-mosaic, city scene, depiction of animals, collaged symbolism, humanistic, people playing games, futurist claims, Mexican muralism, giant money sculptures, ritualistic masks, San Francisco Renaissance."
data\Midjourney/art\Andy_Warhol_130.jpg,Andy_Warhol_130.jpg,,Midjourney,1,Andy_Warhol_130,Andy Warhol,"Andy Warhol, Art, Muhammed Ali, white and pink painting, dark cyan, dark amber, vibrant colorism, lith printing, album covers, pensive poses, ultrafine detail, red and blue, light magenta, bronze, expanded portraiture, high-contrast shading, magenta and brown, distinct facial features, gender-bending iconography, light cyan, red, holotone printing, world's greatest pop art, bold colorism, chance, crimson, bronze, pensive portraiture, 1970-present."
data\DALL-E/art\Amedeo_Modigliani_159.jpg,Amedeo_Modigliani_159.jpg,,DALL-E,1,Amedeo_Modigliani_159,Amedeo Modigliani,"Amedeo Modigliani, Art, Portrait of a man, light maroon and light beige, impressionist sensibilities, red eyes, yellow eyes, white skin, light maroon and dark indigo, expressionistic coloration, oil portraiture, art deco sensibilities, ritualistic masks, 1900-1917 era"
data\DALL-E/art\Rene_Magritte_108.jpg,Rene_Magritte_108.jpg,,DALL-E,1,Rene_Magritte_108,Rene Magritte,"Rene Magritte, Art, Painting, bed, mirror, glass, postmodern photomontage, realistic blue skies, juxtaposed elements, living materials, moon, clouds, brush, glasses foreground, trompe l'oeil illusions, mirror rooms, brown and azure, mass-produced objects, colorized, woman sitting in room, object on wall, trompe l'oeil compositions, reflections, art deco, wimmelbilder, atmospheric clouds, dreaming glasses, juxtaposition of objects"
data\StarryAI/art\Marc_Chagall_197.png,Marc_Chagall_197.png,,StarryAI,1,Marc_Chagall_197,Marc Chagall,"Marc Chagall, Art, Dreamy vignettes, light indigo and red, metaphysical interiors, joyful and optimistic, indigo and emerald, vignettes of Paris, atmospheric blues, vibrant stage backdrops, red and blue, lithograph, large canvas paintings, woman and child laying on a couch, mother's eyes, painting on canvas, interior scenes, vibrant airy scenes, dark azure and crimson, colorful arrangements, primitivist, bright luster, etchings, emotional expressions, people laying near lit painting."
data\REAL\art_5400\Pablo_Picasso_118.jpg,Pablo_Picasso_118.jpg,Pablo Picasso,REAL,0,Pablo_Picasso_118,nan,"Pablo Picasso, Art, Abstract painting, man sitting near fountain, cubist, fragmented planes, piles/stacks, aerial view, terracotta, large painting, musical instruments, scene, light brown and gray, mystical terrains, multilayered texture, figura serpentinata, rough clusters, sculpture on a table, imaginative prison scenes, dark beige, art of the upper paleolithic, whistlerian, manticore, statue of chess master biography, earthy expressionism, aerial abstractions, grandiose ruins, blunt brushstrokes."
data\REAL\art_5400\Amedeo_Modigliani_45.jpg,Amedeo_Modigliani_45.jpg,Amedeo Modigliani,REAL,0,Amedeo_Modigliani_45,nan,"Amedeo Modigliani, Art, Portrait painting, neo-concrete, werkstätte, handsome, art deco sensibilities, American Barbizon school, confessional, man with hat and jacket seated, art brut, graceful, neo-academism, dark emerald and light crimson, trompe-l'œil illusionistic detail, large brushstrokes, loose brushwork, depictions of theater, constructivist roots, man in tie and black jacket."
data\REAL\art_5400\Caravaggio_31.jpg,Caravaggio_31.jpg,Caravaggio,REAL,0,Caravaggio_31,nan,"Caravaggio, Art, Death of a horse, two men, biblical themes, faith-inspired art, heroic masculinity, dark gold, red, dark white, dark orange, naturalistic poses, raw vulnerability, scattered composition, luminous shadowing, dark crimson, dark beige, apocalypse art, dignified poses, elaborate detail, contained chaos, trompe-l'œil illusionistic detail, powerful symbolism, strong contrast, chiaroscuro, multi-panel compositions."
data\Dreamstudio/art\Pablo_Picasso_150.jpg,Pablo_Picasso_150.jpg,,DreamStudio,1,Pablo_Picasso_150,Pablo Picasso,"Pablo Picasso, Art, Mother and child portrait, light orange, azure, light emerald, light amber, light cyan, precise linework, stencils, solarization, charming vignettes, organic art nouveau, etched still lifes, golden age illustrations, picassoesque style, harmonious coloration, quiet moments captured in paint"
data\Midjourney/art\Leonardo_da_Vinci_105.jpg,Leonardo_da_Vinci_105.jpg,,Midjourney,1,Leonardo_da_Vinci_105,Leonardo da Vinci,"Leonardo da Vinci, Art, Botanical drawings, flowers and fruits, twisted tangles, 1900–1917, tangled nests, drawing of a flower and seeds, striped arrangements, silver and bronze, plant with leaves and petals, neo-renaissance, expressionistic lines, sharp/prickly, delicate flowers, flowers and plants with red leaves, grass, black-and-white etchings, juxtaposition of objects, swirling vortexes, light magenta and bronze."
data\REAL\art_5400\Pablo_Picasso_285.jpg,Pablo_Picasso_285.jpg,Pablo Picasso,REAL,0,Pablo_Picasso_285,nan,"Pablo Picasso, Art, Person on the ground, person kicking a calf, apocalypse art, gray and beige, depiction of animals, trompe-l'œil illusionistic detail, strong facial expression, reduction of canine anatomy, devil in black wig, detailed hunting scenes, light yellow and gray, fresco, 1860–1969, painted illustrations, dark beige and green, animals and two men on a horse, disfigured forms, light gray and dark beige, hellish, light yellow and dark green, monumental murals, horse in a pit with a goat and a man, heroic masculinity, large-scale murals, nightmarish creatures, action paintings, ritualistic masks."
data\Midjourney/art\Edgar_Degas_513.jpg,Edgar_Degas_513.jpg,,Midjourney,1,Edgar_Degas_513,Edgar Degas,"Edgar Degas, Art, Horses grazing in meadow, minimalist representation, subdued expressionism, bold shadows, light red and sky-blue, dark orange and light green, American works on paper 1880-1950, two brown horses, nature morte, grainy, staining, melancholic atmosphere, fauvism influence, melancholic symbolism, tonalist skies, caravaggism, restrained expressionism, realism with a touch of expressionism, 'Adrift, 1898' horse, colt 'Adrift' and gelding."
data\DALL-E/art\Salvador_Dali_18.jpg,Salvador_Dali_18.jpg,,DALL-E,1,Salvador_Dali_18,Salvador Dali,"Salvador Dali, Art, Red wheel, brown building, pictorialist, Hopi art, loose figuration, associated press photo, drip painting, 1860-1969, Ferrania P30, red structure, Qajar art, Mycenaean art, Orientalist, tin mill, lithograph, cross processing, color zone painting, bad painting, oil on canvas, red and green structure, white wall, art of the upper paleolithic, chiaroscuro portraitures, Orientalist imagery, golden age illustrations, depiction of rural life."
data\REAL\art_5400\Raphael_95.jpg,Raphael_95.jpg,Raphael,REAL,0,Raphael_95,nan,"Raphael, Art, Wedding of angel and saints, light emerald, dark crimson, xmaspunk, Madonna and child, trompe l’oeil, distinctive noses, marble, birth of person, group of people being baptized, gray and emerald, lively tableaus, first miracle, Florentine Renaissance, realistic depictions, spot metering, emerald."
data\Dreamstudio/art\Henri_Rousseau_49.jpg,Henri_Rousseau_49.jpg,,DreamStudio,1,Henri_Rousseau_49,Henri Rousseau,"Henri Rousseau, Art, Painting of person, church, trees, houses in a field, Biedermeier, Primitivist, American prints 1880-1950, panoramic scale, dark gray, light amber, applecore, manapunk, large canvas format, haunting landscapes, detailed, autumn park, oil on canvas, 1920's, naive art, historical reproductions, Cluj school, impressive skies, cottagepunk, villagers, dappled brushwork, landscape"
data\REAL\art_5400\Pieter_Bruegel_132.jpg,Pieter_Bruegel_132.jpg,Pieter Bruegel,REAL,0,Pieter_Bruegel_132,nan,"Pieter Bruegel, Art, Great Carthaginian carnival, Dutch genre scenes, chaotic expressionism, spatial play, grocery art, rural life scenes, brown and black, birds-eye-view, Battle of Breda 1590, street life scenes, playfully surreal, dark colors, primitivism, 1000–1400 CE, Trashcore, large circus painting, group of people walking and riding horses, traditional street scenes, dark and chaotic, installation-based, Contained chaos, spot metering, 1621 Favoriti & Maai the death of lamb, dark brown and aquamarine, colorful street scenes, Photobash, Performance, structured chaos."
data\REAL\art_5400\Gustave_Courbet_59.jpg,Gustave_Courbet_59.jpg,Gustave Courbet,REAL,0,Gustave_Courbet_59,nan,"Gustave Courbet, Art, Man putting head on hand, hyperbolic expression, acrobatic self-portraits, nineteenth century french realism, jagged edges, high-contrast realism, animated expressions, strong facial expression, facing forward, right arm, humorous distortions, surrealistic grotesque, intense close-ups, metafictional, dreadlocks, fine art print, shiny eyes, quirky expressions, blown-off-roof perspective, hair pulling on shirt, expressive eyes, 19th century French academy, meme art, 8k resolution, low-angle, bulbous, kabuki theater"
data\StarryAI/art\Edouard_Manet_1.png,Edouard_Manet_1.png,,StarryAI,1,Edouard_Manet_1,Edouard Manet,"Edouard Manet, Art, Painting, woman sitting on white couch, interacting with man, 1860–1969, light gray, light black, dark white, light green, elaborate drapery, light white, light black, plein-air, dignified poses, beautiful portraiture, woman with a book, chair, neo-academism, white and black, lively interiors, pictorial fabrics, crumpled, joyful, optimistic"
data\Dreamstudio/art\Edvard_Munch_3.jpg,Edvard_Munch_3.jpg,,DreamStudio,1,Edvard_Munch_3,Edvard Munch,"Edvard Munch, Art, The Scream painting, two people, light red and dark black, detailed crowd scenes, richly colored skies, elegant, emotive faces, hellish background, mural painting, mysterious figures, Berlin Secession, serene faces, wandering eye, distorted and exaggerated human figures, captivatingly atmospheric cityscapes."
data\REAL\art_5400\Sandro_Botticelli_35.jpg,Sandro_Botticelli_35.jpg,Sandro Botticelli,REAL,0,Sandro_Botticelli_35,nan,"Sandro Botticelli, Art, Woman in arm, manticore, renaissance perspective, masonry construction, depictions of labor, 500–1000 CE, 'the first woman', c 1400, luminous shadowing, dye-transfer, girl carrying a basket, blown-off-roof perspective, the San Francisco renaissance, red and brown, northern and southern dynasties, realist detail, woman on the ground with a basket, light red and light gray, contrast of scale."
data\REAL\art_5400\Rene_Magritte_123.jpg,Rene_Magritte_123.jpg,Rene Magritte,REAL,0,Rene_Magritte_123,nan,"Rene Magritte, Art, Femme Telle, Animalier, Bentwood, Natural Materials, Formalist Aesthetics, Femina Tiselle, Varying Wood Grains, Letterism, Tondo, Giraffe Imagery, Trompe-l'œil Illusionistic Detail, Feminist, Feminine Elegance, Sfumato, Firecore, Oblong Sign, Feminine Surrealist, Contemporary Feminist, Yombe Art, Rustic Simplicity"
data\REAL\art_5400\Andy_Warhol_40.jpg,Andy_Warhol_40.jpg,Andy Warhol,REAL,0,Andy_Warhol_40,nan,"Andy Warhol, Art, Newspaper, picture of woman with hat, 1970s style, calotype, smilecore, candid celebrity shots, portrait card, photocopy, uniformly staged images, overexposure effect, photo of smiling woman in film, silkscreen, vintage ephemera, political pop, use of paper, old photograph, girl in dress, concert poster, exaggerated facial features, grainy, dark brown and white, silkscreening"
data\DALL-E/art\Salvador_Dali_121.jpg,Salvador_Dali_121.jpg,,DALL-E,1,Salvador_Dali_121,Salvador Dali,"Salvador Dali, Art, Extravagant table settings, raw confrontational figures, classicist approach, eroded interiors, dark beige and crimson, panoramic scale, monochromatic contemplation, large gold cups, raw figuration, unprimed canvas, historical illustration, surrealistic motifs, melting pots, black paintings, unsettling atmosphere, dense composition, interwar period, old masters of the philology, large painting of men on chairs, dark and brooding design."
data\DALL-E/art\Vincent_van_Gogh_5.jpg,Vincent_van_Gogh_5.jpg,,DALL-E,1,Vincent_van_Gogh_5,Vincent van Gogh,"Vincent van Gogh, Art, Bridge over water, chromatic post-impressionism, vignettes of Paris, pattern-based painting, meticulous detail, light gray and indigo, neo-fauvism, Sovietwave, Fauvist color palette, light gray and magenta, Zaire school of popular painting, pointillism, oil painting, light indigo and orange, painting of boats in a river, light gray and pink, mural painting, New Zealand bridge over Verona river, impressionist-landscapes, subdued pointillism."
data\DALL-E/art\Edgar_Degas_584.jpg,Edgar_Degas_584.jpg,,DALL-E,1,Edgar_Degas_584,Edgar Degas,"Edgar Degas, Art, Woman holding two birds, light crimson and dark azure, chiaroscuro portraitures, gray and crimson, red birds on dress, pre-raphaelite, egyptian art, romanticized views, 1900-1917, brooding mood, naturalistic depictions, oil painting, large red birds, Venetian scenes, altarpiece."
data\REAL\art_5400\Edouard_Manet_58.jpg,Edouard_Manet_58.jpg,Edouard Manet,REAL,0,Edouard_Manet_58,nan,"Edouard Manet, Art, Old woman in a black hat, kabuki theater, chiaroscuro portraitures, gestural expressionism, Halloween, inkblots, necropunk, lady with rose and hat (1886), gestural strokes, zombiecore, dark palette chiaroscuro, gothcore, barroco, tempera, old man holding flowers, mcdonaldpunk, whistlerian, stylish costume design, contrasting lights and darks, dark white and red, impressionist brushwork."
data\REAL\art_5400\Paul_Gauguin_296.jpg,Paul_Gauguin_296.jpg,Paul Gauguin,REAL,0,Paul_Gauguin_296,nan,"Paul Gauguin, Art, Painting of flowers in a vase on a table next to an open book, neo-impressionism and post-impressionism influences, light bronze, brown, dark aquamarine, light violet, light black, and dark cyan color palette, 1860–1969, sparse and controlled use of color, vignettes of Paris, chiaroscuro lighting, painting and writing tools, orderly arrangements, framed by a large yellow cloth, late 19th-century style"
data\REAL\art_5400\Leonardo_da_Vinci_132.jpg,Leonardo_da_Vinci_132.jpg,Leonardo da Vinci,REAL,0,Leonardo_da_Vinci_132,nan,"Leonardo da Vinci, Art, Madonna with child, high Renaissance, joyful celebration of nature, meticulous still lifes, detailed trompe-l'oeil technique, childlike innocence and charm, exquisite clothing detail, high resolution, delicacy of touch, quadratura, dansaekhwa"
data\Dreamstudio/art\Diego_Velazquez_127.jpg,Diego_Velazquez_127.jpg,,DreamStudio,1,Diego_Velazquez_127,Diego Velazquez,"Diego Velazquez, Art, Portrait of a man wearing a black jacket and black bowtie, Renaissance influence, Italianate flair, dark amber, white, dark white, dark pink, dark brown, color contrast, sharp edges, Victorian-era clothing, poetcore, magewave, unilalianism, Hudson River School, Brothers Grimm, solid and structured."
data\REAL\art_5400\Hieronymus_Bosch_130.jpg,Hieronymus_Bosch_130.jpg,Hieronymus Bosch,REAL,0,Hieronymus_Bosch_130,nan,"Hieronymus Bosch, Art, Landscape, Gardens of Eden, alchemical symbolism, massurrealism, light pink and light blue, fawncore, altarpiece, unicorncore, trompe-l'œil illusionistic detail, otherworldly fun, spiritual symbolism, Anthropocene, pre-Raphaelitism, light red and azure, animals and creatures, enchanting realms, 1000–1400 CE, garden with angels and mythical creatures."
data\StarryAI/art\Paul_Gauguin_203.png,Paul_Gauguin_203.png,,StarryAI,1,Paul_Gauguin_203,Paul Gauguin,"Paul Gauguin, Art, Pond and trees in a yard, trompe-l'œil, light purple and light black, suburban ennui capturer, exacting precision, artichoke, depiction of rural life, saturated pigment pools, soggy, light bronze and silver, expansive, house with inground pool, light silver and violet, landscape inspirations, bucolic landscapes, fountain, 1896, light violet and black, melting pots, rectangular fields, Pont-Aven School."
data\REAL\art_5400\Paul_Klee_23.jpg,Paul_Klee_23.jpg,Paul Klee,REAL,0,Paul_Klee_23,nan,"Paul Klee, Art, Abstract painting, green and blue, table, geometric shapes, light pink, dark aquamarine, seaside vistas, mono-ha, architectonic motifs, distinct shapes, kitchen scene, blue chair, monochromatic geometry, calm waters, illuminated landscapes, ndebele art, muted watercolor palettes, puzzle-like pieces, black and green square, serene maritime themes, color-blocked shapes, light indigo, serene watercolors, stimwave, classical proportions, architect at work, minimalist geometric abstractions, light emerald, contemporary quilts, abstraction-création"
data\REAL\art_5400\Alfred_Sisley_10.jpg,Alfred_Sisley_10.jpg,Alfred Sisley,REAL,0,Alfred_Sisley_10,nan,"Alfred Sisley, Art, House with boats next to water, river scene, impressionist landscapes, pointillist optical mixing, trompe-l'oeil, seascapes, high resolution, impressive panoramas, neo-impressionist pointillism, coastal landscapes, 1860-1969 period, light violet and sky-blue"
data\REAL\art_5400\Alfred_Sisley_64.jpg,Alfred_Sisley_64.jpg,Alfred Sisley,REAL,0,Alfred_Sisley_64,nan,"Alfred Sisley, Art, Floral still lifes, domestic interiors, landscape, naturalistic materials, texture-rich canvases, texture-rich landscapes, detailed foliage, textural expressionism, dark blue, orange, dark grey, green, dark black, light violet, dark green and violet, light black, blue vase with flowers, flowers in a basket on a table, dark green and orange, 1918-1939 interwar period"
data\Dreamstudio/art\Pierre-Auguste_Renoir_297.jpg,Pierre-Auguste_Renoir_297.jpg,,DreamStudio,1,Pierre-Auguste_Renoir_297,Pierre-Auguste Renoir,"Pierre-Auguste Renoir, Art, Portrait of a woman wearing a fur coat, green background, curvaceous simplicity, light red, light black, close-up intensity, pictorial harmony, Edwardian beauty, harmonious coloration, light red, dark emerald, curvilinear, light green, dark crimson, dark brown, pink, asymmetry, curvilinear simplicity, pearls."
data\REAL\art_5400\William_Turner_52.jpg,William_Turner_52.jpg,William Turner,REAL,0,William_Turner_52,nan,"William Turner, Art, Painting, lake, boats, mountain background, light red, light cyan, light magenta, light gray, light bronze, tondo, Indonesian art, sombre, haunting figuratism, watercolor on paper, reflection of water and mountains, expressionistic anthropology, dark chiaroscuro lighting, 8K resolution, 'north to St Michael' 185061, muted watercolor palettes, richly colored skies, Papua New Guinea art, atmospheric lighting, calm waters"
data\REAL\art_5400\Alfred_Sisley_35.jpg,Alfred_Sisley_35.jpg,Alfred Sisley,REAL,0,Alfred_Sisley_35,nan,"Alfred Sisley, Art, Bridge, houses, light gray, white, trompe-l'œil, high resolution, reflections, monumental scale, enamel, exacting precision, river, vernacular architecture, villagecore, charming, idyllic rural scenes, reduced-scale architecture, romanesque, pastoral settings, impressionist-landscapes, rural landscapes, light silver, glazed earthenware."
data\REAL\art_5400\Amedeo_Modigliani_183.jpg,Amedeo_Modigliani_183.jpg,Amedeo Modigliani,REAL,0,Amedeo_Modigliani_183,nan,"Amedeo Modigliani, Art, Portrait, notes painted, dark gold, light crimson, distinct facial features, happy expressionism, Art of Burma, woman, green foliage, woman, red hat, dark yellow, dark beige, emphasis on facial expressions, mural-like compositions, reduced palette, abstract, several peaks, head, polychrome terracotta, light yellow, brown, strong facial expression, German Expressionism, 1000-1400 CE."
data\StarryAI/art\Alfred_Sisley_75.png,Alfred_Sisley_75.png,,StarryAI,1,Alfred_Sisley_75,Alfred Sisley,"Alfred Sisley, Art, Bridge, countryside houses, light gray, bronze, reflections, trompe-l'œil, light pink, orange, pointillist techniques, France, the Seine, 1862, oil on canvas, light silver, cottagepunk, light gold, villagecore, reflective, autumn scene, buildings, river, sunrays, charming, idyllic rural scenes, golden light, meticulous technique."
data\Midjourney/art\Francisco_Goya_58.jpg,Francisco_Goya_58.jpg,,Midjourney,1,Francisco_Goya_58,Francisco Goya,"Francisco Goya, Art, Painting showing men and women at a picnic in the woods, playing chess, classical compositions, rococo pastel hues, iconic, frivolity, ornateness, naturalistic light, dark green, sky-blue, light amber, light indigo, distinctive noses, hispanicore, harmony with nature, reverent, tranquil, group material, lush scenery, solarizing master, contemporary landscape"
data\DALL-E/art\Rene_Magritte_58.jpg,Rene_Magritte_58.jpg,,DALL-E,1,Rene_Magritte_58,Rene Magritte,"Rene Magritte, Art, Empty room poster, large screen, light sky-blue, dark gray, hyperrealistic marine life, jump cuts, mural painting, dragon art, art on shelf, Shadows of Hope, large scale murals, dark sky-blue, black, terrorwave, poured resin, whimsical animation, mysterious backdrops, black umbrella ad, cat in room, conceptual painting, fluid formation, realistic blue skies, prehistoricore, installation creator, shadowy intensity, album cover face, surrealist painting, minimalistic canine sculptures, dark black, wall sculpture, installation, tempera, suspended/hanging, dinocore."
data\StarryAI/art\Henri_Matisse_6.png,Henri_Matisse_6.png,,StarryAI,1,Henri_Matisse_6,Henri Matisse,"Henri Matisse, Art, Purple and green plants, Fauvism, romanticized depictions of wilderness, vibrant stage backdrops, mysterious jungle, light violet, chiaroscuro woodcuts, forest with trees, naturalistic depictions of flora and fauna, spectacular backdrops, purple and brown colors, Fauvism precursor, light green and indigo, bold block prints, boldly colored Fauvism, colorful gardens."
data\DALL-E/art\Georges_Seurat_2.jpg,Georges_Seurat_2.jpg,,DALL-E,1,Georges_Seurat_2,Georges Seurat,"Georges Seurat, Art, Ocean view from cliffs, subdued pointillism, light violet, light green, trompe-l'œil illusionistic detail, muralist, majestic ports, light beige, blue, sea scene with cliffs and boats, neo-mosaic, panoramic scale, orange hue, monumental murals, precise nautical detail."
data\REAL\art_5400\Joan_Miro_27.jpg,Joan_Miro_27.jpg,Joan Miro,REAL,0,Joan_Miro_27,nan,"Joan Miro, Art, Abstract paintings, red balloon, dark yellow, light purple, light bronze, gray, modernist lines, mist, distinct shapes, ball going through the air, bauhaus-inspired designs, light red, primitive figurines, large canvas, spot metering, electric color schemes, orange abstract space, light purple, dark gray, symbolic figurative landscapes, balance, light yellow, light crimson, 'Red Flying Cloud', abstract vs figurative art, vibrant whimsy, contemporary Turkish art, black paintings, post-war expressionism."
data\Dreamstudio/art\Edgar_Degas_436.jpg,Edgar_Degas_436.jpg,,DreamStudio,1,Edgar_Degas_436,Edgar Degas,"Edgar Degas, Art, Dance music, childlike innocence and charm, light white and magenta, intense emotional atmosphere, self-portrait, balanced asymmetry, performance art, Picassoesque, dancers with ballet instructor, dark white and light magenta, large-scale murals, captivating gaze, naïve drawing, emotional resonance, bardcore, ballet academia, dancer in tutu playing harp, childlike figures, light white and light red, undefined anatomy"
data\Dreamstudio/art\Edouard_Manet_85.jpg,Edouard_Manet_85.jpg,,DreamStudio,1,Edouard_Manet_85,Edouard Manet,"Edouard Manet, Art, Oil painting, house, surrounded by trees, path, natural light, suburban ennui capturer, dark white and green, light bronze and red, cabincore, small road in the woods, vignettes of Paris, studyplace, old cemetery, play of light and shade, loose gestural marks, installation-based, nabis."
data\Midjourney/art\Mikhail_Vrubel_155.jpg,Mikhail_Vrubel_155.jpg,,Midjourney,1,Mikhail_Vrubel_155,Mikhail Vrubel,"Mikhail Vrubel, Art, Watercolor painting, flower with leaves, fragmented bodies, dark beige and orange, rough clusters, light pink, plein-air, irregular shapes, barroco, rose, fragmented figures, brown, light orange, dark gray, flower patterns, watercolor washes, nature-inspired camouflage, open field."
data\REAL\art_5400\Hieronymus_Bosch_23.jpg,Hieronymus_Bosch_23.jpg,Hieronymus Bosch,REAL,0,Hieronymus_Bosch_23,nan,"Hieronymus Bosch, Art, Bruges Death and Resurrection theme, circular abstraction, spiritual landscape, groundcore, solarization, tondo, unprimed canvas, Arbeitsrat für Kunst, oversized frame depiction of people and animals, light beige and gray tones, gothic realism, whirring contrivances, metallic rotation, circular portrait of people and man on hill, eclipse painting in circular frame, fantastical ruins, earthworks, light yellow and light gray tones, fragmented figuration."
data\StarryAI/art\Pierre-Auguste_Renoir_49.png,Pierre-Auguste_Renoir_49.png,,StarryAI,1,Pierre-Auguste_Renoir_49,Pierre-Auguste Renoir,"Pierre-Auguste Renoir, Art, Woman laying in the grass, vignettes of Paris, Whistlerian, light orange and light magenta, depictions of labor, vibrant coloration, oshare kei, reductive, impressionist coloration, pleasing sense of harmony, dreamlike scenarios, woman laying down in a field, les automatistes, cabincore, bright luster, light pink and light bronze, lively brushwork, heavy shading, oil painting, tree, emotive fields of color, warmcore, solarization effect, grocery art."
data\Midjourney/art\Edouard_Manet_88.jpg,Edouard_Manet_88.jpg,,Midjourney,1,Edouard_Manet_88,Edouard Manet,"Edouard Manet, Art, Woman in park, 1877, navy and beige, light yellow and dark beige, detailed brushstrokes, light green and black, woman in sunhat in chair, impressionist, dappled light, light beige and black, high resolution, plein-air, light yellow and dark navy, en plein air, woman hat in front of sea, impressionist gardens, dark navy and beige, American sculpture 1830–1950, Meiji art, Die brücke, Oshare Kei, Manapunk, Street-savvy."
data\DALL-E/art\Alfred_Sisley_238.jpg,Alfred_Sisley_238.jpg,,DALL-E,1,Alfred_Sisley_238,Alfred Sisley,"Alfred Sisley, Art, Oil painting, people walking across a bridge, urban energy, loose gestures, 1900-1917 era, plein-air paintings, 19th century French academy, figura serpentinata, austerity modernism, candid, majestic ports, coastal and harbor views, Cluj School influence"
data\Midjourney/art\Leonardo_da_Vinci_33.jpg,Leonardo_da_Vinci_33.jpg,,Midjourney,1,Leonardo_da_Vinci_33,Leonardo da Vinci,"Leonardo da Vinci, Art, Old lady and man, grotesque figures, distinctive noses, loose gestures, meticulous lines, ritualistic masks, grotesque caricatures, foreshortening techniques, early medieval art, dark beige and cyan, theatrical gestures, portrait of two seducers, distorted figures, goblincore, contoured shading, Etruscan art, high resolution, expressive figure studies."
data\DALL-E/art\Rene_Magritte_142.jpg,Rene_Magritte_142.jpg,,DALL-E,1,Rene_Magritte_142,Rene Magritte,"Rene Magritte, Art, Man in top hat, 1900-1917, McDonaldpunk, action paintings, grotesque satire, dramatic lighting, suit and hat flying over city, light red and dark black, mannerism, 1860-1969, ritualistic masks, bulbous, naturalistic poses, hellish background, cryptid academia, light crimson and gold, neo-dada, grainy noir, modern impressionism, Sydney the Nymph, 1917, illusionism, dark chiaroscuro lighting, energetic gestures, bulbous."
data\REAL\art_5400\Gustave_Courbet_58.jpg,Gustave_Courbet_58.jpg,Gustave Courbet,REAL,0,Gustave_Courbet_58,nan,"Gustave Courbet, Art, French tavern, spontaneous compositions, mysterious figures, silence, rhythmic compositions, three men sitting at a table, man playing piano, restrained impressionism, detailed hunting scenes, Barbizon school, absinthe culture, unilalianism, dark compositions, troubadour style, low resolution, classical composition, spontaneous improvisation, rustic scenes, trompe-l'œil, dark tones."
data\DALL-E/art\Pablo_Picasso_35.jpg,Pablo_Picasso_35.jpg,,DALL-E,1,Pablo_Picasso_35,Pablo Picasso,"Pablo Picasso, Art, Portrait of a man, light orange and beige hues, distinct detailed facial features, 1900-1917, oil painting, curly brown hair, angel with eyes, serene faces, iconic works of art history, saturated pigments, women artists, Bloomsbury group, Phoenician art, Berlin Secession, light bronze, asymmetry, muralist, 500-1000 CE"
data\Dreamstudio/art\Vincent_van_Gogh_296.jpg,Vincent_van_Gogh_296.jpg,,DreamStudio,1,Vincent_van_Gogh_296,Vincent van Gogh,"Vincent van Gogh, Art, Rain covered fields, Vienna Secession, light violet and emerald, cyclorama, finely textured brushwork, linear movement, woodblock prints, pre-raphaelite realism, rural landscapes, raw figuration, net art, rain scene, rectangular fields, light violet and green, chalk, high resolution, field of green and snow, light violet and dark azure, naive drawing, dark sky-blue and beige, French countryside, contour line, relief."
data\StarryAI/art\Diego_Velazquez_26.png,Diego_Velazquez_26.png,,StarryAI,1,Diego_Velazquez_26,Diego Velazquez,"Diego Velazquez, Art, Portrait of a man in black clothing, baroque-inspired details, hard-edged, tondo assassino, captivating portraits, depictions of aristocracy, bold black lines, Italian portraits, dark crimson and light black, symmetrical asymmetry, neo-academism, military and naval scenes, Mexican muralism, painted portrait of male figure, circa 1630, large canvas paintings"
data\REAL\art_5400\Henri_Matisse_72.jpg,Henri_Matisse_72.jpg,Henri Matisse,REAL,0,Henri_Matisse_72,nan,"Henri Matisse, Art, Painting, man dressed in green, red neck, Byzantine-inspired, 1900–1917, German expressionism, folk/naïve, symmetrical, wearing hat, Berlin secession, medievalist, oil portraiture, Byzantine art, expressionistic mark-making, the Blue Rider, green and yellow robe, green palace, person in green coat, symmetrical designs, elaborate costumes."
data\REAL\art_5400\Henri_Rousseau_40.jpg,Henri_Rousseau_40.jpg,Henri Rousseau,REAL,0,Henri_Rousseau_40,nan,"Henri Rousseau, Art, Garden painting, trees, people, Viennese Secession, naturalistic cityscapes, Die Brücke, Escher-inspired, striped painting, romanticized realism, path depiction, naive realism, large scale murals, suburban Gothic, highly detailed foliage, oil on canvas painting, park scene, panorama, light green and dark gray, woodcut, walking figures, large canvas sizes, Pont-Aven School."
data\REAL\art_5400\Titian_216.jpg,Titian_216.jpg,Titian,REAL,0,Titian_216,nan,"Titian, Art, Woman and man, woman laying on bed, dark amber and beige, mythology, dream-like imagery, grandiose color schemes, light bronze and amber, impressive skies, light crimson and white, exaggerated nobility, naturalism, synchromism, San Francisco s de Roque, 1589-1632, mythological paintings, old master influenced fantasy, sleepycore, solarizing master, vanitas paintings, symbolic figures, flowers at the end of a rope, 1888, oil on canvas, mystical allegorical scenes, Aries Moross."
data\DALL-E/art\Mikhail_Vrubel_133.jpg,Mikhail_Vrubel_133.jpg,,DALL-E,1,Mikhail_Vrubel_133,Mikhail Vrubel,"Mikhail Vrubel, Art, Large blue sail, multiple ocean backgrounds, haunting figuratives, intricate collage, slumped/draped element, dark violet and light gold tones, Art Nouveau, Figura Serpentinata, blue and gray hues, standing man alongside ocean segments, trompe-l'œil illusionistic detail, amber elements, aerial perspective, person riding a bear, dark azure and silver, naturalistic ocean waves, mosaic-like collages, birds-eye-view, human figure in foreground, transfixing marine scenes, dark blue and beige, stormy seascapes, avian-themed"
data\REAL\art_5400\El_Greco_73.jpg,El_Greco_73.jpg,El Greco,REAL,0,El_Greco_73,nan,"El Greco, Art, Portrait of a man, black clothing, grandiose color schemes, sharp edges, exaggerated facial features, bearded sarcophagus, dark brown, light black, hispanicore, elegant attire, spiky mounds, furry art, exquisite clothing detail, uniformly staged images, strong contrast, heroic masculinity, stylish costume design, dark white, light black, 15th century, oil on canvas."
data\REAL\art_5400\Mikhail_Vrubel_144.jpg,Mikhail_Vrubel_144.jpg,Mikhail Vrubel,REAL,0,Mikhail_Vrubel_144,nan,"Mikhail Vrubel, Art, Spring garden, world balcony, dark sky-blue, light silver, light beige, emerald, mysterious nocturnal scenes, oil painting, people under canopy, three girls, a man, art nouveau organicity, light green, romantic ruins, projection, luminous fantasies, dark white, light azure, costumes, landscape fantasies, Vienna secession, delicate compositions."
data\REAL\art_5400\Sandro_Botticelli_12.jpg,Sandro_Botticelli_12.jpg,Sandro Botticelli,REAL,0,Sandro_Botticelli_12,nan,"Sandro Botticelli, Art, Madonna and child holding a book, reading the bible, light navy and light crimson, detailed perfection, painting and writing tools, meticulous design, bibliopunk, adventurecore, Botticelli-esque figures, meticulous details, golden age illustrations, grandiose compositions, masterful composition, dark sky-blue and dark beige, dissected books, photorealistic painting, 1000–1400 CE, lush detailing"
data\REAL\art_5400\Henri_de_Toulouse-Lautrec_64.jpg,Henri_de_Toulouse-Lautrec_64.jpg,Henri de Toulouse-Lautrec,REAL,0,Henri_de_Toulouse-Lautrec_64,nan,"Henri de Toulouse-Lautrec, Art, Woman, white hair, light red, light cyan, American works on paper 1880–1950, large-scale figuration, ultra-fine detail, brooding mood, post-impressionist coloration, yellow dress, elaborate detail, distorted fauvism, detailed portraits, white dress, light orange, blink-and-you-miss-it detail, light aquamarine, heavy impasto brushwork, intense expressions, 19th century French academy"
data\StarryAI/art\Vasiliy_Kandinskiy_26.png,Vasiliy_Kandinskiy_26.png,,StarryAI,1,Vasiliy_Kandinskiy_26,Vasiliy Kandinskiy,"Vasiliy Kandinskiy, Art, People walking in garden, fauvist color explosions, historical reproductions, yellow and white, theater depictions, samikshavad, light red and light navy, reduced palette, ladies in orange garden, blue background, street scenes, vibrant colors, light yellow and light navy, colorful costumes, vibrant stage backdrops, orientalist scenes, yellow and navy, expressionistic color explosions, woman with flowers under a window, lithograph, fauvist portrait of figures, 1887, detailed crowd scenes, impressionist-landscapes, interwar period, Cluj school."
data\REAL\art_5400\Albrecht_Durer_318.jpg,Albrecht_Durer_318.jpg,Albrecht Durer,REAL,0,Albrecht_Durer_318,nan,Albrecht_Durer_318
data\DALL-E/art\Rembrandt_245.jpg,Rembrandt_245.jpg,,DALL-E,1,Rembrandt_245,Rembrandt,"Rembrandt, Art, Old woman reading a book, strong facial expression, religious symbolism, avocadopunk, 1970–present, anthropomorphism, futurist gothic, studyplace, calculated, hieratic visionary, grandparentcore, 19th century, elderly woman in a leather jacket, academic painting, witchcore, rembrandtesque, religious subjects"
data\REAL\art_5400\Edgar_Degas_78.jpg,Edgar_Degas_78.jpg,Edgar Degas,REAL,0,Edgar_Degas_78,nan,"Edgar Degas, Art, Two women with umbrellas in a garden and park, impressionist and realist details, colors of light violet, dark crimson, dark violet, dark beige, dark magenta, light bronze, sky-blue, carnivalesque theme, trompe-l'œil illusionistic detail, black arts movement, thick brushstrokes, detailed crowd scenes, woman with open umbrella, en plein air beach scenes, close-up intensity, 1860-1969 period, nouveau réalisme."
data\StarryAI/art\Paul_Cezanne_1.png,Paul_Cezanne_1.png,,StarryAI,1,Paul_Cezanne_1,Paul Cezanne,"Paul Cezanne, Art, Apples, Jar, Cloth, Light Emerald, Navy, European Symbolism, Grandiose Color Schemes, Picassoesque, Yankeecore, Oshare Kei, Melting Pots, Vase of Apples, Green Jug, Iconic Art History, Harmonious Color Schemes, Impressionist Light and Color, Oil Painting, Table Setting, Mixes Painting and Ceramics, Mingei, Hand-Coloring, Applecore, 1900–1917 period, Flowers, Light Silver, Post-Impressionist Colorism, Melancholic Symbolism, Rembrandtesque"
data\REAL\art_5400\Marc_Chagall_55.jpg,Marc_Chagall_55.jpg,Marc Chagall,REAL,0,Marc_Chagall_55,nan,"Marc Chagall, Art, Old drawing, man standing in front of mirror, Jewish life scenes, post-impressionist printmaker, militaristic realism, museum gallery dioramas, monochromatic expressionism, East Village art, meticulous military scenes, men looking at paintings in an indoor bathroom, black and white etchings, trompe-l'œil illusionistic detail, street scene, people in a room with a door, socialist realism, etchings, witty vignettes, group of men and woman, mirror rooms, sardonic, satirical etchings, context art."
data\Midjourney/art\El_Greco_10.jpg,El_Greco_10.jpg,,Midjourney,1,El_Greco_10,El Greco,"El Greco, Art, Painting of man in black holding a book, Spanish enlightenment, dark white and dark black, highly polished surfaces, bibliopunk, bulbous, cartelcore, man with a black cloak holding an object, exaggerated facial features, academicism, neo-academism, spiritual figures, gesture"
data\REAL\art_5400\Rembrandt_83.jpg,Rembrandt_83.jpg,Rembrandt,REAL,0,Rembrandt_83,nan,"Rembrandt, Art, Young woman holding a flower, arched doorways, dark gold and light black, distinct facial features, large-scale portraits, elaborate costumes, 32k UHD, self-portrait, portrait of lady with pearls and garniture, Dutch landscape, black paintings, feminine sensibilities, woman in black and white, sanatorium, dark gold and dark cyan, baroque-inspired details, oil on panel, exquisite clothing detail, girl in black, dark colored gown, dutch golden age, large-scale, catcore, meticulous detailing, maidcore, punctured canvases."
data\Midjourney/art\Titian_222.jpg,Titian_222.jpg,,Midjourney,1,Titian_222,Titian,"Titian, Art, Painting depicting humans bathed by stone, lush and detailed, symbolic nabis, metallic etherialism, pastoral settings, men in a pond, golden age aesthetics, baroque-inspired sculptures, light crimson and indigo, upper paleolithic art, creative commons attribution, pre-raphaelite, feminine subjects, crimson and bronze, emancicore, light bronze and silver, scene with figures and waterfall, heroic masculinity, saturated pigment pools, feminine body, 500–1000 CE era."
data\REAL\art_5400\Marc_Chagall_206.jpg,Marc_Chagall_206.jpg,Marc Chagall,REAL,0,Marc_Chagall_206,nan,"Marc Chagall, Art, Portrait of unknown woman with blue flowers, two children, depictions of animals, art of the upper Paleolithic, richly colored dark amber and sky blue, vignettes of Paris, aerial view, pastoral scenes, harmonious chaos, dappled, large-scale muralist, 1970-present, the dream of man concept, violet and blue hues, fresco techniques, The Blue Lagoon, pastoral scenes, purple and brown tones, art period of 1860-1969."
data\REAL\art_5400\Pierre-Auguste_Renoir_112.jpg,Pierre-Auguste_Renoir_112.jpg,Pierre-Auguste Renoir,REAL,0,Pierre-Auguste_Renoir_112,nan,"Pierre-Auguste Renoir, Art, Still life, woman washing herself, standing in white curtained room, columns and totems, picassoesque, candid, womancore, curves, woman washing hair, portrait, light white and azure, detailed drapery, murals and wall drawings, full body, curvaceous simplicity, chromatic post-impressionism, orientalism, mirror rooms, disfigured forms, impressionist coloration, light white and indigo, romanesque art."
data\REAL\art_5400\Piet_Mondrian_21.jpg,Piet_Mondrian_21.jpg,Piet Mondrian,REAL,0,Piet_Mondrian_21,nan,"Piet Mondrian, Art, Abstract painting, white, yellow, black, de stijl, transparent/translucent medium, large canvas sizes, high horizon lines, mosaic-like composition, grid, die brücke, squares, monochromatic white figures, bronze, light gray, unprimed canvas, glass material, ultrafine detail, art exhibition, modern art, NYC, 2010, grid work, barbizon school, panel composition mastery."
data\DALL-E/art\Edgar_Degas_433.jpg,Edgar_Degas_433.jpg,,DALL-E,1,Edgar_Degas_433,Edgar Degas,"Edgar Degas, Art, Dancers in ballet studio, emotional resonance, busy compositions, light white, dark red, light yellow, green, barbizon school, pont-aven school, traditional techniques, princesscore, dazecore, high-keyed palette, light emerald, organized chaos, interior scenes, synchromism, machine-like precision, light green, crimson, gorpcore."
data\REAL\art_5400\Paul_Gauguin_277.jpg,Paul_Gauguin_277.jpg,Paul Gauguin,REAL,0,Paul_Gauguin_277,nan,"Paul Gauguin, Art, Oil painting, cows walking in field, soggy, subtle coloring, primitive imagery, cow swimming, on canvas, light orange, dark green, Barbizon School, raw figuration, large painting, Post-Impressionist colorism, grainy, melting pots, ultrafine detail, painted landscape, early spring, light bronze, raw abstraction"
data\REAL\art_5400\Vincent_van_Gogh_108.jpg,Vincent_van_Gogh_108.jpg,Vincent van Gogh,REAL,0,Vincent_van_Gogh_108,nan,"Vincent van Gogh, Art, Painting of a man with head, broken arm, neck bandaged, neck brace, emerald and blue palette, light beige, vivid color scheme, classic oil painting, post-impressionist fauvism, unique noses, post-world war I European classicism, reference to celebrity and pop culture, depiction of labor, working-class subjects, understanding, richly detailed genre paintings, whistlerian traits, villagecore aesthetics, great depression context, #vfxfriday, dark sky-blue, light emerald and navy, spot metering"
data\DALL-E/art\Hieronymus_Bosch_118.jpg,Hieronymus_Bosch_118.jpg,,DALL-E,1,Hieronymus_Bosch_118,Hieronymus Bosch,"Hieronymus Bosch, Art, Cave setting, several characters, trompe-l'œil illusionistic detail, altarpiece, organized chaos, mechanical realism, historical illustration, the death scene, battlefield hell, yellow and beige color scheme, satirical expressionism, rusty debris, mythological painting themes, goblin academia, dutch golden age, meticulous military scenes, unprimed canvas, light yellow and beige, vibrant murals, rotten egg."
data\REAL\art_5400\Titian_101.jpg,Titian_101.jpg,Titian,REAL,0,Titian_101,nan,"Titian, Art, Italian master, Death of Christ, c1525, realistic chiaroscuro, 500-1000 CE, brooding mood, red threads, Bearded Lord Jesus from 1712, caravaggesque chiaroscuro, wrapped, loose brushwork, dark gold and red, raw and unpolished, painting of a man holding his hand, dramatic, somber religious works, 1860-1969, wrapped, man on cross, painted 1405, sense of quiet contemplation, red and black."
data\Dreamstudio/art\Amedeo_Modigliani_16.jpg,Amedeo_Modigliani_16.jpg,,DreamStudio,1,Amedeo_Modigliani_16,Amedeo Modigliani,"Amedeo Modigliani, Art, Portrait of woman, playful caricatures, woman in suit and tie, expressionist emotiveness, naive childlike, strong facial expression, light yellow, dark red, lady with red tie, emotional intensity, dark beige, navy, close-up, naive charm, animated expressions, cabaret scenes, meticulous detail, 1900-1917 era."
data\REAL\art_5400\Marc_Chagall_207.jpg,Marc_Chagall_207.jpg,Marc Chagall,REAL,0,Marc_Chagall_207,nan,"Marc Chagall, Art, Painting of an artist holding a palette and brush, light indigo and bronze, 1860–1969, oil portraitures, man painting with a palette and brush, 1900–1917, dark yellow and azure, women artists, light green and indigo, trompe-l'œil illusionistic detail, woman painting, color field painter, self-portraits, light yellow and indigo, in the gallery portrait of an artist, expressionist color palette, reduced palette, gesture painting, unprimed canvas, picassoesque, Etruscan art, Bengal school of art."
data\Midjourney/art\Rembrandt_251.jpg,Rembrandt_251.jpg,,Midjourney,1,Rembrandt_251,Rembrandt,"Rembrandt, Art, The Birth of King Henry II's Daughter, old man and woman sitting on a bed, amber, religious subjects, lith printing, punctured canvases, lively tableaus, all-over composition, nightscape, orientalist scenes, dark gold and pink, highly staged scenes, contrast of scale, dreamlike nightmare, medical themes, orientalist influences, golden palette, high resolution, vignetting, magenta and bronze, 1650, Catherine the Great, dark amber, samikshavad, medicalcore."
data\REAL\art_5400\Titian_10.jpg,Titian_10.jpg,Titian,REAL,0,Titian_10,nan,"Titian, Art, Madonna and Child, 1000-1400 CE, 1490-1553, Cinquecento, Italian Renaissance Revival, Tondo, Mediterranean Landscapes, Colorful Figures, Exquisite Clothing Detail, Still-Lifes, Red and Green, Light Red and Dark Emerald, Dark Pink and Dark Green, Trompe l'oeil Compositions, UHD Image"
data\REAL\art_5400\Jan_van_Eyck_57.jpg,Jan_van_Eyck_57.jpg,Jan van Eyck,REAL,0,Jan_van_Eyck_57,nan,"Jan van Eyck, Art, Man praying behind window, High Renaissance, detailed facial features, punctured canvases, northern and southern dynasties, trompe-l'oeil illusionistic detail, altarpiece, terraced cityscapes, portrait of walter roth with the throne, 1480, realist detail, panel composition mastery, purple and brown, landscape mastery, historical illustration, richly colored, emphasis on detail, naturalistic cityscapes, portrait of william the saint, enigmatic portraits, older man praying in balcony."
data\REAL\art_5400\Titian_54.jpg,Titian_54.jpg,Titian,REAL,0,Titian_54,nan,"Titian, Art, Painting of a man with two swords, stark contrast, renaissance influence, brown and black, large-scale portraits, glazed surfaces, layered mesh, meticulous detail, die Brücke, old man dressed in black holding a sword, pseudo-historical fiction, dark gray and light brown, uniformly staged images, loose handling of paint, exquisite clothing detail, knightcore."
data\DALL-E/art\Jan_van_Eyck_80.jpg,Jan_van_Eyck_80.jpg,,DALL-E,1,Jan_van_Eyck_80,Jan van Eyck,"Jan van Eyck, Art, Man reading at desk, long red robe, alchemical symbolism, mechanical realism, spot metering, miscellaneous academia, green academia, detailed scientific subjects, medieval-inspired, red and amber, drugcore, computer-aided manufacturing, portraitures with hidden meanings, crimson and brown, meticulous details, bibliopunk, hard-edge painting, surrounded by books, animals, lion, mystic mechanisms, dark red and light brown, science academia, labcore, realist detail."
data\REAL\art_5400\Peter_Paul_Rubens_80.jpg,Peter_Paul_Rubens_80.jpg,Peter Paul Rubens,REAL,0,Peter_Paul_Rubens_80,nan,"Peter Paul Rubens, Art, Battle between angel and dragon, baroque religious scenes, transfixing marine scenes, men fighting in desert, ornate and dramatic compositions, god rays, light navy, light bronze, chaotic environments, confessional, dark gray, attack in wooded area, meticulous military scenes, faith-inspired art, meticulous detail, battle of Lisbon, lively seascapes, illusionistic ceiling frescoes, iconographic symbolism, light black, bronze."
