id,seniman_id,title,style_name,image_filename,image_key,lebar_cm,tinggi_cm,price_idr,created_at
bd926e98-2bc3-56e8-8b44-65301f6ab972,d9c76b21-7320-5d80-9265-153dfdbc0c20,Tanpa Judul (Impressionism),Impressionism,wikiart_02314.jpg,,50.00,56.30,6100000,2024-11-15T19:32:55Z
5a371e52-386c-5e3f-96f4-f6632dd77f3e,dd4aa9b5-3247-5ea3-9589-db5aa169c4e0,Tanpa Judul (Romanticism),Romanticism,wikiart_02975.jpg,,39.60,25.00,2200000,2026-06-17T04:36:23Z
404192bf-cbbc-5278-9c4c-e2369be09ab5,51c4d53d-91bb-5b40-bf86-1f46a9aa18a6,Tanpa Judul (Impressionism),Impressionism,wikiart_03876.jpg,,33.70,45.20,150000000,2024-10-17T23:08:30Z
62beab9a-e4d7-596b-bb42-16bff3adb908,3ecb7039-f69e-55cd-869d-c7d7cf0962f6,Tanpa Judul (Post Impressionism),Post_Impressionism,wikiart_04792.jpg,,51.70,42.80,28000000,2026-02-09T22:08:12Z
b5b85996-7475-5de3-a557-ae7f4f4a6076,dd4aa9b5-3247-5ea3-9589-db5aa169c4e0,Tanpa Judul (Post Impressionism),Post_Impressionism,wikiart_03371.jpg,,54.70,43.80,4700000,2024-10-21T13:36:26Z
0739a8c4-a9c2-56df-ab4d-eb550e610802,c868fe01-5c24-57bf-8ffb-fdc6d3ae09a2,Tanpa Judul (Naive Art Primitivism),Naive_Art_Primitivism,wikiart_01464.jpg,,62.20,84.10,16000000,2024-10-24T11:30:19Z
ed256d64-78c0-513c-8220-cdc56ae3a246,d9c76b21-7320-5d80-9265-153dfdbc0c20,Tanpa Judul (Impressionism),Impressionism,wikiart_00650.jpg,,72.90,49.80,4700000,2024-11-12T22:40:44Z
4621d652-42a0-5695-838a-ad958e317be3,5d9ef8fa-9d26-5e45-87a1-4a45f17d0980,Tanpa Judul (Baroque),Baroque,wikiart_01364.jpg,,64.10,80.00,47000000,2024-10-12T22:52:59Z
56f2cb24-cc6e-56da-9eac-6be5b524d86b,7cf14239-60d5-5ff0-9270-0d2dd0d62e05,Tanpa Judul (Symbolism),Symbolism,wikiart_01796.jpg,,54.80,61.10,4000000,2024-11-26T20:16:28Z
4df4ea07-7d2e-56e3-b037-7b9850b7fc7d,a6782ff2-13ef-5b2b-a432-7d121a6ae6c4,Tanpa Judul (Expressionism),Expressionism,wikiart_05395.jpg,,43.60,27.90,3400000,2024-11-29T20:46:37Z
ee0f427e-adf2-56cf-a749-e1e23b632dc6,d9c76b21-7320-5d80-9265-153dfdbc0c20,Tanpa Judul (Impressionism),Impressionism,wikiart_03471.jpg,,81.60,85.70,12000000,2024-11-19T03:13:50Z
179bcf0a-c624-5049-9bf8-cdb03d826c68,64668e48-371b-5ffb-8837-9c4fd033feec,Tanpa Judul (Romanticism),Romanticism,wikiart_01179.jpg,,57.90,37.10,5300000,2024-10-18T23:35:09Z
978a7be8-064d-5499-9a10-f9f9adaf00fe,5efed142-8369-554d-9ba2-c2f081036319,Tanpa Judul (Impressionism),Impressionism,wikiart_00393.jpg,,51.50,40.30,26000000,2025-11-30T04:35:37Z
876db4b5-48ed-50ae-92ed-2b0571883386,a6782ff2-13ef-5b2b-a432-7d121a6ae6c4,Tanpa Judul (Expressionism),Expressionism,wikiart_00405.jpg,,56.20,33.90,5900000,2024-10-05T23:43:59Z
5e15ea42-c5b8-5b58-9dbf-7e6a13552600,a531998d-b66d-5191-a7da-a567327512a7,Tanpa Judul (Art Nouveau),Art_Nouveau,wikiart_02549.jpg,,46.40,31.00,66000000,2025-04-29T23:57:52Z
12014ff5-ccfc-5e1c-abc1-ad6893a9bb47,a6782ff2-13ef-5b2b-a432-7d121a6ae6c4,Tanpa Judul (Expressionism),Expressionism,wikiart_00448.jpg,,49.80,73.10,12000000,2026-06-21T21:23:30Z
281a5ee4-6cc8-562e-86ad-de8dba03154b,1d876d41-bc7a-55ee-91cf-65ffb2a4048b,Tanpa Judul (Impressionism),Impressionism,wikiart_02059.jpg,,49.30,41.60,64000000,2024-10-11T14:04:20Z
8c05b2f8-ac51-5f62-aea4-6f4ee4f1776b,a6782ff2-13ef-5b2b-a432-7d121a6ae6c4,Tanpa Judul (Expressionism),Expressionism,wikiart_00590.jpg,,54.30,54.70,7800000,2026-06-09T03:04:11Z
07c04613-2dbf-53de-bee5-8820be857b58,951be198-4893-5acc-9f1d-ab202e87291b,Tanpa Judul (Post Impressionism),Post_Impressionism,wikiart_04625.jpg,,75.50,57.50,200000000,2025-11-19T06:55:33Z
05cc45f9-24ee-52a9-b9fe-13793efe80de,6fe7b986-2984-567c-a4cc-509a0769266a,Tanpa Judul (Romanticism),Romanticism,wikiart_03649.jpg,,69.20,93.40,20000000,2026-03-09T23:28:18Z
c08d04d7-bfb4-58e4-b1ed-1063f8aac584,3e92a01c-1f80-5c38-9903-fe409c3d5d61,Tanpa Judul (Impressionism),Impressionism,wikiart_02736.jpg,,103.10,159.30,200000000,2024-11-01T04:23:14Z
f12dba2a-a6ad-590d-8404-deeb2dd5736d,3dbb220d-08c5-5e68-b9e9-4282c0cc891f,Tanpa Judul (Northern Renaissance),Northern_Renaissance,wikiart_03089.jpg,,91.70,96.90,50000000,2025-12-09T04:55:08Z
266ffad0-66bc-524b-9692-2c1c0b513b0b,1d25dbba-d1e1-5b79-bb67-3d22aced6cb8,Tanpa Judul (Realism),Realism,wikiart_01465.jpg,,119.00,154.70,22000000,2026-09-09T10:37:23Z
840d519b-3991-5e09-9e24-47a4197fe418,04432a0f-51e1-5293-a8dc-89755e574853,Tanpa Judul (Impressionism),Impressionism,wikiart_01151.jpg,,73.00,104.70,52000000,2025-04-01T13:33:05Z
6e519a76-c380-57b5-9dd8-df4051b9dfd0,a531998d-b66d-5191-a7da-a567327512a7,Tanpa Judul (Symbolism),Symbolism,wikiart_04261.jpg,,72.60,45.60,88000000,2024-11-15T21:22:45Z
0d75531a-9af0-57c0-ab50-d584d6bafa67,a531998d-b66d-5191-a7da-a567327512a7,Tanpa Judul (Art Nouveau),Art_Nouveau,wikiart_04687.jpg,,50.60,39.10,73000000,2024-10-24T01:34:35Z
0c46f12d-35e2-5323-bcd1-6c722be674b5,04432a0f-51e1-5293-a8dc-89755e574853,Tanpa Judul (Impressionism),Impressionism,wikiart_04894.jpg,,80.10,60.10,34000000,2025-02-06T14:05:04Z
e1daca6d-4272-5987-9a47-182839abf6c2,3dbb220d-08c5-5e68-b9e9-4282c0cc891f,Tanpa Judul (Northern Renaissance),Northern_Renaissance,wikiart_04780.jpg,,47.70,64.80,47000000,2024-11-21T10:35:53Z
5a0b72a9-7325-5fe0-89bc-3afc8a519945,3dbb220d-08c5-5e68-b9e9-4282c0cc891f,Tanpa Judul (Northern Renaissance),Northern_Renaissance,wikiart_00362.jpg,,35.90,47.40,16000000,2024-10-10T02:32:07Z
cfc1be33-0e34-5c5d-a2d4-52ec6c7ec6f6,3ecb7039-f69e-55cd-869d-c7d7cf0962f6,Tanpa Judul (Realism),Realism,wikiart_02867.jpg,,102.40,75.70,48000000,2025-11-18T11:39:04Z
f3d3c6de-8dc0-5bc4-83ed-48b236625c4e,951be198-4893-5acc-9f1d-ab202e87291b,Tanpa Judul (Realism),Realism,wikiart_01286.jpg,,38.80,26.10,63000000,2026-06-01T19:31:38Z
1ff6a307-42b3-5982-980d-024c1c007b50,5efed142-8369-554d-9ba2-c2f081036319,Tanpa Judul (Impressionism),Impressionism,wikiart_04633.jpg,,70.00,90.80,39000000,2024-10-25T12:46:59Z
2b114701-6eaa-53bb-93f7-b655e90e143d,3e92a01c-1f80-5c38-9903-fe409c3d5d61,Tanpa Judul (Impressionism),Impressionism,wikiart_03383.jpg,,44.10,36.20,33000000,2024-11-16T08:05:10Z
fdabfc66-2971-53a8-9c7f-da6fdee1e48e,951be198-4893-5acc-9f1d-ab202e87291b,Tanpa Judul (Realism),Realism,wikiart_03563.jpg,,89.00,114.10,190000000,2026-01-15T07:53:20Z
4280e138-a989-51b7-b0c8-a279a9da1ced,51c4d53d-91bb-5b40-bf86-1f46a9aa18a6,Tanpa Judul (Impressionism),Impressionism,wikiart_04498.jpg,,93.40,77.30,220000000,2026-05-07T21:31:25Z
bbd594ed-c48d-56a5-8e3c-a24b9706e5c8,951be198-4893-5acc-9f1d-ab202e87291b,Tanpa Judul (Post Impressionism),Post_Impressionism,wikiart_00837.jpg,,72.20,92.70,150000000,2025-04-17T11:02:39Z
e89190bd-8eed-5643-a0b5-a9131e54c6a9,dd4aa9b5-3247-5ea3-9589-db5aa169c4e0,Tanpa Judul (Cubism),Cubism,wikiart_04291.jpg,,92.80,116.00,12000000,2025-08-21T08:02:47Z
0f9a9b31-d8c8-5234-b8f5-9010101a22df,dad52c43-2eab-5272-a61d-dca032e6b1db,Tanpa Judul (Art Nouveau),Art_Nouveau,wikiart_00311.jpg,,60.20,94.20,5200000,2024-11-19T04:48:24Z
3f8b1a17-e844-58c4-8a7f-67163c25b2fd,7cf14239-60d5-5ff0-9270-0d2dd0d62e05,Tanpa Judul (Symbolism),Symbolism,wikiart_02338.jpg,,131.10,187.90,18000000,2024-11-01T11:08:57Z
262557d4-17d2-5d30-a9d4-f99e54f9d205,3e92a01c-1f80-5c38-9903-fe409c3d5d61,Tanpa Judul (Impressionism),Impressionism,wikiart_04248.jpg,,77.90,63.40,43000000,2025-07-21T16:40:22Z
c90917a9-1165-58ec-826d-1a5353683fe3,951be198-4893-5acc-9f1d-ab202e87291b,Tanpa Judul (Realism),Realism,wikiart_01951.jpg,,43.80,28.90,48000000,2024-10-07T05:38:21Z
eb21a888-c89f-5fac-bac2-3119e33abc40,6fe7b986-2984-567c-a4cc-509a0769266a,Tanpa Judul (Romanticism),Romanticism,wikiart_04365.jpg,,61.50,81.90,19000000,2026-03-25T18:04:42Z
21a5e5a2-936d-55eb-afa5-8663bf78e333,dd4aa9b5-3247-5ea3-9589-db5aa169c4e0,Tanpa Judul (Romanticism),Romanticism,wikiart_02153.jpg,,56.90,72.60,2500000,2026-06-12T03:06:53Z
d29645ee-55b9-536a-a282-bed451115dec,3dbb220d-08c5-5e68-b9e9-4282c0cc891f,Tanpa Judul (Northern Renaissance),Northern_Renaissance,wikiart_00061.jpg,,55.00,79.70,40000000,2024-10-08T04:45:10Z
85e26979-7329-5374-9452-c403d03cf6d3,1d25dbba-d1e1-5b79-bb67-3d22aced6cb8,Tanpa Judul (Realism),Realism,wikiart_00674.jpg,,33.60,58.40,6400000,2026-08-20T12:51:48Z
f6b44c7c-4e4b-50a2-8c28-8142c29b9ebd,51c4d53d-91bb-5b40-bf86-1f46a9aa18a6,Tanpa Judul (Impressionism),Impressionism,wikiart_04243.jpg,,68.70,50.80,220000000,2024-10-02T08:26:37Z
45a8b478-bfd3-5c81-abe9-f2e73c635a45,951be198-4893-5acc-9f1d-ab202e87291b,Tanpa Judul (Realism),Realism,wikiart_02194.jpg,,36.90,64.10,130000000,2025-12-28T20:36:32Z
6ecc616d-f7ff-5cad-a984-e6cf9e470702,64668e48-371b-5ffb-8837-9c4fd033feec,Tanpa Judul (Romanticism),Romanticism,wikiart_05087.jpg,,24.80,30.50,2700000,2026-06-09T06:46:11Z
fa6b414b-74d9-5c1f-85e3-2a4dcbd6daa5,3ecb7039-f69e-55cd-869d-c7d7cf0962f6,Tanpa Judul (Realism),Realism,wikiart_00758.jpg,,53.20,71.00,22000000,2026-02-23T03:06:12Z
cd22a6e8-3391-53f2-9ab1-8174b63d5943,51c4d53d-91bb-5b40-bf86-1f46a9aa18a6,Tanpa Judul (Impressionism),Impressionism,wikiart_03722.jpg,,46.10,36.90,140000000,2024-10-05T05:23:06Z
fd03bdff-df9d-5536-a01d-259522452415,951be198-4893-5acc-9f1d-ab202e87291b,Tanpa Judul (Realism),Realism,wikiart_02920.jpg,,44.40,71.60,89000000,2025-06-24T19:21:14Z
27479c85-0ff0-5f4d-a7f2-6cac39aa6b30,c868fe01-5c24-57bf-8ffb-fdc6d3ae09a2,Tanpa Judul (Cubism),Cubism,wikiart_04926.jpg,,20.30,33.60,6900000,2025-11-06T17:36:14Z
d8a1950a-d098-5696-a85a-1d4db10c5130,7cf14239-60d5-5ff0-9270-0d2dd0d62e05,Tanpa Judul (Realism),Realism,wikiart_01077.jpg,,44.50,65.60,7300000,2026-04-02T16:18:41Z
6fe52fff-845b-57c8-beab-b5906844774f,dd4aa9b5-3247-5ea3-9589-db5aa169c4e0,Tanpa Judul (Romanticism),Romanticism,wikiart_05320.jpg,,56.50,38.80,3100000,2025-10-31T04:10:00Z
21fbb25f-4032-5f0c-a3ce-82788acce7c8,dd4aa9b5-3247-5ea3-9589-db5aa169c4e0,Tanpa Judul (Post Impressionism),Post_Impressionism,wikiart_04079.jpg,,48.10,59.00,2700000,2024-11-06T18:02:25Z
fbc6ca66-1743-5a1f-8eaa-694dbfd278e6,21a4ae7e-8f05-5294-9e2d-32d96779246e,Tanpa Judul (Realism),Realism,wikiart_05284.jpg,,68.70,56.10,5400000,2026-06-01T22:36:35Z
508e0b55-461a-5cce-8f11-9acedb4a0017,1d876d41-bc7a-55ee-91cf-65ffb2a4048b,Tanpa Judul (Impressionism),Impressionism,wikiart_03059.jpg,,97.70,75.70,89000000,2024-11-20T12:39:08Z
fa618ca3-2334-5051-85e4-af31064aa272,21a4ae7e-8f05-5294-9e2d-32d96779246e,Tanpa Judul (Realism),Realism,wikiart_05647.jpg,,71.90,47.40,4600000,2025-12-22T21:40:50Z
ddba0732-40ae-5406-bb4a-25f358ba9626,dad52c43-2eab-5272-a61d-dca032e6b1db,Tanpa Judul (Art Nouveau),Art_Nouveau,wikiart_03426.jpg,,85.90,136.80,5200000,2024-11-03T07:07:11Z
45d0ae5c-c6e5-5c1e-895b-20205ab6e8b7,dad52c43-2eab-5272-a61d-dca032e6b1db,Tanpa Judul (Art Nouveau),Art_Nouveau,wikiart_01448.jpg,,88.50,141.20,7700000,2024-11-27T00:53:52Z
86063089-84b4-5123-b031-a5f5575840b4,51c4d53d-91bb-5b40-bf86-1f46a9aa18a6,Tanpa Judul (Impressionism),Impressionism,wikiart_05499.jpg,,42.00,24.40,140000000,2025-09-22T03:23:33Z
49c62221-8e30-57aa-89b1-b313a4f7e5b8,dad52c43-2eab-5272-a61d-dca032e6b1db,Tanpa Judul (Art Nouveau),Art_Nouveau,wikiart_02279.jpg,,70.00,109.00,6000000,2024-10-27T08:44:38Z
311c4f0e-f68d-5bfd-929a-8c3ca8f4f6ab,a531998d-b66d-5191-a7da-a567327512a7,Tanpa Judul (Art Nouveau),Art_Nouveau,wikiart_02586.jpg,,85.00,59.20,84000000,2026-05-18T04:56:45Z
595a02a4-7fe6-51f4-9963-66421edd9f46,951be198-4893-5acc-9f1d-ab202e87291b,Tanpa Judul (Realism),Realism,wikiart_02748.jpg,,51.50,31.90,63000000,2024-10-20T22:47:54Z
1a8f201b-22eb-5012-a72a-65fbd854c715,7cf14239-60d5-5ff0-9270-0d2dd0d62e05,Tanpa Judul (Cubism),Cubism,wikiart_00900.jpg,,45.50,59.00,8300000,2024-11-28T19:49:19Z
b664fb7d-f0a8-5b1f-a2e1-7c5fd7100d63,51c4d53d-91bb-5b40-bf86-1f46a9aa18a6,Tanpa Judul (Impressionism),Impressionism,wikiart_04587.jpg,,72.20,53.90,160000000,2025-09-20T06:20:23Z
83845a70-73ee-5ea6-a660-db325668fe6e,5d9ef8fa-9d26-5e45-87a1-4a45f17d0980,Tanpa Judul (Baroque),Baroque,wikiart_01950.jpg,,35.70,22.60,15000000,2026-06-02T04:34:04Z
da47457b-f202-51cb-a057-2748907fc662,21a4ae7e-8f05-5294-9e2d-32d96779246e,Tanpa Judul (Realism),Realism,wikiart_02831.jpg,,41.00,26.30,2900000,2024-11-25T19:45:26Z
ed855eed-691b-5cd2-9907-5518023ac942,a531998d-b66d-5191-a7da-a567327512a7,Tanpa Judul (Realism),Realism,wikiart_03104.jpg,,47.50,41.70,75000000,2024-11-07T20:46:56Z
6ce2766f-b35e-546f-ba06-2b52cd817dd6,dbc6f383-447d-5f26-a2f4-86753b3c416a,Tanpa Judul (Realism),Realism,wikiart_02889.jpg,,70.20,76.90,13000000,2024-11-07T10:01:38Z
4251be21-0dce-59ac-b8e0-5b46f5e368c2,951be198-4893-5acc-9f1d-ab202e87291b,Tanpa Judul (Post Impressionism),Post_Impressionism,wikiart_05531.jpg,,64.80,53.30,82000000,2024-10-24T09:36:18Z
ae5493b2-8f23-5f31-b14b-5e648fae6cc7,21a4ae7e-8f05-5294-9e2d-32d96779246e,Tanpa Judul (Realism),Realism,wikiart_04337.jpg,,86.10,110.70,7500000,2025-05-26T15:21:40Z
84806bb1-b11a-5c7e-977b-9b1632cd8cf1,d9c76b21-7320-5d80-9265-153dfdbc0c20,Tanpa Judul (Impressionism),Impressionism,wikiart_00076.jpg,,43.50,35.60,4100000,2024-10-11T10:28:12Z
9c619191-0102-5c11-9875-1c7de80af9b3,1d25dbba-d1e1-5b79-bb67-3d22aced6cb8,Tanpa Judul (Realism),Realism,wikiart_01371.jpg,,42.60,46.00,5100000,2024-10-09T20:18:40Z
d6119eaa-c963-5a78-82b7-a41978d018b9,21a4ae7e-8f05-5294-9e2d-32d96779246e,Tanpa Judul (Realism),Realism,wikiart_03700.jpg,,72.10,48.00,4000000,2024-10-07T22:52:12Z
15617e2b-297d-5d57-9869-06005c3f976d,5efed142-8369-554d-9ba2-c2f081036319,Tanpa Judul (Realism),Realism,wikiart_04049.jpg,,45.40,63.00,23000000,2024-11-12T13:45:47Z
89bc444a-3141-5de5-9548-dcc6ea41516d,d9c76b21-7320-5d80-9265-153dfdbc0c20,Tanpa Judul (Impressionism),Impressionism,wikiart_01677.jpg,,48.60,34.40,5000000,2024-10-09T04:20:32Z
564a515a-a65d-5cc9-90bc-09626cb47d60,951be198-4893-5acc-9f1d-ab202e87291b,Tanpa Judul (Post Impressionism),Post_Impressionism,wikiart_03330.jpg,,31.30,30.80,71000000,2024-10-06T03:18:46Z
28ad9557-1237-5969-8338-7312677a7830,5efed142-8369-554d-9ba2-c2f081036319,Tanpa Judul (Realism),Realism,wikiart_01135.jpg,,66.40,102.20,45000000,2026-07-13T09:53:35Z
aafd7233-6453-5feb-bdaa-00e2197349ef,3ecb7039-f69e-55cd-869d-c7d7cf0962f6,Tanpa Judul (Post Impressionism),Post_Impressionism,wikiart_03576.jpg,,102.90,67.70,41000000,2024-10-15T22:35:33Z
8a88eac3-dd8c-55b9-a6df-f5f1565b9524,7cf14239-60d5-5ff0-9270-0d2dd0d62e05,Tanpa Judul (Expressionism),Expressionism,wikiart_02928.jpg,,41.90,59.90,5300000,2026-04-19T06:15:56Z
f086a0f7-ec88-5b4e-8de5-589f8d33aee2,dbc6f383-447d-5f26-a2f4-86753b3c416a,Tanpa Judul (Art Nouveau),Art_Nouveau,wikiart_02638.jpg,,85.80,138.80,27000000,2024-10-09T18:25:26Z
fe01c63a-4890-5c6c-a674-cd58f3e0a9ef,64668e48-371b-5ffb-8837-9c4fd033feec,Tanpa Judul (Romanticism),Romanticism,wikiart_01724.jpg,,58.80,39.80,5300000,2025-05-17T04:25:47Z
f5bab6b7-ecf9-5fd0-bd01-0e13616d626d,04432a0f-51e1-5293-a8dc-89755e574853,Tanpa Judul (Impressionism),Impressionism,wikiart_03502.jpg,,32.30,45.90,13000000,2026-08-12T16:54:21Z
4808cbd7-dd65-5f45-b66e-305e53d225a1,5d9ef8fa-9d26-5e45-87a1-4a45f17d0980,Tanpa Judul (Baroque),Baroque,wikiart_02805.jpg,,43.90,25.80,14000000,2025-12-09T20:55:39Z
91223a61-02ea-5579-b54d-9461ce0b40e9,64668e48-371b-5ffb-8837-9c4fd033feec,Tanpa Judul (Romanticism),Romanticism,wikiart_00065.jpg,,42.90,51.70,5900000,2025-10-27T16:17:49Z
df3216e8-6d88-56e3-a1f0-73865aed1f2f,951be198-4893-5acc-9f1d-ab202e87291b,Tanpa Judul (Post Impressionism),Post_Impressionism,wikiart_00203.jpg,,53.70,42.00,140000000,2026-07-28T17:17:52Z
86a55df2-4008-5069-9592-96a1687c5eb9,951be198-4893-5acc-9f1d-ab202e87291b,Tanpa Judul (Realism),Realism,wikiart_01702.jpg,,69.50,53.50,120000000,2026-06-28T13:00:59Z
e190f16b-1166-5132-9fba-89df2753bcd5,a531998d-b66d-5191-a7da-a567327512a7,Tanpa Judul (Symbolism),Symbolism,wikiart_02452.jpg,,114.60,82.10,160000000,2026-03-13T21:21:09Z
68c75be9-b70c-5f56-8592-fa2cdaa0e47c,3dbb220d-08c5-5e68-b9e9-4282c0cc891f,Tanpa Judul (Northern Renaissance),Northern_Renaissance,wikiart_00147.jpg,,36.40,51.90,42000000,2026-07-04T09:32:16Z
37c76b77-8a94-588a-9dab-ddb7cb6d257f,a531998d-b66d-5191-a7da-a567327512a7,Tanpa Judul (Symbolism),Symbolism,wikiart_04397.jpg,,50.60,35.20,58000000,2024-12-22T18:11:33Z
95bd28ca-44cb-5059-8c82-f0732f5903be,951be198-4893-5acc-9f1d-ab202e87291b,Tanpa Judul (Post Impressionism),Post_Impressionism,wikiart_02575.jpg,,43.80,34.60,79000000,2026-04-04T17:37:36Z
52474cb8-1553-59fe-a75a-0ac769b09244,51c4d53d-91bb-5b40-bf86-1f46a9aa18a6,Tanpa Judul (Impressionism),Impressionism,wikiart_03963.jpg,,38.50,24.20,140000000,2024-10-20T15:25:59Z
66419aee-ca0e-5309-b317-1f46dd17099a,23ba78b5-421a-5447-b022-5a66fe8d084d,Tanpa Judul (Expressionism),Expressionism,wikiart_01106.jpg,,62.00,77.10,9500000,2024-10-20T21:39:53Z
48a1d5fb-c91c-5d07-9e10-e88cc83b8727,a531998d-b66d-5191-a7da-a567327512a7,Tanpa Judul (Symbolism),Symbolism,wikiart_02060.jpg,,60.00,39.50,81000000,2025-03-12T03:42:01Z
e5b5770a-7d42-5298-bb2f-6d33904a707a,1d876d41-bc7a-55ee-91cf-65ffb2a4048b,Tanpa Judul (Impressionism),Impressionism,wikiart_03407.jpg,,31.80,36.50,42000000,2024-11-17T19:06:02Z
db7004af-d74a-53a1-ab1e-4867953249c9,64668e48-371b-5ffb-8837-9c4fd033feec,Tanpa Judul (Romanticism),Romanticism,wikiart_04698.jpg,,60.40,33.60,3900000,2025-10-14T01:46:58Z
e9b095c5-2b4e-5348-a178-519adf7a89b1,21a4ae7e-8f05-5294-9e2d-32d96779246e,Tanpa Judul (Realism),Realism,wikiart_00358.jpg,,39.30,55.00,2900000,2024-11-10T11:32:48Z
c63d5b36-4d65-52fc-b6d6-50ed30303ddd,dd4aa9b5-3247-5ea3-9589-db5aa169c4e0,Tanpa Judul (Impressionism),Impressionism,wikiart_02542.jpg,,60.20,49.10,3900000,2025-04-13T19:19:53Z
4d4d5c71-d1a5-51c0-9b96-fff46456802f,5a27ac9a-1e04-52e2-8392-12edbe43c594,Tanpa Judul (Impressionism),Impressionism,wikiart_04256.jpg,,93.60,115.70,12000000,2025-05-24T14:11:30Z
cb30c473-fc93-5300-ae6b-efae5c532f68,6fe7b986-2984-567c-a4cc-509a0769266a,Tanpa Judul (Romanticism),Romanticism,wikiart_02086.jpg,,70.60,93.10,29000000,2025-05-22T09:54:08Z
07a581f5-4b2e-5999-bbd7-4405da0a3973,951be198-4893-5acc-9f1d-ab202e87291b,Tanpa Judul (Realism),Realism,wikiart_02174.jpg,,63.80,91.40,210000000,2026-07-01T01:38:02Z
9b39271e-5350-55eb-9d8e-0c374015d1aa,3ecb7039-f69e-55cd-869d-c7d7cf0962f6,Tanpa Judul (Post Impressionism),Post_Impressionism,wikiart_05524.jpg,,49.90,43.00,22000000,2024-10-21T14:14:46Z
1554b0d0-9d7e-543d-80ea-9265f6b38d2a,1d876d41-bc7a-55ee-91cf-65ffb2a4048b,Tanpa Judul (Impressionism),Impressionism,wikiart_03929.jpg,,61.40,204.50,140000000,2024-11-29T03:10:35Z
fd1b8ce7-7baa-530b-b213-ff02ac6ba42b,1d876d41-bc7a-55ee-91cf-65ffb2a4048b,Tanpa Judul (Impressionism),Impressionism,wikiart_03262.jpg,,73.10,104.60,170000000,2024-10-10T20:46:15Z
bc7f5c41-6fd5-57b2-bf6e-020b285aecd0,7cf14239-60d5-5ff0-9270-0d2dd0d62e05,Tanpa Judul (Symbolism),Symbolism,wikiart_01318.jpg,,70.60,102.00,11000000,2025-08-07T19:13:45Z
9e5a9d15-b23c-5c97-be33-00c054d34ac1,dad52c43-2eab-5272-a61d-dca032e6b1db,Tanpa Judul (Art Nouveau),Art_Nouveau,wikiart_00511.jpg,,58.00,77.30,3800000,2025-05-20T01:20:03Z
5b8050ef-b528-5169-9175-1346d5dae1a6,5a27ac9a-1e04-52e2-8392-12edbe43c594,Tanpa Judul (Impressionism),Impressionism,wikiart_01359.jpg,,64.70,35.50,3200000,2026-06-12T08:23:39Z
21d58bce-aee7-5c2c-9757-2101e0911a9e,5d9ef8fa-9d26-5e45-87a1-4a45f17d0980,Tanpa Judul (Baroque),Baroque,wikiart_04861.jpg,,37.80,47.90,19000000,2026-08-25T11:07:02Z
09a36a38-52e3-5f88-9d61-1da4c8605753,3ecb7039-f69e-55cd-869d-c7d7cf0962f6,Tanpa Judul (Post Impressionism),Post_Impressionism,wikiart_01071.jpg,,46.40,41.10,17000000,2025-08-04T18:27:03Z
97272981-1df3-5dd9-b68f-28a7934f70bc,a6782ff2-13ef-5b2b-a432-7d121a6ae6c4,Tanpa Judul (Post Impressionism),Post_Impressionism,wikiart_04439.jpg,,76.90,61.00,12000000,2026-09-08T09:57:40Z
bfa9959c-f1ab-544f-a446-d2153e33c968,3ecb7039-f69e-55cd-869d-c7d7cf0962f6,Tanpa Judul (Post Impressionism),Post_Impressionism,wikiart_04675.jpg,,80.60,61.10,35000000,2024-10-11T10:32:21Z
4c8d7273-05c0-5fa7-bd07-7ef17f9c0036,21a4ae7e-8f05-5294-9e2d-32d96779246e,Tanpa Judul (Realism),Realism,wikiart_01837.jpg,,62.00,84.40,9100000,2024-10-31T14:07:21Z
dd1ea1ee-96da-5e5b-b582-04814de395d1,1d876d41-bc7a-55ee-91cf-65ffb2a4048b,Tanpa Judul (Impressionism),Impressionism,wikiart_04900.jpg,,100.70,121.30,99000000,2024-11-22T13:09:06Z
7cb9ea5b-711b-50dc-bafb-f161ae1428f5,c868fe01-5c24-57bf-8ffb-fdc6d3ae09a2,Tanpa Judul (Naive Art Primitivism),Naive_Art_Primitivism,wikiart_04430.jpg,,71.70,126.30,14000000,2025-06-19T19:01:05Z
97fc1ddd-8ea5-5ff1-9ac5-26d570c550fc,3dbb220d-08c5-5e68-b9e9-4282c0cc891f,Tanpa Judul (Northern Renaissance),Northern_Renaissance,wikiart_05345.jpg,,55.30,72.00,44000000,2026-08-01T12:57:01Z
10ff8f99-5230-5ca4-95d0-dec43990e51e,6fe7b986-2984-567c-a4cc-509a0769266a,Tanpa Judul (Romanticism),Romanticism,wikiart_02144.jpg,,39.20,52.00,15000000,2025-03-08T19:46:31Z
8bb52409-2f5e-5597-aede-42785608d6e1,3ecb7039-f69e-55cd-869d-c7d7cf0962f6,Tanpa Judul (Post Impressionism),Post_Impressionism,wikiart_02355.jpg,,99.30,125.40,36000000,2024-10-11T07:59:40Z
525d118b-9149-5106-a9e0-703c025ff96f,a531998d-b66d-5191-a7da-a567327512a7,Tanpa Judul (Realism),Realism,wikiart_01055.jpg,,78.60,64.20,100000000,2024-10-05T11:25:48Z
8affbedf-d501-5d2a-9bf3-08fd8d0b5f1b,6fe7b986-2984-567c-a4cc-509a0769266a,Tanpa Judul (Romanticism),Romanticism,wikiart_00222.jpg,,112.60,142.50,42000000,2025-02-21T07:05:11Z
f986fe61-477f-5cfe-80cc-89443ec4099f,23ba78b5-421a-5447-b022-5a66fe8d084d,Tanpa Judul (Post Impressionism),Post_Impressionism,wikiart_04741.jpg,,128.10,195.80,40000000,2024-11-24T04:00:20Z
3683912b-af12-53ad-9895-7ccafce869ea,6fe7b986-2984-567c-a4cc-509a0769266a,Tanpa Judul (Romanticism),Romanticism,wikiart_04974.jpg,,38.20,50.80,18000000,2026-08-18T23:19:23Z
e9d9854f-d16f-5d67-bf0a-51925af3a314,1d25dbba-d1e1-5b79-bb67-3d22aced6cb8,Tanpa Judul (Realism),Realism,wikiart_03085.jpg,,38.30,55.40,5500000,2024-10-15T18:12:35Z
1aeda5f3-7541-5670-9152-f20267d7a0c5,23ba78b5-421a-5447-b022-5a66fe8d084d,Tanpa Judul (Post Impressionism),Post_Impressionism,wikiart_01541.jpg,,22.00,26.90,5100000,2026-01-05T16:03:13Z
a149a507-cf06-55a8-8cbf-b732cba201d5,51c4d53d-91bb-5b40-bf86-1f46a9aa18a6,Tanpa Judul (Impressionism),Impressionism,wikiart_02947.jpg,,82.70,57.90,210000000,2024-10-08T01:48:56Z
5c7e996f-73ec-5c0a-afd3-abb16281d9d6,51c4d53d-91bb-5b40-bf86-1f46a9aa18a6,Tanpa Judul (Impressionism),Impressionism,wikiart_03171.jpg,,75.50,56.70,280000000,2024-11-10T10:24:29Z
7826abf0-87cf-5221-83c3-dee9ace6be89,3e92a01c-1f80-5c38-9903-fe409c3d5d61,Tanpa Judul (Realism),Realism,wikiart_05549.jpg,,62.10,51.00,51000000,2024-10-14T08:59:32Z
ad22fc44-1c65-50c5-be50-d2e1c3bbdc50,5efed142-8369-554d-9ba2-c2f081036319,Tanpa Judul (Realism),Realism,wikiart_01723.jpg,,39.10,58.70,25000000,2024-10-31T18:50:54Z
9f73abc2-72b7-55b3-b5f7-3de77c93b6fe,a6782ff2-13ef-5b2b-a432-7d121a6ae6c4,Tanpa Judul (Symbolism),Symbolism,wikiart_03320.jpg,,58.20,40.60,3900000,2024-11-19T08:30:35Z
d0e5060d-8a4b-51b5-b389-545f24440fac,dad52c43-2eab-5272-a61d-dca032e6b1db,Tanpa Judul (Art Nouveau),Art_Nouveau,wikiart_02429.jpg,,64.00,97.30,3800000,2024-11-21T14:46:29Z
3a50c9c7-e95c-5fcc-883e-78b40622b524,51c4d53d-91bb-5b40-bf86-1f46a9aa18a6,Tanpa Judul (Impressionism),Impressionism,wikiart_01103.jpg,,78.90,46.30,190000000,2025-12-18T10:27:21Z
d0860103-ebb2-565a-bd24-d44139bcab23,04432a0f-51e1-5293-a8dc-89755e574853,Tanpa Judul (Impressionism),Impressionism,wikiart_04482.jpg,,66.00,110.40,79000000,2024-11-01T08:49:23Z
9d180d9e-f186-5a9f-984e-8a0a841709b8,d9c76b21-7320-5d80-9265-153dfdbc0c20,Tanpa Judul (Impressionism),Impressionism,wikiart_01506.jpg,,75.70,41.50,6000000,2025-07-26T10:55:06Z
e15ac87c-418d-5877-b3de-5f27acd81302,1d876d41-bc7a-55ee-91cf-65ffb2a4048b,Tanpa Judul (Impressionism),Impressionism,wikiart_05117.jpg,,57.40,81.00,56000000,2024-11-01T16:40:42Z
f60efa69-e980-54e3-9729-e98c5f2fc78f,3dbb220d-08c5-5e68-b9e9-4282c0cc891f,Tanpa Judul (Northern Renaissance),Northern_Renaissance,wikiart_02012.jpg,,90.70,123.20,63000000,2025-08-23T20:39:56Z
d6df0ae6-668d-544f-8c04-0a93049d3fbd,d9c76b21-7320-5d80-9265-153dfdbc0c20,Tanpa Judul (Impressionism),Impressionism,wikiart_04021.jpg,,74.80,53.60,7000000,2026-03-22T04:01:25Z
57484960-cbe1-544b-94b3-2f911835d343,1d876d41-bc7a-55ee-91cf-65ffb2a4048b,Tanpa Judul (Impressionism),Impressionism,wikiart_04116.jpg,,39.60,31.80,19000000,2025-03-21T00:27:19Z
5297f040-5650-5068-9d0d-3adcc951d01c,7cf14239-60d5-5ff0-9270-0d2dd0d62e05,Tanpa Judul (Symbolism),Symbolism,wikiart_03605.jpg,,97.60,64.80,8300000,2026-02-27T23:25:49Z
fa66638c-6d00-5064-aa96-646be0045143,dad52c43-2eab-5272-a61d-dca032e6b1db,Tanpa Judul (Art Nouveau),Art_Nouveau,wikiart_01159.jpg,,92.10,138.60,8300000,2024-10-02T11:30:58Z
5dc6ab20-8a7a-5cdc-9d46-27d42a77085f,a531998d-b66d-5191-a7da-a567327512a7,Tanpa Judul (Symbolism),Symbolism,wikiart_01590.jpg,,70.60,94.80,280000000,2026-07-23T02:55:11Z
9349bf99-62dc-596c-915f-6594321c44de,51c4d53d-91bb-5b40-bf86-1f46a9aa18a6,Tanpa Judul (Impressionism),Impressionism,wikiart_00395.jpg,,66.20,53.10,160000000,2024-11-24T06:41:12Z
8b72dffd-2065-57b1-a892-fc9906385727,64668e48-371b-5ffb-8837-9c4fd033feec,Tanpa Judul (Romanticism),Romanticism,wikiart_04968.jpg,,107.20,82.30,15000000,2024-10-02T18:56:52Z
e125bff0-0b7f-5104-b336-c520561ff5a3,04432a0f-51e1-5293-a8dc-89755e574853,Tanpa Judul (Impressionism),Impressionism,wikiart_01509.jpg,,33.90,37.10,24000000,2025-08-29T20:00:56Z
6ec125fa-e77a-55f0-8ebe-9c9c070a789a,dad52c43-2eab-5272-a61d-dca032e6b1db,Tanpa Judul (Art Nouveau),Art_Nouveau,wikiart_03319.jpg,,92.60,152.20,9300000,2025-07-28T20:21:54Z
15bfd5e9-1db7-5878-a941-ea6758bd4aed,3e92a01c-1f80-5c38-9903-fe409c3d5d61,Tanpa Judul (Impressionism),Impressionism,wikiart_04856.jpg,,50.80,60.40,35000000,2026-06-05T01:10:50Z
10e6e69c-aa3c-55ce-a067-5195fa553c71,3dbb220d-08c5-5e68-b9e9-4282c0cc891f,Tanpa Judul (Northern Renaissance),Northern_Renaissance,wikiart_02816.jpg,,88.00,52.50,32000000,2025-10-29T02:30:36Z
0558d668-92a5-5830-b7ad-adf1249c2269,d9c76b21-7320-5d80-9265-153dfdbc0c20,Tanpa Judul (Impressionism),Impressionism,wikiart_01778.jpg,,62.60,73.00,8000000,2025-12-19T11:06:16Z
50dfd418-cb6c-5830-8d1f-a3eec0f7c4d9,a6782ff2-13ef-5b2b-a432-7d121a6ae6c4,Tanpa Judul (Realism),Realism,wikiart_01867.jpg,,38.80,25.30,3200000,2024-10-28T12:40:14Z
3d71dcc2-48eb-51b6-985f-b4a7b0406d0e,dbc6f383-447d-5f26-a2f4-86753b3c416a,Tanpa Judul (Realism),Realism,wikiart_03899.jpg,,50.40,42.10,10000000,2024-10-13T03:04:24Z
576e19b6-1389-55ab-adb5-a0e3ddf360f3,951be198-4893-5acc-9f1d-ab202e87291b,Tanpa Judul (Realism),Realism,wikiart_01337.jpg,,85.80,64.80,160000000,2024-11-13T06:48:13Z
0dd5f49e-f0bd-520a-923e-fe60a205a356,951be198-4893-5acc-9f1d-ab202e87291b,Tanpa Judul (Post Impressionism),Post_Impressionism,wikiart_02937.jpg,,55.70,46.30,120000000,2025-12-26T05:33:16Z
1da3985d-9bfc-53e4-9128-07f44398bc3f,dd4aa9b5-3247-5ea3-9589-db5aa169c4e0,Tanpa Judul (Cubism),Cubism,wikiart_00754.jpg,,48.30,58.30,3100000,2026-05-29T02:28:17Z
a7a29909-040c-54ad-b608-bd3c962cf8ff,04432a0f-51e1-5293-a8dc-89755e574853,Tanpa Judul (Impressionism),Impressionism,wikiart_02750.jpg,,48.20,36.00,22000000,2024-10-11T04:44:11Z
65a46f86-47c3-5fe2-8a60-cb7dc1614ffc,04432a0f-51e1-5293-a8dc-89755e574853,Tanpa Judul (Impressionism),Impressionism,wikiart_04518.jpg,,75.10,118.10,62000000,2026-01-02T18:18:11Z
0378fccf-fbfb-551d-91f2-1933d3c3e72c,a6782ff2-13ef-5b2b-a432-7d121a6ae6c4,Tanpa Judul (Expressionism),Expressionism,wikiart_03999.jpg,,110.70,149.10,23000000,2024-10-09T14:16:16Z
cf46d025-6124-5f21-92c3-17e5170b63fe,dd4aa9b5-3247-5ea3-9589-db5aa169c4e0,Tanpa Judul (Romanticism),Romanticism,wikiart_03009.jpg,,28.40,22.30,1900000,2026-07-27T11:36:57Z
47b95b47-a27e-5ab4-ada7-3c28a377a401,a531998d-b66d-5191-a7da-a567327512a7,Tanpa Judul (Art Nouveau),Art_Nouveau,wikiart_04917.jpg,,159.90,63.80,300000000,2026-05-06T12:27:23Z
9b4290ee-9d32-59de-b883-bb25ecb04e45,6fe7b986-2984-567c-a4cc-509a0769266a,Tanpa Judul (Romanticism),Romanticism,wikiart_01368.jpg,,64.40,50.40,10000000,2026-07-04T12:33:03Z
bc291b56-8938-597e-8605-5392f5c1e3ce,04432a0f-51e1-5293-a8dc-89755e574853,Tanpa Judul (Impressionism),Impressionism,wikiart_00910.jpg,,73.50,89.90,45000000,2026-09-24T23:25:54Z
9c41c05d-b958-5fe0-902f-c466d102b664,dd4aa9b5-3247-5ea3-9589-db5aa169c4e0,Tanpa Judul (Post Impressionism),Post_Impressionism,wikiart_00032.jpg,,51.50,40.80,5500000,2024-11-14T03:11:05Z
7407431d-ea86-5b83-bb0b-5dbe82ef1d63,951be198-4893-5acc-9f1d-ab202e87291b,Tanpa Judul (Realism),Realism,wikiart_00977.jpg,,59.90,88.40,72000000,2024-10-27T17:26:48Z
e140e791-5e3c-5274-ac01-62c57901db66,1d25dbba-d1e1-5b79-bb67-3d22aced6cb8,Tanpa Judul (Realism),Realism,wikiart_02046.jpg,,64.20,98.50,9800000,2026-02-13T05:24:25Z
67f0024c-3b0f-5f88-86cc-927e567673f1,64668e48-371b-5ffb-8837-9c4fd033feec,Tanpa Judul (Romanticism),Romanticism,wikiart_03438.jpg,,41.60,27.90,5000000,2025-02-04T14:26:31Z
7c57d223-ffca-5718-b975-864f0e228203,5efed142-8369-554d-9ba2-c2f081036319,Tanpa Judul (Realism),Realism,wikiart_01001.jpg,,45.30,63.70,28000000,2024-11-01T21:12:01Z
5dfb1ff8-3b03-52a8-98b8-d279c7554d88,5efed142-8369-554d-9ba2-c2f081036319,Tanpa Judul (Impressionism),Impressionism,wikiart_05587.jpg,,90.80,68.70,61000000,2025-08-08T05:18:05Z
aa9ab77b-e749-572b-ae11-132f8f595d99,dbc6f383-447d-5f26-a2f4-86753b3c416a,Tanpa Judul (Realism),Realism,wikiart_04581.jpg,,34.80,57.50,15000000,2025-08-24T14:41:22Z
93049467-bc36-5f39-a885-1ec6ea59389d,951be198-4893-5acc-9f1d-ab202e87291b,Tanpa Judul (Realism),Realism,wikiart_01869.jpg,,70.00,51.80,70000000,2025-02-08T23:02:51Z
f0eea580-372d-5e9b-bb73-031286bf2c0b,3e92a01c-1f80-5c38-9903-fe409c3d5d61,Tanpa Judul (Impressionism),Impressionism,wikiart_01841.jpg,,52.70,63.30,68000000,2026-03-26T10:12:42Z
1721ceb5-e9ad-5f17-99a9-e3d11aef66ae,3ecb7039-f69e-55cd-869d-c7d7cf0962f6,Tanpa Judul (Post Impressionism),Post_Impressionism,wikiart_03210.jpg,,42.90,32.90,16000000,2026-02-20T09:40:27Z
af3e08dc-71d5-51ca-9518-c469024b70e9,dd4aa9b5-3247-5ea3-9589-db5aa169c4e0,Tanpa Judul (Impressionism),Impressionism,wikiart_01304.jpg,,119.60,155.70,9300000,2024-11-07T16:44:43Z
42d06562-6ab8-581c-be3f-fd7ebd02bd87,951be198-4893-5acc-9f1d-ab202e87291b,Tanpa Judul (Realism),Realism,wikiart_04117.jpg,,43.00,27.90,54000000,2024-10-13T02:45:28Z
e1957c7e-5e35-5a24-88ec-273b0b81a81a,5efed142-8369-554d-9ba2-c2f081036319,Tanpa Judul (Impressionism),Impressionism,wikiart_03701.jpg,,40.40,31.90,16000000,2025-11-09T20:10:35Z
8f9d0feb-7db6-5a03-834c-4f9e59f74f77,d9c76b21-7320-5d80-9265-153dfdbc0c20,Tanpa Judul (Impressionism),Impressionism,wikiart_03289.jpg,,56.20,107.00,9700000,2024-12-12T19:07:40Z
1710dd55-8ba2-5707-8232-b4ff654c9e8b,1d876d41-bc7a-55ee-91cf-65ffb2a4048b,Tanpa Judul (Impressionism),Impressionism,wikiart_03049.jpg,,45.80,54.20,48000000,2025-06-04T17:21:46Z
1b980b2b-af91-582d-b349-29645737d82a,a531998d-b66d-5191-a7da-a567327512a7,Tanpa Judul (Symbolism),Symbolism,wikiart_04014.jpg,,60.10,37.50,120000000,2024-10-21T08:28:20Z
592e02ed-5ff9-562f-96b0-8ecc1cad460d,1d876d41-bc7a-55ee-91cf-65ffb2a4048b,Tanpa Judul (Impressionism),Impressionism,wikiart_02278.jpg,,63.40,34.30,60000000,2024-11-11T14:38:51Z
4f58da3f-05a6-543c-9289-f73df9eed27b,23ba78b5-421a-5447-b022-5a66fe8d084d,Tanpa Judul (Cubism),Cubism,wikiart_02152.jpg,,65.10,89.80,13000000,2025-07-30T02:43:37Z
2a5c985c-f954-5edc-9821-480113a4911d,dd4aa9b5-3247-5ea3-9589-db5aa169c4e0,Tanpa Judul (Post Impressionism),Post_Impressionism,wikiart_04001.jpg,,57.50,90.40,7700000,2025-12-10T02:06:07Z
cb9ebeaf-44d7-5fa8-8adb-c095c15db8c2,d9c76b21-7320-5d80-9265-153dfdbc0c20,Tanpa Judul (Impressionism),Impressionism,wikiart_02298.jpg,,46.90,31.40,3400000,2024-11-07T17:48:22Z
a8bc25dc-4563-50c4-94a9-6f32bc4bf3c3,3ecb7039-f69e-55cd-869d-c7d7cf0962f6,Tanpa Judul (Cubism),Cubism,wikiart_02953.jpg,,75.20,56.60,47000000,2024-11-09T07:48:23Z
2246f466-29e5-595a-aea1-20b6989fe8f2,5d9ef8fa-9d26-5e45-87a1-4a45f17d0980,Tanpa Judul (Baroque),Baroque,wikiart_01710.jpg,,57.70,75.10,33000000,2026-07-05T10:51:31Z
b9a94aad-e963-552d-ac98-762847b3cf95,5d9ef8fa-9d26-5e45-87a1-4a45f17d0980,Tanpa Judul (Baroque),Baroque,wikiart_04610.jpg,,50.40,62.70,31000000,2025-01-08T04:58:36Z
48a8e408-34ab-5998-820d-d1121188b319,951be198-4893-5acc-9f1d-ab202e87291b,Tanpa Judul (Post Impressionism),Post_Impressionism,wikiart_04354.jpg,,100.70,79.50,140000000,2025-06-23T05:46:59Z
8172e2e5-f405-5efb-a7a5-16f9cf303d78,21a4ae7e-8f05-5294-9e2d-32d96779246e,Tanpa Judul (Realism),Realism,wikiart_00984.jpg,,57.50,41.80,2200000,2024-12-08T20:48:03Z
1d28cb31-b5ca-5418-83ed-f049b5c13955,d9c76b21-7320-5d80-9265-153dfdbc0c20,Tanpa Judul (Impressionism),Impressionism,wikiart_03447.jpg,,87.90,63.10,6400000,2025-11-12T19:06:00Z
d675407b-53bf-5fc5-a493-c041a9752b04,951be198-4893-5acc-9f1d-ab202e87291b,Tanpa Judul (Post Impressionism),Post_Impressionism,wikiart_03744.jpg,,92.20,69.50,310000000,2024-10-10T06:23:06Z
aadea01f-cfc2-58f5-855e-c54883bbfd5d,04432a0f-51e1-5293-a8dc-89755e574853,Tanpa Judul (Impressionism),Impressionism,wikiart_03052.jpg,,94.20,153.10,53000000,2026-01-21T14:29:43Z
2a4db821-fbdf-5678-95f9-494294cd254f,dd4aa9b5-3247-5ea3-9589-db5aa169c4e0,Tanpa Judul (Post Impressionism),Post_Impressionism,wikiart_05258.jpg,,76.40,99.00,8900000,2025-12-30T03:46:01Z
9b6298a4-91ad-5434-a010-6cceb690aed3,c868fe01-5c24-57bf-8ffb-fdc6d3ae09a2,Tanpa Judul (Naive Art Primitivism),Naive_Art_Primitivism,wikiart_01320.jpg,,60.00,45.00,8400000,2025-04-21T05:18:42Z
f6069949-9d61-5c9e-bde9-6a6832b01311,64668e48-371b-5ffb-8837-9c4fd033feec,Tanpa Judul (Romanticism),Romanticism,wikiart_04676.jpg,,58.70,38.80,4400000,2026-08-08T21:57:01Z
0620a6aa-b018-5972-a649-2744f9c011ff,51c4d53d-91bb-5b40-bf86-1f46a9aa18a6,Tanpa Judul (Impressionism),Impressionism,wikiart_01458.jpg,,55.10,73.90,220000000,2025-09-08T19:20:19Z
3d411cc7-4174-5baa-8a97-6171db50621f,c868fe01-5c24-57bf-8ffb-fdc6d3ae09a2,Tanpa Judul (Expressionism),Expressionism,wikiart_00737.jpg,,28.10,15.00,15000000,2025-04-13T02:39:06Z
a6478e47-26e0-55db-a2c2-2ac2067f43d2,a531998d-b66d-5191-a7da-a567327512a7,Tanpa Judul (Symbolism),Symbolism,wikiart_03631.jpg,,77.20,47.40,120000000,2024-11-20T01:17:55Z
6e297932-d6b5-5702-934b-15b3581cd215,dbc6f383-447d-5f26-a2f4-86753b3c416a,Tanpa Judul (Realism),Realism,wikiart_04293.jpg,,65.40,69.10,21000000,2025-08-04T14:39:58Z
048beac7-bfc2-5d0c-9ee7-d8affda79d5b,04432a0f-51e1-5293-a8dc-89755e574853,Tanpa Judul (Impressionism),Impressionism,wikiart_00172.jpg,,80.10,49.80,53000000,2024-10-22T01:17:21Z
38836abc-b644-5b81-b641-125abf78b9c5,6fe7b986-2984-567c-a4cc-509a0769266a,Tanpa Judul (Romanticism),Romanticism,wikiart_04646.jpg,,57.60,74.80,18000000,2024-11-24T20:23:26Z
183d7889-9c78-59ef-b572-344648ed169f,21a4ae7e-8f05-5294-9e2d-32d96779246e,Tanpa Judul (Realism),Realism,wikiart_04565.jpg,,75.70,113.90,11000000,2025-02-07T14:53:26Z
e1a3fd0c-925b-5aff-bc4f-b6fbcfd0632a,951be198-4893-5acc-9f1d-ab202e87291b,Tanpa Judul (Realism),Realism,wikiart_04934.jpg,,37.00,29.40,71000000,2026-05-12T06:46:13Z
1231bc11-3fec-5f95-9cb4-8586171fd184,dbc6f383-447d-5f26-a2f4-86753b3c416a,Tanpa Judul (Realism),Realism,wikiart_03109.jpg,,39.80,62.80,18000000,2025-09-16T22:03:50Z
2c540a0c-a2ff-5f37-ba88-a5ad28626312,1d876d41-bc7a-55ee-91cf-65ffb2a4048b,Tanpa Judul (Impressionism),Impressionism,wikiart_01928.jpg,,25.20,34.00,31000000,2026-08-26T04:39:14Z
31ae85b9-f0d4-585f-9c93-e98efaf38380,951be198-4893-5acc-9f1d-ab202e87291b,Tanpa Judul (Post Impressionism),Post_Impressionism,wikiart_02102.jpg,,57.20,88.40,150000000,2024-11-30T23:38:22Z
40be005e-f6f9-558b-b37d-ed7354eebe44,1d25dbba-d1e1-5b79-bb67-3d22aced6cb8,Tanpa Judul (Realism),Realism,wikiart_02712.jpg,,45.80,32.20,3900000,2024-11-20T15:03:00Z
93b99186-d716-5d87-8adf-ec9d8090a741,c868fe01-5c24-57bf-8ffb-fdc6d3ae09a2,Tanpa Judul (Naive Art Primitivism),Naive_Art_Primitivism,wikiart_01325.jpg,,43.70,52.50,7500000,2026-03-08T10:16:59Z
c102454b-1487-5e3c-9d31-fa4d7acbe1ec,3e92a01c-1f80-5c38-9903-fe409c3d5d61,Tanpa Judul (Impressionism),Impressionism,wikiart_02026.jpg,,67.50,55.70,38000000,2025-12-26T14:24:10Z
abec4250-b9ef-5c49-aac2-fcadbce093da,1d25dbba-d1e1-5b79-bb67-3d22aced6cb8,Tanpa Judul (Realism),Realism,wikiart_03511.jpg,,51.70,84.80,9900000,2025-10-21T05:18:12Z
0242a481-31c2-55aa-92b4-ebebc6011a7c,3dbb220d-08c5-5e68-b9e9-4282c0cc891f,Tanpa Judul (Northern Renaissance),Northern_Renaissance,wikiart_03021.jpg,,36.30,45.80,22000000,2025-11-25T10:08:56Z
1ce780c6-f989-51fd-b94a-64908e710198,21a4ae7e-8f05-5294-9e2d-32d96779246e,Tanpa Judul (Realism),Realism,wikiart_01553.jpg,,146.20,102.20,12000000,2026-02-14T07:15:39Z
e1d06d3c-e576-5aff-b52b-e5406e67c619,d9c76b21-7320-5d80-9265-153dfdbc0c20,Tanpa Judul (Impressionism),Impressionism,wikiart_04689.jpg,,59.20,43.10,6400000,2024-10-07T05:21:05Z
25c6d385-f9ee-5887-9e77-5e722e05ff3d,a6782ff2-13ef-5b2b-a432-7d121a6ae6c4,Tanpa Judul (Expressionism),Expressionism,wikiart_02876.jpg,,41.10,31.10,3800000,2025-06-02T12:32:28Z
d0932440-31b0-5025-ab5b-f83ac95c2aea,51c4d53d-91bb-5b40-bf86-1f46a9aa18a6,Tanpa Judul (Impressionism),Impressionism,wikiart_02254.jpg,,47.50,36.00,110000000,2024-10-24T19:44:58Z
451a9fd3-3291-582f-aae3-63a3c897913d,23ba78b5-421a-5447-b022-5a66fe8d084d,Tanpa Judul (Expressionism),Expressionism,wikiart_01696.jpg,,56.50,71.50,8300000,2024-10-11T20:05:46Z
ed047ada-bc0a-52a8-8477-30269831936b,23ba78b5-421a-5447-b022-5a66fe8d084d,Tanpa Judul (Cubism),Cubism,wikiart_04911.jpg,,56.40,69.00,8700000,2024-11-05T06:27:55Z
85fea555-a3c5-52f2-b7df-9651fd846b7b,21a4ae7e-8f05-5294-9e2d-32d96779246e,Tanpa Judul (Realism),Realism,wikiart_03241.jpg,,94.60,120.00,7700000,2024-10-09T15:07:57Z
6bfde760-9224-5015-8291-7eb0a11015d7,21a4ae7e-8f05-5294-9e2d-32d96779246e,Tanpa Judul (Realism),Realism,wikiart_05290.jpg,,58.40,85.40,9400000,2026-09-03T09:42:43Z
a1c92378-ef32-526d-84e7-aec566d0c16a,a531998d-b66d-5191-a7da-a567327512a7,Tanpa Judul (Art Nouveau),Art_Nouveau,wikiart_01808.jpg,,114.90,149.50,250000000,2025-02-19T13:37:46Z
5ab09023-1f78-582e-83e8-ae95a0e3eec9,a531998d-b66d-5191-a7da-a567327512a7,Tanpa Judul (Symbolism),Symbolism,wikiart_00282.jpg,,51.60,40.30,150000000,2025-03-19T04:43:37Z
53b52d22-680e-58f9-8996-53c37d0e5a70,3dbb220d-08c5-5e68-b9e9-4282c0cc891f,Tanpa Judul (Northern Renaissance),Northern_Renaissance,wikiart_04149.jpg,,69.70,100.70,62000000,2025-12-24T18:50:05Z
b1ea9327-30a8-5d88-9381-4bd8bce77b91,51c4d53d-91bb-5b40-bf86-1f46a9aa18a6,Tanpa Judul (Impressionism),Impressionism,wikiart_00242.jpg,,85.80,132.90,570000000,2024-11-26T05:55:20Z
e89795c9-0e00-57e2-9c6c-682b60230374,3ecb7039-f69e-55cd-869d-c7d7cf0962f6,Tanpa Judul (Post Impressionism),Post_Impressionism,wikiart_03478.jpg,,91.20,112.70,76000000,2024-10-19T01:51:29Z
0b44391b-003e-5044-80c2-ab4d08ff8805,951be198-4893-5acc-9f1d-ab202e87291b,Tanpa Judul (Post Impressionism),Post_Impressionism,wikiart_03393.jpg,,95.00,129.00,340000000,2024-10-06T05:50:17Z
0381d017-a005-5772-ad2f-3b39108b8140,64668e48-371b-5ffb-8837-9c4fd033feec,Tanpa Judul (Romanticism),Romanticism,wikiart_00887.jpg,,54.60,79.70,12000000,2024-12-29T14:42:14Z
a76f86b4-ceb6-590a-95ff-cd47999a7e3c,a531998d-b66d-5191-a7da-a567327512a7,Tanpa Judul (Symbolism),Symbolism,wikiart_03003.jpg,,59.90,35.00,49000000,2025-08-09T00:37:36Z
b286a5ca-53e4-5026-a18f-62c495e711a5,3e92a01c-1f80-5c38-9903-fe409c3d5d61,Tanpa Judul (Impressionism),Impressionism,wikiart_04178.jpg,,25.20,20.90,22000000,2026-05-26T20:56:22Z
6fca4e93-7861-5e23-bd9e-60e8971a6ac0,3ecb7039-f69e-55cd-869d-c7d7cf0962f6,Tanpa Judul (Post Impressionism),Post_Impressionism,wikiart_01479.jpg,,56.00,36.50,18000000,2024-11-13T13:45:13Z
5adb710b-f7da-5f33-9677-8a54dcf78d10,64668e48-371b-5ffb-8837-9c4fd033feec,Tanpa Judul (Romanticism),Romanticism,wikiart_01178.jpg,,87.90,104.50,9100000,2025-08-07T19:34:04Z
b4957eff-334c-5456-9865-662bb934b246,951be198-4893-5acc-9f1d-ab202e87291b,Tanpa Judul (Post Impressionism),Post_Impressionism,wikiart_05130.jpg,,82.10,59.80,160000000,2025-12-11T09:10:51Z
f45cab8f-3561-5397-9eb7-6764db930090,3e92a01c-1f80-5c38-9903-fe409c3d5d61,Tanpa Judul (Impressionism),Impressionism,wikiart_05466.jpg,,58.20,42.50,50000000,2025-05-08T15:48:57Z
2df25455-444d-51b6-9264-b2bf9def3bfd,3dbb220d-08c5-5e68-b9e9-4282c0cc891f,Tanpa Judul (Northern Renaissance),Northern_Renaissance,wikiart_03865.jpg,,108.70,95.00,62000000,2024-10-07T02:30:57Z
79bc3eb9-28b3-57e3-bf83-b1745b6e1891,3ecb7039-f69e-55cd-869d-c7d7cf0962f6,Tanpa Judul (Impressionism),Impressionism,wikiart_05381.jpg,,52.50,57.70,41000000,2025-07-08T20:21:58Z
7bff47f0-16f0-5de4-9435-5616df9279ca,951be198-4893-5acc-9f1d-ab202e87291b,Tanpa Judul (Post Impressionism),Post_Impressionism,wikiart_04158.jpg,,46.70,72.70,220000000,2025-06-06T13:11:02Z
d1b3a05e-afc4-59fa-8dcb-c075f2508fe0,a531998d-b66d-5191-a7da-a567327512a7,Tanpa Judul (Symbolism),Symbolism,wikiart_02641.jpg,,50.90,29.30,110000000,2025-07-10T08:41:02Z
9b408461-ded6-52df-adbb-e3f98a774b73,a531998d-b66d-5191-a7da-a567327512a7,Tanpa Judul (Realism),Realism,wikiart_05009.jpg,,40.50,51.10,150000000,2024-10-09T01:58:54Z
99b74a76-39b6-50a3-ab00-12edc3792b32,a531998d-b66d-5191-a7da-a567327512a7,Tanpa Judul (Symbolism),Symbolism,wikiart_00449.jpg,,74.60,50.00,230000000,2026-07-07T07:28:33Z
bced534e-4aea-5737-9333-f5f7253fa683,3dbb220d-08c5-5e68-b9e9-4282c0cc891f,Tanpa Judul (Northern Renaissance),Northern_Renaissance,wikiart_00170.jpg,,66.40,49.30,37000000,2026-09-11T12:44:47Z
f90ac4bc-20a9-516b-be94-a8da14903e50,dbc6f383-447d-5f26-a2f4-86753b3c416a,Tanpa Judul (Art Nouveau),Art_Nouveau,wikiart_03824.jpg,,74.30,102.00,23000000,2026-06-20T00:49:59Z
2a4d1886-29ae-5f7d-9b3e-3c664484437d,3dbb220d-08c5-5e68-b9e9-4282c0cc891f,Tanpa Judul (Northern Renaissance),Northern_Renaissance,wikiart_00100.jpg,,51.90,46.80,32000000,2024-11-22T10:43:35Z
490b83bc-1962-5ac7-bb2d-93c5daf9f39d,c868fe01-5c24-57bf-8ffb-fdc6d3ae09a2,Tanpa Judul (Naive Art Primitivism),Naive_Art_Primitivism,wikiart_00139.jpg,,58.80,40.70,9000000,2026-03-30T21:27:02Z
fc9a7663-d80c-56aa-9ec3-788308b650e7,3dbb220d-08c5-5e68-b9e9-4282c0cc891f,Tanpa Judul (Northern Renaissance),Northern_Renaissance,wikiart_00671.jpg,,28.00,19.70,18000000,2025-11-21T15:27:05Z
9f494da4-9707-53ef-a62d-e0c5cc9111cb,3ecb7039-f69e-55cd-869d-c7d7cf0962f6,Tanpa Judul (Post Impressionism),Post_Impressionism,wikiart_03386.jpg,,68.40,56.30,38000000,2024-12-08T11:09:49Z
aa287855-219d-5544-9058-becd00a0010e,04432a0f-51e1-5293-a8dc-89755e574853,Tanpa Judul (Impressionism),Impressionism,wikiart_02907.jpg,,62.10,74.30,38000000,2026-08-10T04:31:33Z
0f3549f9-90c8-579b-8f03-028c23d2f0fe,a6782ff2-13ef-5b2b-a432-7d121a6ae6c4,Tanpa Judul (Expressionism),Expressionism,wikiart_03436.jpg,,40.80,61.30,4500000,2026-04-18T07:26:10Z
32302877-116c-531e-82ed-03854d57425c,c868fe01-5c24-57bf-8ffb-fdc6d3ae09a2,Tanpa Judul (Naive Art Primitivism),Naive_Art_Primitivism,wikiart_05617.jpg,,57.80,84.70,13000000,2025-01-14T15:07:46Z
907284b9-5769-5208-a57d-827fe030dc98,dbc6f383-447d-5f26-a2f4-86753b3c416a,Tanpa Judul (Realism),Realism,wikiart_00801.jpg,,54.80,85.20,14000000,2026-09-01T20:35:40Z
b91d7a69-0629-5fe0-8aa5-a8f024a70667,3ecb7039-f69e-55cd-869d-c7d7cf0962f6,Tanpa Judul (Post Impressionism),Post_Impressionism,wikiart_03113.jpg,,111.30,153.50,64000000,2024-12-31T17:54:56Z
258fce2c-b195-5d8c-99aa-5a6681eb321e,d9c76b21-7320-5d80-9265-153dfdbc0c20,Tanpa Judul (Impressionism),Impressionism,wikiart_05214.jpg,,41.40,17.70,3400000,2025-08-27T13:15:15Z
9943cd82-96cc-5e37-89a1-678436a3ed2f,3dbb220d-08c5-5e68-b9e9-4282c0cc891f,Tanpa Judul (Northern Renaissance),Northern_Renaissance,wikiart_00273.jpg,,67.40,81.80,44000000,2025-01-24T13:48:30Z
314e3f4c-cdc9-5ceb-921b-ae02af672fe9,3e92a01c-1f80-5c38-9903-fe409c3d5d61,Tanpa Judul (Impressionism),Impressionism,wikiart_04751.jpg,,41.00,28.40,29000000,2025-01-18T04:31:44Z
c160510a-2f0e-5280-a7e9-4d196bbbb380,5d9ef8fa-9d26-5e45-87a1-4a45f17d0980,Tanpa Judul (Baroque),Baroque,wikiart_04381.jpg,,49.40,65.90,26000000,2024-10-11T07:25:11Z
4988186a-379e-5287-9fdc-d72ba154eb5c,5efed142-8369-554d-9ba2-c2f081036319,Tanpa Judul (Impressionism),Impressionism,wikiart_04767.jpg,,66.10,82.30,57000000,2025-11-20T22:23:53Z
adf2e51c-831b-5274-8783-e6b3e27d8357,51c4d53d-91bb-5b40-bf86-1f46a9aa18a6,Tanpa Judul (Impressionism),Impressionism,wikiart_01191.jpg,,55.70,74.40,250000000,2024-11-29T08:56:29Z
3b697b60-34f0-5398-a34f-709b545c0335,dbc6f383-447d-5f26-a2f4-86753b3c416a,Tanpa Judul (Art Nouveau),Art_Nouveau,wikiart_04499.jpg,,59.90,41.40,11000000,2024-11-23T19:30:30Z
fd1896f1-1ca8-52d3-8454-d4430d99cddb,3ecb7039-f69e-55cd-869d-c7d7cf0962f6,Tanpa Judul (Expressionism),Expressionism,wikiart_01060.jpg,,67.40,79.60,40000000,2026-06-29T07:15:50Z
e61da667-baf4-55e0-80e7-412c53eb95a7,04432a0f-51e1-5293-a8dc-89755e574853,Tanpa Judul (Impressionism),Impressionism,wikiart_05094.jpg,,50.50,34.80,17000000,2026-07-30T02:21:11Z
95be6168-2df7-555d-b19c-d9cb19916b1e,64668e48-371b-5ffb-8837-9c4fd033feec,Tanpa Judul (Romanticism),Romanticism,wikiart_05277.jpg,,81.80,51.50,7300000,2026-08-10T06:43:17Z
0f07eaa9-4f40-5e94-89b2-2da20a8d1144,a531998d-b66d-5191-a7da-a567327512a7,Tanpa Judul (Symbolism),Symbolism,wikiart_04787.jpg,,53.90,31.00,94000000,2026-07-21T08:35:29Z
3d568bfa-2d0e-56b4-aa1b-913b8c2fd999,3e92a01c-1f80-5c38-9903-fe409c3d5d61,Tanpa Judul (Impressionism),Impressionism,wikiart_00874.jpg,,58.00,46.60,51000000,2024-11-23T23:10:17Z
174fd227-cd8c-59a3-8b54-5653ebd1e33c,21a4ae7e-8f05-5294-9e2d-32d96779246e,Tanpa Judul (Realism),Realism,wikiart_04506.jpg,,68.10,76.70,4300000,2024-10-12T11:15:42Z
df8449fa-2a43-5927-8238-7cb631bf5b55,d9c76b21-7320-5d80-9265-153dfdbc0c20,Tanpa Judul (Impressionism),Impressionism,wikiart_04538.jpg,,65.00,84.30,6200000,2024-10-10T05:42:03Z
6f2dad7c-a30a-56ec-bcd8-4afba2686fce,a6782ff2-13ef-5b2b-a432-7d121a6ae6c4,Tanpa Judul (Expressionism),Expressionism,wikiart_05407.jpg,,75.20,74.30,9600000,2024-10-01T17:30:51Z
ab0cf0c1-618c-5dba-8181-d2c2e0c656bf,5a27ac9a-1e04-52e2-8392-12edbe43c594,Tanpa Judul (Impressionism),Impressionism,wikiart_04840.jpg,,67.00,43.10,6800000,2025-01-31T17:13:08Z
c2a00148-a049-5d49-b58c-90f1c311940b,3ecb7039-f69e-55cd-869d-c7d7cf0962f6,Tanpa Judul (Post Impressionism),Post_Impressionism,wikiart_00115.jpg,,70.70,98.40,51000000,2025-08-12T09:25:22Z
6e9eba6c-c2ac-5214-bfc9-dfb80f7c2425,3dbb220d-08c5-5e68-b9e9-4282c0cc891f,Tanpa Judul (Northern Renaissance),Northern_Renaissance,wikiart_01312.jpg,,53.50,105.00,45000000,2025-04-25T05:23:08Z
6b04baad-9d17-54ad-9547-38a8c244dfd5,23ba78b5-421a-5447-b022-5a66fe8d084d,Tanpa Judul (Realism),Realism,wikiart_04170.jpg,,41.30,32.20,2300000,2024-11-22T01:32:49Z
6fee44b9-3e1b-504b-bffe-3d0329f16467,1d876d41-bc7a-55ee-91cf-65ffb2a4048b,Tanpa Judul (Impressionism),Impressionism,wikiart_03752.jpg,,36.40,44.60,34000000,2026-07-21T03:42:27Z
55dab57e-ca3c-511a-a6c6-c0b8b2270ec8,951be198-4893-5acc-9f1d-ab202e87291b,Tanpa Judul (Realism),Realism,wikiart_02970.jpg,,33.40,23.90,37000000,2024-10-16T06:27:12Z
21522f25-0ce6-593b-bead-383cdf0061f5,21a4ae7e-8f05-5294-9e2d-32d96779246e,Tanpa Judul (Realism),Realism,wikiart_02305.jpg,,111.20,56.70,10000000,2025-11-07T15:56:02Z
53ea82ed-5658-5899-86a4-16c90010a7c7,a531998d-b66d-5191-a7da-a567327512a7,Tanpa Judul (Art Nouveau),Art_Nouveau,wikiart_01487.jpg,,27.70,25.40,60000000,2025-08-04T14:50:13Z
957c5328-2387-5e64-9f9b-9a6c346df7cc,c868fe01-5c24-57bf-8ffb-fdc6d3ae09a2,Tanpa Judul (Naive Art Primitivism),Naive_Art_Primitivism,wikiart_00891.jpg,,91.10,120.20,16000000,2024-11-16T12:44:57Z
67ad781c-94fe-5171-985b-ec584cfab08c,1d876d41-bc7a-55ee-91cf-65ffb2a4048b,Tanpa Judul (Impressionism),Impressionism,wikiart_01084.jpg,,45.00,43.90,58000000,2024-12-13T04:49:04Z
b3b5c066-1f79-5c2e-96db-f21506b0d92e,1d876d41-bc7a-55ee-91cf-65ffb2a4048b,Tanpa Judul (Impressionism),Impressionism,wikiart_01511.jpg,,90.90,81.00,140000000,2024-11-05T07:47:46Z
81bea455-08c9-5dfd-aa57-c04103957e72,3dbb220d-08c5-5e68-b9e9-4282c0cc891f,Tanpa Judul (Northern Renaissance),Northern_Renaissance,wikiart_03382.jpg,,27.80,15.00,13000000,2024-10-23T21:31:09Z
0a6d8db2-444f-5b5e-8d20-1e7cb5f17bf5,951be198-4893-5acc-9f1d-ab202e87291b,Tanpa Judul (Post Impressionism),Post_Impressionism,wikiart_02135.jpg,,55.30,43.30,100000000,2025-10-24T20:33:38Z
9c7adb96-4a40-5359-8c81-d5984fdf1e63,a6782ff2-13ef-5b2b-a432-7d121a6ae6c4,Tanpa Judul (Symbolism),Symbolism,wikiart_04607.jpg,,99.80,91.50,12000000,2025-07-24T03:34:57Z
e78babae-463c-5e12-8923-0a69cbc84aad,51c4d53d-91bb-5b40-bf86-1f46a9aa18a6,Tanpa Judul (Impressionism),Impressionism,wikiart_04667.jpg,,77.00,61.20,270000000,2024-11-15T01:11:46Z
3c71ed83-489e-56cd-bc14-26e48497d4b5,3e92a01c-1f80-5c38-9903-fe409c3d5d61,Tanpa Judul (Impressionism),Impressionism,wikiart_03805.jpg,,53.30,43.40,24000000,2024-11-15T04:28:27Z
d5963f18-2381-5b08-965a-f245391c6457,a531998d-b66d-5191-a7da-a567327512a7,Tanpa Judul (Art Nouveau),Art_Nouveau,wikiart_01670.jpg,,30.40,28.90,50000000,2026-02-07T18:20:37Z
b680b90f-8124-5a43-83ac-48cbd58ab966,dd4aa9b5-3247-5ea3-9589-db5aa169c4e0,Tanpa Judul (Post Impressionism),Post_Impressionism,wikiart_03838.jpg,,37.80,29.80,2900000,2025-08-03T09:45:55Z
62d0307d-4c1a-5737-9f5a-0caef8296557,04432a0f-51e1-5293-a8dc-89755e574853,Tanpa Judul (Impressionism),Impressionism,wikiart_00981.jpg,,97.60,111.60,100000000,2025-08-20T17:02:11Z
146d1573-d6d3-55e3-8df0-fc689e0b8824,5a27ac9a-1e04-52e2-8392-12edbe43c594,Tanpa Judul (Impressionism),Impressionism,wikiart_04075.jpg,,53.10,37.30,3800000,2026-07-12T12:49:31Z
96a9af8d-b015-58fb-a0e9-a3d5670054e4,a531998d-b66d-5191-a7da-a567327512a7,Tanpa Judul (Art Nouveau),Art_Nouveau,wikiart_04314.jpg,,58.50,44.20,71000000,2026-03-21T04:44:06Z
54550301-2a75-5dcf-a86b-b20031867c11,951be198-4893-5acc-9f1d-ab202e87291b,Tanpa Judul (Realism),Realism,wikiart_05042.jpg,,66.30,40.60,72000000,2025-03-09T12:50:38Z
7eca2ad9-1f5a-5725-8c48-2dfb6f3033df,64668e48-371b-5ffb-8837-9c4fd033feec,Tanpa Judul (Romanticism),Romanticism,wikiart_02557.jpg,,38.00,24.20,3700000,2024-10-14T09:47:56Z
e72214c0-5868-5590-ade4-920c6386fc0f,04432a0f-51e1-5293-a8dc-89755e574853,Tanpa Judul (Impressionism),Impressionism,wikiart_00624.jpg,,69.20,55.10,36000000,2025-01-05T03:35:26Z
f5f10293-8e79-51a6-a714-6cb70a6cef11,51c4d53d-91bb-5b40-bf86-1f46a9aa18a6,Tanpa Judul (Impressionism),Impressionism,wikiart_04842.jpg,,51.80,66.50,250000000,2025-02-19T02:01:34Z
58a434e9-0bb6-53c8-a4ef-e3d2e1e7b18f,04432a0f-51e1-5293-a8dc-89755e574853,Tanpa Judul (Impressionism),Impressionism,wikiart_01476.jpg,,66.50,57.40,28000000,2026-03-04T04:28:32Z
e90beafe-45ad-5bb6-9b56-660644646714,5a27ac9a-1e04-52e2-8392-12edbe43c594,Tanpa Judul (Impressionism),Impressionism,wikiart_00622.jpg,,49.00,32.70,3800000,2024-12-31T12:32:09Z
b1f3b633-8796-55ed-8f40-3aaa25dddc9d,951be198-4893-5acc-9f1d-ab202e87291b,Tanpa Judul (Post Impressionism),Post_Impressionism,wikiart_03938.jpg,,34.60,19.40,53000000,2024-11-17T12:15:01Z
2fe1220c-0c37-5436-8c8d-b278e8c04289,04432a0f-51e1-5293-a8dc-89755e574853,Tanpa Judul (Impressionism),Impressionism,wikiart_03368.jpg,,51.70,45.10,27000000,2026-07-15T21:21:19Z
6f5ddafa-7eee-586a-b4fe-998a0bff1ad4,dad52c43-2eab-5272-a61d-dca032e6b1db,Tanpa Judul (Art Nouveau),Art_Nouveau,wikiart_00967.jpg,,75.10,49.20,6200000,2026-03-21T18:07:41Z
d6f366e5-fbf2-5601-9007-dc32d02b19af,3e92a01c-1f80-5c38-9903-fe409c3d5d61,Tanpa Judul (Impressionism),Impressionism,wikiart_04353.jpg,,68.90,57.20,35000000,2024-11-26T02:17:47Z
cbf668e7-af03-5523-b2a4-1d639a89766e,3ecb7039-f69e-55cd-869d-c7d7cf0962f6,Tanpa Judul (Post Impressionism),Post_Impressionism,wikiart_05583.jpg,,60.70,68.00,32000000,2024-11-13T13:55:05Z
02940383-62a7-5292-b330-a04fd98f0087,3dbb220d-08c5-5e68-b9e9-4282c0cc891f,Tanpa Judul (Northern Renaissance),Northern_Renaissance,wikiart_00445.jpg,,82.20,120.30,51000000,2025-05-16T05:53:08Z
61d5d1b7-ead9-500b-ae36-4181c8267cf4,1d876d41-bc7a-55ee-91cf-65ffb2a4048b,Tanpa Judul (Impressionism),Impressionism,wikiart_02672.jpg,,55.90,41.40,57000000,2026-01-03T17:43:16Z
4ed54522-a110-5365-b35b-4c16d31aa48b,dd4aa9b5-3247-5ea3-9589-db5aa169c4e0,Tanpa Judul (Post Impressionism),Post_Impressionism,wikiart_02037.jpg,,61.20,50.50,7300000,2025-07-03T07:28:55Z
1297aaa6-2fb3-592e-8b43-30aa40e80885,3dbb220d-08c5-5e68-b9e9-4282c0cc891f,Tanpa Judul (Northern Renaissance),Northern_Renaissance,wikiart_02444.jpg,,50.70,61.70,36000000,2024-11-05T12:04:39Z
4681f074-ef48-5106-9df1-1092c6a1150e,3dbb220d-08c5-5e68-b9e9-4282c0cc891f,Tanpa Judul (Northern Renaissance),Northern_Renaissance,wikiart_00457.jpg,,83.90,137.40,67000000,2025-06-11T07:52:40Z
cf6c3a05-e817-57fc-acc0-5f41dffdd514,3e92a01c-1f80-5c38-9903-fe409c3d5d61,Tanpa Judul (Impressionism),Impressionism,wikiart_02206.jpg,,66.40,53.50,65000000,2024-11-16T20:49:10Z
8589e23f-2f7a-5139-9d96-8ad3c1ed46cd,3e92a01c-1f80-5c38-9903-fe409c3d5d61,Tanpa Judul (Impressionism),Impressionism,wikiart_02710.jpg,,49.40,38.00,34000000,2024-11-24T21:40:17Z
6f3e1ece-4f3c-546b-8cbf-1920b5228d1a,5a27ac9a-1e04-52e2-8392-12edbe43c594,Tanpa Judul (Impressionism),Impressionism,wikiart_02522.jpg,,35.60,21.30,3300000,2026-04-14T12:37:22Z
bd6f2675-f5e5-5585-98e9-6f9c67181da8,04432a0f-51e1-5293-a8dc-89755e574853,Tanpa Judul (Impressionism),Impressionism,wikiart_02676.jpg,,88.30,131.00,89000000,2024-11-07T19:28:01Z
4bff2887-4d5c-59cb-9ff2-86b4c67ae0ce,3dbb220d-08c5-5e68-b9e9-4282c0cc891f,Tanpa Judul (Northern Renaissance),Northern_Renaissance,wikiart_05639.jpg,,46.20,34.60,11000000,2025-12-10T18:43:36Z
1e6e7e2e-feda-53b1-9ac3-d6b449db89c8,6fe7b986-2984-567c-a4cc-509a0769266a,Tanpa Judul (Romanticism),Romanticism,wikiart_04760.jpg,,61.50,78.90,18000000,2026-06-16T14:31:09Z
5f418a0d-3b3c-5c45-aaf2-2f07d09dd30c,dbc6f383-447d-5f26-a2f4-86753b3c416a,Tanpa Judul (Art Nouveau),Art_Nouveau,wikiart_01123.jpg,,136.70,212.90,41000000,2024-10-01T03:45:52Z
a2719677-d08d-507f-b233-a2d83012212c,23ba78b5-421a-5447-b022-5a66fe8d084d,Tanpa Judul (Cubism),Cubism,wikiart_00189.jpg,,79.40,111.00,14000000,2024-11-08T06:10:08Z
6e23be7a-9515-5b04-99ce-889bf9155ae5,a6782ff2-13ef-5b2b-a432-7d121a6ae6c4,Tanpa Judul (Expressionism),Expressionism,wikiart_04961.jpg,,105.50,92.90,22000000,2025-03-01T15:43:34Z
cb3ce525-b762-5298-8f22-fadb9276bfe3,a6782ff2-13ef-5b2b-a432-7d121a6ae6c4,Tanpa Judul (Expressionism),Expressionism,wikiart_04766.jpg,,49.70,38.50,5100000,2024-10-18T17:04:38Z
7e8a9b3f-ff1b-5e7f-a228-1483cf544a1b,dbc6f383-447d-5f26-a2f4-86753b3c416a,Tanpa Judul (Art Nouveau),Art_Nouveau,wikiart_04159.jpg,,87.30,56.70,28000000,2024-10-18T20:24:01Z
5fbcd220-b0c0-5a3c-9d6c-ad272567d4b4,51c4d53d-91bb-5b40-bf86-1f46a9aa18a6,Tanpa Judul (Impressionism),Impressionism,wikiart_04524.jpg,,60.60,44.40,110000000,2025-07-22T17:46:08Z
e7450d84-e740-572e-ae3f-380a877b0390,1d25dbba-d1e1-5b79-bb67-3d22aced6cb8,Tanpa Judul (Realism),Realism,wikiart_00215.jpg,,68.20,103.50,9600000,2024-10-01T15:38:50Z
3b6c3d30-6968-55c9-a1f2-ac3c5c649e32,951be198-4893-5acc-9f1d-ab202e87291b,Tanpa Judul (Post Impressionism),Post_Impressionism,wikiart_00192.jpg,,121.70,75.20,290000000,2025-03-06T07:37:46Z
38b65340-2f6a-5925-a5cb-364326e5734b,dad52c43-2eab-5272-a61d-dca032e6b1db,Tanpa Judul (Art Nouveau),Art_Nouveau,wikiart_03002.jpg,,54.40,74.50,3700000,2025-08-18T12:56:02Z
947ca06f-22bf-5b5b-8447-b4abaaafc0fe,21a4ae7e-8f05-5294-9e2d-32d96779246e,Tanpa Judul (Realism),Realism,wikiart_03571.jpg,,60.40,73.70,6000000,2024-11-09T00:48:15Z
92092b2c-6c4f-5333-8332-a0881152e943,5a27ac9a-1e04-52e2-8392-12edbe43c594,Tanpa Judul (Impressionism),Impressionism,wikiart_01210.jpg,,43.70,28.00,2800000,2024-12-30T18:54:38Z
d1966a48-59d9-5533-a4f1-d3c0d3c0395e,5efed142-8369-554d-9ba2-c2f081036319,Tanpa Judul (Impressionism),Impressionism,wikiart_04699.jpg,,81.90,67.00,47000000,2025-07-17T18:42:26Z
da20ccd3-067b-5e68-9eb3-a45f5f961da7,a6782ff2-13ef-5b2b-a432-7d121a6ae6c4,Tanpa Judul (Symbolism),Symbolism,wikiart_04325.jpg,,49.30,36.60,4000000,2026-02-21T15:40:25Z
bb077787-0661-5ca8-b21b-a01d04a9380c,64668e48-371b-5ffb-8837-9c4fd033feec,Tanpa Judul (Romanticism),Romanticism,wikiart_04221.jpg,,85.80,54.30,8900000,2024-10-16T14:36:11Z
b93ca27f-2a5c-5964-a7c6-97f8d7bd6529,3dbb220d-08c5-5e68-b9e9-4282c0cc891f,Tanpa Judul (Northern Renaissance),Northern_Renaissance,wikiart_04740.jpg,,33.70,49.60,30000000,2026-02-14T08:06:18Z
3bb00376-90fc-58a2-aac8-e3424711923e,64668e48-371b-5ffb-8837-9c4fd033feec,Tanpa Judul (Romanticism),Romanticism,wikiart_01985.jpg,,72.70,53.80,12000000,2024-10-07T18:56:53Z
e9580bf2-8c69-5484-b429-2a3ae6f3900e,a531998d-b66d-5191-a7da-a567327512a7,Tanpa Judul (Symbolism),Symbolism,wikiart_05293.jpg,,47.90,28.40,65000000,2026-06-30T23:58:45Z
f1b13a18-036b-5da6-b163-d1d54ca3458c,1d25dbba-d1e1-5b79-bb67-3d22aced6cb8,Tanpa Judul (Realism),Realism,wikiart_02521.jpg,,77.50,117.10,13000000,2024-11-12T21:21:57Z
0fc1d208-e459-5606-b3f9-a6d4bedd9cb5,6fe7b986-2984-567c-a4cc-509a0769266a,Tanpa Judul (Romanticism),Romanticism,wikiart_02331.jpg,,59.70,74.50,16000000,2026-04-16T12:04:10Z
dfdffb41-064b-5afe-bea5-b49e0f5c71e7,3ecb7039-f69e-55cd-869d-c7d7cf0962f6,Tanpa Judul (Expressionism),Expressionism,wikiart_01173.jpg,,49.70,34.40,24000000,2024-10-06T19:10:36Z
7220a4af-246d-5233-9877-e4270d49b78f,3ecb7039-f69e-55cd-869d-c7d7cf0962f6,Tanpa Judul (Post Impressionism),Post_Impressionism,wikiart_03238.jpg,,52.40,36.10,30000000,2026-02-20T15:16:49Z
424a68a1-d075-5dfb-a56f-6e29df601a04,23ba78b5-421a-5447-b022-5a66fe8d084d,Tanpa Judul (Expressionism),Expressionism,wikiart_03903.jpg,,44.60,57.20,4000000,2025-06-28T04:45:59Z
6a9a552c-870e-5cd3-b409-273d6c5865eb,c868fe01-5c24-57bf-8ffb-fdc6d3ae09a2,Tanpa Judul (Naive Art Primitivism),Naive_Art_Primitivism,wikiart_02999.jpg,,80.40,59.10,8900000,2026-02-27T13:34:38Z
3d61eac2-6d83-5347-9d59-799ac69edc5a,a531998d-b66d-5191-a7da-a567327512a7,Tanpa Judul (Symbolism),Symbolism,wikiart_01831.jpg,,41.60,31.20,44000000,2024-11-20T13:26:12Z
9bd22b57-2f66-5824-811b-a021ba545ce7,dd4aa9b5-3247-5ea3-9589-db5aa169c4e0,Tanpa Judul (Impressionism),Impressionism,wikiart_01561.jpg,,54.60,41.30,3300000,2026-01-12T21:47:52Z
05f320fb-5f39-5107-a07b-43b287844058,3e92a01c-1f80-5c38-9903-fe409c3d5d61,Tanpa Judul (Impressionism),Impressionism,wikiart_03694.jpg,,67.70,50.60,43000000,2024-12-31T05:58:11Z
94008a30-bc4b-5a06-8e11-2469e5edf4ea,6fe7b986-2984-567c-a4cc-509a0769266a,Tanpa Judul (Romanticism),Romanticism,wikiart_04852.jpg,,105.50,84.40,37000000,2025-02-01T09:43:12Z
d8dfdef7-fe16-5d35-8ee7-bf4dec334e56,1d25dbba-d1e1-5b79-bb67-3d22aced6cb8,Tanpa Judul (Realism),Realism,wikiart_04218.jpg,,59.80,69.00,7300000,2025-12-21T17:07:53Z
0e444c7c-ce64-5f5f-8ed9-c552ea837e2c,6fe7b986-2984-567c-a4cc-509a0769266a,Tanpa Judul (Romanticism),Romanticism,wikiart_04081.jpg,,55.10,47.30,20000000,2024-10-10T18:42:42Z
69b51a2b-0c8e-5463-b03c-c27d0fb1283a,a531998d-b66d-5191-a7da-a567327512a7,Tanpa Judul (Art Nouveau),Art_Nouveau,wikiart_02491.jpg,,66.00,50.20,110000000,2026-02-24T15:31:10Z
128c4eef-e82f-57ff-9e57-14f1e53349e2,1d25dbba-d1e1-5b79-bb67-3d22aced6cb8,Tanpa Judul (Realism),Realism,wikiart_00544.jpg,,29.00,44.20,4500000,2024-11-06T08:14:59Z
5fd49bae-36f3-5588-b1be-34e577fbe2ee,3ecb7039-f69e-55cd-869d-c7d7cf0962f6,Tanpa Judul (Post Impressionism),Post_Impressionism,wikiart_03486.jpg,,39.40,21.20,20000000,2024-11-18T14:30:09Z
d4c0b788-5e83-5ea7-8145-011c35a51433,5d9ef8fa-9d26-5e45-87a1-4a45f17d0980,Tanpa Judul (Baroque),Baroque,wikiart_04775.jpg,,52.60,35.40,12000000,2024-10-27T23:19:19Z
e4d78b16-d24a-5bb0-97a6-8e42c49d4c5c,1d25dbba-d1e1-5b79-bb67-3d22aced6cb8,Tanpa Judul (Realism),Realism,wikiart_01879.jpg,,46.70,28.20,3800000,2026-05-01T04:34:54Z
522fafda-db32-5fec-806d-22df8ff68bda,951be198-4893-5acc-9f1d-ab202e87291b,Tanpa Judul (Realism),Realism,wikiart_01361.jpg,,34.30,49.10,65000000,2026-07-25T14:30:47Z
fd318b72-090b-5644-aa97-8daf7c31ce52,a6782ff2-13ef-5b2b-a432-7d121a6ae6c4,Tanpa Judul (Realism),Realism,wikiart_03272.jpg,,81.00,79.80,10000000,2024-11-28T12:50:24Z
611fce8f-4966-5dd0-a678-3cdd185c7162,dd4aa9b5-3247-5ea3-9589-db5aa169c4e0,Tanpa Judul (Cubism),Cubism,wikiart_03188.jpg,,65.70,84.30,4700000,2024-11-12T09:39:40Z
4cc604f8-1c42-5be8-a621-ff45f1202616,1d25dbba-d1e1-5b79-bb67-3d22aced6cb8,Tanpa Judul (Realism),Realism,wikiart_02553.jpg,,63.00,47.60,6100000,2026-03-29T08:39:28Z
74373488-611c-50bf-9c4a-ad9015737ed3,1d25dbba-d1e1-5b79-bb67-3d22aced6cb8,Tanpa Judul (Realism),Realism,wikiart_01856.jpg,,47.10,31.40,5400000,2025-03-07T17:11:40Z
7c78090f-5bd4-55c7-9f0d-3b3ebfb82f6f,3ecb7039-f69e-55cd-869d-c7d7cf0962f6,Tanpa Judul (Realism),Realism,wikiart_03200.jpg,,61.70,54.00,22000000,2025-04-10T15:39:41Z
74e1a234-4d41-58d8-b20f-f8623ca11387,3ecb7039-f69e-55cd-869d-c7d7cf0962f6,Tanpa Judul (Realism),Realism,wikiart_01517.jpg,,71.80,64.80,34000000,2024-10-25T02:26:11Z
16bdc82e-b095-5aae-8db7-df4abfa16964,5a27ac9a-1e04-52e2-8392-12edbe43c594,Tanpa Judul (Impressionism),Impressionism,wikiart_04475.jpg,,54.70,36.40,5800000,2025-11-21T02:03:55Z
934ace12-f96b-5087-a953-c33f66bf0a30,51c4d53d-91bb-5b40-bf86-1f46a9aa18a6,Tanpa Judul (Impressionism),Impressionism,wikiart_05170.jpg,,70.10,51.60,190000000,2025-06-24T04:56:38Z
f710b540-71f1-5f2d-ad7a-e2d1800f9192,dbc6f383-447d-5f26-a2f4-86753b3c416a,Tanpa Judul (Realism),Realism,wikiart_05603.jpg,,45.40,51.40,15000000,2026-01-28T06:01:15Z
2a5e1339-ff63-5825-ad64-ded564b41da7,64668e48-371b-5ffb-8837-9c4fd033feec,Tanpa Judul (Romanticism),Romanticism,wikiart_04427.jpg,,62.10,38.00,4400000,2025-12-18T15:27:42Z
c25b4b18-13da-5750-85d2-b38344bc6e25,d9c76b21-7320-5d80-9265-153dfdbc0c20,Tanpa Judul (Impressionism),Impressionism,wikiart_00126.jpg,,89.50,63.60,9600000,2024-10-08T12:43:31Z
a3665b83-72da-5ac0-bf1e-5ae37088a1bf,951be198-4893-5acc-9f1d-ab202e87291b,Tanpa Judul (Realism),Realism,wikiart_03594.jpg,,92.30,150.90,250000000,2025-04-02T10:26:15Z
41051a3b-f60b-5c0b-b2d6-d38493550006,951be198-4893-5acc-9f1d-ab202e87291b,Tanpa Judul (Realism),Realism,wikiart_05548.jpg,,95.50,59.10,120000000,2024-11-20T13:57:40Z
6ccd5319-a365-5623-8263-83aee2187374,951be198-4893-5acc-9f1d-ab202e87291b,Tanpa Judul (Post Impressionism),Post_Impressionism,wikiart_01158.jpg,,66.30,74.90,200000000,2026-01-26T18:05:31Z
a11193ef-378b-5dc8-b866-1a3afe1dc880,23ba78b5-421a-5447-b022-5a66fe8d084d,Tanpa Judul (Art Nouveau),Art_Nouveau,wikiart_05316.jpg,,60.70,85.30,8400000,2025-01-03T23:34:27Z
634eb8cb-6e34-595e-a821-58ce65bdf7b5,a531998d-b66d-5191-a7da-a567327512a7,Tanpa Judul (Art Nouveau),Art_Nouveau,wikiart_00037.jpg,,51.30,76.70,150000000,2024-10-07T23:33:41Z
03be068d-3956-5be3-bde7-0f3b5398ca2c,3dbb220d-08c5-5e68-b9e9-4282c0cc891f,Tanpa Judul (Northern Renaissance),Northern_Renaissance,wikiart_04949.jpg,,31.90,37.20,28000000,2025-05-07T19:14:23Z
84dd2521-ed89-5cbb-b3e4-e13f42d29097,1d876d41-bc7a-55ee-91cf-65ffb2a4048b,Tanpa Judul (Impressionism),Impressionism,wikiart_02875.jpg,,37.50,30.70,68000000,2024-10-13T18:42:07Z
f31f67b4-cd09-57b8-9ee8-02b265695788,1d876d41-bc7a-55ee-91cf-65ffb2a4048b,Tanpa Judul (Impressionism),Impressionism,wikiart_02213.jpg,,56.60,46.10,71000000,2024-11-13T23:36:00Z
8bfc1f4d-519c-5412-8e3e-9b7ad4729b26,a6782ff2-13ef-5b2b-a432-7d121a6ae6c4,Tanpa Judul (Realism),Realism,wikiart_01763.jpg,,57.80,78.20,7000000,2024-10-15T10:51:00Z
caf4862f-0876-5303-8dcc-6f985569be57,3ecb7039-f69e-55cd-869d-c7d7cf0962f6,Tanpa Judul (Post Impressionism),Post_Impressionism,wikiart_00756.jpg,,98.40,98.40,61000000,2025-01-11T23:05:08Z
73c529bb-0ace-5e43-ad2f-95b2b58db49c,3dbb220d-08c5-5e68-b9e9-4282c0cc891f,Tanpa Judul (Northern Renaissance),Northern_Renaissance,wikiart_03771.jpg,,95.10,130.80,86000000,2024-10-24T09:20:02Z
1cdf94c3-4836-5f97-aadd-2a991fa186d1,3e92a01c-1f80-5c38-9903-fe409c3d5d61,Tanpa Judul (Impressionism),Impressionism,wikiart_04544.jpg,,47.20,30.60,26000000,2025-07-20T20:44:20Z
f16bf6ae-78ee-57c5-84b1-86c3eb002f64,23ba78b5-421a-5447-b022-5a66fe8d084d,Tanpa Judul (Expressionism),Expressionism,wikiart_05292.jpg,,79.90,68.00,14000000,2024-11-11T08:07:49Z
083ecbca-01b7-5356-a0d7-0a09b2513d50,951be198-4893-5acc-9f1d-ab202e87291b,Tanpa Judul (Post Impressionism),Post_Impressionism,wikiart_02744.jpg,,50.80,38.80,64000000,2025-08-24T11:12:12Z
90f73edd-7acc-58a2-9d26-8a202697ebeb,3ecb7039-f69e-55cd-869d-c7d7cf0962f6,Tanpa Judul (Realism),Realism,wikiart_05429.jpg,,76.20,58.70,45000000,2026-06-02T22:46:09Z
dc2a2db4-6a1a-57b0-b1c0-6198d20bc6ff,51c4d53d-91bb-5b40-bf86-1f46a9aa18a6,Tanpa Judul (Impressionism),Impressionism,wikiart_00267.jpg,,79.60,52.20,380000000,2024-11-27T23:08:52Z
28f5f0c0-25c0-58d3-95fe-37a1caf90d44,5a27ac9a-1e04-52e2-8392-12edbe43c594,Tanpa Judul (Impressionism),Impressionism,wikiart_03780.jpg,,92.70,60.80,9300000,2025-09-07T11:43:27Z
0275d0b8-2865-5a39-9c5a-efbd33d7f472,3ecb7039-f69e-55cd-869d-c7d7cf0962f6,Tanpa Judul (Expressionism),Expressionism,wikiart_02055.jpg,,50.50,40.30,26000000,2026-04-26T04:53:27Z
7956258a-f287-5ee9-aa0f-aa62a0f615e0,5d9ef8fa-9d26-5e45-87a1-4a45f17d0980,Tanpa Judul (Baroque),Baroque,wikiart_04978.jpg,,85.60,107.50,45000000,2024-11-08T18:15:15Z
fef289b0-8b66-5447-86d0-4b48483c5cdf,23ba78b5-421a-5447-b022-5a66fe8d084d,Tanpa Judul (Cubism),Cubism,wikiart_02009.jpg,,31.20,38.80,5200000,2026-06-13T00:05:59Z
cd73954f-d1d5-55e2-b3c6-74bc79e1b535,951be198-4893-5acc-9f1d-ab202e87291b,Tanpa Judul (Post Impressionism),Post_Impressionism,wikiart_05558.jpg,,94.40,73.50,240000000,2025-04-18T01:52:05Z
158675a8-888c-5686-8071-084b8232d2fe,951be198-4893-5acc-9f1d-ab202e87291b,Tanpa Judul (Post Impressionism),Post_Impressionism,wikiart_05151.jpg,,59.50,73.20,180000000,2024-11-05T01:31:10Z
078beff1-ac0c-5628-a280-4cb6ec2ecc94,c868fe01-5c24-57bf-8ffb-fdc6d3ae09a2,Tanpa Judul (Naive Art Primitivism),Naive_Art_Primitivism,wikiart_00949.jpg,,59.90,77.80,17000000,2026-02-05T02:10:38Z
5eba8a28-192d-564d-b508-f96a995dbea4,a531998d-b66d-5191-a7da-a567327512a7,Tanpa Judul (Symbolism),Symbolism,wikiart_01635.jpg,,29.40,19.20,58000000,2024-10-11T19:31:39Z
7d2f5914-8c54-50ce-988d-d513a4311288,951be198-4893-5acc-9f1d-ab202e87291b,Tanpa Judul (Post Impressionism),Post_Impressionism,wikiart_04146.jpg,,52.40,71.20,180000000,2024-10-27T05:59:08Z
b50ae27c-f18c-5e8e-b071-dc7855e1c861,951be198-4893-5acc-9f1d-ab202e87291b,Tanpa Judul (Post Impressionism),Post_Impressionism,wikiart_04405.jpg,,96.40,76.90,250000000,2025-05-15T10:31:45Z
bd0b2e70-191a-5f1f-a360-a41d46a39729,c868fe01-5c24-57bf-8ffb-fdc6d3ae09a2,Tanpa Judul (Naive Art Primitivism),Naive_Art_Primitivism,wikiart_01618.jpg,,51.70,71.80,7900000,2024-12-07T20:01:32Z
db1cf5fd-80f7-5340-a90d-605071187122,6fe7b986-2984-567c-a4cc-509a0769266a,Tanpa Judul (Romanticism),Romanticism,wikiart_05331.jpg,,77.00,61.80,24000000,2024-10-01T00:10:47Z
a433b2a1-7f1f-5530-ad42-2556c2d4b2b1,a531998d-b66d-5191-a7da-a567327512a7,Tanpa Judul (Art Nouveau),Art_Nouveau,wikiart_00179.jpg,,60.70,41.20,130000000,2026-02-25T13:09:12Z
2aa2b46a-bc93-5a40-ac96-027ba8d57765,dad52c43-2eab-5272-a61d-dca032e6b1db,Tanpa Judul (Art Nouveau),Art_Nouveau,wikiart_04048.jpg,,87.00,129.50,6900000,2026-07-05T10:26:38Z
0e102d63-ff8f-5e6b-bbdc-2a5d6e668cb1,5d9ef8fa-9d26-5e45-87a1-4a45f17d0980,Tanpa Judul (Baroque),Baroque,wikiart_05297.jpg,,64.20,82.10,55000000,2026-07-11T12:55:11Z
8bdb3652-c449-5159-a883-855792d565cb,3e92a01c-1f80-5c38-9903-fe409c3d5d61,Tanpa Judul (Impressionism),Impressionism,wikiart_01794.jpg,,43.30,30.80,17000000,2025-04-21T11:43:04Z
5b4d7cee-02c8-52d9-b089-f4960fc51927,5d9ef8fa-9d26-5e45-87a1-4a45f17d0980,Tanpa Judul (Baroque),Baroque,wikiart_03038.jpg,,61.20,77.70,37000000,2026-01-10T06:29:51Z
7d727ddb-b80f-5df8-80a1-636d7f187c54,951be198-4893-5acc-9f1d-ab202e87291b,Tanpa Judul (Post Impressionism),Post_Impressionism,wikiart_02684.jpg,,105.10,54.50,160000000,2024-10-28T08:00:46Z
5ddad8f1-12e2-5786-8d35-c12f1acb99da,51c4d53d-91bb-5b40-bf86-1f46a9aa18a6,Tanpa Judul (Impressionism),Impressionism,wikiart_03179.jpg,,71.40,56.90,300000000,2025-03-27T05:56:11Z
2c28526e-be2b-5f2e-aa81-b9d9c7213f1b,a6782ff2-13ef-5b2b-a432-7d121a6ae6c4,Tanpa Judul (Expressionism),Expressionism,wikiart_02814.jpg,,57.60,42.40,12000000,2025-09-09T18:45:07Z
53d13623-0761-554d-b668-e79215702755,3ecb7039-f69e-55cd-869d-c7d7cf0962f6,Tanpa Judul (Post Impressionism),Post_Impressionism,wikiart_01471.jpg,,132.10,100.70,84000000,2026-07-24T16:34:56Z
83c00135-2bc1-5794-abe3-b7e973b04fe3,1d25dbba-d1e1-5b79-bb67-3d22aced6cb8,Tanpa Judul (Realism),Realism,wikiart_03114.jpg,,90.00,63.30,15000000,2024-12-14T22:32:00Z
66e2dad2-2178-551e-b284-a05f5e66f04f,51c4d53d-91bb-5b40-bf86-1f46a9aa18a6,Tanpa Judul (Impressionism),Impressionism,wikiart_01705.jpg,,79.90,64.10,400000000,2024-10-05T19:43:01Z
540a48d5-6f4e-5054-9064-32f33a7cd920,1d25dbba-d1e1-5b79-bb67-3d22aced6cb8,Tanpa Judul (Realism),Realism,wikiart_03600.jpg,,67.00,52.10,8100000,2024-10-15T13:30:27Z
348f33c8-4490-580e-9b73-d814b91d104a,3ecb7039-f69e-55cd-869d-c7d7cf0962f6,Tanpa Judul (Realism),Realism,wikiart_01782.jpg,,77.50,76.80,36000000,2026-07-12T05:46:31Z
45109d7d-5175-5630-b2fe-37d520f0c67d,04432a0f-51e1-5293-a8dc-89755e574853,Tanpa Judul (Impressionism),Impressionism,wikiart_03423.jpg,,78.40,101.30,61000000,2025-12-26T17:41:17Z
de0649c2-892b-5173-87f3-b53210592193,51c4d53d-91bb-5b40-bf86-1f46a9aa18a6,Tanpa Judul (Impressionism),Impressionism,wikiart_03264.jpg,,27.90,17.70,73000000,2026-02-01T03:12:26Z
87232a9d-2906-5584-b223-af11d79237bf,951be198-4893-5acc-9f1d-ab202e87291b,Tanpa Judul (Realism),Realism,wikiart_05282.jpg,,68.90,49.30,110000000,2026-04-15T23:03:18Z
2711e0a1-5831-5dbb-bcf1-c48a3f9f2f21,64668e48-371b-5ffb-8837-9c4fd033feec,Tanpa Judul (Romanticism),Romanticism,wikiart_04663.jpg,,56.70,39.60,9400000,2024-10-31T09:37:21Z
f1cebf43-93b8-5ecc-8b5d-29a58e7856cd,c868fe01-5c24-57bf-8ffb-fdc6d3ae09a2,Tanpa Judul (Naive Art Primitivism),Naive_Art_Primitivism,wikiart_05566.jpg,,50.40,66.60,8900000,2024-11-21T06:30:40Z
a30e2adf-6aa7-5e45-aa5a-bb8a91c95c7a,04432a0f-51e1-5293-a8dc-89755e574853,Tanpa Judul (Impressionism),Impressionism,wikiart_01527.jpg,,56.00,80.00,52000000,2026-08-03T16:51:24Z
9eb9d6ef-0d6e-573d-b005-21335f0c5be1,3dbb220d-08c5-5e68-b9e9-4282c0cc891f,Tanpa Judul (Northern Renaissance),Northern_Renaissance,wikiart_00775.jpg,,34.80,47.60,26000000,2026-08-27T02:26:47Z
b15ba806-6ff3-5049-9e25-adc4256a5b4b,dd4aa9b5-3247-5ea3-9589-db5aa169c4e0,Tanpa Judul (Post Impressionism),Post_Impressionism,wikiart_01228.jpg,,31.90,26.10,2800000,2026-09-04T23:16:20Z
5d0000b9-a568-5a60-b3d9-b82ac1110d5f,3e92a01c-1f80-5c38-9903-fe409c3d5d61,Tanpa Judul (Impressionism),Impressionism,wikiart_01500.jpg,,92.80,76.20,78000000,2024-10-16T11:28:03Z
7fd4d0aa-eb41-57a2-bbd8-f63b51832847,7cf14239-60d5-5ff0-9270-0d2dd0d62e05,Tanpa Judul (Symbolism),Symbolism,wikiart_04366.jpg,,70.50,96.60,14000000,2026-01-04T09:35:19Z
c4bd5a76-1554-53c1-919e-e980fadb1d6d,951be198-4893-5acc-9f1d-ab202e87291b,Tanpa Judul (Post Impressionism),Post_Impressionism,wikiart_05017.jpg,,25.80,28.60,75000000,2025-11-06T15:24:37Z
dcea5196-ee11-5b81-b2f1-ae0ecb928dd3,5a27ac9a-1e04-52e2-8392-12edbe43c594,Tanpa Judul (Impressionism),Impressionism,wikiart_04189.jpg,,49.00,29.70,4200000,2024-11-14T20:19:27Z
87fb1800-fe55-5801-8caf-929437d5fafd,3ecb7039-f69e-55cd-869d-c7d7cf0962f6,Tanpa Judul (Cubism),Cubism,wikiart_02111.jpg,,81.70,65.40,65000000,2024-10-31T18:31:43Z
9b4df758-ffa7-5835-86ec-c43778513341,1d876d41-bc7a-55ee-91cf-65ffb2a4048b,Tanpa Judul (Impressionism),Impressionism,wikiart_04878.jpg,,54.40,72.60,75000000,2024-10-31T19:56:22Z
c5b7e1a2-0161-5bca-8100-4ee38ee0267e,dd4aa9b5-3247-5ea3-9589-db5aa169c4e0,Tanpa Judul (Post Impressionism),Post_Impressionism,wikiart_01437.jpg,,92.80,68.10,5300000,2024-12-04T14:37:34Z
b0c37bd2-cfd9-536b-bf4c-8a5010bbd60d,3dbb220d-08c5-5e68-b9e9-4282c0cc891f,Tanpa Judul (Northern Renaissance),Northern_Renaissance,wikiart_04799.jpg,,86.60,135.80,120000000,2025-12-25T07:34:48Z
1f53a83d-b539-524a-8ca9-a7e598337388,dad52c43-2eab-5272-a61d-dca032e6b1db,Tanpa Judul (Art Nouveau),Art_Nouveau,wikiart_01496.jpg,,37.30,57.20,2400000,2025-05-17T10:26:53Z
70f3811b-d2a7-559f-b2e1-96b310cf2cef,3ecb7039-f69e-55cd-869d-c7d7cf0962f6,Tanpa Judul (Expressionism),Expressionism,wikiart_00824.jpg,,57.10,44.50,25000000,2025-05-08T03:16:18Z
dca6b2bc-915c-5978-a2f7-e9d47d9a22fa,dbc6f383-447d-5f26-a2f4-86753b3c416a,Tanpa Judul (Impressionism),Impressionism,wikiart_05417.jpg,,51.30,75.40,17000000,2024-11-26T07:38:16Z
5dce1725-1b3f-5488-bf59-6a76f9f2043e,64668e48-371b-5ffb-8837-9c4fd033feec,Tanpa Judul (Romanticism),Romanticism,wikiart_00547.jpg,,36.90,22.20,3600000,2026-05-06T09:04:06Z
1a9a6cf4-57a5-56e0-9f8f-42c6a0aef05c,a531998d-b66d-5191-a7da-a567327512a7,Tanpa Judul (Realism),Realism,wikiart_02841.jpg,,36.10,27.50,47000000,2026-09-02T01:36:12Z
c33aacdb-6e12-5194-8b2a-ffb242231178,5d9ef8fa-9d26-5e45-87a1-4a45f17d0980,Tanpa Judul (Baroque),Baroque,wikiart_01601.jpg,,45.30,55.40,26000000,2025-12-31T09:07:17Z
17fde253-c3e7-590d-8ca1-5686b6db747d,5a27ac9a-1e04-52e2-8392-12edbe43c594,Tanpa Judul (Impressionism),Impressionism,wikiart_01873.jpg,,47.90,28.20,3000000,2026-08-19T07:41:09Z
d6fa5897-0725-59a6-9b22-6490d96a1c0a,5a27ac9a-1e04-52e2-8392-12edbe43c594,Tanpa Judul (Impressionism),Impressionism,wikiart_02981.jpg,,66.30,46.10,4700000,2026-07-05T14:00:37Z
f65ec0d2-a533-5a7e-b1c3-9b7a40f965ce,dad52c43-2eab-5272-a61d-dca032e6b1db,Tanpa Judul (Art Nouveau),Art_Nouveau,wikiart_00038.jpg,,86.50,131.10,6500000,2024-11-09T08:31:29Z
ce29a1f6-b7d7-58f9-8481-9c54a7692c32,3ecb7039-f69e-55cd-869d-c7d7cf0962f6,Tanpa Judul (Post Impressionism),Post_Impressionism,wikiart_04985.jpg,,71.80,48.20,16000000,2025-01-20T14:43:11Z
e33186bc-553f-5cec-9c26-28a18a813e68,3dbb220d-08c5-5e68-b9e9-4282c0cc891f,Tanpa Judul (Northern Renaissance),Northern_Renaissance,wikiart_03305.jpg,,78.00,93.90,44000000,2025-03-03T19:45:58Z
9d97a2ad-2aaa-5b67-8dd5-a26608d55c0c,5efed142-8369-554d-9ba2-c2f081036319,Tanpa Judul (Realism),Realism,wikiart_03389.jpg,,54.70,71.50,30000000,2024-11-03T12:49:37Z
63078eef-3a0a-599e-975d-9095328eea7f,3e92a01c-1f80-5c38-9903-fe409c3d5d61,Tanpa Judul (Impressionism),Impressionism,wikiart_02371.jpg,,74.10,101.60,82000000,2024-10-23T12:35:33Z
4f552452-2189-5b42-a2bf-d61a584996c0,a6782ff2-13ef-5b2b-a432-7d121a6ae6c4,Tanpa Judul (Realism),Realism,wikiart_00214.jpg,,57.00,76.00,5800000,2025-04-24T11:40:40Z
15fdc8da-2d9c-5421-ad45-f7eac3dd1ae9,a6782ff2-13ef-5b2b-a432-7d121a6ae6c4,Tanpa Judul (Symbolism),Symbolism,wikiart_00796.jpg,,51.40,25.30,3400000,2024-10-19T12:47:59Z
1bf89249-ead6-5bd6-97a0-cef231a27b99,c868fe01-5c24-57bf-8ffb-fdc6d3ae09a2,Tanpa Judul (Naive Art Primitivism),Naive_Art_Primitivism,wikiart_01048.jpg,,116.60,145.40,21000000,2024-11-27T04:59:33Z
651e7a61-34c8-5aef-ac20-f9a8f6492cf8,51c4d53d-91bb-5b40-bf86-1f46a9aa18a6,Tanpa Judul (Impressionism),Impressionism,wikiart_04440.jpg,,26.50,24.00,110000000,2025-06-19T10:29:05Z
c5d03f92-aa6d-5593-928e-3b2857ad1853,951be198-4893-5acc-9f1d-ab202e87291b,Tanpa Judul (Post Impressionism),Post_Impressionism,wikiart_03619.jpg,,31.10,35.20,70000000,2026-09-16T20:00:34Z
8ce8c27d-3317-5370-a108-59b0c2792e1c,dbc6f383-447d-5f26-a2f4-86753b3c416a,Tanpa Judul (Realism),Realism,wikiart_00999.jpg,,68.60,49.00,13000000,2026-08-24T23:20:14Z
3e84883e-14fe-5054-b7e3-c1c131cdea3b,1d876d41-bc7a-55ee-91cf-65ffb2a4048b,Tanpa Judul (Impressionism),Impressionism,wikiart_03553.jpg,,54.70,70.00,70000000,2026-04-20T01:16:42Z
6b93e7eb-ebde-56c9-88a7-42103f1ddc44,7cf14239-60d5-5ff0-9270-0d2dd0d62e05,Tanpa Judul (Expressionism),Expressionism,wikiart_02162.jpg,,36.30,24.20,7900000,2026-04-29T13:17:47Z
830ff9e5-41a2-5091-9bf2-1d5c5b9826f9,04432a0f-51e1-5293-a8dc-89755e574853,Tanpa Judul (Impressionism),Impressionism,wikiart_02387.jpg,,41.50,34.40,17000000,2026-09-11T11:24:32Z
408225fd-f178-5247-9d4f-60e72024efee,951be198-4893-5acc-9f1d-ab202e87291b,Tanpa Judul (Realism),Realism,wikiart_00383.jpg,,43.40,27.00,51000000,2024-10-05T23:30:25Z
c927d082-7241-5f9f-8bd0-d41d81f3980b,3ecb7039-f69e-55cd-869d-c7d7cf0962f6,Tanpa Judul (Post Impressionism),Post_Impressionism,wikiart_03560.jpg,,82.00,59.20,55000000,2026-07-02T18:35:09Z
7e51e53f-e824-5fcd-8826-f1a6740351d8,04432a0f-51e1-5293-a8dc-89755e574853,Tanpa Judul (Impressionism),Impressionism,wikiart_05640.jpg,,91.70,65.50,39000000,2024-10-26T21:12:01Z
07040069-b09e-5004-ae84-57f3a654f363,dd4aa9b5-3247-5ea3-9589-db5aa169c4e0,Tanpa Judul (Post Impressionism),Post_Impressionism,wikiart_03986.jpg,,106.50,128.90,8600000,2025-11-07T19:16:57Z
55548793-af52-587c-8697-a00cb0dbfadf,dd4aa9b5-3247-5ea3-9589-db5aa169c4e0,Tanpa Judul (Impressionism),Impressionism,wikiart_05194.jpg,,34.40,15.80,1900000,2025-10-01T07:54:17Z
cc93e3f0-b86c-55c2-b0cb-4d198c38015e,c868fe01-5c24-57bf-8ffb-fdc6d3ae09a2,Tanpa Judul (Naive Art Primitivism),Naive_Art_Primitivism,wikiart_03540.jpg,,37.20,49.60,9000000,2024-10-28T10:12:21Z
2c8262de-38db-5ce7-a1ce-98d2a02cbc49,21a4ae7e-8f05-5294-9e2d-32d96779246e,Tanpa Judul (Realism),Realism,wikiart_05658.jpg,,36.30,23.90,2100000,2024-12-03T05:08:17Z
65555fb5-3694-5e6b-a6fd-e4715b2ac572,04432a0f-51e1-5293-a8dc-89755e574853,Tanpa Judul (Impressionism),Impressionism,wikiart_03122.jpg,,94.20,123.40,69000000,2024-10-16T21:02:43Z
df340ed1-5a2f-5871-a759-1fcc5437b68c,3ecb7039-f69e-55cd-869d-c7d7cf0962f6,Tanpa Judul (Post Impressionism),Post_Impressionism,wikiart_05389.jpg,,69.40,95.80,56000000,2025-05-02T17:58:25Z
a3beef7d-e160-576e-b177-5e39ca0798ba,51c4d53d-91bb-5b40-bf86-1f46a9aa18a6,Tanpa Judul (Impressionism),Impressionism,wikiart_03261.jpg,,61.70,49.70,160000000,2024-10-23T14:35:41Z
e18bc640-3aed-5880-8281-3c544907e566,5efed142-8369-554d-9ba2-c2f081036319,Tanpa Judul (Impressionism),Impressionism,wikiart_03363.jpg,,65.00,132.80,62000000,2025-08-04T15:17:24Z
3f8dedef-81a9-5162-9bf4-59f3eb4eb26b,51c4d53d-91bb-5b40-bf86-1f46a9aa18a6,Tanpa Judul (Impressionism),Impressionism,wikiart_03830.jpg,,58.80,44.10,120000000,2024-10-31T08:08:16Z
34e3a0af-8377-5449-8a16-7dc3f0d0b7a2,5efed142-8369-554d-9ba2-c2f081036319,Tanpa Judul (Realism),Realism,wikiart_01699.jpg,,40.50,62.40,22000000,2025-12-21T06:06:08Z
dad83e2b-ffd8-5e9a-a7cf-a1d706cdd25a,951be198-4893-5acc-9f1d-ab202e87291b,Tanpa Judul (Post Impressionism),Post_Impressionism,wikiart_02886.jpg,,71.80,90.40,230000000,2026-02-02T20:17:10Z
192c22c3-1941-55d2-8f3f-066d5297eaf9,5d9ef8fa-9d26-5e45-87a1-4a45f17d0980,Tanpa Judul (Baroque),Baroque,wikiart_02339.jpg,,56.20,38.70,25000000,2024-10-23T21:43:43Z
5c73b1db-57b0-56a2-a8d9-f9c98c6a22dd,51c4d53d-91bb-5b40-bf86-1f46a9aa18a6,Tanpa Judul (Impressionism),Impressionism,wikiart_00148.jpg,,39.40,28.70,81000000,2024-10-19T02:47:11Z
49cbb133-8880-53a9-812d-d0a0d4332b75,dad52c43-2eab-5272-a61d-dca032e6b1db,Tanpa Judul (Art Nouveau),Art_Nouveau,wikiart_03526.jpg,,73.40,113.80,5200000,2025-01-15T06:43:46Z
2c6ce642-d0b1-58e5-bd6b-fcb197d7bbae,3e92a01c-1f80-5c38-9903-fe409c3d5d61,Tanpa Judul (Impressionism),Impressionism,wikiart_03581.jpg,,51.70,32.80,18000000,2025-05-09T00:39:08Z
224a5eac-43f5-592e-af37-58a677d47fb3,3ecb7039-f69e-55cd-869d-c7d7cf0962f6,Tanpa Judul (Realism),Realism,wikiart_00202.jpg,,65.00,52.60,20000000,2024-10-17T03:20:36Z
930ecb49-6a19-5bd9-b97d-bdfa4b82d3a1,a531998d-b66d-5191-a7da-a567327512a7,Tanpa Judul (Art Nouveau),Art_Nouveau,wikiart_02855.jpg,,57.40,43.00,150000000,2026-08-08T02:31:30Z
33908291-b269-567e-a365-72904f1f8c85,d9c76b21-7320-5d80-9265-153dfdbc0c20,Tanpa Judul (Impressionism),Impressionism,wikiart_03547.jpg,,82.00,63.60,7300000,2026-09-26T15:42:23Z
9998f4c5-d789-53c0-bc32-cf8dc92e59f1,5a27ac9a-1e04-52e2-8392-12edbe43c594,Tanpa Judul (Impressionism),Impressionism,wikiart_01555.jpg,,64.80,42.10,3600000,2024-11-26T09:47:30Z
ab56a64c-b79d-5092-8002-0652f839ad06,a531998d-b66d-5191-a7da-a567327512a7,Tanpa Judul (Symbolism),Symbolism,wikiart_04346.jpg,,44.00,20.50,35000000,2026-03-15T05:04:27Z
b8682cd4-1750-5e49-9ac2-e22729f5a5da,23ba78b5-421a-5447-b022-5a66fe8d084d,Tanpa Judul (Symbolism),Symbolism,wikiart_04144.jpg,,67.20,94.30,5500000,2025-10-19T15:00:04Z
b6f46f74-53c3-5583-b127-2a86c7c93e84,3ecb7039-f69e-55cd-869d-c7d7cf0962f6,Tanpa Judul (Post Impressionism),Post_Impressionism,wikiart_05496.jpg,,67.90,84.00,31000000,2024-10-26T05:43:01Z
c4f7aa40-4569-56fb-b8d6-6f046453ddf1,1d876d41-bc7a-55ee-91cf-65ffb2a4048b,Tanpa Judul (Impressionism),Impressionism,wikiart_05058.jpg,,71.80,90.20,110000000,2025-01-13T23:54:46Z
a4176405-c59a-59f6-9e0f-fdbae3e29e24,6fe7b986-2984-567c-a4cc-509a0769266a,Tanpa Judul (Romanticism),Romanticism,wikiart_02480.jpg,,86.20,111.90,24000000,2024-11-29T09:38:09Z
7ed552db-962e-5e78-a1a4-2d32fefa1f0c,a531998d-b66d-5191-a7da-a567327512a7,Tanpa Judul (Symbolism),Symbolism,wikiart_05116.jpg,,48.40,33.60,70000000,2026-09-16T20:02:54Z
7b42eccd-e1e0-533b-8db3-9b7f17ef88d9,3ecb7039-f69e-55cd-869d-c7d7cf0962f6,Tanpa Judul (Cubism),Cubism,wikiart_00567.jpg,,75.80,68.70,48000000,2026-09-13T04:19:21Z
b97f318e-1804-59ef-9e26-688569654a14,51c4d53d-91bb-5b40-bf86-1f46a9aa18a6,Tanpa Judul (Impressionism),Impressionism,wikiart_00481.jpg,,32.80,27.00,79000000,2025-05-23T19:13:20Z
cd99847e-dc59-5455-a4e8-042b501d96d4,a6782ff2-13ef-5b2b-a432-7d121a6ae6c4,Tanpa Judul (Expressionism),Expressionism,wikiart_01979.jpg,,57.50,61.90,8300000,2025-03-25T05:48:55Z
7be5367c-9cac-5175-a3de-4cea1464f8d4,04432a0f-51e1-5293-a8dc-89755e574853,Tanpa Judul (Impressionism),Impressionism,wikiart_05026.jpg,,54.50,57.80,26000000,2025-03-16T20:37:52Z
1879737f-d682-5821-8f80-4f1465eef09e,7cf14239-60d5-5ff0-9270-0d2dd0d62e05,Tanpa Judul (Expressionism),Expressionism,wikiart_00045.jpg,,99.60,137.50,24000000,2025-09-18T11:54:49Z
515e5eb0-2190-538b-ac8f-fdee6044c517,3ecb7039-f69e-55cd-869d-c7d7cf0962f6,Tanpa Judul (Realism),Realism,wikiart_00856.jpg,,56.80,45.00,14000000,2025-03-12T16:16:45Z
21c1ddc7-e714-5bb2-83ff-dbf4c6d1f2b2,04432a0f-51e1-5293-a8dc-89755e574853,Tanpa Judul (Impressionism),Impressionism,wikiart_04688.jpg,,74.20,101.40,44000000,2026-01-15T10:58:08Z
e7c71da9-e7a5-5046-aa28-13aeb12d990c,5a27ac9a-1e04-52e2-8392-12edbe43c594,Tanpa Judul (Impressionism),Impressionism,wikiart_03978.jpg,,32.40,19.10,2500000,2024-11-24T09:27:21Z
9bd099e4-d7a3-5225-80fe-8680afbf5281,951be198-4893-5acc-9f1d-ab202e87291b,Tanpa Judul (Post Impressionism),Post_Impressionism,wikiart_02987.jpg,,53.00,43.90,130000000,2024-10-17T17:10:15Z
d71573a5-0a33-5b33-a69d-77fc7f4b3584,04432a0f-51e1-5293-a8dc-89755e574853,Tanpa Judul (Impressionism),Impressionism,wikiart_00374.jpg,,44.60,62.10,36000000,2024-10-29T03:15:59Z
f810c02a-1442-5457-8d60-bc708a1a8620,dad52c43-2eab-5272-a61d-dca032e6b1db,Tanpa Judul (Art Nouveau),Art_Nouveau,wikiart_01209.jpg,,142.70,272.30,7800000,2026-04-19T04:49:45Z
17cdd1ff-cab5-5ab0-88ba-89fe87dfb238,21a4ae7e-8f05-5294-9e2d-32d96779246e,Tanpa Judul (Realism),Realism,wikiart_01656.jpg,,47.50,34.80,3300000,2025-05-24T00:45:20Z
c012c748-3935-5b6e-99cb-cc2b1b367efe,1d25dbba-d1e1-5b79-bb67-3d22aced6cb8,Tanpa Judul (Realism),Realism,wikiart_02157.jpg,,61.60,81.50,6100000,2025-09-08T06:48:39Z
9a4bf06b-8472-51ec-b7b3-3ba095eeeb71,3e92a01c-1f80-5c38-9903-fe409c3d5d61,Tanpa Judul (Impressionism),Impressionism,wikiart_05247.jpg,,62.70,75.00,55000000,2026-01-21T08:44:28Z
665144d1-d237-5681-9c1b-d82ab31ff866,3dbb220d-08c5-5e68-b9e9-4282c0cc891f,Tanpa Judul (Northern Renaissance),Northern_Renaissance,wikiart_04338.jpg,,34.40,39.00,23000000,2026-04-27T06:26:39Z
e999105d-9ef4-5f4b-9523-67c01750c1cc,951be198-4893-5acc-9f1d-ab202e87291b,Tanpa Judul (Realism),Realism,wikiart_05567.jpg,,49.90,62.00,75000000,2025-05-12T06:26:17Z
973b4a10-e2cb-57c4-9dfa-6e98ad00e911,21a4ae7e-8f05-5294-9e2d-32d96779246e,Tanpa Judul (Realism),Realism,wikiart_00579.jpg,,69.10,76.80,6700000,2026-03-16T09:57:14Z
077fec2d-b320-54bd-a5bb-2d4a3fb5d0b6,951be198-4893-5acc-9f1d-ab202e87291b,Tanpa Judul (Realism),Realism,wikiart_04495.jpg,,61.80,36.70,82000000,2025-04-26T23:18:14Z
1c18f330-e3a0-5c45-8b4a-4340319c6f6b,a531998d-b66d-5191-a7da-a567327512a7,Tanpa Judul (Symbolism),Symbolism,wikiart_02619.jpg,,26.80,17.60,40000000,2024-10-31T06:08:53Z
996de3f2-b3ae-5236-933b-445cde899be4,3e92a01c-1f80-5c38-9903-fe409c3d5d61,Tanpa Judul (Impressionism),Impressionism,wikiart_03335.jpg,,49.20,39.50,25000000,2025-08-24T18:57:23Z
4796adc5-efdd-526e-9ebe-edda534b3e00,951be198-4893-5acc-9f1d-ab202e87291b,Tanpa Judul (Realism),Realism,wikiart_05596.jpg,,85.80,62.30,110000000,2024-11-08T10:01:01Z
e6e9b202-fe5d-51e8-8a91-4cacd31d0e44,d9c76b21-7320-5d80-9265-153dfdbc0c20,Tanpa Judul (Impressionism),Impressionism,wikiart_01512.jpg,,73.70,73.40,5400000,2026-09-14T23:33:54Z
a155c59e-5b42-56c0-a2e3-e606147fc036,5d9ef8fa-9d26-5e45-87a1-4a45f17d0980,Tanpa Judul (Baroque),Baroque,wikiart_01276.jpg,,91.90,105.70,45000000,2026-04-16T18:53:59Z
292892b7-04ce-51ff-b3bf-b97d0ef7e039,64668e48-371b-5ffb-8837-9c4fd033feec,Tanpa Judul (Romanticism),Romanticism,wikiart_02598.jpg,,42.50,27.70,4500000,2026-07-28T13:01:17Z
074ceefa-9c1b-5c8f-9b64-e4bd17269baa,c868fe01-5c24-57bf-8ffb-fdc6d3ae09a2,Tanpa Judul (Naive Art Primitivism),Naive_Art_Primitivism,wikiart_03714.jpg,,93.90,123.10,13000000,2025-01-08T05:43:33Z
99735417-9e3f-5027-b5c8-1960f8aeb017,6fe7b986-2984-567c-a4cc-509a0769266a,Tanpa Judul (Romanticism),Romanticism,wikiart_00180.jpg,,59.10,73.50,17000000,2026-01-19T19:05:13Z
5fb395fb-fce6-5bf5-850f-533ba0346ded,1d876d41-bc7a-55ee-91cf-65ffb2a4048b,Tanpa Judul (Impressionism),Impressionism,wikiart_04503.jpg,,104.80,76.80,97000000,2024-11-27T09:54:27Z
d24055a5-6770-5fc0-8c20-1a1def6868f6,6fe7b986-2984-567c-a4cc-509a0769266a,Tanpa Judul (Romanticism),Romanticism,wikiart_01031.jpg,,60.10,76.10,38000000,2025-04-20T08:32:47Z
5d7cf51d-3a59-5094-9747-0db7c332ce98,7cf14239-60d5-5ff0-9270-0d2dd0d62e05,Tanpa Judul (Realism),Realism,wikiart_01153.jpg,,29.30,33.70,2700000,2024-11-08T21:31:33Z
aa8e8271-edf2-52f9-9f59-f5006ae20a0c,a531998d-b66d-5191-a7da-a567327512a7,Tanpa Judul (Art Nouveau),Art_Nouveau,wikiart_00410.jpg,,80.80,47.10,92000000,2026-03-24T10:11:37Z
a8800f6d-b7d9-56be-9cf3-24d0d6ea0e79,5a27ac9a-1e04-52e2-8392-12edbe43c594,Tanpa Judul (Impressionism),Impressionism,wikiart_02122.jpg,,51.40,31.50,2800000,2026-03-09T12:37:42Z
47206600-1b41-51af-bc39-a87d5b6b8805,1d25dbba-d1e1-5b79-bb67-3d22aced6cb8,Tanpa Judul (Realism),Realism,wikiart_02803.jpg,,52.60,65.40,7500000,2026-06-25T02:19:34Z
4e7ed898-f86e-5613-b192-8c5fab0aa00d,951be198-4893-5acc-9f1d-ab202e87291b,Tanpa Judul (Realism),Realism,wikiart_01787.jpg,,36.10,53.70,70000000,2025-11-11T14:13:38Z
b470e030-c7e7-53ee-942b-4ed497fbe2ea,a531998d-b66d-5191-a7da-a567327512a7,Tanpa Judul (Art Nouveau),Art_Nouveau,wikiart_01598.jpg,,105.90,62.40,150000000,2026-08-05T10:49:34Z
43806b5c-6262-5c46-be80-8d5384512c03,1d876d41-bc7a-55ee-91cf-65ffb2a4048b,Tanpa Judul (Impressionism),Impressionism,wikiart_05318.jpg,,50.00,55.30,73000000,2026-07-08T11:52:47Z
a3a177b3-fc9f-53ee-a318-3db14acefb8f,d9c76b21-7320-5d80-9265-153dfdbc0c20,Tanpa Judul (Impressionism),Impressionism,wikiart_04113.jpg,,104.10,146.10,18000000,2024-11-15T07:05:54Z
4e6acde0-d4f5-5852-a3ac-3065704b0811,a531998d-b66d-5191-a7da-a567327512a7,Tanpa Judul (Symbolism),Symbolism,wikiart_03451.jpg,,51.60,34.50,99000000,2025-03-16T20:40:00Z
6aa4798e-a773-5b16-8aca-62bf74c1ffab,21a4ae7e-8f05-5294-9e2d-32d96779246e,Tanpa Judul (Realism),Realism,wikiart_02190.jpg,,43.40,56.40,4200000,2025-10-22T08:42:15Z
45f1b942-cb13-50e8-9dec-2016ddac6142,1d876d41-bc7a-55ee-91cf-65ffb2a4048b,Tanpa Judul (Impressionism),Impressionism,wikiart_01164.jpg,,95.20,119.80,150000000,2026-03-20T05:51:21Z
e725ece1-f474-5cdc-9885-977f72b1c045,1d876d41-bc7a-55ee-91cf-65ffb2a4048b,Tanpa Judul (Impressionism),Impressionism,wikiart_04358.jpg,,58.50,79.50,77000000,2026-09-10T15:02:10Z
91554518-3138-5040-9922-21ae379577c8,3ecb7039-f69e-55cd-869d-c7d7cf0962f6,Tanpa Judul (Expressionism),Expressionism,wikiart_03351.jpg,,58.70,47.90,32000000,2024-11-11T00:38:14Z
03d5ee39-2188-56c1-a417-cfb8141647f5,a6782ff2-13ef-5b2b-a432-7d121a6ae6c4,Tanpa Judul (Realism),Realism,wikiart_02297.jpg,,38.30,29.50,3500000,2024-10-12T17:27:25Z
87a4b51d-7a5c-533a-86fd-d5f60392691c,51c4d53d-91bb-5b40-bf86-1f46a9aa18a6,Tanpa Judul (Impressionism),Impressionism,wikiart_03723.jpg,,51.10,61.30,180000000,2025-06-06T21:19:37Z
617a43d5-66b1-55fd-81d3-26932af6d238,dd4aa9b5-3247-5ea3-9589-db5aa169c4e0,Tanpa Judul (Romanticism),Romanticism,wikiart_01942.jpg,,69.70,99.20,4600000,2024-11-12T03:55:19Z
17e1ba20-f9c6-52b4-916a-32e234a2324e,5efed142-8369-554d-9ba2-c2f081036319,Tanpa Judul (Impressionism),Impressionism,wikiart_04269.jpg,,38.10,26.90,14000000,2026-05-18T06:25:08Z
eada5ede-79a4-5a44-afff-b8d04ad2cc2d,3ecb7039-f69e-55cd-869d-c7d7cf0962f6,Tanpa Judul (Post Impressionism),Post_Impressionism,wikiart_02235.jpg,,49.70,39.50,24000000,2024-11-02T18:24:23Z
1b8100b1-371c-53fc-a51a-5712229a27cf,a531998d-b66d-5191-a7da-a567327512a7,Tanpa Judul (Symbolism),Symbolism,wikiart_00515.jpg,,51.80,35.40,84000000,2024-11-03T10:13:00Z
362980dc-4085-5d99-aaff-80518930cbc5,5efed142-8369-554d-9ba2-c2f081036319,Tanpa Judul (Realism),Realism,wikiart_01034.jpg,,61.40,81.80,25000000,2026-03-02T09:28:22Z
1254b9da-121b-57d2-8e2c-252dfa75af93,04432a0f-51e1-5293-a8dc-89755e574853,Tanpa Judul (Impressionism),Impressionism,wikiart_02098.jpg,,100.70,139.20,80000000,2025-07-23T16:47:40Z
8cf18162-364e-56fc-ae2d-8d68bee3a0aa,3dbb220d-08c5-5e68-b9e9-4282c0cc891f,Tanpa Judul (Northern Renaissance),Northern_Renaissance,wikiart_03099.jpg,,54.00,74.00,43000000,2025-01-13T17:37:16Z
950386d2-eca9-58f1-bda9-cfc3cb82720a,51c4d53d-91bb-5b40-bf86-1f46a9aa18a6,Tanpa Judul (Impressionism),Impressionism,wikiart_04419.jpg,,47.10,37.00,140000000,2025-12-19T02:09:13Z
40294d27-ea4b-5d5f-a8e5-ddb7490fcc7a,1d25dbba-d1e1-5b79-bb67-3d22aced6cb8,Tanpa Judul (Realism),Realism,wikiart_03720.jpg,,156.90,239.90,22000000,2025-10-15T22:30:11Z
9861d472-a72c-5c15-a2bb-1d81a9520f85,dbc6f383-447d-5f26-a2f4-86753b3c416a,Tanpa Judul (Realism),Realism,wikiart_03546.jpg,,51.60,40.30,8400000,2026-09-14T19:07:25Z
3cd35a8f-26e5-52ef-bd5c-b6bb8ceecdf0,a531998d-b66d-5191-a7da-a567327512a7,Tanpa Judul (Art Nouveau),Art_Nouveau,wikiart_02578.jpg,,56.10,37.10,52000000,2026-03-29T04:17:06Z
79e25e0d-2c04-5f90-9130-3f1d94125223,c868fe01-5c24-57bf-8ffb-fdc6d3ae09a2,Tanpa Judul (Naive Art Primitivism),Naive_Art_Primitivism,wikiart_01264.jpg,,52.90,64.40,7600000,2026-09-17T22:47:54Z
43f6508b-7e13-58b1-90d8-a86d3f7e3dfe,3ecb7039-f69e-55cd-869d-c7d7cf0962f6,Tanpa Judul (Realism),Realism,wikiart_05516.jpg,,54.50,62.30,15000000,2025-02-13T11:28:50Z
dc05ce21-32a9-593c-803e-52d9aa9e7850,3e92a01c-1f80-5c38-9903-fe409c3d5d61,Tanpa Judul (Impressionism),Impressionism,wikiart_01588.jpg,,61.70,74.10,49000000,2024-11-01T04:51:56Z
46d1f815-ad5c-542c-a7a4-eb1035288a49,64668e48-371b-5ffb-8837-9c4fd033feec,Tanpa Judul (Romanticism),Romanticism,wikiart_05456.jpg,,82.80,55.90,6300000,2024-10-17T10:08:34Z
6d265f0c-df79-5dec-adb1-5c2f48d1a5fc,a6782ff2-13ef-5b2b-a432-7d121a6ae6c4,Tanpa Judul (Post Impressionism),Post_Impressionism,wikiart_04718.jpg,,69.10,75.40,14000000,2026-03-02T23:51:55Z
3e47a0b3-d827-5a29-875b-db8a2a91f894,dd4aa9b5-3247-5ea3-9589-db5aa169c4e0,Tanpa Judul (Post Impressionism),Post_Impressionism,wikiart_02624.jpg,,87.50,72.10,5500000,2025-09-05T21:50:16Z
468c5be5-1a5e-5c2a-852c-917ca42fc342,a531998d-b66d-5191-a7da-a567327512a7,Tanpa Judul (Art Nouveau),Art_Nouveau,wikiart_01547.jpg,,86.50,130.70,280000000,2024-10-21T02:03:54Z
b6a59797-e54c-54ab-a990-e670aa6396ed,3e92a01c-1f80-5c38-9903-fe409c3d5d61,Tanpa Judul (Impressionism),Impressionism,wikiart_04236.jpg,,64.50,53.80,52000000,2024-11-13T17:20:36Z
be80c731-4300-5d20-8adf-9917440be076,51c4d53d-91bb-5b40-bf86-1f46a9aa18a6,Tanpa Judul (Impressionism),Impressionism,wikiart_05264.jpg,,68.40,51.40,180000000,2026-06-02T10:27:11Z
fe218019-1f87-5387-9fff-b2abec8421b6,51c4d53d-91bb-5b40-bf86-1f46a9aa18a6,Tanpa Judul (Impressionism),Impressionism,wikiart_00940.jpg,,88.40,60.30,220000000,2026-05-16T08:46:33Z
a4ac2ce6-5191-59c2-a9a4-c5dda3590fb6,dd4aa9b5-3247-5ea3-9589-db5aa169c4e0,Tanpa Judul (Impressionism),Impressionism,wikiart_02871.jpg,,40.70,32.10,1700000,2025-01-27T03:59:35Z
ea0c15e6-a291-525c-ba8a-2980a4d70953,a6782ff2-13ef-5b2b-a432-7d121a6ae6c4,Tanpa Judul (Realism),Realism,wikiart_00821.jpg,,143.80,99.70,13000000,2024-11-09T23:49:36Z
28ec0c9a-bd7d-5e7d-8617-5da55af38dad,23ba78b5-421a-5447-b022-5a66fe8d084d,Tanpa Judul (Expressionism),Expressionism,wikiart_05011.jpg,,50.10,41.00,5000000,2026-03-21T07:58:38Z
925433f4-0416-5998-bb11-9ec77ea5d607,3dbb220d-08c5-5e68-b9e9-4282c0cc891f,Tanpa Judul (Northern Renaissance),Northern_Renaissance,wikiart_04580.jpg,,53.10,64.50,38000000,2025-11-10T09:26:26Z
8e1c9982-ed3c-5644-82bb-f16123d080c3,04432a0f-51e1-5293-a8dc-89755e574853,Tanpa Judul (Impressionism),Impressionism,wikiart_01347.jpg,,39.30,34.90,21000000,2025-05-19T15:00:35Z
f02db5ce-425a-5f4b-88c5-f0de507fcc8d,951be198-4893-5acc-9f1d-ab202e87291b,Tanpa Judul (Post Impressionism),Post_Impressionism,wikiart_02193.jpg,,39.70,46.60,100000000,2024-10-30T09:12:51Z
046ed6cc-5298-55a7-a035-58d10198400a,51c4d53d-91bb-5b40-bf86-1f46a9aa18a6,Tanpa Judul (Impressionism),Impressionism,wikiart_02017.jpg,,84.40,67.20,350000000,2026-01-11T01:18:14Z
472aec9a-106f-5dc9-bbfd-fe250d106b64,51c4d53d-91bb-5b40-bf86-1f46a9aa18a6,Tanpa Judul (Impressionism),Impressionism,wikiart_02572.jpg,,132.80,98.60,380000000,2026-03-08T14:21:17Z
95a307c1-e13a-584e-b5a7-bdb273f5d066,1d876d41-bc7a-55ee-91cf-65ffb2a4048b,Tanpa Judul (Impressionism),Impressionism,wikiart_01669.jpg,,49.20,59.60,54000000,2026-01-18T02:05:38Z
18e1e36f-de30-56c4-80bc-ff0094a7fe97,7cf14239-60d5-5ff0-9270-0d2dd0d62e05,Tanpa Judul (Symbolism),Symbolism,wikiart_05131.jpg,,67.80,52.40,7200000,2026-03-09T09:02:40Z
9752913e-bb5c-587b-b10f-51161f3eab60,04432a0f-51e1-5293-a8dc-89755e574853,Tanpa Judul (Impressionism),Impressionism,wikiart_04694.jpg,,64.80,77.70,44000000,2025-01-14T11:07:53Z
51de8ce8-27a5-5bf6-ac48-d5f3449f076f,c868fe01-5c24-57bf-8ffb-fdc6d3ae09a2,Tanpa Judul (Naive Art Primitivism),Naive_Art_Primitivism,wikiart_01259.jpg,,85.20,112.30,18000000,2024-11-23T16:40:09Z
58702a38-961e-5010-b2e7-0af6bf05a1ec,3ecb7039-f69e-55cd-869d-c7d7cf0962f6,Tanpa Judul (Post Impressionism),Post_Impressionism,wikiart_01270.jpg,,130.40,109.10,110000000,2025-04-26T18:49:36Z
5c4c09dc-12be-578d-bc66-e86bbfb26783,04432a0f-51e1-5293-a8dc-89755e574853,Tanpa Judul (Impressionism),Impressionism,wikiart_05251.jpg,,102.20,76.70,67000000,2026-06-01T04:08:43Z
b0b93c39-9ccb-57f2-8db4-7057bdfc40cd,21a4ae7e-8f05-5294-9e2d-32d96779246e,Tanpa Judul (Realism),Realism,wikiart_04267.jpg,,55.20,88.00,5500000,2024-10-12T12:54:45Z
1af67378-2634-5039-8ca8-1ff6f826fa41,c868fe01-5c24-57bf-8ffb-fdc6d3ae09a2,Tanpa Judul (Naive Art Primitivism),Naive_Art_Primitivism,wikiart_01902.jpg,,72.20,110.80,15000000,2024-10-26T15:04:38Z
ff3ef7f1-ee75-5ecc-a5a9-1f3038911fde,a6782ff2-13ef-5b2b-a432-7d121a6ae6c4,Tanpa Judul (Realism),Realism,wikiart_04962.jpg,,74.80,62.60,13000000,2025-12-09T23:09:05Z
d61486f7-8132-5e21-b021-f1a48c16984b,a531998d-b66d-5191-a7da-a567327512a7,Tanpa Judul (Art Nouveau),Art_Nouveau,wikiart_03801.jpg,,59.60,37.60,100000000,2024-12-19T06:40:23Z
f5e1561b-918d-5563-8836-b7b78c99b5d8,951be198-4893-5acc-9f1d-ab202e87291b,Tanpa Judul (Post Impressionism),Post_Impressionism,wikiart_00199.jpg,,40.90,52.20,100000000,2025-08-14T03:11:16Z
b123085e-5f7b-5440-8bab-14d8ba7e5b7e,5efed142-8369-554d-9ba2-c2f081036319,Tanpa Judul (Realism),Realism,wikiart_04970.jpg,,45.40,63.70,24000000,2024-11-09T21:58:38Z
27c7ca63-40af-5331-ab35-d2bd98e3f87e,1d876d41-bc7a-55ee-91cf-65ffb2a4048b,Tanpa Judul (Impressionism),Impressionism,wikiart_02493.jpg,,89.70,113.90,170000000,2024-10-17T01:30:10Z
a35c968a-a51e-585d-8517-4c6153081d60,a6782ff2-13ef-5b2b-a432-7d121a6ae6c4,Tanpa Judul (Realism),Realism,wikiart_03240.jpg,,93.00,87.90,12000000,2024-10-29T07:57:12Z
88258c73-bb7b-51e8-824e-bc2ca0b939b8,c868fe01-5c24-57bf-8ffb-fdc6d3ae09a2,Tanpa Judul (Naive Art Primitivism),Naive_Art_Primitivism,wikiart_04111.jpg,,55.80,76.80,11000000,2026-09-23T06:15:38Z
50f3106b-4608-5dec-abd4-f3513db77175,5d9ef8fa-9d26-5e45-87a1-4a45f17d0980,Tanpa Judul (Baroque),Baroque,wikiart_00724.jpg,,65.70,106.60,56000000,2025-05-30T12:49:16Z
06866dae-322f-547b-b596-663e8cb25cf7,c868fe01-5c24-57bf-8ffb-fdc6d3ae09a2,Tanpa Judul (Naive Art Primitivism),Naive_Art_Primitivism,wikiart_04489.jpg,,91.20,123.80,25000000,2025-06-12T06:07:56Z
00bd0740-0f6a-5500-a5a8-6bd556395240,a6782ff2-13ef-5b2b-a432-7d121a6ae6c4,Tanpa Judul (Symbolism),Symbolism,wikiart_05532.jpg,,33.00,22.10,2000000,2025-04-01T20:40:49Z
6d941209-1662-5c1d-b022-360874d1f8f0,51c4d53d-91bb-5b40-bf86-1f46a9aa18a6,Tanpa Judul (Impressionism),Impressionism,wikiart_03606.jpg,,51.30,43.50,260000000,2024-11-27T04:32:26Z
4580f976-afda-5730-a1bc-f896779115d4,5a27ac9a-1e04-52e2-8392-12edbe43c594,Tanpa Judul (Impressionism),Impressionism,wikiart_00941.jpg,,121.60,83.00,8400000,2025-09-09T22:13:40Z
e398d797-3eee-54ec-abc2-6ec1de81b904,951be198-4893-5acc-9f1d-ab202e87291b,Tanpa Judul (Post Impressionism),Post_Impressionism,wikiart_03211.jpg,,66.60,82.50,240000000,2026-04-28T15:26:20Z
8cce198d-3050-5f2c-81b1-86d91d23077c,23ba78b5-421a-5447-b022-5a66fe8d084d,Tanpa Judul (Post Impressionism),Post_Impressionism,wikiart_03736.jpg,,40.40,30.20,4100000,2025-10-08T14:00:34Z
8f882d28-56db-5dda-b31d-ad6bfcd8ca5b,dbc6f383-447d-5f26-a2f4-86753b3c416a,Tanpa Judul (Realism),Realism,wikiart_05435.jpg,,62.50,41.50,13000000,2024-10-12T22:56:48Z
d96d9542-caa7-5853-beb2-083744d68cbe,5d9ef8fa-9d26-5e45-87a1-4a45f17d0980,Tanpa Judul (Baroque),Baroque,wikiart_00598.jpg,,85.80,95.40,48000000,2025-09-16T21:55:46Z
9236a144-911e-5368-9d5e-5484d1942888,d9c76b21-7320-5d80-9265-153dfdbc0c20,Tanpa Judul (Impressionism),Impressionism,wikiart_02670.jpg,,24.60,16.90,3400000,2024-10-05T01:40:17Z
9cc672d3-1f24-5ff2-905c-3a27e75b2e0c,64668e48-371b-5ffb-8837-9c4fd033feec,Tanpa Judul (Romanticism),Romanticism,wikiart_01781.jpg,,63.80,42.30,6700000,2024-11-11T19:45:26Z
3656bf12-961c-535b-9b4f-a7286e197e4b,3e92a01c-1f80-5c38-9903-fe409c3d5d61,Tanpa Judul (Impressionism),Impressionism,wikiart_02752.jpg,,52.70,63.30,36000000,2024-10-25T23:55:37Z
e654c5a3-7f2a-5404-a33f-dd3ae18c13b8,3e92a01c-1f80-5c38-9903-fe409c3d5d61,Tanpa Judul (Impressionism),Impressionism,wikiart_00436.jpg,,33.80,34.80,24000000,2024-11-23T11:58:05Z
a3bcf401-30a9-54d2-b8f4-0877abd631bb,c868fe01-5c24-57bf-8ffb-fdc6d3ae09a2,Tanpa Judul (Cubism),Cubism,wikiart_03833.jpg,,61.70,81.60,44000000,2024-10-17T10:32:53Z
feb08369-86f3-548d-bb17-f588badc35b8,951be198-4893-5acc-9f1d-ab202e87291b,Tanpa Judul (Realism),Realism,wikiart_05168.jpg,,57.20,78.90,74000000,2025-02-19T21:34:16Z
47ed54a4-6a2e-5276-9603-36c52ea415de,51c4d53d-91bb-5b40-bf86-1f46a9aa18a6,Tanpa Judul (Impressionism),Impressionism,wikiart_04200.jpg,,59.50,45.90,150000000,2024-10-09T11:05:50Z
fffc8a4b-96df-5c30-89c1-e96170be447b,5d9ef8fa-9d26-5e45-87a1-4a45f17d0980,Tanpa Judul (Baroque),Baroque,wikiart_03671.jpg,,53.10,36.00,28000000,2025-08-31T22:15:57Z
a6e54e20-ecef-568b-b07d-2ddb21e16b8b,dad52c43-2eab-5272-a61d-dca032e6b1db,Tanpa Judul (Art Nouveau),Art_Nouveau,wikiart_03829.jpg,,42.00,27.00,1700000,2026-08-24T11:36:51Z
3f8e8589-04d2-5dac-97c5-907b7fcd2c76,5efed142-8369-554d-9ba2-c2f081036319,Tanpa Judul (Impressionism),Impressionism,wikiart_04307.jpg,,36.10,28.80,15000000,2024-12-04T05:56:30Z
1c1c6d63-4b76-5ce1-9d05-505d3145a085,1d25dbba-d1e1-5b79-bb67-3d22aced6cb8,Tanpa Judul (Realism),Realism,wikiart_00136.jpg,,47.10,38.50,5900000,2025-11-24T06:49:14Z
79ca2f86-f703-5a25-9ef0-aeed97070518,6fe7b986-2984-567c-a4cc-509a0769266a,Tanpa Judul (Romanticism),Romanticism,wikiart_02201.jpg,,81.10,112.70,25000000,2026-03-08T17:31:55Z
dac67686-43d3-51e6-aa31-0b98889319d8,c868fe01-5c24-57bf-8ffb-fdc6d3ae09a2,Tanpa Judul (Naive Art Primitivism),Naive_Art_Primitivism,wikiart_02498.jpg,,65.10,87.70,13000000,2024-10-14T23:45:42Z
f0987492-f412-5ec6-a648-28b635fbacfe,5a27ac9a-1e04-52e2-8392-12edbe43c594,Tanpa Judul (Impressionism),Impressionism,wikiart_02721.jpg,,58.60,71.10,5400000,2026-01-06T16:59:27Z
4933c159-72b1-530f-be13-84556a3f266a,a531998d-b66d-5191-a7da-a567327512a7,Tanpa Judul (Symbolism),Symbolism,wikiart_02169.jpg,,41.70,26.10,54000000,2026-06-21T07:14:33Z
12a55080-62e6-5961-bc84-2efca3d069a4,951be198-4893-5acc-9f1d-ab202e87291b,Tanpa Judul (Post Impressionism),Post_Impressionism,wikiart_02944.jpg,,52.60,42.30,180000000,2026-04-26T13:16:14Z
35a1534d-a039-50c2-af23-7acd5b9b5323,7cf14239-60d5-5ff0-9270-0d2dd0d62e05,Tanpa Judul (Impressionism),Impressionism,wikiart_00993.jpg,,77.70,62.80,7500000,2026-08-11T20:51:28Z
3f92ef4d-a0f7-53b1-a60f-66a2049b73f2,951be198-4893-5acc-9f1d-ab202e87291b,Tanpa Judul (Realism),Realism,wikiart_02567.jpg,,71.60,110.10,120000000,2026-03-08T20:46:44Z
bc2c75c9-263a-565c-be9d-195767becaeb,a531998d-b66d-5191-a7da-a567327512a7,Tanpa Judul (Symbolism),Symbolism,wikiart_03016.jpg,,50.80,30.30,38000000,2025-07-14T10:16:55Z
757f74bc-611e-5b8b-8c48-2cb45f433a0c,04432a0f-51e1-5293-a8dc-89755e574853,Tanpa Judul (Impressionism),Impressionism,wikiart_00160.jpg,,24.10,31.60,25000000,2026-08-01T04:02:07Z
ddc6295d-239d-589a-9714-9e4d1b9fb3f9,3dbb220d-08c5-5e68-b9e9-4282c0cc891f,Tanpa Judul (Northern Renaissance),Northern_Renaissance,wikiart_02538.jpg,,47.40,45.40,25000000,2025-03-13T20:01:29Z
15c3998b-e4bb-5098-8555-19a97fa63ea1,1d876d41-bc7a-55ee-91cf-65ffb2a4048b,Tanpa Judul (Impressionism),Impressionism,wikiart_05365.jpg,,50.70,39.30,46000000,2025-11-29T08:26:13Z
798be472-2daa-5864-8bd0-5b958987afe2,a531998d-b66d-5191-a7da-a567327512a7,Tanpa Judul (Symbolism),Symbolism,wikiart_00402.jpg,,43.70,28.70,33000000,2026-04-10T15:11:58Z
7f300331-b4bb-5e52-9b69-27cbcc62d251,951be198-4893-5acc-9f1d-ab202e87291b,Tanpa Judul (Post Impressionism),Post_Impressionism,wikiart_02346.jpg,,51.90,70.50,150000000,2026-06-27T03:33:41Z
a3dfd416-62c6-5cdf-9ee4-e82226d12fdc,dad52c43-2eab-5272-a61d-dca032e6b1db,Tanpa Judul (Art Nouveau),Art_Nouveau,wikiart_01643.jpg,,79.80,124.90,7700000,2026-07-29T07:49:36Z
50730ae4-77ef-52a8-87bb-44d514d10715,51c4d53d-91bb-5b40-bf86-1f46a9aa18a6,Tanpa Judul (Impressionism),Impressionism,wikiart_05629.jpg,,59.20,19.70,120000000,2024-12-01T18:39:18Z
658c7846-4ecd-5c58-9760-d13e181fa670,3ecb7039-f69e-55cd-869d-c7d7cf0962f6,Tanpa Judul (Art Nouveau),Art_Nouveau,wikiart_04589.jpg,,84.80,59.60,22000000,2024-11-26T00:39:09Z
a74ab042-2587-59a8-a9c2-4491807aba9a,a531998d-b66d-5191-a7da-a567327512a7,Tanpa Judul (Symbolism),Symbolism,wikiart_05572.jpg,,35.40,28.60,34000000,2024-10-18T11:32:22Z
d7e85eab-5212-5a6d-a37e-7c4229f8247b,3e92a01c-1f80-5c38-9903-fe409c3d5d61,Tanpa Judul (Impressionism),Impressionism,wikiart_04706.jpg,,53.90,43.70,33000000,2026-04-20T10:04:32Z
5c2c2ba5-2c33-5f01-976f-e43471bd63ea,951be198-4893-5acc-9f1d-ab202e87291b,Tanpa Judul (Realism),Realism,wikiart_01625.jpg,,30.40,18.20,44000000,2024-11-18T09:48:32Z
58773c46-64bd-5e5d-a778-86dadf3d9e27,04432a0f-51e1-5293-a8dc-89755e574853,Tanpa Judul (Impressionism),Impressionism,wikiart_03161.jpg,,51.70,55.50,23000000,2025-02-09T20:14:09Z
24317a94-a301-5bfc-81a7-2883eb9dda68,dad52c43-2eab-5272-a61d-dca032e6b1db,Tanpa Judul (Art Nouveau),Art_Nouveau,wikiart_02613.jpg,,41.60,62.70,3300000,2026-05-29T11:13:14Z
24c0d154-7603-5c3e-aaee-dc0a08d0a2d9,d9c76b21-7320-5d80-9265-153dfdbc0c20,Tanpa Judul (Impressionism),Impressionism,wikiart_03221.jpg,,94.00,55.20,12000000,2025-09-01T17:17:27Z
57859472-2494-579b-95b8-d73a09da0a21,951be198-4893-5acc-9f1d-ab202e87291b,Tanpa Judul (Post Impressionism),Post_Impressionism,wikiart_04976.jpg,,69.30,94.70,170000000,2025-10-31T09:12:07Z
6f5c741f-0fc0-523d-80e7-bce5940b7e1c,5d9ef8fa-9d26-5e45-87a1-4a45f17d0980,Tanpa Judul (Baroque),Baroque,wikiart_02433.jpg,,85.60,97.40,68000000,2026-09-07T05:03:08Z
e71972d9-8afc-58b9-8246-d4599d5104f2,64668e48-371b-5ffb-8837-9c4fd033feec,Tanpa Judul (Romanticism),Romanticism,wikiart_00018.jpg,,51.60,41.80,4200000,2026-01-21T08:48:11Z
85a8f67a-5c5d-5862-8e36-ce6aa05f4bc9,a6782ff2-13ef-5b2b-a432-7d121a6ae6c4,Tanpa Judul (Symbolism),Symbolism,wikiart_05462.jpg,,42.00,30.40,3700000,2024-11-11T20:36:48Z
a3206e56-3db6-5d05-a2b3-8b23ff66b0e4,dd4aa9b5-3247-5ea3-9589-db5aa169c4e0,Tanpa Judul (Post Impressionism),Post_Impressionism,wikiart_00978.jpg,,41.50,34.20,5400000,2024-10-13T04:28:36Z
93862ba8-27e5-5592-bcae-ac02dc24afcc,a6782ff2-13ef-5b2b-a432-7d121a6ae6c4,Tanpa Judul (Realism),Realism,wikiart_02673.jpg,,65.80,89.10,6900000,2024-10-23T22:16:26Z
45c94c99-bdbe-53bf-a8f0-57240e671510,51c4d53d-91bb-5b40-bf86-1f46a9aa18a6,Tanpa Judul (Impressionism),Impressionism,wikiart_02779.jpg,,113.10,90.70,490000000,2024-10-20T07:30:48Z
e54047c6-8e16-5026-b1b5-03c45d37f2f0,5a27ac9a-1e04-52e2-8392-12edbe43c594,Tanpa Judul (Impressionism),Impressionism,wikiart_01287.jpg,,69.30,44.40,7400000,2025-05-31T07:38:06Z
3dd83a69-7ed6-5db3-94fa-055301f7cb83,51c4d53d-91bb-5b40-bf86-1f46a9aa18a6,Tanpa Judul (Impressionism),Impressionism,wikiart_02485.jpg,,52.60,50.80,120000000,2025-06-08T10:58:53Z
08e79130-854b-5c2b-afe0-905bd0cd1333,3e92a01c-1f80-5c38-9903-fe409c3d5d61,Tanpa Judul (Impressionism),Impressionism,wikiart_04960.jpg,,56.20,45.40,29000000,2025-10-21T13:11:56Z
c7ad9b49-0ab3-5f56-bc96-86a5cff02449,dd4aa9b5-3247-5ea3-9589-db5aa169c4e0,Tanpa Judul (Post Impressionism),Post_Impressionism,wikiart_04283.jpg,,59.30,39.90,3400000,2026-02-14T11:04:46Z
abbe9340-61ff-5ecf-8151-a44d0b10d936,a531998d-b66d-5191-a7da-a567327512a7,Tanpa Judul (Symbolism),Symbolism,wikiart_00527.jpg,,122.00,92.80,260000000,2025-02-08T09:12:52Z
53163c0f-6eca-571c-ae96-3410fdbc2a98,64668e48-371b-5ffb-8837-9c4fd033feec,Tanpa Judul (Romanticism),Romanticism,wikiart_02342.jpg,,92.40,68.90,7900000,2025-12-12T09:39:58Z
ec6f4fcc-fdbb-5ffd-a910-41611a2b7e49,51c4d53d-91bb-5b40-bf86-1f46a9aa18a6,Tanpa Judul (Impressionism),Impressionism,wikiart_03557.jpg,,65.70,48.80,140000000,2026-07-29T15:24:06Z
af12c92b-2eee-5c49-b68c-fec0aedab602,3dbb220d-08c5-5e68-b9e9-4282c0cc891f,Tanpa Judul (Northern Renaissance),Northern_Renaissance,wikiart_01543.jpg,,62.30,102.50,64000000,2024-10-31T19:02:26Z
5d059565-cacc-504a-9da8-119bb2cff934,5efed142-8369-554d-9ba2-c2f081036319,Tanpa Judul (Impressionism),Impressionism,wikiart_04017.jpg,,66.60,89.10,26000000,2026-01-23T03:46:03Z
3ea4eb98-250f-5a24-a5a4-9a632453e7fa,7cf14239-60d5-5ff0-9270-0d2dd0d62e05,Tanpa Judul (Symbolism),Symbolism,wikiart_04745.jpg,,71.30,101.00,6300000,2024-10-16T12:05:26Z
695a5e00-fc93-5c57-b164-70177750c406,951be198-4893-5acc-9f1d-ab202e87291b,Tanpa Judul (Post Impressionism),Post_Impressionism,wikiart_00386.jpg,,51.90,42.80,120000000,2025-10-22T03:27:49Z
6afa014b-14c3-5ac5-833d-347b7c36a116,dbc6f383-447d-5f26-a2f4-86753b3c416a,Tanpa Judul (Realism),Realism,wikiart_04290.jpg,,44.70,66.00,19000000,2026-03-24T02:22:36Z
60e4bdde-c051-51e8-96c2-df538bd16d72,951be198-4893-5acc-9f1d-ab202e87291b,Tanpa Judul (Realism),Realism,wikiart_00133.jpg,,86.10,159.10,160000000,2024-10-24T21:28:56Z
5d56242c-52a1-5e3f-bf72-681e7e5befc3,a531998d-b66d-5191-a7da-a567327512a7,Tanpa Judul (Realism),Realism,wikiart_01932.jpg,,60.50,89.80,180000000,2025-05-31T13:47:37Z
21599506-308e-57ef-b606-b1ea5103f1e4,23ba78b5-421a-5447-b022-5a66fe8d084d,Tanpa Judul (Post Impressionism),Post_Impressionism,wikiart_04627.jpg,,83.60,68.30,18000000,2024-10-18T16:54:45Z
8a247c64-cda5-5c99-9be2-94998d4b1275,a531998d-b66d-5191-a7da-a567327512a7,Tanpa Judul (Symbolism),Symbolism,wikiart_00414.jpg,,106.80,32.60,100000000,2024-10-06T16:58:07Z
1b48594f-72e8-59c7-94eb-5d3ed32e9762,5efed142-8369-554d-9ba2-c2f081036319,Tanpa Judul (Realism),Realism,wikiart_02445.jpg,,72.00,98.80,27000000,2024-10-02T12:12:55Z
ec96cfa3-347e-5658-acc8-68d7aa0e98d9,3dbb220d-08c5-5e68-b9e9-4282c0cc891f,Tanpa Judul (Northern Renaissance),Northern_Renaissance,wikiart_03638.jpg,,68.00,55.00,49000000,2024-11-28T09:18:22Z
496f5eff-f57d-517c-ab85-a359b74fe0b3,951be198-4893-5acc-9f1d-ab202e87291b,Tanpa Judul (Post Impressionism),Post_Impressionism,wikiart_03733.jpg,,183.90,245.50,950000000,2025-01-28T00:01:20Z
1ce8d2dd-9725-5ca9-b998-e427e689cfca,6fe7b986-2984-567c-a4cc-509a0769266a,Tanpa Judul (Romanticism),Romanticism,wikiart_01538.jpg,,64.50,82.50,17000000,2026-03-24T05:18:44Z
4a45ba86-0993-51ff-a28c-a142364a303e,51c4d53d-91bb-5b40-bf86-1f46a9aa18a6,Tanpa Judul (Impressionism),Impressionism,wikiart_03541.jpg,,41.00,29.50,100000000,2025-10-22T19:44:56Z
0aee3a91-59ce-531d-9b49-89b1b7f1d9e9,dbc6f383-447d-5f26-a2f4-86753b3c416a,Tanpa Judul (Realism),Realism,wikiart_03926.jpg,,54.40,44.40,16000000,2024-12-21T10:37:34Z
0019ed5f-6f54-5ce4-877b-703f0717315c,a531998d-b66d-5191-a7da-a567327512a7,Tanpa Judul (Art Nouveau),Art_Nouveau,wikiart_02214.jpg,,103.30,73.30,200000000,2026-08-22T04:37:55Z
33943636-fd56-575f-87d4-db71268f6e23,3e92a01c-1f80-5c38-9903-fe409c3d5d61,Tanpa Judul (Realism),Realism,wikiart_00932.jpg,,38.10,26.20,10000000,2025-09-23T15:45:12Z
5c913bcc-bf42-5d5d-bb19-844fbfaf8746,dad52c43-2eab-5272-a61d-dca032e6b1db,Tanpa Judul (Art Nouveau),Art_Nouveau,wikiart_05469.jpg,,46.10,72.20,4300000,2026-03-26T16:10:12Z
8e21757a-011f-5225-ab95-ead6d94fd27b,a531998d-b66d-5191-a7da-a567327512a7,Tanpa Judul (Symbolism),Symbolism,wikiart_01265.jpg,,88.40,70.90,120000000,2024-10-06T23:06:11Z
f1067009-38fa-5639-9333-76bfb4dff9dc,5efed142-8369-554d-9ba2-c2f081036319,Tanpa Judul (Impressionism),Impressionism,wikiart_04886.jpg,,54.60,73.00,22000000,2025-01-08T17:34:21Z
016679fd-f015-5c7e-b41e-f69d95c9d91a,c868fe01-5c24-57bf-8ffb-fdc6d3ae09a2,Tanpa Judul (Expressionism),Expressionism,wikiart_02462.jpg,,57.70,48.60,11000000,2026-03-23T22:19:13Z
e6474bf9-54f9-551d-9f6a-3f0d715243ea,3e92a01c-1f80-5c38-9903-fe409c3d5d61,Tanpa Judul (Impressionism),Impressionism,wikiart_02761.jpg,,87.40,69.80,87000000,2024-11-16T20:07:14Z
f9a5da4b-aae6-5dbc-b742-dac3182454b2,951be198-4893-5acc-9f1d-ab202e87291b,Tanpa Judul (Realism),Realism,wikiart_01818.jpg,,46.70,34.70,45000000,2025-04-18T06:37:51Z
845bdd97-bf2b-5d60-afb0-890dfaa6dcf6,a6782ff2-13ef-5b2b-a432-7d121a6ae6c4,Tanpa Judul (Naive Art Primitivism),Naive_Art_Primitivism,wikiart_05002.jpg,,35.90,44.10,3300000,2026-03-27T13:09:11Z
c0c8a95f-c623-589c-8bbc-d5fc63d48260,1d876d41-bc7a-55ee-91cf-65ffb2a4048b,Tanpa Judul (Impressionism),Impressionism,wikiart_01865.jpg,,36.90,47.20,43000000,2025-10-03T03:06:17Z
548f20bc-37ca-5542-a94e-0672559ae8bd,3ecb7039-f69e-55cd-869d-c7d7cf0962f6,Tanpa Judul (Realism),Realism,wikiart_04288.jpg,,73.60,66.40,24000000,2025-06-11T10:19:29Z
c4a0aaf5-f751-53d3-862a-81368b8784c4,a531998d-b66d-5191-a7da-a567327512a7,Tanpa Judul (Art Nouveau),Art_Nouveau,wikiart_01302.jpg,,65.70,103.00,170000000,2026-04-26T01:41:17Z
2078711b-ab04-5c35-b905-a708f7d77fac,3e92a01c-1f80-5c38-9903-fe409c3d5d61,Tanpa Judul (Impressionism),Impressionism,wikiart_00589.jpg,,47.10,38.90,34000000,2025-12-23T09:37:30Z
07395522-b093-53ec-846c-1b26a2cf151c,dd4aa9b5-3247-5ea3-9589-db5aa169c4e0,Tanpa Judul (Cubism),Cubism,wikiart_00149.jpg,,40.00,32.00,3200000,2025-10-04T18:49:05Z
7f39597c-806f-57ca-82cc-93a394993629,3ecb7039-f69e-55cd-869d-c7d7cf0962f6,Tanpa Judul (Post Impressionism),Post_Impressionism,wikiart_03293.jpg,,54.60,49.10,23000000,2024-10-13T08:07:10Z
2178c559-8d44-56dd-97bf-99d00909bcfb,d9c76b21-7320-5d80-9265-153dfdbc0c20,Tanpa Judul (Impressionism),Impressionism,wikiart_04380.jpg,,88.70,77.50,8600000,2025-11-01T02:09:54Z
af058c54-328b-50b1-aa59-1ed52ef4b398,3dbb220d-08c5-5e68-b9e9-4282c0cc891f,Tanpa Judul (Northern Renaissance),Northern_Renaissance,wikiart_01154.jpg,,44.80,71.50,35000000,2026-08-14T07:32:54Z
c34893bb-19ee-52b0-a218-56d9d103940e,51c4d53d-91bb-5b40-bf86-1f46a9aa18a6,Tanpa Judul (Impressionism),Impressionism,wikiart_00825.jpg,,47.60,38.40,120000000,2026-05-18T17:26:07Z
ee785ce8-4344-53cf-8b33-0506c7507dc5,64668e48-371b-5ffb-8837-9c4fd033feec,Tanpa Judul (Romanticism),Romanticism,wikiart_05556.jpg,,39.60,24.90,4600000,2025-06-18T09:39:24Z
8a1761c6-8fdc-55fc-bebd-447ff29d35fc,d9c76b21-7320-5d80-9265-153dfdbc0c20,Tanpa Judul (Impressionism),Impressionism,wikiart_03915.jpg,,52.80,41.60,7400000,2025-09-03T23:54:39Z
208d673b-598d-5668-a9cd-ebe46f1ea7cd,c868fe01-5c24-57bf-8ffb-fdc6d3ae09a2,Tanpa Judul (Naive Art Primitivism),Naive_Art_Primitivism,wikiart_02983.jpg,,67.50,50.70,8300000,2026-08-27T23:32:49Z
da8ce58c-d522-5aa2-9782-3b4a289c1fdf,04432a0f-51e1-5293-a8dc-89755e574853,Tanpa Judul (Impressionism),Impressionism,wikiart_03662.jpg,,125.80,121.40,70000000,2024-10-21T09:23:59Z
36575ddd-d475-583c-ac75-568d70f5d259,a6782ff2-13ef-5b2b-a432-7d121a6ae6c4,Tanpa Judul (Expressionism),Expressionism,wikiart_05471.jpg,,64.80,58.20,4400000,2024-11-24T16:31:51Z
ad1c284f-32a4-5711-907e-964ff6675732,1d25dbba-d1e1-5b79-bb67-3d22aced6cb8,Tanpa Judul (Realism),Realism,wikiart_02478.jpg,,58.90,39.60,5300000,2024-10-08T20:20:37Z
01467318-e19c-57d9-b0e8-12afecd212f1,3ecb7039-f69e-55cd-869d-c7d7cf0962f6,Tanpa Judul (Post Impressionism),Post_Impressionism,wikiart_02824.jpg,,81.20,97.50,35000000,2025-06-22T22:24:32Z
f95d0a28-8488-52a2-a1ac-a2a50652f905,1d25dbba-d1e1-5b79-bb67-3d22aced6cb8,Tanpa Judul (Realism),Realism,wikiart_00859.jpg,,76.60,47.20,7000000,2024-10-09T21:16:32Z
5976dc37-ff35-530f-a217-6c4d4543e04d,a6782ff2-13ef-5b2b-a432-7d121a6ae6c4,Tanpa Judul (Symbolism),Symbolism,wikiart_02249.jpg,,49.00,49.80,4400000,2026-08-06T05:34:37Z
6c3e8020-6955-5592-82a8-3df3002cbdac,951be198-4893-5acc-9f1d-ab202e87291b,Tanpa Judul (Post Impressionism),Post_Impressionism,wikiart_03147.jpg,,134.30,111.50,420000000,2026-05-07T07:13:56Z
c1e24616-ab1a-543d-82a1-f2934756aac2,64668e48-371b-5ffb-8837-9c4fd033feec,Tanpa Judul (Romanticism),Romanticism,wikiart_00844.jpg,,59.50,42.10,9300000,2025-04-19T10:33:39Z
d5b428a0-1852-590b-810b-26e5f31adc94,51c4d53d-91bb-5b40-bf86-1f46a9aa18a6,Tanpa Judul (Impressionism),Impressionism,wikiart_01833.jpg,,65.20,28.60,120000000,2026-07-07T21:30:23Z
08e0b376-b809-5b21-becb-6c7b3410976a,1d876d41-bc7a-55ee-91cf-65ffb2a4048b,Tanpa Judul (Impressionism),Impressionism,wikiart_03993.jpg,,72.80,88.60,170000000,2024-10-24T21:42:35Z
23fc2fcd-d62b-5137-9d49-54232b28047a,04432a0f-51e1-5293-a8dc-89755e574853,Tanpa Judul (Impressionism),Impressionism,wikiart_01777.jpg,,67.70,52.70,42000000,2025-08-04T09:04:30Z
81a58ab9-899c-5f79-a413-2a1afc501de0,3ecb7039-f69e-55cd-869d-c7d7cf0962f6,Tanpa Judul (Realism),Realism,wikiart_03890.jpg,,102.30,87.40,47000000,2024-11-19T00:58:25Z
4c4b56b4-32d7-593a-ab6e-a050c363e0f7,3e92a01c-1f80-5c38-9903-fe409c3d5d61,Tanpa Judul (Impressionism),Impressionism,wikiart_01713.jpg,,48.80,40.10,26000000,2025-10-25T02:51:37Z
529330f6-c181-52a8-8bb7-e947c4b89911,7cf14239-60d5-5ff0-9270-0d2dd0d62e05,Tanpa Judul (Expressionism),Expressionism,wikiart_01308.jpg,,78.90,115.10,11000000,2024-10-26T16:14:49Z
a7749aa8-2245-5a1b-aeaa-d2bb4a66f9ca,51c4d53d-91bb-5b40-bf86-1f46a9aa18a6,Tanpa Judul (Impressionism),Impressionism,wikiart_04759.jpg,,63.60,50.70,170000000,2025-03-13T20:51:26Z
be2fca56-fb7d-5435-943a-3f9e180cf74e,1d876d41-bc7a-55ee-91cf-65ffb2a4048b,Tanpa Judul (Impressionism),Impressionism,wikiart_01963.jpg,,84.60,65.10,75000000,2025-02-26T17:05:16Z
b67e7617-1431-538a-915c-02870c0f96db,dad52c43-2eab-5272-a61d-dca032e6b1db,Tanpa Judul (Art Nouveau),Art_Nouveau,wikiart_05480.jpg,,55.70,86.30,3500000,2024-10-08T16:39:56Z
b1b4b3ae-c98a-57ea-a71d-3a83b76e6d10,951be198-4893-5acc-9f1d-ab202e87291b,Tanpa Judul (Realism),Realism,wikiart_03034.jpg,,53.10,36.00,50000000,2024-10-07T10:47:03Z
bcb9c53b-4c3c-5d2d-9a64-e13b9c38abc5,a531998d-b66d-5191-a7da-a567327512a7,Tanpa Judul (Symbolism),Symbolism,wikiart_02088.jpg,,77.50,75.50,150000000,2025-09-24T14:51:17Z
bb67bdd5-967c-5dcc-9328-7f353e9e24f8,951be198-4893-5acc-9f1d-ab202e87291b,Tanpa Judul (Post Impressionism),Post_Impressionism,wikiart_03690.jpg,,68.00,39.30,88000000,2025-02-17T07:50:47Z
0c390bb0-a14d-5d4e-b620-9da485676dd0,51c4d53d-91bb-5b40-bf86-1f46a9aa18a6,Tanpa Judul (Impressionism),Impressionism,wikiart_04822.jpg,,45.00,32.40,75000000,2025-05-21T07:48:31Z
52f0f04b-349a-5e78-985c-f1c0af2d5718,21a4ae7e-8f05-5294-9e2d-32d96779246e,Tanpa Judul (Realism),Realism,wikiart_03602.jpg,,96.10,123.90,7600000,2024-11-03T00:11:35Z
24d392d5-ac8b-555f-b279-cfc82a6a9654,a531998d-b66d-5191-a7da-a567327512a7,Tanpa Judul (Symbolism),Symbolism,wikiart_00637.jpg,,77.50,51.90,110000000,2024-10-17T04:14:16Z
1fed6ddc-0cf3-5652-8cbf-41581bc2834c,dad52c43-2eab-5272-a61d-dca032e6b1db,Tanpa Judul (Art Nouveau),Art_Nouveau,wikiart_00718.jpg,,58.50,90.10,3700000,2025-08-28T12:38:50Z
fddf113c-906a-5105-bbc7-3d78307e903b,64668e48-371b-5ffb-8837-9c4fd033feec,Tanpa Judul (Romanticism),Romanticism,wikiart_03623.jpg,,50.90,34.80,4600000,2025-05-06T16:39:39Z
7aaa3391-8534-5554-8bd3-dd25aad13780,5a27ac9a-1e04-52e2-8392-12edbe43c594,Tanpa Judul (Impressionism),Impressionism,wikiart_05183.jpg,,68.20,85.30,9500000,2024-10-29T03:23:37Z
0652f7df-a43f-5c7d-b9ba-c89330540862,dbc6f383-447d-5f26-a2f4-86753b3c416a,Tanpa Judul (Art Nouveau),Art_Nouveau,wikiart_05473.jpg,,75.60,23.00,11000000,2024-10-04T03:15:37Z
a49ac65b-6a95-5cfe-8bfd-2fac25a063a3,7cf14239-60d5-5ff0-9270-0d2dd0d62e05,Tanpa Judul (Cubism),Cubism,wikiart_01212.jpg,,34.30,33.70,4900000,2026-04-11T03:27:37Z
69666fa2-79cd-55cb-9dba-4bda977cf186,5a27ac9a-1e04-52e2-8392-12edbe43c594,Tanpa Judul (Impressionism),Impressionism,wikiart_01136.jpg,,68.40,49.20,3500000,2025-03-30T12:33:39Z
4f844819-6e5d-59be-8750-7f8fb95f5dae,951be198-4893-5acc-9f1d-ab202e87291b,Tanpa Judul (Realism),Realism,wikiart_00727.jpg,,75.40,57.10,95000000,2026-07-30T09:35:56Z
4329b50d-9df8-58f4-a608-0a91c114bc12,c868fe01-5c24-57bf-8ffb-fdc6d3ae09a2,Tanpa Judul (Naive Art Primitivism),Naive_Art_Primitivism,wikiart_03377.jpg,,26.30,34.50,6200000,2024-10-05T00:59:41Z
7747a480-16a3-5171-846d-ab444aa4386d,3dbb220d-08c5-5e68-b9e9-4282c0cc891f,Tanpa Judul (Northern Renaissance),Northern_Renaissance,wikiart_05409.jpg,,64.30,101.60,65000000,2025-11-09T16:39:42Z
a97906b4-8d08-533f-b652-ddc244af7dd9,1d25dbba-d1e1-5b79-bb67-3d22aced6cb8,Tanpa Judul (Realism),Realism,wikiart_03860.jpg,,76.50,44.20,7500000,2025-12-27T09:16:45Z
dfc8b161-cab8-50fb-a1dc-aea017122cd3,a531998d-b66d-5191-a7da-a567327512a7,Tanpa Judul (Art Nouveau),Art_Nouveau,wikiart_00340.jpg,,73.50,56.50,170000000,2024-11-05T01:14:28Z
ca190fc2-8f0a-5472-8aaa-be2356c577e3,23ba78b5-421a-5447-b022-5a66fe8d084d,Tanpa Judul (Expressionism),Expressionism,wikiart_03994.jpg,,79.50,103.40,19000000,2024-10-31T06:37:53Z
fd8ce219-33d6-5b20-a3e0-d8f6ff076b0a,3ecb7039-f69e-55cd-869d-c7d7cf0962f6,Tanpa Judul (Post Impressionism),Post_Impressionism,wikiart_01910.jpg,,53.50,64.90,26000000,2024-12-21T13:02:15Z
d1e944cb-293f-5ca4-9936-0144f7af0595,d9c76b21-7320-5d80-9265-153dfdbc0c20,Tanpa Judul (Impressionism),Impressionism,wikiart_01545.jpg,,41.70,35.20,6100000,2025-07-30T02:37:15Z
72f2906b-8628-5d14-953b-aa229821a4f0,1d876d41-bc7a-55ee-91cf-65ffb2a4048b,Tanpa Judul (Impressionism),Impressionism,wikiart_03702.jpg,,32.00,37.20,32000000,2026-06-20T22:28:44Z
27614b9a-d1fa-5551-9b5f-13054ba311f1,5d9ef8fa-9d26-5e45-87a1-4a45f17d0980,Tanpa Judul (Baroque),Baroque,wikiart_05418.jpg,,87.90,62.00,46000000,2024-11-16T18:43:07Z
aac04834-3501-5abb-a037-1c74f337bca8,1d25dbba-d1e1-5b79-bb67-3d22aced6cb8,Tanpa Judul (Realism),Realism,wikiart_04864.jpg,,76.70,46.30,9700000,2024-11-16T16:38:32Z
30b8b47c-1b37-521e-a8e4-478f4515eea1,3dbb220d-08c5-5e68-b9e9-4282c0cc891f,Tanpa Judul (Northern Renaissance),Northern_Renaissance,wikiart_00433.jpg,,90.30,117.40,41000000,2024-10-17T04:01:19Z
22da5c2c-9a13-5836-ab44-7fa96fc15c14,951be198-4893-5acc-9f1d-ab202e87291b,Tanpa Judul (Post Impressionism),Post_Impressionism,wikiart_05449.jpg,,46.60,37.70,87000000,2026-04-09T08:40:27Z
4b6180f4-6d4d-5089-95f8-c71d3b4424dd,04432a0f-51e1-5293-a8dc-89755e574853,Tanpa Judul (Impressionism),Impressionism,wikiart_00884.jpg,,79.50,61.90,31000000,2026-04-20T18:38:30Z
f2cf9f2e-64db-5e16-8918-6514e9a0264d,a6782ff2-13ef-5b2b-a432-7d121a6ae6c4,Tanpa Judul (Expressionism),Expressionism,wikiart_02003.jpg,,35.50,24.70,2400000,2026-07-08T15:14:32Z
85b78ceb-dbea-54dc-89ea-a64020db32fa,1d876d41-bc7a-55ee-91cf-65ffb2a4048b,Tanpa Judul (Impressionism),Impressionism,wikiart_02518.jpg,,44.30,36.90,50000000,2026-06-06T11:37:25Z
fde7e18a-af1f-5b59-9969-20a57f8fb7fe,21a4ae7e-8f05-5294-9e2d-32d96779246e,Tanpa Judul (Realism),Realism,wikiart_03454.jpg,,62.70,81.50,10000000,2024-10-12T14:45:53Z
c1ddef5f-eda3-520e-aaa2-a980ce39a6d5,1d876d41-bc7a-55ee-91cf-65ffb2a4048b,Tanpa Judul (Impressionism),Impressionism,wikiart_04508.jpg,,75.70,103.70,110000000,2026-01-16T08:53:45Z
ddf8f12f-d504-54cc-9132-88f78014b9e5,3dbb220d-08c5-5e68-b9e9-4282c0cc891f,Tanpa Judul (Northern Renaissance),Northern_Renaissance,wikiart_04666.jpg,,108.00,143.70,110000000,2024-11-22T11:04:50Z
02f5c772-6c02-5abb-a41f-f73ab210977c,1d876d41-bc7a-55ee-91cf-65ffb2a4048b,Tanpa Judul (Impressionism),Impressionism,wikiart_02508.jpg,,55.20,73.90,120000000,2024-10-03T22:36:02Z
714f5e59-6e4e-5567-a0b5-ffdf77360b28,dd4aa9b5-3247-5ea3-9589-db5aa169c4e0,Tanpa Judul (Post Impressionism),Post_Impressionism,wikiart_04931.jpg,,44.30,28.80,3000000,2026-05-21T08:41:18Z
c18b4b39-f4c7-5fc8-93e1-1830419cdee0,51c4d53d-91bb-5b40-bf86-1f46a9aa18a6,Tanpa Judul (Impressionism),Impressionism,wikiart_00773.jpg,,43.50,45.70,130000000,2025-12-12T11:34:11Z
c23aa23e-ee14-54c6-854f-6600d4b21f3e,1d876d41-bc7a-55ee-91cf-65ffb2a4048b,Tanpa Judul (Impressionism),Impressionism,wikiart_05373.jpg,,47.20,62.10,58000000,2024-11-25T22:38:34Z
b3cf3a78-736f-5ba7-96dd-63e85510fd18,951be198-4893-5acc-9f1d-ab202e87291b,Tanpa Judul (Realism),Realism,wikiart_01889.jpg,,130.50,226.10,370000000,2024-11-09T07:24:25Z
0f0e8100-2fb2-535c-ba21-cae762e4d1ef,a531998d-b66d-5191-a7da-a567327512a7,Tanpa Judul (Symbolism),Symbolism,wikiart_04649.jpg,,78.20,61.30,160000000,2025-04-24T19:32:48Z
6b8ee94a-34af-58d4-8853-d8dc223fcfa4,3ecb7039-f69e-55cd-869d-c7d7cf0962f6,Tanpa Judul (Post Impressionism),Post_Impressionism,wikiart_05364.jpg,,88.60,65.00,49000000,2024-10-09T19:18:42Z
964eba70-93b9-503d-a8cf-220f11abda4c,a531998d-b66d-5191-a7da-a567327512a7,Tanpa Judul (Symbolism),Symbolism,wikiart_02577.jpg,,55.20,32.30,67000000,2025-12-15T23:45:47Z
7ca0cf8c-1816-5f4d-ad5b-e8f19b72ad7b,21a4ae7e-8f05-5294-9e2d-32d96779246e,Tanpa Judul (Realism),Realism,wikiart_00640.jpg,,60.00,77.20,5400000,2026-03-17T07:34:35Z
13305f6a-67fa-5be4-844d-061a46f56c03,c868fe01-5c24-57bf-8ffb-fdc6d3ae09a2,Tanpa Judul (Naive Art Primitivism),Naive_Art_Primitivism,wikiart_00121.jpg,,76.60,100.00,11000000,2024-11-25T16:45:35Z
9f02ae0e-736d-55cb-bf88-db6e4cab2780,5a27ac9a-1e04-52e2-8392-12edbe43c594,Tanpa Judul (Impressionism),Impressionism,wikiart_02472.jpg,,50.30,33.50,4700000,2024-11-25T05:47:22Z
748e3bc2-3108-514f-95c7-10330f78f967,951be198-4893-5acc-9f1d-ab202e87291b,Tanpa Judul (Realism),Realism,wikiart_04922.jpg,,54.20,36.60,45000000,2024-11-26T22:03:51Z
d48d3793-0d94-54bf-8cd8-bd45835a8231,04432a0f-51e1-5293-a8dc-89755e574853,Tanpa Judul (Impressionism),Impressionism,wikiart_04594.jpg,,47.40,35.10,26000000,2024-10-05T19:18:54Z
300ebf50-b10d-5efa-8722-a252a80b4557,3dbb220d-08c5-5e68-b9e9-4282c0cc891f,Tanpa Judul (Northern Renaissance),Northern_Renaissance,wikiart_03558.jpg,,51.30,69.20,47000000,2026-08-05T11:58:18Z
46f320ab-5789-5e3e-90e5-789637dfa100,51c4d53d-91bb-5b40-bf86-1f46a9aa18a6,Tanpa Judul (Impressionism),Impressionism,wikiart_04634.jpg,,61.00,80.30,170000000,2025-04-13T07:56:25Z
1061ecbd-35c5-5707-914e-f713cdd82314,951be198-4893-5acc-9f1d-ab202e87291b,Tanpa Judul (Post Impressionism),Post_Impressionism,wikiart_02121.jpg,,45.00,35.40,75000000,2024-10-03T03:16:10Z
6325fcb7-38ae-5162-a0c7-b7b614fc1f87,dd4aa9b5-3247-5ea3-9589-db5aa169c4e0,Tanpa Judul (Post Impressionism),Post_Impressionism,wikiart_03973.jpg,,66.30,84.40,13000000,2024-10-09T19:16:58Z
642c6a66-0dd9-598a-9c7c-4ac035fdfbff,5efed142-8369-554d-9ba2-c2f081036319,Tanpa Judul (Realism),Realism,wikiart_05218.jpg,,66.30,76.70,28000000,2024-10-13T09:44:38Z
2d4d6a67-866f-5b66-9ad3-16019b7383e2,951be198-4893-5acc-9f1d-ab202e87291b,Tanpa Judul (Post Impressionism),Post_Impressionism,wikiart_04246.jpg,,56.40,41.80,80000000,2024-10-23T05:57:51Z
da1175be-2652-5a93-85a9-25599c6c6d31,51c4d53d-91bb-5b40-bf86-1f46a9aa18a6,Tanpa Judul (Impressionism),Impressionism,wikiart_01835.jpg,,44.90,36.80,150000000,2026-04-05T12:10:52Z
e296022f-e45c-5909-ac21-2cff0f53e0b2,51c4d53d-91bb-5b40-bf86-1f46a9aa18a6,Tanpa Judul (Impressionism),Impressionism,wikiart_02233.jpg,,62.20,75.90,150000000,2026-08-17T05:48:58Z
f116e978-9337-5152-a15c-159796b3366f,a6782ff2-13ef-5b2b-a432-7d121a6ae6c4,Tanpa Judul (Realism),Realism,wikiart_02097.jpg,,50.30,35.30,2800000,2024-10-18T14:31:53Z
6eb60c2c-146b-5415-acd3-b07dc2fdbcfc,3e92a01c-1f80-5c38-9903-fe409c3d5d61,Tanpa Judul (Impressionism),Impressionism,wikiart_04217.jpg,,61.00,46.60,37000000,2025-06-16T10:04:42Z
a8f46b55-f4e7-5f6f-983e-fb9f4a325630,a531998d-b66d-5191-a7da-a567327512a7,Tanpa Judul (Symbolism),Symbolism,wikiart_00746.jpg,,88.10,56.40,99000000,2024-11-02T09:23:15Z
041a02bd-e9d4-56bd-a231-284eb281c695,51c4d53d-91bb-5b40-bf86-1f46a9aa18a6,Tanpa Judul (Realism),Realism,wikiart_01008.jpg,,38.70,59.50,140000000,2024-10-17T15:30:17Z
d2b19c93-3410-5803-aea2-6ea598e91ef7,3e92a01c-1f80-5c38-9903-fe409c3d5d61,Tanpa Judul (Impressionism),Impressionism,wikiart_00815.jpg,,128.40,106.10,90000000,2024-10-04T21:36:16Z
d58a8ef3-58db-502d-a8cc-da1c43aa9f6e,21a4ae7e-8f05-5294-9e2d-32d96779246e,Tanpa Judul (Realism),Realism,wikiart_02058.jpg,,58.50,79.40,7800000,2026-07-23T22:33:38Z
5d48e2d8-3d4b-5579-8b32-d8471609894a,951be198-4893-5acc-9f1d-ab202e87291b,Tanpa Judul (Post Impressionism),Post_Impressionism,wikiart_04810.jpg,,69.30,62.10,160000000,2024-11-09T09:57:57Z
c6026df6-d3d8-518e-a05e-0e1c3355f073,951be198-4893-5acc-9f1d-ab202e87291b,Tanpa Judul (Post Impressionism),Post_Impressionism,wikiart_02982.jpg,,46.10,29.80,50000000,2026-04-10T11:31:07Z
3f974ce7-6aa0-5fb8-a643-e6a0ad0f94d4,04432a0f-51e1-5293-a8dc-89755e574853,Tanpa Judul (Impressionism),Impressionism,wikiart_04204.jpg,,89.50,73.30,57000000,2026-06-09T15:34:37Z
23d271b9-1b88-5f71-8125-606886a065a4,a531998d-b66d-5191-a7da-a567327512a7,Tanpa Judul (Symbolism),Symbolism,wikiart_05207.jpg,,57.40,38.00,73000000,2024-12-11T10:44:51Z
54b000f4-6bfb-5daa-aa26-d0f066ece438,6fe7b986-2984-567c-a4cc-509a0769266a,Tanpa Judul (Romanticism),Romanticism,wikiart_00760.jpg,,52.30,69.30,29000000,2025-08-17T11:53:10Z
1d10619f-065b-57d0-8382-fd82d2e97ef5,951be198-4893-5acc-9f1d-ab202e87291b,Tanpa Judul (Post Impressionism),Post_Impressionism,wikiart_01482.jpg,,49.10,64.50,160000000,2026-07-12T17:34:53Z
2226ba5b-d483-5e5a-80ab-7bc93bc17186,5d9ef8fa-9d26-5e45-87a1-4a45f17d0980,Tanpa Judul (Baroque),Baroque,wikiart_03934.jpg,,54.60,67.20,36000000,2025-08-05T13:53:45Z
e911d756-f2ff-5d86-b34a-0b648b5acf0e,5a27ac9a-1e04-52e2-8392-12edbe43c594,Tanpa Judul (Impressionism),Impressionism,wikiart_01905.jpg,,69.50,48.40,5000000,2024-10-31T22:22:21Z
daeb60e8-db84-5a23-a92f-401fc4f8c8e9,51c4d53d-91bb-5b40-bf86-1f46a9aa18a6,Tanpa Judul (Impressionism),Impressionism,wikiart_00907.jpg,,63.70,51.10,170000000,2024-10-03T23:14:12Z
82e107c9-7e9f-555c-b37f-8411064d119f,5efed142-8369-554d-9ba2-c2f081036319,Tanpa Judul (Realism),Realism,wikiart_01477.jpg,,59.20,35.20,16000000,2025-03-19T02:17:34Z
2679ba1f-4012-5ba3-bc17-84b22626cb96,3e92a01c-1f80-5c38-9903-fe409c3d5d61,Tanpa Judul (Impressionism),Impressionism,wikiart_01075.jpg,,46.80,38.00,29000000,2024-10-17T06:24:25Z
b76165f1-b395-5ac9-8cc1-45ad1f04f165,5a27ac9a-1e04-52e2-8392-12edbe43c594,Tanpa Judul (Impressionism),Impressionism,wikiart_05369.jpg,,45.80,29.70,4700000,2024-10-08T15:39:39Z
17e7596a-5f6d-5d54-9460-49d274c3b12e,1d25dbba-d1e1-5b79-bb67-3d22aced6cb8,Tanpa Judul (Realism),Realism,wikiart_01169.jpg,,51.10,35.90,5300000,2024-11-26T01:05:55Z
8f0b1fbd-de9a-5670-b800-b6d8c1b3c49c,dbc6f383-447d-5f26-a2f4-86753b3c416a,Tanpa Judul (Realism),Realism,wikiart_02994.jpg,,70.50,92.70,17000000,2025-05-27T11:37:58Z
d4485e06-4fea-5e13-a63f-98d69b367cab,dbc6f383-447d-5f26-a2f4-86753b3c416a,Tanpa Judul (Impressionism),Impressionism,wikiart_04378.jpg,,75.70,49.90,17000000,2024-10-31T01:41:13Z
6324f3f7-90fe-5599-9006-eaf3bfab8796,5a27ac9a-1e04-52e2-8392-12edbe43c594,Tanpa Judul (Impressionism),Impressionism,wikiart_01953.jpg,,79.30,45.80,7800000,2024-11-05T19:56:19Z
9da7f2be-057f-5685-a8ea-4e82f3061fb7,951be198-4893-5acc-9f1d-ab202e87291b,Tanpa Judul (Post Impressionism),Post_Impressionism,wikiart_00772.jpg,,60.00,35.10,94000000,2024-11-17T10:39:21Z
80744072-3c82-556e-8d31-28065e6ac7bb,dd4aa9b5-3247-5ea3-9589-db5aa169c4e0,Tanpa Judul (Post Impressionism),Post_Impressionism,wikiart_05513.jpg,,68.60,56.40,5100000,2025-07-29T12:04:57Z
6ab910ee-99bd-5039-9bf7-2e6828f994a7,951be198-4893-5acc-9f1d-ab202e87291b,Tanpa Judul (Realism),Realism,wikiart_03401.jpg,,56.60,37.20,84000000,2024-11-25T18:54:03Z
76fb9b78-d44b-5ae2-8f87-5e55efbcf279,951be198-4893-5acc-9f1d-ab202e87291b,Tanpa Judul (Post Impressionism),Post_Impressionism,wikiart_03167.jpg,,32.60,26.90,61000000,2025-12-22T16:20:07Z
c7017793-3cf6-5651-96fb-23ecaca6fd7c,dd4aa9b5-3247-5ea3-9589-db5aa169c4e0,Tanpa Judul (Post Impressionism),Post_Impressionism,wikiart_01915.jpg,,55.60,71.10,3400000,2024-10-11T18:28:51Z
833558bf-9102-5bb3-8712-e650d9e76899,a531998d-b66d-5191-a7da-a567327512a7,Tanpa Judul (Symbolism),Symbolism,wikiart_00389.jpg,,52.60,38.40,78000000,2025-01-30T21:28:58Z
f329a405-8f03-5633-b8a7-4799ac9389f2,5a27ac9a-1e04-52e2-8392-12edbe43c594,Tanpa Judul (Impressionism),Impressionism,wikiart_02599.jpg,,41.70,19.60,2900000,2025-03-02T08:57:33Z
6a55b110-41bb-545d-aab3-c99376dafed5,dad52c43-2eab-5272-a61d-dca032e6b1db,Tanpa Judul (Art Nouveau),Art_Nouveau,wikiart_02323.jpg,,49.20,65.50,3000000,2024-11-17T19:39:35Z
c287eb19-5446-5f3f-a690-d94945dcee9b,951be198-4893-5acc-9f1d-ab202e87291b,Tanpa Judul (Realism),Realism,wikiart_05307.jpg,,62.90,49.80,57000000,2025-03-29T10:46:22Z
2dca6cf7-311b-58e0-a132-a69f0636d59d,51c4d53d-91bb-5b40-bf86-1f46a9aa18a6,Tanpa Judul (Impressionism),Impressionism,wikiart_02325.jpg,,40.40,41.40,190000000,2025-01-09T01:56:18Z
056d0859-34ef-5c16-b2f7-150f0b86cfc7,a6782ff2-13ef-5b2b-a432-7d121a6ae6c4,Tanpa Judul (Realism),Realism,wikiart_01634.jpg,,46.80,43.80,5800000,2025-12-09T10:27:55Z
47f59555-9a9d-5eb2-950a-85051b7d13f8,1d25dbba-d1e1-5b79-bb67-3d22aced6cb8,Tanpa Judul (Realism),Realism,wikiart_03008.jpg,,103.10,75.60,13000000,2026-03-25T19:04:41Z
5d75306a-88a8-5914-895c-1c6360cf4b7d,a531998d-b66d-5191-a7da-a567327512a7,Tanpa Judul (Art Nouveau),Art_Nouveau,wikiart_04197.jpg,,34.20,27.10,53000000,2026-02-11T04:33:25Z
883f6281-e8ca-546f-ae35-4b17655e0dfd,3ecb7039-f69e-55cd-869d-c7d7cf0962f6,Tanpa Judul (Cubism),Cubism,wikiart_01662.jpg,,56.30,50.80,21000000,2025-04-19T18:47:24Z
7ba04b01-9924-5de2-9ea7-9d0e178b5a76,5d9ef8fa-9d26-5e45-87a1-4a45f17d0980,Tanpa Judul (Baroque),Baroque,wikiart_04560.jpg,,39.90,52.70,23000000,2026-06-14T04:21:11Z
daa8c931-6f28-5aae-87f3-dc9cd4fb7f63,1d876d41-bc7a-55ee-91cf-65ffb2a4048b,Tanpa Judul (Impressionism),Impressionism,wikiart_01398.jpg,,46.10,59.90,79000000,2024-11-07T20:06:19Z
ca55c619-7e70-5754-96ba-1b54f25c5b7b,dd4aa9b5-3247-5ea3-9589-db5aa169c4e0,Tanpa Judul (Post Impressionism),Post_Impressionism,wikiart_04432.jpg,,56.00,43.00,5100000,2025-12-21T20:42:15Z
46c86d94-53b0-5d68-83e7-fad89216a30c,dbc6f383-447d-5f26-a2f4-86753b3c416a,Tanpa Judul (Realism),Realism,wikiart_02282.jpg,,42.50,56.60,17000000,2025-03-04T17:46:47Z
35f00583-6b8a-5727-bd37-fa25d72e101d,3ecb7039-f69e-55cd-869d-c7d7cf0962f6,Tanpa Judul (Post Impressionism),Post_Impressionism,wikiart_00280.jpg,,73.30,82.70,48000000,2025-03-26T02:07:49Z
2bf4faa1-7704-5570-bb4c-6e0251d4b300,51c4d53d-91bb-5b40-bf86-1f46a9aa18a6,Tanpa Judul (Impressionism),Impressionism,wikiart_04660.jpg,,96.30,172.10,330000000,2025-09-11T03:26:29Z
6f681699-9a80-5ff1-93b6-84b5d171f175,a6782ff2-13ef-5b2b-a432-7d121a6ae6c4,Tanpa Judul (Realism),Realism,wikiart_02618.jpg,,80.60,65.00,8200000,2025-03-22T21:30:04Z
a47f564c-11bf-5057-bd19-c59fb19a201c,c868fe01-5c24-57bf-8ffb-fdc6d3ae09a2,Tanpa Judul (Naive Art Primitivism),Naive_Art_Primitivism,wikiart_02842.jpg,,85.90,108.40,17000000,2026-02-13T05:34:48Z
0211e788-36f3-51a2-ab20-0277691cacb4,dd4aa9b5-3247-5ea3-9589-db5aa169c4e0,Tanpa Judul (Post Impressionism),Post_Impressionism,wikiart_01100.jpg,,37.00,46.60,5000000,2024-10-15T11:10:51Z
22d43759-bdbb-53a3-852b-ddc863c1c8fb,04432a0f-51e1-5293-a8dc-89755e574853,Tanpa Judul (Impressionism),Impressionism,wikiart_02418.jpg,,55.10,74.90,51000000,2024-10-10T15:01:14Z
cebc0546-bbc7-5f4a-a66a-26a2662c7c99,7cf14239-60d5-5ff0-9270-0d2dd0d62e05,Tanpa Judul (Post Impressionism),Post_Impressionism,wikiart_03402.jpg,,70.70,107.00,13000000,2025-01-19T05:21:30Z
5f45dbb6-6d48-5168-9b7f-2dc5a297c9c9,c868fe01-5c24-57bf-8ffb-fdc6d3ae09a2,Tanpa Judul (Naive Art Primitivism),Naive_Art_Primitivism,wikiart_03956.jpg,,81.40,108.50,18000000,2024-11-22T22:41:21Z
baf07bc3-a909-5e4e-97b4-d5f835c80146,3e92a01c-1f80-5c38-9903-fe409c3d5d61,Tanpa Judul (Impressionism),Impressionism,wikiart_02964.jpg,,110.80,89.10,95000000,2024-10-16T21:57:39Z
2c8c7cf6-194e-5eea-a757-51e637134a3a,c868fe01-5c24-57bf-8ffb-fdc6d3ae09a2,Tanpa Judul (Naive Art Primitivism),Naive_Art_Primitivism,wikiart_02640.jpg,,87.20,113.40,25000000,2024-11-10T21:03:49Z
9dd8b7d3-9cf1-50d4-b387-8cad312a618c,a6782ff2-13ef-5b2b-a432-7d121a6ae6c4,Tanpa Judul (Symbolism),Symbolism,wikiart_01722.jpg,,82.10,81.20,5500000,2025-10-30T07:18:41Z
9bd443d5-6f2f-545d-9700-3dcb31bd9381,dd4aa9b5-3247-5ea3-9589-db5aa169c4e0,Tanpa Judul (Post Impressionism),Post_Impressionism,wikiart_00583.jpg,,150.80,112.80,9100000,2025-05-05T20:47:21Z
1b1643a3-45bc-550a-a731-c35a570fc2d2,21a4ae7e-8f05-5294-9e2d-32d96779246e,Tanpa Judul (Realism),Realism,wikiart_02099.jpg,,62.10,105.00,8300000,2025-11-06T15:39:01Z
0cd926df-5187-5bb6-964d-d254065470d9,951be198-4893-5acc-9f1d-ab202e87291b,Tanpa Judul (Post Impressionism),Post_Impressionism,wikiart_01215.jpg,,54.20,38.70,54000000,2024-10-08T01:52:10Z
e66b15d5-db68-51c5-a489-281ac37ca6b1,5d9ef8fa-9d26-5e45-87a1-4a45f17d0980,Tanpa Judul (Baroque),Baroque,wikiart_03496.jpg,,63.80,81.70,37000000,2026-06-24T19:08:32Z
5b481815-d499-5089-a16f-8180b252f113,3e92a01c-1f80-5c38-9903-fe409c3d5d61,Tanpa Judul (Impressionism),Impressionism,wikiart_03106.jpg,,43.60,35.20,33000000,2024-11-16T11:54:51Z
6b5133b1-36ee-54a1-8b5c-3884113c553e,c868fe01-5c24-57bf-8ffb-fdc6d3ae09a2,Tanpa Judul (Naive Art Primitivism),Naive_Art_Primitivism,wikiart_05104.jpg,,61.40,86.00,16000000,2025-07-31T22:29:26Z
35e8065d-9918-50a4-93b7-e3e5b31699a3,5d9ef8fa-9d26-5e45-87a1-4a45f17d0980,Tanpa Judul (Baroque),Baroque,wikiart_05113.jpg,,32.80,40.40,14000000,2026-02-20T17:01:54Z
c73b0a61-c27d-5987-b275-43de0f0b1f25,3e92a01c-1f80-5c38-9903-fe409c3d5d61,Tanpa Judul (Impressionism),Impressionism,wikiart_02859.jpg,,49.80,41.70,35000000,2024-11-17T23:47:41Z
90875d24-fb9e-52d8-9a82-f04f61188823,a6782ff2-13ef-5b2b-a432-7d121a6ae6c4,Tanpa Judul (Expressionism),Expressionism,wikiart_03042.jpg,,57.60,42.50,9200000,2025-09-21T21:37:01Z
2dd74940-8d4d-5090-b485-7f279cee5ea1,951be198-4893-5acc-9f1d-ab202e87291b,Tanpa Judul (Post Impressionism),Post_Impressionism,wikiart_05197.jpg,,83.70,54.20,120000000,2024-11-09T00:28:14Z
57f50632-d92d-5605-a16e-1927d316b72e,51c4d53d-91bb-5b40-bf86-1f46a9aa18a6,Tanpa Judul (Impressionism),Impressionism,wikiart_02785.jpg,,88.50,62.00,310000000,2026-04-10T22:42:24Z
78effd3d-61b0-5e45-8100-f5abe56d958c,04432a0f-51e1-5293-a8dc-89755e574853,Tanpa Judul (Impressionism),Impressionism,wikiart_04800.jpg,,42.80,42.90,25000000,2024-10-07T06:08:47Z
01d2c398-a4bb-5855-97c5-b0bb3a97fc4b,dd4aa9b5-3247-5ea3-9589-db5aa169c4e0,Tanpa Judul (Post Impressionism),Post_Impressionism,wikiart_04295.jpg,,124.10,158.70,12000000,2026-04-09T21:24:43Z
4d413735-ad68-52b2-b57f-584ec8b26a39,1d876d41-bc7a-55ee-91cf-65ffb2a4048b,Tanpa Judul (Impressionism),Impressionism,wikiart_03924.jpg,,63.20,48.30,64000000,2024-12-01T17:37:29Z
750d5d2b-a27d-582a-aaf3-785c7153367d,7cf14239-60d5-5ff0-9270-0d2dd0d62e05,Tanpa Judul (Symbolism),Symbolism,wikiart_00304.jpg,,65.30,88.80,6800000,2024-12-17T12:14:45Z
4d0fba81-c979-54cd-9748-92bb10b93d18,1d876d41-bc7a-55ee-91cf-65ffb2a4048b,Tanpa Judul (Impressionism),Impressionism,wikiart_03081.jpg,,34.10,27.60,40000000,2026-04-22T07:13:16Z
aa28a565-a566-5ad3-a669-c60d5cc1480a,a6782ff2-13ef-5b2b-a432-7d121a6ae6c4,Tanpa Judul (Realism),Realism,wikiart_03734.jpg,,48.30,32.40,3500000,2024-11-20T22:38:04Z
11145a51-c01e-57b6-800a-485fde35a544,dd4aa9b5-3247-5ea3-9589-db5aa169c4e0,Tanpa Judul (Post Impressionism),Post_Impressionism,wikiart_00050.jpg,,86.60,117.10,11000000,2025-11-13T12:05:08Z
2a4666f5-fcb5-5698-b229-6dbce48a3669,51c4d53d-91bb-5b40-bf86-1f46a9aa18a6,Tanpa Judul (Impressionism),Impressionism,wikiart_01225.jpg,,63.70,40.40,130000000,2026-05-20T13:34:12Z
d3a8b338-b612-53d4-9c39-d14ffe191dfa,1d876d41-bc7a-55ee-91cf-65ffb2a4048b,Tanpa Judul (Impressionism),Impressionism,wikiart_02439.jpg,,62.30,74.80,60000000,2026-06-11T22:40:39Z
bb245894-5ba5-5e26-b383-95d243655742,51c4d53d-91bb-5b40-bf86-1f46a9aa18a6,Tanpa Judul (Impressionism),Impressionism,wikiart_03584.jpg,,65.00,54.10,220000000,2024-10-28T04:14:37Z
698efea3-bc87-5467-a0c4-4b81d2ccc213,1d25dbba-d1e1-5b79-bb67-3d22aced6cb8,Tanpa Judul (Realism),Realism,wikiart_03192.jpg,,36.20,21.60,3100000,2024-11-12T11:08:42Z
d3422033-4aff-51f3-8ab2-4115da49da27,3dbb220d-08c5-5e68-b9e9-4282c0cc891f,Tanpa Judul (Northern Renaissance),Northern_Renaissance,wikiart_04058.jpg,,58.00,93.20,59000000,2024-11-19T15:06:59Z
f8b7fbb2-03a4-5381-ba79-f564ac1ad922,c868fe01-5c24-57bf-8ffb-fdc6d3ae09a2,Tanpa Judul (Naive Art Primitivism),Naive_Art_Primitivism,wikiart_03585.jpg,,98.20,133.50,25000000,2025-02-02T16:28:02Z
a15fe06b-c4c5-5d68-a17b-988509e981f5,1d876d41-bc7a-55ee-91cf-65ffb2a4048b,Tanpa Judul (Impressionism),Impressionism,wikiart_03100.jpg,,87.80,115.10,98000000,2026-06-08T00:35:48Z
34160e4b-d84e-599f-a998-377004b6a1c5,dd4aa9b5-3247-5ea3-9589-db5aa169c4e0,Tanpa Judul (Post Impressionism),Post_Impressionism,wikiart_01436.jpg,,57.40,47.90,4600000,2025-07-30T02:52:12Z
9afcf036-05fb-5d1c-a52e-128c1f09cb13,5a27ac9a-1e04-52e2-8392-12edbe43c594,Tanpa Judul (Realism),Realism,wikiart_01957.jpg,,103.70,39.20,4400000,2026-06-28T18:16:10Z
a5e10e67-f277-5fb1-8d2f-ab4044d0b9e9,dbc6f383-447d-5f26-a2f4-86753b3c416a,Tanpa Judul (Art Nouveau),Art_Nouveau,wikiart_01941.jpg,,38.60,46.80,6500000,2024-10-17T05:05:17Z
e2aaeea9-455c-5f23-9f84-2c28fffe8b0b,dbc6f383-447d-5f26-a2f4-86753b3c416a,Tanpa Judul (Realism),Realism,wikiart_02725.jpg,,42.70,60.00,11000000,2024-12-20T17:38:13Z
8f919817-9866-53c1-a948-7bc3b73f5721,d9c76b21-7320-5d80-9265-153dfdbc0c20,Tanpa Judul (Impressionism),Impressionism,wikiart_03839.jpg,,115.20,154.40,18000000,2024-11-17T10:06:52Z
42e8f054-46e7-58d6-8759-0136e14b50cf,3ecb7039-f69e-55cd-869d-c7d7cf0962f6,Tanpa Judul (Post Impressionism),Post_Impressionism,wikiart_01180.jpg,,73.50,86.00,52000000,2024-10-22T00:00:56Z
2d4cd953-1ef3-50c1-b716-6aae70e41df9,c868fe01-5c24-57bf-8ffb-fdc6d3ae09a2,Tanpa Judul (Naive Art Primitivism),Naive_Art_Primitivism,wikiart_04289.jpg,,54.20,41.40,8700000,2024-10-15T12:56:15Z
a470e5ee-a639-5209-97fa-b0118d600571,a6782ff2-13ef-5b2b-a432-7d121a6ae6c4,Tanpa Judul (Expressionism),Expressionism,wikiart_05401.jpg,,58.80,60.10,9500000,2024-11-13T12:00:06Z
74f52397-8a13-5bba-8b5e-a4e588e52acd,04432a0f-51e1-5293-a8dc-89755e574853,Tanpa Judul (Impressionism),Impressionism,wikiart_00548.jpg,,45.20,34.30,18000000,2024-12-05T22:27:15Z
855c3a70-4a2f-501d-a71c-a9f531d9e243,1d876d41-bc7a-55ee-91cf-65ffb2a4048b,Tanpa Judul (Impressionism),Impressionism,wikiart_05123.jpg,,66.10,80.80,63000000,2025-06-29T12:17:02Z
6200880d-6b5c-5851-ba59-9940b0e08e86,04432a0f-51e1-5293-a8dc-89755e574853,Tanpa Judul (Impressionism),Impressionism,wikiart_02467.jpg,,64.30,47.50,49000000,2024-10-09T20:31:24Z
abd1c5f6-8683-5c97-8517-3c09b98ff0fa,c868fe01-5c24-57bf-8ffb-fdc6d3ae09a2,Tanpa Judul (Expressionism),Expressionism,wikiart_02256.jpg,,60.40,64.40,12000000,2024-11-23T08:32:25Z
77bb628a-60f8-5fb9-a727-5bc13cedde37,a531998d-b66d-5191-a7da-a567327512a7,Tanpa Judul (Art Nouveau),Art_Nouveau,wikiart_00458.jpg,,40.00,56.20,70000000,2026-01-18T02:44:29Z
e8ca8b00-2c27-5f0c-b585-038d937a8334,5d9ef8fa-9d26-5e45-87a1-4a45f17d0980,Tanpa Judul (Baroque),Baroque,wikiart_02375.jpg,,65.80,54.20,21000000,2024-11-12T02:44:09Z
a996ade9-5c24-5125-b077-98a33e01a807,a6782ff2-13ef-5b2b-a432-7d121a6ae6c4,Tanpa Judul (Expressionism),Expressionism,wikiart_00240.jpg,,49.80,34.80,5700000,2025-08-02T11:14:39Z
4249e92b-eda9-5ec3-81a4-42364c55948d,dbc6f383-447d-5f26-a2f4-86753b3c416a,Tanpa Judul (Art Nouveau),Art_Nouveau,wikiart_00880.jpg,,42.50,51.50,9900000,2026-01-11T02:35:35Z
792e3b51-59a6-547c-a83a-54ae5272c287,5efed142-8369-554d-9ba2-c2f081036319,Tanpa Judul (Impressionism),Impressionism,wikiart_00151.jpg,,93.50,65.70,49000000,2025-04-07T04:36:37Z
a3cd8007-c6c2-537b-a473-dd322091d121,c868fe01-5c24-57bf-8ffb-fdc6d3ae09a2,Tanpa Judul (Naive Art Primitivism),Naive_Art_Primitivism,wikiart_03815.jpg,,128.20,155.60,29000000,2025-07-23T22:44:12Z
df3f07b4-e74d-5cc6-8fee-ee7cb8977c13,64668e48-371b-5ffb-8837-9c4fd033feec,Tanpa Judul (Romanticism),Romanticism,wikiart_03590.jpg,,118.40,76.20,7500000,2025-12-21T03:44:56Z
4c8d4482-78e8-564a-a808-f97ad0348728,5d9ef8fa-9d26-5e45-87a1-4a45f17d0980,Tanpa Judul (Baroque),Baroque,wikiart_02417.jpg,,75.30,85.50,37000000,2025-07-20T21:17:16Z
3e80e9dd-4e2e-5947-8f9c-96a3963b2fb3,c868fe01-5c24-57bf-8ffb-fdc6d3ae09a2,Tanpa Judul (Naive Art Primitivism),Naive_Art_Primitivism,wikiart_01317.jpg,,54.70,69.00,11000000,2024-10-23T10:27:44Z
85004bef-2c18-5bd2-903c-b4ec282c33d7,51c4d53d-91bb-5b40-bf86-1f46a9aa18a6,Tanpa Judul (Impressionism),Impressionism,wikiart_00480.jpg,,58.50,57.20,240000000,2025-03-11T20:12:13Z
13fa15ae-007f-52e4-b51b-12adaf62629b,7cf14239-60d5-5ff0-9270-0d2dd0d62e05,Tanpa Judul (Expressionism),Expressionism,wikiart_03011.jpg,,69.20,59.00,17000000,2026-04-18T05:03:34Z
ba6a9c3a-da31-56bb-9261-40c472d80aa6,951be198-4893-5acc-9f1d-ab202e87291b,Tanpa Judul (Post Impressionism),Post_Impressionism,wikiart_02307.jpg,,51.80,43.20,120000000,2025-03-30T15:53:56Z
c507cf1a-d174-592b-9bbc-03401016e138,5a27ac9a-1e04-52e2-8392-12edbe43c594,Tanpa Judul (Impressionism),Impressionism,wikiart_04061.jpg,,95.20,49.60,5300000,2026-05-18T11:25:44Z
e5d85149-91ed-5633-b84e-b8c2714a4a7a,951be198-4893-5acc-9f1d-ab202e87291b,Tanpa Judul (Realism),Realism,wikiart_00006.jpg,,29.40,40.40,46000000,2024-11-08T00:50:44Z
2e85624d-eada-5d79-9915-9cd47c63c9b8,951be198-4893-5acc-9f1d-ab202e87291b,Tanpa Judul (Realism),Realism,wikiart_05611.jpg,,54.10,34.10,65000000,2025-09-09T19:31:40Z
b86671c3-c35f-5129-ba2f-a3332431bb2f,23ba78b5-421a-5447-b022-5a66fe8d084d,Tanpa Judul (Cubism),Cubism,wikiart_03985.jpg,,79.40,51.30,10000000,2026-04-14T03:58:00Z
13ba4e3e-84bb-5920-9208-6d7eb73cf0d3,c868fe01-5c24-57bf-8ffb-fdc6d3ae09a2,Tanpa Judul (Naive Art Primitivism),Naive_Art_Primitivism,wikiart_04315.jpg,,44.60,63.30,10000000,2025-07-06T15:42:18Z
ca1ad1e4-6ce7-52b7-9de8-479dfd9d0b88,c868fe01-5c24-57bf-8ffb-fdc6d3ae09a2,Tanpa Judul (Naive Art Primitivism),Naive_Art_Primitivism,wikiart_03882.jpg,,55.20,56.40,6000000,2025-03-23T09:00:33Z
14e1d8ef-d4cc-5bc3-84ae-51c3e7fccbda,1d25dbba-d1e1-5b79-bb67-3d22aced6cb8,Tanpa Judul (Realism),Realism,wikiart_02862.jpg,,73.90,52.90,9900000,2024-11-26T22:30:31Z
bc5d91bd-893d-5707-9cc5-833274218bfc,dad52c43-2eab-5272-a61d-dca032e6b1db,Tanpa Judul (Art Nouveau),Art_Nouveau,wikiart_05035.jpg,,102.10,66.40,4500000,2024-10-06T21:04:08Z
a829a0ac-c712-51a5-969e-1b3822ccee45,3dbb220d-08c5-5e68-b9e9-4282c0cc891f,Tanpa Judul (Northern Renaissance),Northern_Renaissance,wikiart_02032.jpg,,38.10,52.30,23000000,2025-09-07T15:33:26Z
0bbcd2b8-a6f0-5683-9ad8-e0041a138875,64668e48-371b-5ffb-8837-9c4fd033feec,Tanpa Judul (Romanticism),Romanticism,wikiart_03821.jpg,,37.20,22.60,4900000,2026-05-12T10:31:51Z
fc7d7289-9b4d-5864-84c9-bcd553efe1bc,23ba78b5-421a-5447-b022-5a66fe8d084d,Tanpa Judul (Impressionism),Impressionism,wikiart_00768.jpg,,43.10,35.20,3600000,2025-08-29T17:30:29Z
b1b22482-3c3c-5c49-a2ba-12e8121a4280,951be198-4893-5acc-9f1d-ab202e87291b,Tanpa Judul (Post Impressionism),Post_Impressionism,wikiart_01107.jpg,,35.00,27.60,72000000,2025-07-29T13:36:59Z
1acc4567-e03f-5327-8cc2-db276006a54a,951be198-4893-5acc-9f1d-ab202e87291b,Tanpa Judul (Post Impressionism),Post_Impressionism,wikiart_04457.jpg,,35.90,48.50,110000000,2024-11-03T01:58:11Z
b4aac21a-42bc-574d-86a1-5f41e762343d,dd4aa9b5-3247-5ea3-9589-db5aa169c4e0,Tanpa Judul (Impressionism),Impressionism,wikiart_05367.jpg,,42.70,34.90,3100000,2025-02-22T23:37:02Z
d7b8f21e-fec6-5d80-9695-fd744059c9cc,951be198-4893-5acc-9f1d-ab202e87291b,Tanpa Judul (Realism),Realism,wikiart_03310.jpg,,92.40,158.70,180000000,2026-05-27T17:27:48Z
89563d82-66d6-512f-a104-b6358f2c6053,3ecb7039-f69e-55cd-869d-c7d7cf0962f6,Tanpa Judul (Realism),Realism,wikiart_00221.jpg,,53.80,41.40,21000000,2024-12-09T05:14:52Z
90241727-1e35-5da4-abdf-d49fbbbe7af4,5efed142-8369-554d-9ba2-c2f081036319,Tanpa Judul (Impressionism),Impressionism,wikiart_04679.jpg,,60.70,50.50,28000000,2026-07-18T20:19:27Z
a43c2581-23e1-5c86-9739-ae460fc44df6,5efed142-8369-554d-9ba2-c2f081036319,Tanpa Judul (Impressionism),Impressionism,wikiart_02960.jpg,,42.90,68.50,24000000,2024-10-17T13:07:29Z
95f0d832-55f1-5eb1-9283-4d3b140576f9,dbc6f383-447d-5f26-a2f4-86753b3c416a,Tanpa Judul (Art Nouveau),Art_Nouveau,wikiart_02324.jpg,,74.90,56.30,17000000,2025-10-15T16:15:30Z
29d5b6a7-0583-5966-b0b4-6b3390b8b41b,951be198-4893-5acc-9f1d-ab202e87291b,Tanpa Judul (Post Impressionism),Post_Impressionism,wikiart_00617.jpg,,115.70,93.50,240000000,2024-11-12T09:43:00Z
f06f5c52-f306-5509-9a82-0de8c7d16150,c868fe01-5c24-57bf-8ffb-fdc6d3ae09a2,Tanpa Judul (Cubism),Cubism,wikiart_03432.jpg,,44.00,30.20,10000000,2026-04-20T18:35:05Z
5c7c0405-3bb3-54a0-afa1-9218f5c30922,5efed142-8369-554d-9ba2-c2f081036319,Tanpa Judul (Impressionism),Impressionism,wikiart_02016.jpg,,109.70,161.60,78000000,2025-03-03T18:11:28Z
cc0d413d-9850-5038-b77c-89985aa7f22c,dd4aa9b5-3247-5ea3-9589-db5aa169c4e0,Tanpa Judul (Post Impressionism),Post_Impressionism,wikiart_04528.jpg,,68.20,86.70,6500000,2025-11-16T10:13:01Z
d24c57e7-744e-52d2-9116-7d015cb2dbd2,3ecb7039-f69e-55cd-869d-c7d7cf0962f6,Tanpa Judul (Expressionism),Expressionism,wikiart_00531.jpg,,60.40,79.90,45000000,2026-07-29T06:09:04Z
47d445d6-54ca-5d9e-946b-64d9dc271a2e,21a4ae7e-8f05-5294-9e2d-32d96779246e,Tanpa Judul (Realism),Realism,wikiart_03866.jpg,,69.00,52.20,5700000,2026-01-16T00:16:11Z
d6a80d48-bd7c-5adb-b62e-8cb4c6266112,a531998d-b66d-5191-a7da-a567327512a7,Tanpa Judul (Art Nouveau),Art_Nouveau,wikiart_04873.jpg,,68.80,47.20,210000000,2025-02-07T15:19:36Z
45708b8a-e64f-5bf6-8151-c025612ef611,951be198-4893-5acc-9f1d-ab202e87291b,Tanpa Judul (Post Impressionism),Post_Impressionism,wikiart_03164.jpg,,114.90,90.80,320000000,2026-05-03T04:26:00Z
01dc17a9-f5b7-564d-a9cc-9a7d4af88c47,51c4d53d-91bb-5b40-bf86-1f46a9aa18a6,Tanpa Judul (Impressionism),Impressionism,wikiart_01382.jpg,,72.00,99.00,250000000,2025-08-17T22:56:09Z
7c5a2e1e-bc14-5415-a8c2-9c27c2cadb83,3e92a01c-1f80-5c38-9903-fe409c3d5d61,Tanpa Judul (Impressionism),Impressionism,wikiart_04642.jpg,,72.50,57.60,37000000,2024-10-10T13:54:27Z
8a408215-23a9-597a-b630-c8918524d3a5,5efed142-8369-554d-9ba2-c2f081036319,Tanpa Judul (Impressionism),Impressionism,wikiart_00739.jpg,,51.80,39.60,45000000,2025-09-19T21:04:30Z
33613d53-a0a1-5134-9fdb-0aa7f0d27bb1,1d876d41-bc7a-55ee-91cf-65ffb2a4048b,Tanpa Judul (Impressionism),Impressionism,wikiart_01986.jpg,,80.50,66.20,100000000,2026-05-14T16:13:56Z
c30f4a75-21ca-58b7-bfd4-3aa237f8dff5,23ba78b5-421a-5447-b022-5a66fe8d084d,Tanpa Judul (Post Impressionism),Post_Impressionism,wikiart_04247.jpg,,42.90,64.90,6400000,2024-11-20T14:44:27Z
13114946-c3f7-52c1-851a-49077f6dbad8,1d876d41-bc7a-55ee-91cf-65ffb2a4048b,Tanpa Judul (Impressionism),Impressionism,wikiart_02172.jpg,,62.30,77.70,120000000,2026-04-05T09:03:08Z
5aaf520a-b4e7-5645-8e22-41405b4e3e04,1d876d41-bc7a-55ee-91cf-65ffb2a4048b,Tanpa Judul (Impressionism),Impressionism,wikiart_00421.jpg,,164.60,132.40,300000000,2026-02-25T22:00:55Z
0fd5da19-5bcf-5da5-b61b-ab1c5815ada3,951be198-4893-5acc-9f1d-ab202e87291b,Tanpa Judul (Post Impressionism),Post_Impressionism,wikiart_05266.jpg,,25.00,34.00,48000000,2025-08-29T04:12:21Z
da9a1f2e-1a2d-5e9f-b0ee-8b8287a5c7ca,dd4aa9b5-3247-5ea3-9589-db5aa169c4e0,Tanpa Judul (Post Impressionism),Post_Impressionism,wikiart_02383.jpg,,65.10,51.30,5200000,2025-05-24T00:38:04Z
f2907336-dfea-5f10-80cd-dec51602b660,d9c76b21-7320-5d80-9265-153dfdbc0c20,Tanpa Judul (Impressionism),Impressionism,wikiart_00588.jpg,,66.00,61.00,6900000,2026-03-13T04:40:11Z
443c4440-8d2a-5939-b191-90004ae3bad3,dad52c43-2eab-5272-a61d-dca032e6b1db,Tanpa Judul (Art Nouveau),Art_Nouveau,wikiart_04549.jpg,,55.40,84.80,3300000,2025-06-26T04:53:18Z
882125dc-b120-5048-9014-2ba4d49923bf,51c4d53d-91bb-5b40-bf86-1f46a9aa18a6,Tanpa Judul (Impressionism),Impressionism,wikiart_05649.jpg,,55.90,44.30,180000000,2025-02-01T15:40:47Z
7765fbdf-dd49-5f12-833e-33c7502e8fe3,04432a0f-51e1-5293-a8dc-89755e574853,Tanpa Judul (Impressionism),Impressionism,wikiart_02768.jpg,,62.00,65.60,40000000,2025-05-22T06:25:06Z
11ac0d17-6dd7-5868-9ad9-cf35bb1dc03f,1d876d41-bc7a-55ee-91cf-65ffb2a4048b,Tanpa Judul (Impressionism),Impressionism,wikiart_03826.jpg,,54.90,68.70,49000000,2026-06-30T11:05:23Z
1f480169-3171-5023-8104-bd043c0f8f43,1d25dbba-d1e1-5b79-bb67-3d22aced6cb8,Tanpa Judul (Realism),Realism,wikiart_00219.jpg,,64.80,45.50,7400000,2025-04-25T00:34:23Z
9ac1a8f1-7693-5812-8984-63f3947df2ab,3ecb7039-f69e-55cd-869d-c7d7cf0962f6,Tanpa Judul (Realism),Realism,wikiart_04927.jpg,,50.60,42.50,22000000,2024-10-09T23:31:18Z
fa3132b4-aedc-59c0-b38b-b708591a43fa,3ecb7039-f69e-55cd-869d-c7d7cf0962f6,Tanpa Judul (Realism),Realism,wikiart_01039.jpg,,121.80,90.20,46000000,2024-11-06T19:48:17Z
43ed16a9-8973-5c50-9ecb-cf6c64e927c1,04432a0f-51e1-5293-a8dc-89755e574853,Tanpa Judul (Impressionism),Impressionism,wikiart_03717.jpg,,54.90,41.80,28000000,2024-11-10T02:44:34Z
5dbcd515-374e-5d4d-9466-4481da904318,1d876d41-bc7a-55ee-91cf-65ffb2a4048b,Tanpa Judul (Impressionism),Impressionism,wikiart_00255.jpg,,73.20,110.20,96000000,2026-09-11T01:19:40Z
bdf8376c-d8a6-5d4e-80e6-e10f92aa976e,5a27ac9a-1e04-52e2-8392-12edbe43c594,Tanpa Judul (Impressionism),Impressionism,wikiart_02461.jpg,,47.50,32.70,5000000,2025-10-26T05:40:54Z
ef76dfe7-300c-5f28-b39e-b4924dbbf723,dd4aa9b5-3247-5ea3-9589-db5aa169c4e0,Tanpa Judul (Impressionism),Impressionism,wikiart_03981.jpg,,83.20,78.80,4800000,2024-11-13T21:50:13Z
e15a9001-adb8-50c5-a837-393fbcdb506d,dad52c43-2eab-5272-a61d-dca032e6b1db,Tanpa Judul (Art Nouveau),Art_Nouveau,wikiart_01132.jpg,,77.60,120.50,7000000,2026-04-15T22:50:25Z
40937b32-647f-5668-ba38-cebe2ea4de54,a531998d-b66d-5191-a7da-a567327512a7,Tanpa Judul (Symbolism),Symbolism,wikiart_02221.jpg,,69.50,55.30,98000000,2025-06-14T03:13:36Z
854f6550-ae71-509e-859c-39396df1a99e,c868fe01-5c24-57bf-8ffb-fdc6d3ae09a2,Tanpa Judul (Naive Art Primitivism),Naive_Art_Primitivism,wikiart_03194.jpg,,41.90,52.10,10000000,2026-05-04T19:18:36Z
34be515c-745a-552e-88f7-004446f79132,51c4d53d-91bb-5b40-bf86-1f46a9aa18a6,Tanpa Judul (Impressionism),Impressionism,wikiart_02408.jpg,,46.10,37.90,84000000,2026-08-30T23:58:36Z
92b27d5e-4ef1-5d85-9818-e9d185b16f29,1d25dbba-d1e1-5b79-bb67-3d22aced6cb8,Tanpa Judul (Realism),Realism,wikiart_04094.jpg,,108.30,258.30,22000000,2026-03-24T06:15:38Z
ebee2d3a-2604-56ac-8e29-6060ea97c095,a531998d-b66d-5191-a7da-a567327512a7,Tanpa Judul (Symbolism),Symbolism,wikiart_01956.jpg,,45.90,27.10,33000000,2026-03-02T10:19:09Z
15fd78ca-85ac-54a9-ad05-cab13a5fbc79,a6782ff2-13ef-5b2b-a432-7d121a6ae6c4,Tanpa Judul (Realism),Realism,wikiart_04768.jpg,,75.10,53.10,9300000,2025-08-11T05:36:53Z
947129a2-1e31-5b5a-bd88-71e59d438c09,951be198-4893-5acc-9f1d-ab202e87291b,Tanpa Judul (Post Impressionism),Post_Impressionism,wikiart_03110.jpg,,43.10,57.30,120000000,2026-06-04T15:21:11Z
c631d926-f329-5d37-9122-e63f843fc144,64668e48-371b-5ffb-8837-9c4fd033feec,Tanpa Judul (Romanticism),Romanticism,wikiart_05000.jpg,,85.40,57.70,7200000,2024-12-04T14:02:04Z
272b1b57-ebc0-571c-9641-ff8c7f4d0f5c,1d876d41-bc7a-55ee-91cf-65ffb2a4048b,Tanpa Judul (Impressionism),Impressionism,wikiart_03586.jpg,,47.20,38.40,41000000,2024-10-05T04:07:51Z
36476d86-62e1-5778-b10b-28e69f8b1f86,3e92a01c-1f80-5c38-9903-fe409c3d5d61,Tanpa Judul (Impressionism),Impressionism,wikiart_03740.jpg,,42.80,54.80,34000000,2025-06-21T04:03:47Z
54fdf259-6487-562b-912f-ac0e1163f187,5efed142-8369-554d-9ba2-c2f081036319,Tanpa Judul (Realism),Realism,wikiart_03925.jpg,,46.80,66.20,16000000,2024-10-30T23:59:53Z
7a162455-3653-5aec-88d6-6380d2d9870c,dd4aa9b5-3247-5ea3-9589-db5aa169c4e0,Tanpa Judul (Post Impressionism),Post_Impressionism,wikiart_01630.jpg,,49.40,59.60,3700000,2026-07-12T04:25:53Z
74629c02-e75a-5dbc-989f-506d5b069dd1,5a27ac9a-1e04-52e2-8392-12edbe43c594,Tanpa Judul (Impressionism),Impressionism,wikiart_05003.jpg,,69.10,55.30,8200000,2025-12-14T20:22:52Z
eb58a587-23fb-5ce1-9617-ef945f2b3473,dad52c43-2eab-5272-a61d-dca032e6b1db,Tanpa Judul (Art Nouveau),Art_Nouveau,wikiart_03684.jpg,,61.50,94.30,4500000,2024-10-13T23:45:16Z
0192f042-0460-5670-ad3d-614b39d47405,51c4d53d-91bb-5b40-bf86-1f46a9aa18a6,Tanpa Judul (Impressionism),Impressionism,wikiart_01116.jpg,,40.90,33.00,150000000,2024-10-05T16:32:05Z
26775572-6863-55f1-8927-d3450d0ffe9b,6fe7b986-2984-567c-a4cc-509a0769266a,Tanpa Judul (Romanticism),Romanticism,wikiart_01096.jpg,,59.40,78.80,19000000,2024-11-14T23:17:25Z
6e7f8647-4d69-5697-b99e-494bb7890caf,dad52c43-2eab-5272-a61d-dca032e6b1db,Tanpa Judul (Art Nouveau),Art_Nouveau,wikiart_01403.jpg,,40.20,61.50,2800000,2024-11-06T11:42:05Z
6e16ccf0-cdc8-5168-b51c-60346d4d3328,c868fe01-5c24-57bf-8ffb-fdc6d3ae09a2,Tanpa Judul (Naive Art Primitivism),Naive_Art_Primitivism,wikiart_01878.jpg,,75.20,106.10,16000000,2026-06-19T06:03:26Z
6d45e673-783c-5215-83de-60cad027af0e,a6782ff2-13ef-5b2b-a432-7d121a6ae6c4,Tanpa Judul (Expressionism),Expressionism,wikiart_01330.jpg,,80.10,50.90,12000000,2024-11-11T13:31:32Z
f508fd2b-8b8d-565a-aa1d-c0ca0c17f51f,51c4d53d-91bb-5b40-bf86-1f46a9aa18a6,Tanpa Judul (Impressionism),Impressionism,wikiart_00998.jpg,,59.50,45.30,260000000,2024-11-24T16:23:17Z
739ccdd6-5159-55a5-8570-1841d2eded93,1d876d41-bc7a-55ee-91cf-65ffb2a4048b,Tanpa Judul (Impressionism),Impressionism,wikiart_00288.jpg,,66.00,79.10,90000000,2025-06-08T03:51:49Z
b20d10ca-8acb-53f9-b1d0-67303816104c,5d9ef8fa-9d26-5e45-87a1-4a45f17d0980,Tanpa Judul (Baroque),Baroque,wikiart_01501.jpg,,110.80,147.10,58000000,2024-11-07T15:51:30Z
9163380e-d285-5ea2-9f9b-ec0b081eb86d,a6782ff2-13ef-5b2b-a432-7d121a6ae6c4,Tanpa Judul (Expressionism),Expressionism,wikiart_00207.jpg,,56.80,41.70,4900000,2026-06-09T12:29:18Z
877d1b33-0a8a-5d9e-814e-1a6760c48d7a,dad52c43-2eab-5272-a61d-dca032e6b1db,Tanpa Judul (Art Nouveau),Art_Nouveau,wikiart_01523.jpg,,43.10,44.50,2800000,2026-07-24T20:38:02Z
618652ce-e2df-5735-a3b7-1c2820f9d17b,5a27ac9a-1e04-52e2-8392-12edbe43c594,Tanpa Judul (Impressionism),Impressionism,wikiart_03014.jpg,,73.50,58.80,8700000,2025-01-15T18:05:25Z
be5d3d72-67a4-5595-a72c-ddbec301ea70,51c4d53d-91bb-5b40-bf86-1f46a9aa18a6,Tanpa Judul (Impressionism),Impressionism,wikiart_00613.jpg,,40.40,35.70,170000000,2025-02-09T23:22:36Z
83fed87f-aa47-5802-b88a-96e3a0e5d9cf,951be198-4893-5acc-9f1d-ab202e87291b,Tanpa Judul (Post Impressionism),Post_Impressionism,wikiart_04521.jpg,,55.70,65.70,140000000,2024-10-12T10:06:46Z
d65712d5-c732-5d1d-9c26-207ade957679,6fe7b986-2984-567c-a4cc-509a0769266a,Tanpa Judul (Romanticism),Romanticism,wikiart_03512.jpg,,48.70,61.40,17000000,2026-04-14T00:09:22Z
52a42c09-a7ac-53c8-9559-e90085e5a5a6,5d9ef8fa-9d26-5e45-87a1-4a45f17d0980,Tanpa Judul (Baroque),Baroque,wikiart_03331.jpg,,46.90,56.20,29000000,2026-06-29T02:40:15Z
2dc1a3d9-2af8-5aef-95bb-4580395395bd,51c4d53d-91bb-5b40-bf86-1f46a9aa18a6,Tanpa Judul (Impressionism),Impressionism,wikiart_02409.jpg,,55.00,24.80,130000000,2024-11-23T05:33:45Z
0117ae9f-2c17-5ccc-9791-460b24155049,1d876d41-bc7a-55ee-91cf-65ffb2a4048b,Tanpa Judul (Impressionism),Impressionism,wikiart_01004.jpg,,82.20,108.00,120000000,2024-12-22T08:18:11Z
e125b579-2983-52d9-9b8d-40f9d3303c2a,dbc6f383-447d-5f26-a2f4-86753b3c416a,Tanpa Judul (Realism),Realism,wikiart_04104.jpg,,88.40,122.90,34000000,2025-05-09T19:47:56Z
fb297aed-4ede-5145-9e39-8a4bbd0230e9,5d9ef8fa-9d26-5e45-87a1-4a45f17d0980,Tanpa Judul (Baroque),Baroque,wikiart_04275.jpg,,83.00,99.20,39000000,2026-06-16T01:20:13Z
8463be5b-1e61-5e64-a11c-d1e1d46690d9,04432a0f-51e1-5293-a8dc-89755e574853,Tanpa Judul (Impressionism),Impressionism,wikiart_03753.jpg,,67.50,94.10,37000000,2025-06-10T16:08:20Z
6668aaa3-cf17-5996-8538-ab41cc230eab,3ecb7039-f69e-55cd-869d-c7d7cf0962f6,Tanpa Judul (Realism),Realism,wikiart_05515.jpg,,54.80,42.40,14000000,2024-11-12T05:48:23Z
5f6a60bf-5e0e-564b-adfc-b496bdbcf231,5efed142-8369-554d-9ba2-c2f081036319,Tanpa Judul (Realism),Realism,wikiart_01394.jpg,,26.30,22.70,8100000,2025-05-08T14:29:25Z
da66b667-46bf-505e-b38c-36009dd8f908,dd4aa9b5-3247-5ea3-9589-db5aa169c4e0,Tanpa Judul (Romanticism),Romanticism,wikiart_01328.jpg,,68.20,71.30,4400000,2026-05-10T11:24:43Z
0ee2ac59-94b8-586c-b73d-e4555d86d53f,51c4d53d-91bb-5b40-bf86-1f46a9aa18a6,Tanpa Judul (Impressionism),Impressionism,wikiart_02052.jpg,,27.00,23.70,91000000,2025-09-24T18:13:50Z
0a084db6-3a45-5d14-bdef-55d3a01e4ec4,3e92a01c-1f80-5c38-9903-fe409c3d5d61,Tanpa Judul (Impressionism),Impressionism,wikiart_01262.jpg,,30.60,38.70,30000000,2024-11-04T15:28:59Z
15f9f2f5-0e51-56f1-bb9b-15d2f49eda80,a531998d-b66d-5191-a7da-a567327512a7,Tanpa Judul (Art Nouveau),Art_Nouveau,wikiart_03203.jpg,,56.70,38.90,120000000,2025-05-16T06:48:34Z
77940c72-1025-5f31-8dff-3763e93c7cf0,04432a0f-51e1-5293-a8dc-89755e574853,Tanpa Judul (Impressionism),Impressionism,wikiart_00962.jpg,,65.80,90.60,70000000,2026-08-25T06:05:09Z
607ff3e1-e956-514a-a98e-ee70e0b7a042,51c4d53d-91bb-5b40-bf86-1f46a9aa18a6,Tanpa Judul (Impressionism),Impressionism,wikiart_04035.jpg,,51.20,37.30,210000000,2024-11-15T11:02:04Z
131104e4-8844-5d09-b9a1-bd7ad56f64f0,951be198-4893-5acc-9f1d-ab202e87291b,Tanpa Judul (Post Impressionism),Post_Impressionism,wikiart_02335.jpg,,102.70,79.60,190000000,2025-08-18T01:01:25Z
07425d78-e06e-583d-8083-ee3395fa2d20,51c4d53d-91bb-5b40-bf86-1f46a9aa18a6,Tanpa Judul (Impressionism),Impressionism,wikiart_02989.jpg,,70.50,63.40,180000000,2025-01-20T06:45:30Z
e8b2284d-a7ad-5d33-a915-89ef7a96ab29,951be198-4893-5acc-9f1d-ab202e87291b,Tanpa Judul (Realism),Realism,wikiart_02819.jpg,,55.00,75.50,120000000,2025-05-10T09:51:48Z
c917ccb5-3eb3-5996-9be8-e946e45a9727,64668e48-371b-5ffb-8837-9c4fd033feec,Tanpa Judul (Romanticism),Romanticism,wikiart_00439.jpg,,97.50,77.20,16000000,2026-05-16T06:38:36Z
1c2de6bf-21eb-5eec-8a36-148f553b12c6,dd4aa9b5-3247-5ea3-9589-db5aa169c4e0,Tanpa Judul (Post Impressionism),Post_Impressionism,wikiart_02516.jpg,,103.80,131.50,18000000,2024-10-16T15:23:16Z
674dc022-221a-58d6-92ac-9b527968dda6,1d876d41-bc7a-55ee-91cf-65ffb2a4048b,Tanpa Judul (Impressionism),Impressionism,wikiart_05576.jpg,,71.80,100.00,100000000,2025-08-13T14:34:58Z
7b6dc1ae-bb8a-5b29-acc9-fa89b8e1d8b6,951be198-4893-5acc-9f1d-ab202e87291b,Tanpa Judul (Realism),Realism,wikiart_00627.jpg,,45.70,83.30,64000000,2026-07-12T16:26:39Z
ede39de7-e03a-5630-8585-a599b39f0809,951be198-4893-5acc-9f1d-ab202e87291b,Tanpa Judul (Realism),Realism,wikiart_03795.jpg,,49.50,38.20,68000000,2025-07-04T10:45:26Z
5a02d041-db7c-5386-9ac8-1b1c24cd6cea,64668e48-371b-5ffb-8837-9c4fd033feec,Tanpa Judul (Romanticism),Romanticism,wikiart_01250.jpg,,36.20,29.30,3900000,2026-06-21T08:49:20Z
9ab7c080-f69c-5ba6-9e06-9bb58f95b231,64668e48-371b-5ffb-8837-9c4fd033feec,Tanpa Judul (Romanticism),Romanticism,wikiart_03219.jpg,,59.10,46.40,8500000,2024-10-24T07:35:35Z
98db0f0a-a4b0-51d9-8088-88f1d0ad4a24,51c4d53d-91bb-5b40-bf86-1f46a9aa18a6,Tanpa Judul (Impressionism),Impressionism,wikiart_01405.jpg,,41.50,37.20,160000000,2025-06-10T10:28:26Z
8593cdbc-d23b-5476-9af9-1494dd097488,a6782ff2-13ef-5b2b-a432-7d121a6ae6c4,Tanpa Judul (Expressionism),Expressionism,wikiart_05112.jpg,,53.50,77.20,11000000,2026-06-14T15:14:04Z
8e04173b-c26a-5b43-b711-d2b456c71647,3ecb7039-f69e-55cd-869d-c7d7cf0962f6,Tanpa Judul (Realism),Realism,wikiart_02909.jpg,,65.70,47.60,21000000,2026-07-18T06:02:56Z
5d48f5cc-6c07-56f9-827b-beec87a39988,1d876d41-bc7a-55ee-91cf-65ffb2a4048b,Tanpa Judul (Impressionism),Impressionism,wikiart_05079.jpg,,30.00,39.40,27000000,2026-04-03T22:05:11Z
525074bb-5049-5776-871f-fcd8225cd446,5efed142-8369-554d-9ba2-c2f081036319,Tanpa Judul (Impressionism),Impressionism,wikiart_01127.jpg,,38.60,30.50,17000000,2026-01-30T23:49:06Z
1d374c1b-2d8d-5140-8427-d95e92c22174,dbc6f383-447d-5f26-a2f4-86753b3c416a,Tanpa Judul (Realism),Realism,wikiart_05602.jpg,,50.20,63.00,13000000,2024-10-07T11:28:47Z
f4c03c69-cfa9-54d9-ad3a-66adb88879dc,5efed142-8369-554d-9ba2-c2f081036319,Tanpa Judul (Realism),Realism,wikiart_00375.jpg,,58.90,72.20,39000000,2026-02-27T09:28:30Z
1ddc4396-b26b-5fe3-8668-664e62cf5ac2,a6782ff2-13ef-5b2b-a432-7d121a6ae6c4,Tanpa Judul (Expressionism),Expressionism,wikiart_02811.jpg,,50.50,38.90,3700000,2024-10-23T00:58:42Z
ef036748-5afc-5f02-8646-1dbc3242ef73,7cf14239-60d5-5ff0-9270-0d2dd0d62e05,Tanpa Judul (Realism),Realism,wikiart_05024.jpg,,54.60,70.10,9100000,2025-09-04T22:54:04Z
35e5c308-5d86-5c0d-940c-4a200665d8fa,6fe7b986-2984-567c-a4cc-509a0769266a,Tanpa Judul (Romanticism),Romanticism,wikiart_04387.jpg,,46.90,63.10,16000000,2026-01-24T07:58:50Z
807d4e8a-f4e0-5e28-8e80-b7ce2f3c43d1,3ecb7039-f69e-55cd-869d-c7d7cf0962f6,Tanpa Judul (Post Impressionism),Post_Impressionism,wikiart_05410.jpg,,36.10,49.10,22000000,2025-12-02T07:58:56Z
c9cd70b4-a44b-5730-82c1-fe439eba0b9c,5a27ac9a-1e04-52e2-8392-12edbe43c594,Tanpa Judul (Impressionism),Impressionism,wikiart_02050.jpg,,49.80,31.10,3100000,2026-07-06T11:10:58Z
8942d8d6-d56d-5844-89fb-30ea2ca5bbe2,3dbb220d-08c5-5e68-b9e9-4282c0cc891f,Tanpa Judul (Northern Renaissance),Northern_Renaissance,wikiart_00070.jpg,,55.70,79.50,24000000,2024-10-22T01:34:02Z
ae5a9121-ea74-5711-bc6f-57fe9baaa9bc,dbc6f383-447d-5f26-a2f4-86753b3c416a,Tanpa Judul (Realism),Realism,wikiart_03206.jpg,,53.80,45.40,11000000,2025-02-07T09:31:25Z
193df1e2-a4c6-5dc4-9706-0fd6adc59d84,a531998d-b66d-5191-a7da-a567327512a7,Tanpa Judul (Realism),Realism,wikiart_03466.jpg,,62.40,81.50,170000000,2025-03-06T00:01:38Z
b0074af3-8cc6-5b47-97be-1c0378dea5ae,3ecb7039-f69e-55cd-869d-c7d7cf0962f6,Tanpa Judul (Post Impressionism),Post_Impressionism,wikiart_01890.jpg,,69.50,79.30,69000000,2026-06-08T01:59:40Z
6da6f48b-af3c-5897-946c-964819d269d0,51c4d53d-91bb-5b40-bf86-1f46a9aa18a6,Tanpa Judul (Impressionism),Impressionism,wikiart_00943.jpg,,76.20,56.30,200000000,2024-10-07T08:09:47Z
389bd820-1aab-5058-a33b-70382fc2d38e,6fe7b986-2984-567c-a4cc-509a0769266a,Tanpa Judul (Romanticism),Romanticism,wikiart_05510.jpg,,48.10,67.00,16000000,2026-06-24T20:35:10Z
2cba7d75-5646-5346-8ab9-a9df92c6d27d,dd4aa9b5-3247-5ea3-9589-db5aa169c4e0,Tanpa Judul (Post Impressionism),Post_Impressionism,wikiart_00461.jpg,,34.60,22.70,1800000,2024-11-10T09:54:03Z
7a2367aa-226f-5960-a0d6-8a3d4dbfd221,951be198-4893-5acc-9f1d-ab202e87291b,Tanpa Judul (Post Impressionism),Post_Impressionism,wikiart_00080.jpg,,93.60,68.10,220000000,2025-07-12T17:39:24Z
a598e84b-9308-5cd7-9cf2-986b3ed56fcb,c868fe01-5c24-57bf-8ffb-fdc6d3ae09a2,Tanpa Judul (Naive Art Primitivism),Naive_Art_Primitivism,wikiart_02738.jpg,,68.70,95.70,8700000,2026-05-05T17:28:28Z
998d5b90-e146-544c-8f57-8d949cc3b1a0,951be198-4893-5acc-9f1d-ab202e87291b,Tanpa Judul (Post Impressionism),Post_Impressionism,wikiart_03946.jpg,,43.00,59.70,190000000,2025-07-24T08:04:22Z
8b57ea07-310c-52d7-8186-25c2ce501b03,04432a0f-51e1-5293-a8dc-89755e574853,Tanpa Judul (Impressionism),Impressionism,wikiart_02158.jpg,,66.10,49.60,33000000,2024-10-29T02:15:27Z
c71a4e49-5234-5cd7-be21-2de4282910b7,d9c76b21-7320-5d80-9265-153dfdbc0c20,Tanpa Judul (Impressionism),Impressionism,wikiart_02778.jpg,,87.20,103.00,5800000,2024-12-12T22:00:50Z
0157ca84-76ff-52ea-a56e-c149ccbfbac6,51c4d53d-91bb-5b40-bf86-1f46a9aa18a6,Tanpa Judul (Impressionism),Impressionism,wikiart_02079.jpg,,109.90,82.90,320000000,2024-11-13T05:51:52Z
7630e3f9-d1c8-5154-9be0-ca57c4edd850,d9c76b21-7320-5d80-9265-153dfdbc0c20,Tanpa Judul (Impressionism),Impressionism,wikiart_03022.jpg,,65.50,53.50,5800000,2025-11-28T11:00:23Z
a3257c02-ae31-5da0-ae8e-d2092e70840b,dad52c43-2eab-5272-a61d-dca032e6b1db,Tanpa Judul (Art Nouveau),Art_Nouveau,wikiart_01938.jpg,,86.90,137.10,6000000,2026-07-10T15:52:30Z
4cb7ae7b-053f-572f-806b-1f13051cb070,c868fe01-5c24-57bf-8ffb-fdc6d3ae09a2,Tanpa Judul (Naive Art Primitivism),Naive_Art_Primitivism,wikiart_02348.jpg,,39.30,51.30,6500000,2024-12-08T01:30:22Z
edd87964-b2ba-5658-ab83-3862f575d827,5d9ef8fa-9d26-5e45-87a1-4a45f17d0980,Tanpa Judul (Baroque),Baroque,wikiart_00657.jpg,,59.30,44.10,23000000,2025-06-04T03:54:16Z
87578d65-ca79-5381-bf52-9c23722acb06,51c4d53d-91bb-5b40-bf86-1f46a9aa18a6,Tanpa Judul (Impressionism),Impressionism,wikiart_03909.jpg,,53.40,31.70,99000000,2026-01-23T08:18:19Z
b5fc28de-68a5-5861-8bc0-6f85c135b10b,dbc6f383-447d-5f26-a2f4-86753b3c416a,Tanpa Judul (Art Nouveau),Art_Nouveau,wikiart_02333.jpg,,67.60,60.30,12000000,2024-10-05T09:17:30Z
717f4106-a14c-5a04-a16d-859385325856,3dbb220d-08c5-5e68-b9e9-4282c0cc891f,Tanpa Judul (Northern Renaissance),Northern_Renaissance,wikiart_03832.jpg,,105.50,144.00,100000000,2024-10-09T23:21:38Z
1af0200c-a8bf-593f-8cb6-4f759b5f5ac1,c868fe01-5c24-57bf-8ffb-fdc6d3ae09a2,Tanpa Judul (Naive Art Primitivism),Naive_Art_Primitivism,wikiart_04851.jpg,,65.50,82.30,17000000,2026-06-08T09:38:44Z
94afa8d0-6fca-5820-9dfe-5fb67fd9b665,c868fe01-5c24-57bf-8ffb-fdc6d3ae09a2,Tanpa Judul (Naive Art Primitivism),Naive_Art_Primitivism,wikiart_01370.jpg,,43.20,53.80,7100000,2025-10-11T23:48:02Z
833169db-d471-58fa-8abf-d93643696f4b,51c4d53d-91bb-5b40-bf86-1f46a9aa18a6,Tanpa Judul (Impressionism),Impressionism,wikiart_04500.jpg,,38.60,37.40,110000000,2025-11-15T05:53:27Z
0e4bc440-5acc-5311-a92d-e0d43fe93cdb,3dbb220d-08c5-5e68-b9e9-4282c0cc891f,Tanpa Judul (Northern Renaissance),Northern_Renaissance,wikiart_00377.jpg,,106.70,130.60,60000000,2024-10-17T21:21:32Z
d053f14d-ef52-5e79-a472-b68a078bef0f,951be198-4893-5acc-9f1d-ab202e87291b,Tanpa Judul (Post Impressionism),Post_Impressionism,wikiart_01069.jpg,,71.80,59.00,180000000,2026-06-25T05:13:37Z
2eb8d9e8-10cd-51e6-b25e-beaa88dc27b9,5efed142-8369-554d-9ba2-c2f081036319,Tanpa Judul (Realism),Realism,wikiart_05076.jpg,,70.20,107.20,39000000,2024-10-02T13:02:22Z
7da29231-0e23-547b-92fb-57ec44cad395,5d9ef8fa-9d26-5e45-87a1-4a45f17d0980,Tanpa Judul (Baroque),Baroque,wikiart_05330.jpg,,53.20,80.30,29000000,2024-11-03T23:24:06Z
58e17d32-d8ce-50b2-ac5b-271308ba1dbe,51c4d53d-91bb-5b40-bf86-1f46a9aa18a6,Tanpa Judul (Impressionism),Impressionism,wikiart_02062.jpg,,65.90,221.10,410000000,2026-07-02T11:46:53Z
9e6306f7-51d6-5faa-a576-782b8b8fe477,dbc6f383-447d-5f26-a2f4-86753b3c416a,Tanpa Judul (Realism),Realism,wikiart_00790.jpg,,42.50,38.20,10000000,2024-11-03T02:17:23Z
2f6a85a2-0115-5f8c-a1f1-da070cbcaf0a,a531998d-b66d-5191-a7da-a567327512a7,Tanpa Judul (Symbolism),Symbolism,wikiart_00109.jpg,,68.70,44.10,75000000,2025-05-01T17:58:18Z
f01a7b2c-1e11-597c-afeb-96705f31b4d5,951be198-4893-5acc-9f1d-ab202e87291b,Tanpa Judul (Realism),Realism,wikiart_01758.jpg,,39.80,28.10,65000000,2026-09-10T15:13:43Z
8b6ed7b4-67d9-52f1-9626-93bfc1e639eb,3ecb7039-f69e-55cd-869d-c7d7cf0962f6,Tanpa Judul (Post Impressionism),Post_Impressionism,wikiart_00354.jpg,,52.90,40.70,22000000,2024-11-05T11:32:23Z
03950917-fc6e-5e75-a21b-87e6b1f5ffc6,c868fe01-5c24-57bf-8ffb-fdc6d3ae09a2,Tanpa Judul (Naive Art Primitivism),Naive_Art_Primitivism,wikiart_01617.jpg,,47.90,65.20,14000000,2024-11-27T16:08:17Z
b3d7f745-4820-5ab0-bc26-778edc8507c0,a531998d-b66d-5191-a7da-a567327512a7,Tanpa Judul (Symbolism),Symbolism,wikiart_02492.jpg,,20.00,27.00,55000000,2024-10-22T00:00:30Z
44df9df1-d5c9-5256-95e4-623ca233d399,04432a0f-51e1-5293-a8dc-89755e574853,Tanpa Judul (Impressionism),Impressionism,wikiart_04653.jpg,,53.10,71.20,60000000,2024-10-01T03:17:48Z
fb5f253a-3285-5761-940b-c6a35e6d95ee,3dbb220d-08c5-5e68-b9e9-4282c0cc891f,Tanpa Judul (Northern Renaissance),Northern_Renaissance,wikiart_01840.jpg,,43.80,70.30,52000000,2026-05-26T02:49:01Z
e3dfd2f2-3476-5028-96e3-7cffa5f15e1e,5efed142-8369-554d-9ba2-c2f081036319,Tanpa Judul (Realism),Realism,wikiart_02626.jpg,,55.70,89.90,33000000,2026-05-14T10:51:33Z
a03bebca-b5a5-52cf-b38d-4e48c023f97f,04432a0f-51e1-5293-a8dc-89755e574853,Tanpa Judul (Impressionism),Impressionism,wikiart_03366.jpg,,60.00,32.70,21000000,2024-11-05T19:09:56Z
b3c0fd50-3842-559a-8a39-d5fbdfe0eaf5,3dbb220d-08c5-5e68-b9e9-4282c0cc891f,Tanpa Judul (Northern Renaissance),Northern_Renaissance,wikiart_05452.jpg,,111.40,144.80,71000000,2025-08-26T17:06:13Z
800b388e-9a1f-5cfd-84b9-fbbd9eb43ff8,5d9ef8fa-9d26-5e45-87a1-4a45f17d0980,Tanpa Judul (Baroque),Baroque,wikiart_05206.jpg,,66.80,81.10,42000000,2024-10-15T22:53:19Z
c09ec80c-9dea-53d3-a433-b391d17f4aa8,951be198-4893-5acc-9f1d-ab202e87291b,Tanpa Judul (Realism),Realism,wikiart_01969.jpg,,67.40,41.00,83000000,2024-10-09T17:51:24Z
477e99e9-3bc9-5800-99b5-55ab30e73e73,3ecb7039-f69e-55cd-869d-c7d7cf0962f6,Tanpa Judul (Post Impressionism),Post_Impressionism,wikiart_02332.jpg,,71.40,103.10,40000000,2025-02-04T10:18:47Z
e1e5b92b-e019-52fd-a5ac-0baa6cae6280,3dbb220d-08c5-5e68-b9e9-4282c0cc891f,Tanpa Judul (Northern Renaissance),Northern_Renaissance,wikiart_04053.jpg,,81.40,100.60,71000000,2024-10-15T14:12:22Z
021f4e59-d4d9-5f11-8b05-0325ca09ea68,951be198-4893-5acc-9f1d-ab202e87291b,Tanpa Judul (Post Impressionism),Post_Impressionism,wikiart_04425.jpg,,70.30,94.40,220000000,2025-11-19T20:08:57Z
c65b29a7-c52c-5dcc-8375-6aaf91aacdb4,1d876d41-bc7a-55ee-91cf-65ffb2a4048b,Tanpa Judul (Impressionism),Impressionism,wikiart_04426.jpg,,66.20,86.80,120000000,2024-11-22T00:21:07Z
6bb84c6a-6193-5c23-aa06-8825c849eb3b,23ba78b5-421a-5447-b022-5a66fe8d084d,Tanpa Judul (Expressionism),Expressionism,wikiart_01739.jpg,,77.00,100.20,9500000,2024-10-30T12:02:27Z
2753a4df-285f-5f94-8ac6-deac06db85d4,3e92a01c-1f80-5c38-9903-fe409c3d5d61,Tanpa Judul (Impressionism),Impressionism,wikiart_02430.jpg,,25.70,21.50,31000000,2026-03-05T05:35:27Z
37b29b4d-8dd5-595a-9d3d-0e065eb5cc8b,dd4aa9b5-3247-5ea3-9589-db5aa169c4e0,Tanpa Judul (Post Impressionism),Post_Impressionism,wikiart_02655.jpg,,124.70,101.30,13000000,2024-11-13T08:57:57Z
2cbb5ecf-9ff6-51ef-b4d8-de20d08ee0f1,c868fe01-5c24-57bf-8ffb-fdc6d3ae09a2,Tanpa Judul (Naive Art Primitivism),Naive_Art_Primitivism,wikiart_04461.jpg,,104.70,144.70,32000000,2024-12-05T15:33:31Z
0d0eacf2-39dc-527a-ad8d-75b617a1086e,951be198-4893-5acc-9f1d-ab202e87291b,Tanpa Judul (Post Impressionism),Post_Impressionism,wikiart_00239.jpg,,64.70,49.10,160000000,2025-06-24T15:22:01Z
8c6ffd3c-9100-5302-9a7d-fc280491aa14,64668e48-371b-5ffb-8837-9c4fd033feec,Tanpa Judul (Romanticism),Romanticism,wikiart_03205.jpg,,36.60,30.20,2900000,2025-11-02T08:57:43Z
5b9b3aa6-b6f0-5fd9-92b2-ece35887f4fa,951be198-4893-5acc-9f1d-ab202e87291b,Tanpa Judul (Post Impressionism),Post_Impressionism,wikiart_04859.jpg,,91.60,75.10,200000000,2024-10-17T21:43:40Z
5a55f7e3-2610-57bc-8510-d76bbf89f189,1d876d41-bc7a-55ee-91cf-65ffb2a4048b,Tanpa Judul (Impressionism),Impressionism,wikiart_05210.jpg,,47.10,38.80,71000000,2026-04-06T18:15:11Z
649df00b-aec8-5a95-8c22-bdcf6b0d18e5,c868fe01-5c24-57bf-8ffb-fdc6d3ae09a2,Tanpa Judul (Naive Art Primitivism),Naive_Art_Primitivism,wikiart_03159.jpg,,72.30,99.70,16000000,2024-10-30T04:00:07Z
9dc6d44c-7bc7-57d7-a8b1-c6e0fdb84a64,a6782ff2-13ef-5b2b-a432-7d121a6ae6c4,Tanpa Judul (Symbolism),Symbolism,wikiart_00575.jpg,,38.30,27.80,3100000,2026-05-26T10:52:52Z
87109ffb-524a-5eb7-aaca-ae63eb4eb609,23ba78b5-421a-5447-b022-5a66fe8d084d,Tanpa Judul (Expressionism),Expressionism,wikiart_03509.jpg,,130.80,162.10,19000000,2025-01-15T16:12:35Z
4e3ad731-1d23-556d-93f9-4bd81f2c0e3c,51c4d53d-91bb-5b40-bf86-1f46a9aa18a6,Tanpa Judul (Impressionism),Impressionism,wikiart_05354.jpg,,36.20,29.80,59000000,2026-04-13T08:21:40Z
aa756f8f-7fa9-524f-9858-75107a4240ed,3ecb7039-f69e-55cd-869d-c7d7cf0962f6,Tanpa Judul (Expressionism),Expressionism,wikiart_03556.jpg,,61.50,43.90,15000000,2025-02-11T09:06:17Z
42607d68-4470-52c5-8bf3-eadc8a73f90e,a6782ff2-13ef-5b2b-a432-7d121a6ae6c4,Tanpa Judul (Expressionism),Expressionism,wikiart_03582.jpg,,28.50,21.50,4800000,2025-10-19T20:48:37Z
3ce28b20-ef82-5f1e-9bf6-80fc312bedf3,dad52c43-2eab-5272-a61d-dca032e6b1db,Tanpa Judul (Art Nouveau),Art_Nouveau,wikiart_04199.jpg,,59.10,38.10,2900000,2025-05-22T00:30:33Z
b96b748a-5ac7-5045-9393-d8e921f4e4bc,64668e48-371b-5ffb-8837-9c4fd033feec,Tanpa Judul (Romanticism),Romanticism,wikiart_05129.jpg,,51.70,34.00,5300000,2024-11-11T10:06:23Z
5abb0261-5204-5ff8-8bb4-3f44dccb9c04,3ecb7039-f69e-55cd-869d-c7d7cf0962f6,Tanpa Judul (Cubism),Cubism,wikiart_00636.jpg,,89.30,105.60,73000000,2025-03-04T15:53:40Z
01896085-3196-5b2f-b7d9-afb0dbc80bb9,51c4d53d-91bb-5b40-bf86-1f46a9aa18a6,Tanpa Judul (Impressionism),Impressionism,wikiart_05522.jpg,,51.70,70.10,210000000,2026-05-02T06:18:31Z
810105fa-95cb-562b-8e8d-fb6da2c81931,951be198-4893-5acc-9f1d-ab202e87291b,Tanpa Judul (Realism),Realism,wikiart_03347.jpg,,89.40,125.30,150000000,2024-10-24T09:47:26Z
0617095a-3bb0-547b-bcdd-ea096eba0308,6fe7b986-2984-567c-a4cc-509a0769266a,Tanpa Judul (Romanticism),Romanticism,wikiart_04552.jpg,,41.90,70.40,17000000,2026-08-27T22:30:06Z
62471c0e-bc8b-565c-8814-dec437d64d31,5efed142-8369-554d-9ba2-c2f081036319,Tanpa Judul (Realism),Realism,wikiart_04050.jpg,,54.40,38.00,18000000,2024-10-04T11:15:18Z
95902fa4-adab-5e7a-84e0-17f51f8dfa68,951be198-4893-5acc-9f1d-ab202e87291b,Tanpa Judul (Post Impressionism),Post_Impressionism,wikiart_01770.jpg,,54.70,42.30,110000000,2025-12-16T13:50:13Z
76e47ebb-eedd-5be9-b99b-eb0d0d3b84a3,51c4d53d-91bb-5b40-bf86-1f46a9aa18a6,Tanpa Judul (Impressionism),Impressionism,wikiart_01817.jpg,,71.40,57.60,270000000,2024-11-16T21:44:32Z
1f1edbc8-5a0b-5bd9-b618-45802f1167e3,dd4aa9b5-3247-5ea3-9589-db5aa169c4e0,Tanpa Judul (Post Impressionism),Post_Impressionism,wikiart_05315.jpg,,68.30,49.30,5800000,2025-03-09T17:01:16Z
0c48b638-b527-5c0e-9902-23dd7a8c8b1f,64668e48-371b-5ffb-8837-9c4fd033feec,Tanpa Judul (Romanticism),Romanticism,wikiart_00620.jpg,,77.30,59.10,5800000,2026-01-04T00:05:25Z
d6d44aea-6adb-5ce3-9c95-6df24d0ddad9,5a27ac9a-1e04-52e2-8392-12edbe43c594,Tanpa Judul (Impressionism),Impressionism,wikiart_01871.jpg,,65.90,36.50,4500000,2024-10-11T01:23:46Z
225463c8-baa0-5d47-a320-d8eba4b4c535,a6782ff2-13ef-5b2b-a432-7d121a6ae6c4,Tanpa Judul (Expressionism),Expressionism,wikiart_03654.jpg,,75.60,54.70,13000000,2026-03-25T17:39:53Z
cf0f40e0-037b-5dd3-b177-a7ebe2552d20,a531998d-b66d-5191-a7da-a567327512a7,Tanpa Judul (Symbolism),Symbolism,wikiart_01862.jpg,,43.80,32.80,85000000,2024-10-18T18:56:32Z
9f3137cf-b5dc-55d5-a879-5ad004ad1cd9,3ecb7039-f69e-55cd-869d-c7d7cf0962f6,Tanpa Judul (Realism),Realism,wikiart_03439.jpg,,68.70,52.70,23000000,2025-08-07T22:43:13Z
8532f4de-facb-5676-975c-9866ebdd8247,a6782ff2-13ef-5b2b-a432-7d121a6ae6c4,Tanpa Judul (Realism),Realism,wikiart_03036.jpg,,105.30,73.00,10000000,2024-11-14T17:04:02Z
91d38d62-bb12-5c5b-8b3e-24bcdd7e1248,5d9ef8fa-9d26-5e45-87a1-4a45f17d0980,Tanpa Judul (Baroque),Baroque,wikiart_01934.jpg,,33.30,36.00,12000000,2025-08-31T21:14:06Z
33fde367-3c21-51dc-a4e4-82785c885567,a531998d-b66d-5191-a7da-a567327512a7,Tanpa Judul (Symbolism),Symbolism,wikiart_01492.jpg,,71.20,30.00,140000000,2025-03-23T00:07:42Z
2c211dd7-3931-5a87-a0fc-7c10b89fc1bf,5d9ef8fa-9d26-5e45-87a1-4a45f17d0980,Tanpa Judul (Baroque),Baroque,wikiart_05578.jpg,,76.00,90.70,63000000,2025-09-03T13:57:56Z
927109e8-1db2-554c-9a4d-950181b27ac0,21a4ae7e-8f05-5294-9e2d-32d96779246e,Tanpa Judul (Realism),Realism,wikiart_02217.jpg,,100.10,122.70,14000000,2026-06-10T18:20:32Z
17a05cd4-dc4c-557e-a7f5-404c12003519,21a4ae7e-8f05-5294-9e2d-32d96779246e,Tanpa Judul (Realism),Realism,wikiart_01255.jpg,,77.40,48.60,2900000,2025-02-28T08:55:37Z
e3f72324-f52e-5fb2-9b83-be6f28c832fd,1d876d41-bc7a-55ee-91cf-65ffb2a4048b,Tanpa Judul (Impressionism),Impressionism,wikiart_04351.jpg,,62.10,52.10,52000000,2025-06-24T22:25:11Z
f2c960bc-44d6-5e39-beec-feb13714b619,951be198-4893-5acc-9f1d-ab202e87291b,Tanpa Judul (Realism),Realism,wikiart_03793.jpg,,69.70,100.50,140000000,2024-10-04T03:38:25Z
4e8f31a7-943c-5288-9b81-171f2d897517,951be198-4893-5acc-9f1d-ab202e87291b,Tanpa Judul (Realism),Realism,wikiart_04449.jpg,,46.40,67.50,110000000,2026-07-26T14:50:01Z
2f036957-6d6b-5189-b72d-9da47ece73bf,6fe7b986-2984-567c-a4cc-509a0769266a,Tanpa Judul (Romanticism),Romanticism,wikiart_02120.jpg,,52.40,69.40,15000000,2024-10-25T16:40:46Z
255556cf-7ec7-5956-aa6d-ef1e1dfa5f69,1d876d41-bc7a-55ee-91cf-65ffb2a4048b,Tanpa Judul (Impressionism),Impressionism,wikiart_04168.jpg,,37.60,57.30,43000000,2025-10-21T13:13:55Z
b98e23c4-d7e3-5ecf-9903-2ca333e3bb04,dbc6f383-447d-5f26-a2f4-86753b3c416a,Tanpa Judul (Art Nouveau),Art_Nouveau,wikiart_02566.jpg,,101.00,121.70,34000000,2024-11-02T14:53:42Z
2ce8bf00-0d04-5e18-9f7a-78c235cf38bb,21a4ae7e-8f05-5294-9e2d-32d96779246e,Tanpa Judul (Realism),Realism,wikiart_01812.jpg,,70.20,39.80,3900000,2026-08-03T16:17:34Z
f548ab3d-0d8f-58ed-812a-3a992e748d3f,951be198-4893-5acc-9f1d-ab202e87291b,Tanpa Judul (Post Impressionism),Post_Impressionism,wikiart_05628.jpg,,43.50,32.60,70000000,2025-08-18T00:04:31Z
acda9e3d-7dba-5f87-b29d-f41a68d45661,64668e48-371b-5ffb-8837-9c4fd033feec,Tanpa Judul (Romanticism),Romanticism,wikiart_05196.jpg,,66.00,41.20,7100000,2025-08-01T04:53:19Z
79e66f3c-2445-57ec-b54f-62e538ce6be3,1d25dbba-d1e1-5b79-bb67-3d22aced6cb8,Tanpa Judul (Realism),Realism,wikiart_02497.jpg,,90.00,117.60,21000000,2025-04-17T10:21:44Z
deeacde5-7269-5bce-bc8f-9c7480c60aab,dad52c43-2eab-5272-a61d-dca032e6b1db,Tanpa Judul (Art Nouveau),Art_Nouveau,wikiart_03748.jpg,,84.90,56.80,6300000,2025-11-18T12:45:12Z
c2376dcf-22eb-56d6-9169-734e09752a1d,5efed142-8369-554d-9ba2-c2f081036319,Tanpa Judul (Impressionism),Impressionism,wikiart_02067.jpg,,43.40,33.00,21000000,2025-01-14T09:56:15Z
2e741e31-503f-55e6-b9f9-5c0e1dd471e4,a531998d-b66d-5191-a7da-a567327512a7,Tanpa Judul (Art Nouveau),Art_Nouveau,wikiart_02592.jpg,,20.00,31.50,54000000,2024-11-25T21:16:00Z
2211c1f2-8016-518f-a87d-4a093ded0390,951be198-4893-5acc-9f1d-ab202e87291b,Tanpa Judul (Post Impressionism),Post_Impressionism,wikiart_00600.jpg,,68.90,54.90,210000000,2025-09-23T02:38:16Z
7123467c-d689-57b8-a53b-c976cd4a4b69,6fe7b986-2984-567c-a4cc-509a0769266a,Tanpa Judul (Romanticism),Romanticism,wikiart_03597.jpg,,44.00,55.40,8600000,2024-10-12T21:50:16Z
c6d41c30-8022-5ce3-a86b-3e66bf616b27,3e92a01c-1f80-5c38-9903-fe409c3d5d61,Tanpa Judul (Impressionism),Impressionism,wikiart_05432.jpg,,74.60,60.90,93000000,2026-06-04T06:21:39Z
ddc4e07b-11f4-5521-aaca-716619ad91a5,1d876d41-bc7a-55ee-91cf-65ffb2a4048b,Tanpa Judul (Impressionism),Impressionism,wikiart_01800.jpg,,83.70,77.80,180000000,2024-11-08T06:58:23Z
1163e3cf-bfa8-5066-ac48-3d25ec571356,1d876d41-bc7a-55ee-91cf-65ffb2a4048b,Tanpa Judul (Impressionism),Impressionism,wikiart_00040.jpg,,88.60,109.00,150000000,2024-11-03T18:03:01Z
96217a82-d915-5b86-9bd8-51fe29ea1267,3e92a01c-1f80-5c38-9903-fe409c3d5d61,Tanpa Judul (Impressionism),Impressionism,wikiart_00079.jpg,,110.50,91.60,91000000,2025-08-02T22:08:50Z
5a255fd3-23e3-5dca-81ce-c6154a05c6f7,951be198-4893-5acc-9f1d-ab202e87291b,Tanpa Judul (Realism),Realism,wikiart_00363.jpg,,92.50,66.60,120000000,2024-11-09T05:46:55Z
abd363ff-7c53-56db-bb9c-3ab19f815bc1,1d876d41-bc7a-55ee-91cf-65ffb2a4048b,Tanpa Judul (Impressionism),Impressionism,wikiart_03519.jpg,,110.70,139.70,160000000,2024-11-17T22:40:58Z
6cb356f7-661c-5f77-bba8-4bc133307827,51c4d53d-91bb-5b40-bf86-1f46a9aa18a6,Tanpa Judul (Impressionism),Impressionism,wikiart_00228.jpg,,97.20,93.50,320000000,2024-10-21T17:07:31Z
2ccdc4d4-db6d-566f-a85b-a2100bdaf3fd,5d9ef8fa-9d26-5e45-87a1-4a45f17d0980,Tanpa Judul (Baroque),Baroque,wikiart_04729.jpg,,100.20,190.00,91000000,2025-09-30T01:12:03Z
5eb43068-653f-5a1b-a20a-3a19bdf70ba9,7cf14239-60d5-5ff0-9270-0d2dd0d62e05,Tanpa Judul (Cubism),Cubism,wikiart_00201.jpg,,59.10,76.10,16000000,2025-11-13T09:38:54Z
8677830b-7582-525e-9351-8dc285bba168,3e92a01c-1f80-5c38-9903-fe409c3d5d61,Tanpa Judul (Realism),Realism,wikiart_01474.jpg,,38.20,20.10,17000000,2025-11-15T07:24:20Z
5607636c-2cde-5de7-bae6-af8adb51c655,51c4d53d-91bb-5b40-bf86-1f46a9aa18a6,Tanpa Judul (Impressionism),Impressionism,wikiart_04153.jpg,,143.00,107.80,860000000,2024-11-10T20:00:30Z
c51fc701-aa4f-55b4-9f9f-a4bedb49db6e,a531998d-b66d-5191-a7da-a567327512a7,Tanpa Judul (Art Nouveau),Art_Nouveau,wikiart_03813.jpg,,61.30,49.10,130000000,2025-03-31T14:00:02Z
9bfddeba-1b50-546f-b099-6207232bd111,c868fe01-5c24-57bf-8ffb-fdc6d3ae09a2,Tanpa Judul (Naive Art Primitivism),Naive_Art_Primitivism,wikiart_02830.jpg,,92.20,144.40,17000000,2026-04-03T02:25:47Z
e8c19273-5788-535b-b2db-2d85a04a56a0,dad52c43-2eab-5272-a61d-dca032e6b1db,Tanpa Judul (Art Nouveau),Art_Nouveau,wikiart_04742.jpg,,49.50,77.30,5300000,2024-11-19T13:08:16Z
23d6b679-1452-5ec7-9138-05e899f5a97a,1d876d41-bc7a-55ee-91cf-65ffb2a4048b,Tanpa Judul (Impressionism),Impressionism,wikiart_03655.jpg,,84.10,110.00,95000000,2024-11-12T00:56:40Z
bdc559eb-03be-53b9-9569-973f87d2853b,d9c76b21-7320-5d80-9265-153dfdbc0c20,Tanpa Judul (Impressionism),Impressionism,wikiart_02941.jpg,,25.50,20.70,2900000,2024-10-01T10:06:02Z
2c7f1a9c-417c-5b42-a1cd-271c082c56fb,5a27ac9a-1e04-52e2-8392-12edbe43c594,Tanpa Judul (Impressionism),Impressionism,wikiart_02555.jpg,,52.00,34.80,4400000,2024-11-03T15:20:59Z
19b131db-ca02-5bed-b3f6-a8c0b19d8461,51c4d53d-91bb-5b40-bf86-1f46a9aa18a6,Tanpa Judul (Realism),Realism,wikiart_02115.jpg,,58.00,42.20,150000000,2024-11-15T00:13:03Z
46e7a342-1404-57ec-8eea-da4fc0d299d3,23ba78b5-421a-5447-b022-5a66fe8d084d,Tanpa Judul (Expressionism),Expressionism,wikiart_02587.jpg,,70.50,57.70,5900000,2024-10-25T05:31:18Z
557d9841-af7b-5672-aa85-c092301e6e6e,7cf14239-60d5-5ff0-9270-0d2dd0d62e05,Tanpa Judul (Symbolism),Symbolism,wikiart_05186.jpg,,87.30,118.90,8300000,2024-12-17T09:19:46Z
b31d4d40-3522-5285-a755-d8ec4d896b02,51c4d53d-91bb-5b40-bf86-1f46a9aa18a6,Tanpa Judul (Impressionism),Impressionism,wikiart_03727.jpg,,40.90,33.30,85000000,2024-11-27T20:02:25Z
609b29f2-ac40-5c34-99fa-a19053ad8d07,3ecb7039-f69e-55cd-869d-c7d7cf0962f6,Tanpa Judul (Realism),Realism,wikiart_03741.jpg,,75.60,58.70,29000000,2024-10-10T01:46:31Z
e2623f3e-26ca-5734-a441-1c705b0f44da,3dbb220d-08c5-5e68-b9e9-4282c0cc891f,Tanpa Judul (Northern Renaissance),Northern_Renaissance,wikiart_00435.jpg,,92.20,131.50,100000000,2024-10-31T15:04:19Z
bfb479eb-fd87-5d74-8419-885b96a4aad4,64668e48-371b-5ffb-8837-9c4fd033feec,Tanpa Judul (Romanticism),Romanticism,wikiart_03664.jpg,,136.40,191.70,14000000,2026-08-20T06:18:40Z
cd2b100e-223f-5e0d-9fb4-45e144c8274e,1d25dbba-d1e1-5b79-bb67-3d22aced6cb8,Tanpa Judul (Realism),Realism,wikiart_01586.jpg,,76.80,32.40,8400000,2024-11-14T05:57:20Z
2d8fa84c-0236-5dd7-8a99-8fe42613deb3,5d9ef8fa-9d26-5e45-87a1-4a45f17d0980,Tanpa Judul (Baroque),Baroque,wikiart_01579.jpg,,51.10,62.10,32000000,2024-11-16T14:29:08Z
8c6fe714-c8db-57e8-ba2c-a57dc41fa3cf,d9c76b21-7320-5d80-9265-153dfdbc0c20,Tanpa Judul (Impressionism),Impressionism,wikiart_05536.jpg,,38.40,46.20,3900000,2024-10-24T19:59:50Z
67ee5ed0-1b68-5eaf-a9db-5ad66b30fbe4,dd4aa9b5-3247-5ea3-9589-db5aa169c4e0,Tanpa Judul (Post Impressionism),Post_Impressionism,wikiart_00350.jpg,,113.80,160.80,9400000,2025-03-05T19:38:01Z
43fc5e7c-58a7-5ba9-8e74-bbc7e301f317,1d876d41-bc7a-55ee-91cf-65ffb2a4048b,Tanpa Judul (Impressionism),Impressionism,wikiart_05005.jpg,,77.70,95.20,83000000,2024-11-24T13:03:57Z
88217ce3-c74a-5d98-851d-b44e561ab532,5a27ac9a-1e04-52e2-8392-12edbe43c594,Tanpa Judul (Impressionism),Impressionism,wikiart_01143.jpg,,59.50,45.40,4400000,2024-11-18T21:19:30Z
d0d50344-8c65-5af2-8928-9526719b04f4,951be198-4893-5acc-9f1d-ab202e87291b,Tanpa Judul (Post Impressionism),Post_Impressionism,wikiart_01638.jpg,,34.00,41.50,110000000,2025-05-21T03:07:41Z
dbe0eb6c-5447-58fa-9fc3-1dfd786a0957,23ba78b5-421a-5447-b022-5a66fe8d084d,Tanpa Judul (Post Impressionism),Post_Impressionism,wikiart_02703.jpg,,43.30,68.80,8400000,2025-06-15T04:15:40Z
cf2f6883-da57-5692-af1f-ef846389f075,04432a0f-51e1-5293-a8dc-89755e574853,Tanpa Judul (Impressionism),Impressionism,wikiart_02580.jpg,,74.80,96.00,45000000,2024-11-23T05:06:16Z
098e87e5-d137-5c83-8adc-9e4f6c4cfb4b,51c4d53d-91bb-5b40-bf86-1f46a9aa18a6,Tanpa Judul (Impressionism),Impressionism,wikiart_00277.jpg,,67.90,51.10,220000000,2024-10-03T01:29:48Z
b3bd8477-adbe-50dc-8e31-cab1853e86e4,04432a0f-51e1-5293-a8dc-89755e574853,Tanpa Judul (Impressionism),Impressionism,wikiart_04999.jpg,,30.40,22.50,12000000,2024-10-02T08:50:55Z
b46edeaa-f66b-526d-87b6-540233d4f893,51c4d53d-91bb-5b40-bf86-1f46a9aa18a6,Tanpa Judul (Impressionism),Impressionism,wikiart_03683.jpg,,74.90,117.10,380000000,2025-03-31T14:36:08Z
0c7248b1-9299-5292-946f-127480347e49,3ecb7039-f69e-55cd-869d-c7d7cf0962f6,Tanpa Judul (Expressionism),Expressionism,wikiart_04591.jpg,,34.70,53.30,13000000,2024-11-19T15:46:30Z
9204b27b-6865-5a83-8e03-ed1b06877479,3ecb7039-f69e-55cd-869d-c7d7cf0962f6,Tanpa Judul (Post Impressionism),Post_Impressionism,wikiart_04546.jpg,,96.40,111.20,48000000,2025-06-24T12:25:23Z
a461a916-cd0f-5cd0-935c-d01863d87f8f,a6782ff2-13ef-5b2b-a432-7d121a6ae6c4,Tanpa Judul (Post Impressionism),Post_Impressionism,wikiart_00163.jpg,,64.50,47.30,12000000,2025-10-04T20:23:09Z
a576aeb7-96a8-5d98-9496-551089f24f1e,1d876d41-bc7a-55ee-91cf-65ffb2a4048b,Tanpa Judul (Impressionism),Impressionism,wikiart_04707.jpg,,51.00,42.50,67000000,2025-02-20T02:13:16Z
a5e96395-9c4e-5440-bebd-65975c10678d,d9c76b21-7320-5d80-9265-153dfdbc0c20,Tanpa Judul (Impressionism),Impressionism,wikiart_05176.jpg,,84.90,113.20,22000000,2024-10-12T01:18:34Z
404ee447-be73-5820-98bb-ad8846ff5594,5efed142-8369-554d-9ba2-c2f081036319,Tanpa Judul (Realism),Realism,wikiart_02176.jpg,,67.90,129.10,31000000,2026-01-16T21:04:24Z
bf32810e-9fe7-5962-8dbe-83a82bb0b6b8,1d25dbba-d1e1-5b79-bb67-3d22aced6cb8,Tanpa Judul (Realism),Realism,wikiart_01006.jpg,,95.40,133.00,15000000,2024-12-18T18:55:52Z
4267d58f-994f-571c-a735-d80559cc12de,951be198-4893-5acc-9f1d-ab202e87291b,Tanpa Judul (Realism),Realism,wikiart_05372.jpg,,61.70,97.70,160000000,2026-01-29T12:29:05Z
ef696526-870e-533a-947c-b5e2d628f597,5d9ef8fa-9d26-5e45-87a1-4a45f17d0980,Tanpa Judul (Baroque),Baroque,wikiart_00863.jpg,,63.00,126.00,60000000,2024-11-29T13:04:32Z
42301566-586f-5b06-8408-abdab1d63e90,51c4d53d-91bb-5b40-bf86-1f46a9aa18a6,Tanpa Judul (Impressionism),Impressionism,wikiart_03851.jpg,,54.30,75.20,120000000,2026-02-01T00:20:04Z
25b02311-3f6f-56d1-b984-c36490a4f151,51c4d53d-91bb-5b40-bf86-1f46a9aa18a6,Tanpa Judul (Impressionism),Impressionism,wikiart_03932.jpg,,65.80,48.90,190000000,2025-07-05T12:24:56Z
7634008c-e034-5317-9058-ab453e185e29,951be198-4893-5acc-9f1d-ab202e87291b,Tanpa Judul (Post Impressionism),Post_Impressionism,wikiart_03510.jpg,,108.70,87.80,260000000,2026-06-08T01:55:05Z
f275f368-a586-50e4-87f7-f730d9867025,1d876d41-bc7a-55ee-91cf-65ffb2a4048b,Tanpa Judul (Impressionism),Impressionism,wikiart_02363.jpg,,50.30,59.90,41000000,2024-11-10T09:20:38Z
81ee86da-ba5e-5d1c-892a-cdd453f656c7,21a4ae7e-8f05-5294-9e2d-32d96779246e,Tanpa Judul (Realism),Realism,wikiart_02625.jpg,,75.30,122.20,7100000,2026-07-12T10:15:04Z
f1c1fd43-6ea8-5b1a-b4a7-edfc184eb6a5,dad52c43-2eab-5272-a61d-dca032e6b1db,Tanpa Judul (Art Nouveau),Art_Nouveau,wikiart_03213.jpg,,44.10,62.40,2300000,2025-04-14T07:36:00Z
c6fd4f75-4076-55dc-a2d8-2531a53654d8,dd4aa9b5-3247-5ea3-9589-db5aa169c4e0,Tanpa Judul (Post Impressionism),Post_Impressionism,wikiart_03249.jpg,,29.10,36.00,2700000,2024-10-31T22:16:35Z
bc58e51f-3b79-597f-9300-7046d5506069,951be198-4893-5acc-9f1d-ab202e87291b,Tanpa Judul (Realism),Realism,wikiart_00922.jpg,,64.50,45.70,110000000,2025-11-13T20:49:55Z
fbf7d1d1-7ded-5441-b97a-a22b15ff0688,dad52c43-2eab-5272-a61d-dca032e6b1db,Tanpa Judul (Art Nouveau),Art_Nouveau,wikiart_00476.jpg,,68.30,94.80,4900000,2025-03-13T02:31:57Z
8d520218-342d-5b89-8eca-ea2fd40184f9,5efed142-8369-554d-9ba2-c2f081036319,Tanpa Judul (Realism),Realism,wikiart_02352.jpg,,57.70,48.80,26000000,2024-10-28T19:16:00Z
a1709b48-6d1a-584f-9823-2358351d703f,5d9ef8fa-9d26-5e45-87a1-4a45f17d0980,Tanpa Judul (Baroque),Baroque,wikiart_04513.jpg,,35.50,34.80,15000000,2024-11-25T17:29:16Z
f098cb70-5738-59b6-bbdc-c4ecf2bc64fd,a6782ff2-13ef-5b2b-a432-7d121a6ae6c4,Tanpa Judul (Naive Art Primitivism),Naive_Art_Primitivism,wikiart_03223.jpg,,66.70,49.80,3700000,2026-04-29T10:54:27Z
f96b527c-5e35-58cc-8e96-9a3e1bf830c0,51c4d53d-91bb-5b40-bf86-1f46a9aa18a6,Tanpa Judul (Impressionism),Impressionism,wikiart_03230.jpg,,65.90,53.40,180000000,2025-12-11T11:31:41Z
4c40f175-06d6-51af-af31-213d94b9b23d,951be198-4893-5acc-9f1d-ab202e87291b,Tanpa Judul (Post Impressionism),Post_Impressionism,wikiart_05497.jpg,,44.00,38.20,100000000,2024-11-05T18:16:47Z
f11b3357-aa35-5db6-b648-6aa5a777f7c2,6fe7b986-2984-567c-a4cc-509a0769266a,Tanpa Judul (Romanticism),Romanticism,wikiart_01420.jpg,,37.40,49.80,18000000,2025-09-03T03:31:44Z
d18432a7-78f4-5ad7-9212-314f8a7aaf39,a531998d-b66d-5191-a7da-a567327512a7,Tanpa Judul (Symbolism),Symbolism,wikiart_03346.jpg,,54.90,76.40,110000000,2024-10-29T15:14:55Z
6c3c9aa7-e582-523c-a951-3ddd5746f992,dd4aa9b5-3247-5ea3-9589-db5aa169c4e0,Tanpa Judul (Romanticism),Romanticism,wikiart_03131.jpg,,75.40,92.20,4200000,2026-05-19T17:19:47Z
c83e80b0-fd99-5c98-93d6-7114eb297d59,3dbb220d-08c5-5e68-b9e9-4282c0cc891f,Tanpa Judul (Northern Renaissance),Northern_Renaissance,wikiart_00781.jpg,,69.40,85.60,51000000,2024-10-05T13:49:47Z
bad2689a-6efb-5ee8-bbd2-4a16bb32c4bb,21a4ae7e-8f05-5294-9e2d-32d96779246e,Tanpa Judul (Realism),Realism,wikiart_05565.jpg,,44.10,56.90,4600000,2025-02-06T03:00:52Z
ba6198c5-6bbb-50f1-9625-44571944b209,1d876d41-bc7a-55ee-91cf-65ffb2a4048b,Tanpa Judul (Impressionism),Impressionism,wikiart_02539.jpg,,62.90,36.80,74000000,2024-11-20T21:31:59Z
c6f0e64e-2656-5532-97c2-795064977544,04432a0f-51e1-5293-a8dc-89755e574853,Tanpa Judul (Impressionism),Impressionism,wikiart_00434.jpg,,81.80,142.80,65000000,2024-11-28T16:55:24Z
16be4570-5cc7-5e2f-8434-d1f156c01df5,3dbb220d-08c5-5e68-b9e9-4282c0cc891f,Tanpa Judul (Northern Renaissance),Northern_Renaissance,wikiart_02921.jpg,,39.80,55.00,23000000,2025-05-26T02:49:17Z
0215ee2a-f2cd-56d5-8596-742057b6decb,64668e48-371b-5ffb-8837-9c4fd033feec,Tanpa Judul (Romanticism),Romanticism,wikiart_02732.jpg,,61.30,45.40,7900000,2025-05-09T02:45:27Z
75975096-a706-5bea-a103-b2bb651d8885,3e92a01c-1f80-5c38-9903-fe409c3d5d61,Tanpa Judul (Impressionism),Impressionism,wikiart_01343.jpg,,95.90,78.60,64000000,2025-12-06T06:01:48Z
ef8306e1-67bc-5dc9-9f15-6b0c14a0e8c9,3dbb220d-08c5-5e68-b9e9-4282c0cc891f,Tanpa Judul (Northern Renaissance),Northern_Renaissance,wikiart_01196.jpg,,38.40,53.10,26000000,2026-03-31T08:54:27Z
638b6a9b-0b8d-5d8b-8934-60ba4b110ca9,7cf14239-60d5-5ff0-9270-0d2dd0d62e05,Tanpa Judul (Symbolism),Symbolism,wikiart_00073.jpg,,89.90,65.60,9600000,2024-11-22T05:42:56Z
ac7833f8-79a4-580c-aa2c-7b79ab347e9a,64668e48-371b-5ffb-8837-9c4fd033feec,Tanpa Judul (Romanticism),Romanticism,wikiart_03234.jpg,,105.70,84.40,9000000,2024-11-20T02:04:08Z
eda83e84-0da4-5e10-8806-54d78aaa1b25,6fe7b986-2984-567c-a4cc-509a0769266a,Tanpa Judul (Romanticism),Romanticism,wikiart_02502.jpg,,55.50,75.30,30000000,2024-10-01T14:20:13Z
820a3349-5a97-5e2e-8676-02e962befdcb,3dbb220d-08c5-5e68-b9e9-4282c0cc891f,Tanpa Judul (Northern Renaissance),Northern_Renaissance,wikiart_04575.jpg,,53.20,55.40,28000000,2024-10-25T13:19:38Z
7a081d1f-27f0-50e3-9e37-b1e96ef0a5f6,3dbb220d-08c5-5e68-b9e9-4282c0cc891f,Tanpa Judul (Northern Renaissance),Northern_Renaissance,wikiart_02797.jpg,,86.10,107.30,84000000,2024-12-11T08:16:11Z
bfac6312-409a-54c6-bcad-796f5f689539,dd4aa9b5-3247-5ea3-9589-db5aa169c4e0,Tanpa Judul (Post Impressionism),Post_Impressionism,wikiart_04514.jpg,,56.20,34.00,3800000,2024-10-01T00:17:05Z
02d8daa3-cff2-5d6b-9a7b-c0dd6def154f,a531998d-b66d-5191-a7da-a567327512a7,Tanpa Judul (Symbolism),Symbolism,wikiart_01667.jpg,,26.30,15.00,47000000,2025-12-29T01:11:13Z
595c2a67-c9b5-5d94-a821-4b3886093e06,3dbb220d-08c5-5e68-b9e9-4282c0cc891f,Tanpa Judul (Northern Renaissance),Northern_Renaissance,wikiart_03202.jpg,,58.00,78.60,38000000,2024-10-16T13:38:41Z
0ff02fff-199a-5412-b5e4-6a0fb8cc1bb7,7cf14239-60d5-5ff0-9270-0d2dd0d62e05,Tanpa Judul (Realism),Realism,wikiart_04418.jpg,,70.70,56.50,8700000,2024-10-25T18:23:12Z
123a7df8-0e55-55fe-8da3-f5efa3fecfe8,3dbb220d-08c5-5e68-b9e9-4282c0cc891f,Tanpa Judul (Northern Renaissance),Northern_Renaissance,wikiart_05147.jpg,,77.70,53.30,36000000,2024-10-26T05:14:19Z
a88ea5ee-54de-5b2d-94d5-b066f002f1b6,5efed142-8369-554d-9ba2-c2f081036319,Tanpa Judul (Realism),Realism,wikiart_04130.jpg,,44.10,60.10,17000000,2026-01-13T13:08:01Z
9bd1834f-f1b9-56e6-aef6-db87a848f5d1,64668e48-371b-5ffb-8837-9c4fd033feec,Tanpa Judul (Romanticism),Romanticism,wikiart_02379.jpg,,54.60,31.50,7300000,2026-06-17T22:34:54Z
cc685b87-4ec3-5407-b4d6-aafa4d494d36,951be198-4893-5acc-9f1d-ab202e87291b,Tanpa Judul (Realism),Realism,wikiart_01530.jpg,,84.50,52.40,100000000,2025-05-17T02:15:58Z
653fc4b1-75f3-5eac-afe6-586c962be798,a531998d-b66d-5191-a7da-a567327512a7,Tanpa Judul (Symbolism),Symbolism,wikiart_05390.jpg,,58.80,36.70,62000000,2024-11-24T05:23:43Z
866c4895-2413-53dc-9986-54c0144bf184,951be198-4893-5acc-9f1d-ab202e87291b,Tanpa Judul (Post Impressionism),Post_Impressionism,wikiart_02677.jpg,,35.10,27.70,55000000,2026-03-31T16:53:36Z
6c19f356-2a4f-5beb-a320-912f792ec1bf,5a27ac9a-1e04-52e2-8392-12edbe43c594,Tanpa Judul (Impressionism),Impressionism,wikiart_03209.jpg,,92.50,65.70,11000000,2025-03-23T21:27:58Z
d2d36cf6-3730-5893-a99d-60b30491bb0a,3dbb220d-08c5-5e68-b9e9-4282c0cc891f,Tanpa Judul (Northern Renaissance),Northern_Renaissance,wikiart_01229.jpg,,55.70,40.40,24000000,2024-10-30T14:43:54Z
10995941-2b9e-5990-b49d-9d8bd12f682f,3e92a01c-1f80-5c38-9903-fe409c3d5d61,Tanpa Judul (Impressionism),Impressionism,wikiart_04830.jpg,,87.90,67.10,110000000,2024-10-24T09:23:46Z
5c0be3f9-be01-5c70-9a54-0b755d9e8170,1d876d41-bc7a-55ee-91cf-65ffb2a4048b,Tanpa Judul (Impressionism),Impressionism,wikiart_02829.jpg,,36.80,29.50,38000000,2024-11-19T17:08:49Z
93b14ea2-1cab-5764-a2b6-feb6cd5ebc91,3e92a01c-1f80-5c38-9903-fe409c3d5d61,Tanpa Judul (Impressionism),Impressionism,wikiart_01062.jpg,,57.50,42.50,40000000,2024-10-12T06:08:27Z
5d3319e3-b62d-5e72-8df0-768f1b92585c,3dbb220d-08c5-5e68-b9e9-4282c0cc891f,Tanpa Judul (Northern Renaissance),Northern_Renaissance,wikiart_03440.jpg,,71.70,108.80,59000000,2025-08-13T19:26:58Z
47790443-8a76-5503-a9ee-d0b45c00b7c0,c868fe01-5c24-57bf-8ffb-fdc6d3ae09a2,Tanpa Judul (Naive Art Primitivism),Naive_Art_Primitivism,wikiart_00988.jpg,,58.20,74.50,21000000,2026-04-16T08:11:41Z
d34f8952-eccb-5162-92ba-c27ee05e6fc5,1d876d41-bc7a-55ee-91cf-65ffb2a4048b,Tanpa Judul (Impressionism),Impressionism,wikiart_04245.jpg,,39.70,50.50,30000000,2024-10-01T12:03:39Z
588f161b-67f7-5576-8e46-f83dc2249a3e,dbc6f383-447d-5f26-a2f4-86753b3c416a,Tanpa Judul (Art Nouveau),Art_Nouveau,wikiart_03761.jpg,,26.00,19.80,8200000,2025-09-30T05:54:43Z
bbed3442-2d22-5f39-bd17-37de9edbe82e,6fe7b986-2984-567c-a4cc-509a0769266a,Tanpa Judul (Romanticism),Romanticism,wikiart_03730.jpg,,102.30,127.80,38000000,2025-02-12T00:22:42Z
4221bc69-bafb-5d99-965e-87dadfbf54a1,5d9ef8fa-9d26-5e45-87a1-4a45f17d0980,Tanpa Judul (Baroque),Baroque,wikiart_01945.jpg,,65.40,69.70,34000000,2026-01-14T06:05:54Z
5c94995b-70f0-5104-8a50-d9cd30ef02b0,dd4aa9b5-3247-5ea3-9589-db5aa169c4e0,Tanpa Judul (Post Impressionism),Post_Impressionism,wikiart_03012.jpg,,90.30,58.50,6900000,2024-11-09T07:15:02Z
74a83a20-7bbb-5921-bb61-8d108654dff5,04432a0f-51e1-5293-a8dc-89755e574853,Tanpa Judul (Impressionism),Impressionism,wikiart_02030.jpg,,83.00,110.90,53000000,2025-09-30T07:39:18Z
caa0e45a-1409-5e28-95bb-d8a21085f682,d9c76b21-7320-5d80-9265-153dfdbc0c20,Tanpa Judul (Impressionism),Impressionism,wikiart_04172.jpg,,73.90,76.70,9800000,2024-11-04T22:42:49Z
09b4fbdb-1194-5d25-9b9d-b31fad8d76db,dad52c43-2eab-5272-a61d-dca032e6b1db,Tanpa Judul (Art Nouveau),Art_Nouveau,wikiart_05444.jpg,,53.60,82.90,4000000,2024-10-22T06:39:43Z
471f1a33-c1f7-5254-9059-cd7dca55ccc2,3dbb220d-08c5-5e68-b9e9-4282c0cc891f,Tanpa Judul (Northern Renaissance),Northern_Renaissance,wikiart_01327.jpg,,71.20,50.20,27000000,2024-11-08T05:19:25Z
4c5f8a29-0a57-5c59-9863-71018e9bb668,dd4aa9b5-3247-5ea3-9589-db5aa169c4e0,Tanpa Judul (Post Impressionism),Post_Impressionism,wikiart_03902.jpg,,99.10,64.90,7500000,2026-03-26T16:48:08Z
ab4a3c71-9387-56bc-a801-1beeee2639d7,04432a0f-51e1-5293-a8dc-89755e574853,Tanpa Judul (Impressionism),Impressionism,wikiart_05632.jpg,,61.80,35.80,31000000,2025-01-04T18:26:55Z
2ddddf9d-7210-5593-aaf0-2ad66eae446f,dd4aa9b5-3247-5ea3-9589-db5aa169c4e0,Tanpa Judul (Post Impressionism),Post_Impressionism,wikiart_02063.jpg,,116.70,93.30,8500000,2026-04-14T21:11:22Z
5101c6c5-cc37-5874-942e-741e8988940f,21a4ae7e-8f05-5294-9e2d-32d96779246e,Tanpa Judul (Realism),Realism,wikiart_05408.jpg,,35.50,18.10,3700000,2024-10-28T10:05:57Z
e5632a13-858e-5daf-b993-f17a48f65238,3e92a01c-1f80-5c38-9903-fe409c3d5d61,Tanpa Judul (Impressionism),Impressionism,wikiart_00712.jpg,,34.20,28.60,33000000,2026-07-06T00:18:50Z
20653eaa-6d12-57ec-a914-c399c26d986e,3ecb7039-f69e-55cd-869d-c7d7cf0962f6,Tanpa Judul (Realism),Realism,wikiart_03044.jpg,,84.80,93.90,42000000,2024-11-10T08:36:20Z
5bcc5d40-7aeb-5f99-80a7-1c3c38490e0b,c868fe01-5c24-57bf-8ffb-fdc6d3ae09a2,Tanpa Judul (Naive Art Primitivism),Naive_Art_Primitivism,wikiart_05353.jpg,,45.10,59.80,10000000,2025-10-03T23:48:43Z
8c94914b-fb9c-55c3-bf7c-fd9375976b1d,a6782ff2-13ef-5b2b-a432-7d121a6ae6c4,Tanpa Judul (Expressionism),Expressionism,wikiart_03415.jpg,,122.70,109.10,18000000,2024-10-29T08:17:20Z
6c354900-b80d-56b8-8adc-7a97a366f095,3ecb7039-f69e-55cd-869d-c7d7cf0962f6,Tanpa Judul (Post Impressionism),Post_Impressionism,wikiart_01690.jpg,,95.80,61.80,71000000,2026-07-26T09:24:52Z
19863f85-5747-50df-aa96-8816354f6cb3,5a27ac9a-1e04-52e2-8392-12edbe43c594,Tanpa Judul (Impressionism),Impressionism,wikiart_01243.jpg,,104.60,73.90,14000000,2026-02-04T00:13:48Z
51aaf6ee-15de-50aa-9b6d-94943c158351,951be198-4893-5acc-9f1d-ab202e87291b,Tanpa Judul (Post Impressionism),Post_Impressionism,wikiart_04080.jpg,,81.80,56.70,230000000,2025-12-27T19:55:37Z
f2f022e4-7e02-5cd3-b151-206a71723c4c,d9c76b21-7320-5d80-9265-153dfdbc0c20,Tanpa Judul (Impressionism),Impressionism,wikiart_00186.jpg,,43.50,58.90,4900000,2026-03-17T15:57:39Z
3272441a-6509-5ea4-83ef-7f50053b4b01,6fe7b986-2984-567c-a4cc-509a0769266a,Tanpa Judul (Romanticism),Romanticism,wikiart_05591.jpg,,33.60,26.80,7800000,2024-10-07T21:01:51Z
96360c52-342a-5e9f-b9d5-7fd2f2e1cdb5,23ba78b5-421a-5447-b022-5a66fe8d084d,Tanpa Judul (Art Nouveau),Art_Nouveau,wikiart_05216.jpg,,101.30,184.80,20000000,2025-12-14T00:09:13Z
58b4090e-e758-509f-8160-11e8a7df4fae,64668e48-371b-5ffb-8837-9c4fd033feec,Tanpa Judul (Romanticism),Romanticism,wikiart_00007.jpg,,35.50,28.10,4300000,2024-10-19T18:25:55Z
72ddb5bd-c130-58fb-8657-ea12f7cd200f,dbc6f383-447d-5f26-a2f4-86753b3c416a,Tanpa Judul (Art Nouveau),Art_Nouveau,wikiart_01668.jpg,,104.50,104.90,27000000,2024-12-05T15:27:26Z
2275bda9-b9de-579e-90ed-dabfa6682bb4,c868fe01-5c24-57bf-8ffb-fdc6d3ae09a2,Tanpa Judul (Naive Art Primitivism),Naive_Art_Primitivism,wikiart_01011.jpg,,75.80,98.20,11000000,2026-08-29T01:26:12Z
4bf7da37-8fe3-5ab8-8d07-de2509965651,3e92a01c-1f80-5c38-9903-fe409c3d5d61,Tanpa Judul (Impressionism),Impressionism,wikiart_01184.jpg,,58.40,49.70,65000000,2026-07-11T09:38:26Z
6cf680b2-63f6-5420-990b-5d58e43b86c3,dd4aa9b5-3247-5ea3-9589-db5aa169c4e0,Tanpa Judul (Post Impressionism),Post_Impressionism,wikiart_01857.jpg,,70.00,77.60,6100000,2026-09-01T02:45:08Z
8e27e456-742c-55ff-9f7f-2e3336a61858,dad52c43-2eab-5272-a61d-dca032e6b1db,Tanpa Judul (Art Nouveau),Art_Nouveau,wikiart_04010.jpg,,70.60,46.00,2400000,2024-11-27T19:09:48Z
79661a66-667a-5942-bffd-27fcf6e60186,04432a0f-51e1-5293-a8dc-89755e574853,Tanpa Judul (Impressionism),Impressionism,wikiart_05371.jpg,,55.90,63.90,23000000,2025-05-02T23:08:23Z
1aff1369-15f9-5332-b569-a57570648be5,1d876d41-bc7a-55ee-91cf-65ffb2a4048b,Tanpa Judul (Impressionism),Impressionism,wikiart_03518.jpg,,98.80,128.00,120000000,2024-11-22T19:51:06Z
101287f7-643d-53d6-9abc-597c9c49d4c8,1d876d41-bc7a-55ee-91cf-65ffb2a4048b,Tanpa Judul (Impressionism),Impressionism,wikiart_01272.jpg,,97.60,75.40,140000000,2024-12-27T08:35:38Z
ed0f26d2-5de9-5a32-bcad-b005d39dfbf5,5efed142-8369-554d-9ba2-c2f081036319,Tanpa Judul (Realism),Realism,wikiart_03669.jpg,,63.40,89.70,47000000,2026-04-02T06:42:03Z
0c5e9dfa-8237-51cd-bca5-0a877365c9e1,dd4aa9b5-3247-5ea3-9589-db5aa169c4e0,Tanpa Judul (Impressionism),Impressionism,wikiart_00077.jpg,,48.60,35.30,3100000,2025-01-20T16:42:17Z
7079c975-cc65-5892-b16e-901c4546594f,951be198-4893-5acc-9f1d-ab202e87291b,Tanpa Judul (Realism),Realism,wikiart_05650.jpg,,94.80,126.70,220000000,2024-10-25T09:31:56Z
fa19cf26-f3c2-583a-a24e-c2697c88337a,5efed142-8369-554d-9ba2-c2f081036319,Tanpa Judul (Impressionism),Impressionism,wikiart_05654.jpg,,29.60,18.80,15000000,2024-10-15T20:09:45Z
3b53ee72-1c3a-561d-aa2d-dc419a14eab9,5a27ac9a-1e04-52e2-8392-12edbe43c594,Tanpa Judul (Impressionism),Impressionism,wikiart_03107.jpg,,70.10,51.00,4100000,2025-01-25T14:52:00Z
a535eab5-edf3-536b-8b8b-bdb924cf44e4,6fe7b986-2984-567c-a4cc-509a0769266a,Tanpa Judul (Romanticism),Romanticism,wikiart_02545.jpg,,77.70,100.80,46000000,2024-10-01T23:07:14Z
5fe84947-1ae9-5666-9764-d4af2bffb0c6,c868fe01-5c24-57bf-8ffb-fdc6d3ae09a2,Tanpa Judul (Naive Art Primitivism),Naive_Art_Primitivism,wikiart_04450.jpg,,44.90,37.80,10000000,2024-10-28T21:27:30Z
a1f49312-b48e-5e76-992d-aeb4c4e36a40,1d876d41-bc7a-55ee-91cf-65ffb2a4048b,Tanpa Judul (Impressionism),Impressionism,wikiart_05414.jpg,,84.40,99.70,110000000,2025-02-13T08:53:00Z
9f731e1a-de15-54ee-9914-30ae459604ac,3dbb220d-08c5-5e68-b9e9-4282c0cc891f,Tanpa Judul (Northern Renaissance),Northern_Renaissance,wikiart_05033.jpg,,59.40,82.30,37000000,2025-02-21T16:54:28Z
f09d71b7-20d7-570d-84c0-10cf940c3e50,51c4d53d-91bb-5b40-bf86-1f46a9aa18a6,Tanpa Judul (Impressionism),Impressionism,wikiart_00290.jpg,,49.60,24.40,110000000,2024-11-23T20:15:22Z
e9b1cbf4-ac5d-59de-86f1-628718539568,dad52c43-2eab-5272-a61d-dca032e6b1db,Tanpa Judul (Art Nouveau),Art_Nouveau,wikiart_02163.jpg,,84.10,108.90,4600000,2025-05-11T07:30:47Z
ce6de445-6dd8-5fe3-bc3b-7011fd44d80b,dd4aa9b5-3247-5ea3-9589-db5aa169c4e0,Tanpa Judul (Post Impressionism),Post_Impressionism,wikiart_02106.jpg,,41.00,32.90,3300000,2026-08-16T06:15:24Z
a308d176-c01d-5539-a283-368548184396,a6782ff2-13ef-5b2b-a432-7d121a6ae6c4,Tanpa Judul (Expressionism),Expressionism,wikiart_02660.jpg,,81.30,67.30,14000000,2025-09-19T18:34:29Z
cd9efc66-2555-5862-9a88-06189c53e369,5efed142-8369-554d-9ba2-c2f081036319,Tanpa Judul (Impressionism),Impressionism,wikiart_00685.jpg,,30.00,20.90,13000000,2024-10-21T08:01:28Z
3dbbe20e-9781-5936-bae9-c1cfacd61a09,51c4d53d-91bb-5b40-bf86-1f46a9aa18a6,Tanpa Judul (Impressionism),Impressionism,wikiart_05498.jpg,,66.30,59.70,160000000,2024-10-12T21:39:36Z
81038369-681e-54cf-a45e-81731dc5407e,6fe7b986-2984-567c-a4cc-509a0769266a,Tanpa Judul (Romanticism),Romanticism,wikiart_04333.jpg,,60.90,76.20,34000000,2024-10-31T15:14:00Z
5793db45-5b19-58df-a621-59ee342da187,dbc6f383-447d-5f26-a2f4-86753b3c416a,Tanpa Judul (Realism),Realism,wikiart_00263.jpg,,49.70,57.70,15000000,2025-06-23T08:23:29Z
a89971f9-3861-5f7d-bb8b-daf4cb132621,a6782ff2-13ef-5b2b-a432-7d121a6ae6c4,Tanpa Judul (Realism),Realism,wikiart_02042.jpg,,68.80,97.10,11000000,2024-12-20T00:21:09Z
313a564f-a0e3-5228-b9a6-58c9125b1bd4,04432a0f-51e1-5293-a8dc-89755e574853,Tanpa Judul (Impressionism),Impressionism,wikiart_00356.jpg,,58.40,80.40,38000000,2024-10-26T14:55:34Z
61332c4e-ccfe-527d-892f-51ec584ab16e,3ecb7039-f69e-55cd-869d-c7d7cf0962f6,Tanpa Judul (Cubism),Cubism,wikiart_05162.jpg,,86.80,69.10,31000000,2024-11-16T21:38:50Z
2d89785d-0f21-5cbf-ac75-4453d3cba99d,6fe7b986-2984-567c-a4cc-509a0769266a,Tanpa Judul (Romanticism),Romanticism,wikiart_03193.jpg,,73.00,99.90,25000000,2024-10-19T01:27:50Z
e8c60713-734e-54d6-a789-a65e59b6c4fa,951be198-4893-5acc-9f1d-ab202e87291b,Tanpa Judul (Post Impressionism),Post_Impressionism,wikiart_04420.jpg,,70.30,104.90,190000000,2024-11-07T08:47:13Z
dc5da910-0ec4-5e63-9543-4ebe1685b712,a531998d-b66d-5191-a7da-a567327512a7,Tanpa Judul (Symbolism),Symbolism,wikiart_01256.jpg,,66.50,38.40,98000000,2024-11-18T16:46:33Z
6fa02afc-54a1-5e3b-a9b8-477cfb40791d,a531998d-b66d-5191-a7da-a567327512a7,Tanpa Judul (Art Nouveau),Art_Nouveau,wikiart_01914.jpg,,50.90,41.30,110000000,2024-10-14T06:58:50Z
348325a9-8043-5e63-a152-96cdbda87612,04432a0f-51e1-5293-a8dc-89755e574853,Tanpa Judul (Impressionism),Impressionism,wikiart_01273.jpg,,54.00,80.00,50000000,2024-11-07T04:39:25Z
46caa1e6-a11c-5f7a-bc9a-f2c745118353,3ecb7039-f69e-55cd-869d-c7d7cf0962f6,Tanpa Judul (Post Impressionism),Post_Impressionism,wikiart_02527.jpg,,65.40,85.90,63000000,2026-07-04T04:57:53Z
16f8c8e8-4464-55db-be91-7fc8526870f5,d9c76b21-7320-5d80-9265-153dfdbc0c20,Tanpa Judul (Impressionism),Impressionism,wikiart_03578.jpg,,56.50,68.10,12000000,2024-11-01T18:54:18Z
f9177a03-af87-5e65-b636-3b2ba708f3d2,dd4aa9b5-3247-5ea3-9589-db5aa169c4e0,Tanpa Judul (Post Impressionism),Post_Impressionism,wikiart_04582.jpg,,88.50,70.30,7500000,2024-11-28T14:43:57Z
3f09d4ff-ee59-5810-8921-2fd815c9211a,3dbb220d-08c5-5e68-b9e9-4282c0cc891f,Tanpa Judul (Northern Renaissance),Northern_Renaissance,wikiart_00566.jpg,,62.00,84.40,71000000,2026-06-21T18:10:05Z
9ac4f332-8e1d-58c8-8c19-0c4f4b888ccd,951be198-4893-5acc-9f1d-ab202e87291b,Tanpa Judul (Post Impressionism),Post_Impressionism,wikiart_05173.jpg,,68.40,53.80,160000000,2024-11-03T20:34:59Z
8d4ed82c-7fec-57b7-8ccf-97bc7cd2e5b6,951be198-4893-5acc-9f1d-ab202e87291b,Tanpa Judul (Post Impressionism),Post_Impressionism,wikiart_04771.jpg,,36.70,28.60,42000000,2024-10-19T15:53:29Z
92848263-9c6e-50cd-bf2b-1ef7b1b14d5f,951be198-4893-5acc-9f1d-ab202e87291b,Tanpa Judul (Post Impressionism),Post_Impressionism,wikiart_00957.jpg,,83.50,73.80,180000000,2024-12-29T23:30:27Z
16545722-15c8-55bc-b78b-f46c0496a505,a531998d-b66d-5191-a7da-a567327512a7,Tanpa Judul (Symbolism),Symbolism,wikiart_04541.jpg,,49.00,22.90,44000000,2026-08-20T13:30:24Z
cdd53870-f839-5feb-b83e-dd5ced06f6c7,a6782ff2-13ef-5b2b-a432-7d121a6ae6c4,Tanpa Judul (Naive Art Primitivism),Naive_Art_Primitivism,wikiart_02437.jpg,,41.70,63.90,4200000,2024-10-15T09:41:11Z
bf18aa41-72e8-5062-bf93-3f7e607303e0,dad52c43-2eab-5272-a61d-dca032e6b1db,Tanpa Judul (Art Nouveau),Art_Nouveau,wikiart_00950.jpg,,106.80,163.30,6700000,2025-03-04T08:38:59Z
64074180-2558-521b-b077-b5c6135645bf,dad52c43-2eab-5272-a61d-dca032e6b1db,Tanpa Judul (Art Nouveau),Art_Nouveau,wikiart_00711.jpg,,76.60,115.00,7000000,2024-11-09T04:22:02Z
a098216f-0205-51bb-8c84-5ef32414e269,04432a0f-51e1-5293-a8dc-89755e574853,Tanpa Judul (Impressionism),Impressionism,wikiart_03559.jpg,,84.50,107.80,82000000,2026-08-12T18:33:13Z
4bb5ac15-b831-527d-8603-5e2af5bf3368,3dbb220d-08c5-5e68-b9e9-4282c0cc891f,Tanpa Judul (Northern Renaissance),Northern_Renaissance,wikiart_01383.jpg,,70.30,81.80,67000000,2025-01-22T04:37:46Z
df583dd7-04e0-5491-bcbb-5426ed211985,951be198-4893-5acc-9f1d-ab202e87291b,Tanpa Judul (Realism),Realism,wikiart_04280.jpg,,58.10,94.60,220000000,2026-04-18T22:53:58Z
4ce32144-982e-5a0f-ab84-e65a0afb6a9b,951be198-4893-5acc-9f1d-ab202e87291b,Tanpa Judul (Post Impressionism),Post_Impressionism,wikiart_04415.jpg,,54.40,72.40,92000000,2024-11-29T23:33:19Z
4e33b51f-f810-59e8-b214-6b543ce66faa,51c4d53d-91bb-5b40-bf86-1f46a9aa18a6,Tanpa Judul (Impressionism),Impressionism,wikiart_00081.jpg,,78.80,70.20,190000000,2026-03-11T04:57:14Z
0e613acc-feb5-5767-b646-8749db0e2e26,3e92a01c-1f80-5c38-9903-fe409c3d5d61,Tanpa Judul (Impressionism),Impressionism,wikiart_01061.jpg,,89.20,73.50,140000000,2024-12-06T18:37:22Z
7d4be150-30e9-5514-a4dd-d4ce633fc18a,21a4ae7e-8f05-5294-9e2d-32d96779246e,Tanpa Judul (Realism),Realism,wikiart_02629.jpg,,58.60,78.40,7200000,2024-11-09T07:07:05Z
acf4e4ee-9088-58e6-9cf3-4486b5029d94,3e92a01c-1f80-5c38-9903-fe409c3d5d61,Tanpa Judul (Impressionism),Impressionism,wikiart_01194.jpg,,123.90,101.60,94000000,2025-10-08T03:49:46Z
4af91278-def1-56b1-be0b-dfcc146a315c,3e92a01c-1f80-5c38-9903-fe409c3d5d61,Tanpa Judul (Impressionism),Impressionism,wikiart_02384.jpg,,56.00,44.90,41000000,2026-07-17T13:48:06Z
62029b2c-0128-5358-a814-9ad873809e20,6fe7b986-2984-567c-a4cc-509a0769266a,Tanpa Judul (Romanticism),Romanticism,wikiart_02915.jpg,,36.80,46.90,12000000,2025-02-14T23:10:31Z
a8ac835e-5aad-57f7-aa47-99b583d02392,c868fe01-5c24-57bf-8ffb-fdc6d3ae09a2,Tanpa Judul (Expressionism),Expressionism,wikiart_04442.jpg,,32.80,45.30,6100000,2024-12-19T12:02:41Z
902985e3-746d-5308-84bc-d200f79fbe54,64668e48-371b-5ffb-8837-9c4fd033feec,Tanpa Judul (Romanticism),Romanticism,wikiart_00208.jpg,,33.20,20.60,2800000,2025-02-20T15:39:06Z
320bd1ba-15dc-57a0-8b9b-ca2f0b67eb8a,5efed142-8369-554d-9ba2-c2f081036319,Tanpa Judul (Realism),Realism,wikiart_03797.jpg,,51.90,42.20,17000000,2024-11-27T02:58:58Z
8d376e07-8d2d-5a52-8804-0d996c17658a,a531998d-b66d-5191-a7da-a567327512a7,Tanpa Judul (Symbolism),Symbolism,wikiart_01222.jpg,,55.30,36.90,62000000,2026-09-13T13:39:58Z
260c1cc8-22fd-5c26-ad09-9ea327f9fbb7,04432a0f-51e1-5293-a8dc-89755e574853,Tanpa Judul (Impressionism),Impressionism,wikiart_01972.jpg,,76.20,99.60,47000000,2024-12-29T07:36:08Z
fe1a1879-a98f-5673-b481-0cff8f509f6b,1d876d41-bc7a-55ee-91cf-65ffb2a4048b,Tanpa Judul (Impressionism),Impressionism,wikiart_04233.jpg,,59.40,47.10,95000000,2025-02-24T00:26:50Z
4fafea0e-823a-5e11-86a0-bcfeb85f54d3,3e92a01c-1f80-5c38-9903-fe409c3d5d61,Tanpa Judul (Realism),Realism,wikiart_00132.jpg,,80.60,105.40,55000000,2026-05-12T15:23:48Z
f2dfb4d8-7747-5a1e-b04d-7463d4a670e1,d9c76b21-7320-5d80-9265-153dfdbc0c20,Tanpa Judul (Impressionism),Impressionism,wikiart_01258.jpg,,61.00,33.70,5700000,2025-03-29T09:22:14Z
885597f1-18e1-56e6-b0f2-7c884b7012f5,1d876d41-bc7a-55ee-91cf-65ffb2a4048b,Tanpa Judul (Impressionism),Impressionism,wikiart_04907.jpg,,60.30,69.30,66000000,2025-03-11T14:34:26Z
b81f7056-7417-507a-b317-2f652a14c51a,04432a0f-51e1-5293-a8dc-89755e574853,Tanpa Judul (Impressionism),Impressionism,wikiart_05146.jpg,,49.00,75.40,36000000,2026-02-01T18:27:39Z
35b3bf18-0d95-57b5-b4db-e5bd5633534f,c868fe01-5c24-57bf-8ffb-fdc6d3ae09a2,Tanpa Judul (Naive Art Primitivism),Naive_Art_Primitivism,wikiart_02788.jpg,,98.70,130.10,20000000,2024-11-26T14:34:10Z
c5fade4a-3ff7-565a-82a4-d2127965af35,951be198-4893-5acc-9f1d-ab202e87291b,Tanpa Judul (Realism),Realism,wikiart_05631.jpg,,35.10,61.10,110000000,2026-05-31T09:26:24Z
6535cabe-eb7c-5ddc-ab83-c4964322e6e8,1d25dbba-d1e1-5b79-bb67-3d22aced6cb8,Tanpa Judul (Realism),Realism,wikiart_02698.jpg,,66.70,41.50,8000000,2024-10-10T02:03:19Z
b5a9bed4-6209-5aa5-9c62-14e284c58952,951be198-4893-5acc-9f1d-ab202e87291b,Tanpa Judul (Post Impressionism),Post_Impressionism,wikiart_02448.jpg,,56.30,43.90,81000000,2024-10-20T01:17:59Z
24f8249f-ea76-58bd-9b7b-7d86f6b552df,a531998d-b66d-5191-a7da-a567327512a7,Tanpa Judul (Art Nouveau),Art_Nouveau,wikiart_03755.jpg,,78.90,65.20,120000000,2025-12-09T16:33:54Z
5fce0098-5d0a-51cf-bf69-ba431548931f,04432a0f-51e1-5293-a8dc-89755e574853,Tanpa Judul (Impressionism),Impressionism,wikiart_00609.jpg,,59.60,90.20,44000000,2026-06-22T22:01:19Z
08d86d66-5426-5c02-8ebd-69076ed83a38,5d9ef8fa-9d26-5e45-87a1-4a45f17d0980,Tanpa Judul (Baroque),Baroque,wikiart_04650.jpg,,60.20,79.40,36000000,2025-06-22T23:29:54Z
7fe57ce0-0aa4-5a4e-855c-fbc916a4c08e,dbc6f383-447d-5f26-a2f4-86753b3c416a,Tanpa Judul (Art Nouveau),Art_Nouveau,wikiart_04041.jpg,,54.70,54.30,14000000,2024-11-16T16:21:07Z
2a3121e1-3514-59f6-8969-414ceb0cbb41,dad52c43-2eab-5272-a61d-dca032e6b1db,Tanpa Judul (Art Nouveau),Art_Nouveau,wikiart_00751.jpg,,97.70,198.10,11000000,2024-10-11T12:01:41Z
a0d97dfd-1f79-565d-8700-73f1c7f5d1bd,951be198-4893-5acc-9f1d-ab202e87291b,Tanpa Judul (Post Impressionism),Post_Impressionism,wikiart_01632.jpg,,60.10,73.30,180000000,2024-10-18T18:56:17Z
97a69979-e8e5-5b38-adc7-e9ffbba99aca,dbc6f383-447d-5f26-a2f4-86753b3c416a,Tanpa Judul (Art Nouveau),Art_Nouveau,wikiart_01070.jpg,,119.50,153.20,42000000,2024-10-20T07:48:17Z
eb95b88b-a180-577d-a595-cd44a3ac56cf,3ecb7039-f69e-55cd-869d-c7d7cf0962f6,Tanpa Judul (Realism),Realism,wikiart_00860.jpg,,66.00,58.40,23000000,2024-10-20T22:43:20Z
3c6e7326-cf90-5581-a7e7-63d8f6cd3bc1,951be198-4893-5acc-9f1d-ab202e87291b,Tanpa Judul (Realism),Realism,wikiart_02011.jpg,,60.50,79.30,65000000,2025-08-27T17:57:32Z
7add733f-4428-5d23-902a-940748580b80,dad52c43-2eab-5272-a61d-dca032e6b1db,Tanpa Judul (Art Nouveau),Art_Nouveau,wikiart_02081.jpg,,57.00,88.40,5100000,2024-10-03T10:57:35Z
0d7810fb-9295-51f5-a460-ea79b3069ad5,951be198-4893-5acc-9f1d-ab202e87291b,Tanpa Judul (Post Impressionism),Post_Impressionism,wikiart_02300.jpg,,73.10,66.90,210000000,2026-03-12T01:53:47Z
41861fc3-7f7d-57a4-84e0-066a5e9d9d4a,dbc6f383-447d-5f26-a2f4-86753b3c416a,Tanpa Judul (Realism),Realism,wikiart_02200.jpg,,48.80,24.90,6900000,2024-10-02T08:08:22Z
5b445246-4e6d-5245-9e57-c30538706aea,5efed142-8369-554d-9ba2-c2f081036319,Tanpa Judul (Impressionism),Impressionism,wikiart_00143.jpg,,63.10,95.40,53000000,2025-05-26T16:16:07Z
7dd6885c-74e4-5058-9920-8172ff8c2885,6fe7b986-2984-567c-a4cc-509a0769266a,Tanpa Judul (Romanticism),Romanticism,wikiart_00951.jpg,,60.20,76.90,26000000,2024-11-25T10:57:35Z
179b399c-1f3a-5940-89ca-0540894105d2,64668e48-371b-5ffb-8837-9c4fd033feec,Tanpa Judul (Romanticism),Romanticism,wikiart_04568.jpg,,67.20,50.50,9500000,2024-11-09T13:44:52Z
c0112079-5129-53d3-8569-316702bbbfd6,3ecb7039-f69e-55cd-869d-c7d7cf0962f6,Tanpa Judul (Expressionism),Expressionism,wikiart_03406.jpg,,67.80,57.10,30000000,2024-11-05T09:48:01Z
edc65a4d-a85a-5d3b-9581-6b12582b031c,a531998d-b66d-5191-a7da-a567327512a7,Tanpa Judul (Art Nouveau),Art_Nouveau,wikiart_00257.jpg,,69.10,38.40,120000000,2025-04-19T04:46:26Z
9e030e2b-a2a8-5a7f-b897-317f44e8fd48,951be198-4893-5acc-9f1d-ab202e87291b,Tanpa Judul (Realism),Realism,wikiart_05306.jpg,,62.00,105.90,170000000,2024-10-16T07:08:01Z
159fd74c-d1e3-553b-ab5d-3c7b6b73f133,3ecb7039-f69e-55cd-869d-c7d7cf0962f6,Tanpa Judul (Post Impressionism),Post_Impressionism,wikiart_04077.jpg,,103.90,105.30,64000000,2025-11-24T17:39:31Z
32fd487d-56ab-5fc4-aa5d-07cc878f8616,951be198-4893-5acc-9f1d-ab202e87291b,Tanpa Judul (Realism),Realism,wikiart_00152.jpg,,69.60,47.10,95000000,2025-04-12T03:07:17Z
5e5e5a86-e1f8-55de-b205-93b7408a1eaf,3dbb220d-08c5-5e68-b9e9-4282c0cc891f,Tanpa Judul (Northern Renaissance),Northern_Renaissance,wikiart_00466.jpg,,149.40,206.90,130000000,2026-06-05T18:06:01Z
763b18d7-0fb1-5f3e-9277-112f06180e4e,6fe7b986-2984-567c-a4cc-509a0769266a,Tanpa Judul (Romanticism),Romanticism,wikiart_01434.jpg,,61.10,77.40,25000000,2026-02-09T08:54:52Z
d78e9f0c-52bd-5abe-99fb-03ee3d067995,dbc6f383-447d-5f26-a2f4-86753b3c416a,Tanpa Judul (Art Nouveau),Art_Nouveau,wikiart_01410.jpg,,83.90,84.90,15000000,2024-10-03T20:18:26Z
2693b62a-7ed0-56ef-a511-0bb356e0e009,a531998d-b66d-5191-a7da-a567327512a7,Tanpa Judul (Symbolism),Symbolism,wikiart_03146.jpg,,46.50,39.40,73000000,2025-11-16T05:53:25Z
415c20ee-32b7-5345-bb37-2333603748df,3dbb220d-08c5-5e68-b9e9-4282c0cc891f,Tanpa Judul (Northern Renaissance),Northern_Renaissance,wikiart_04282.jpg,,98.00,129.50,79000000,2024-10-30T04:18:26Z
b4dbf151-5192-53fd-9f1d-e9f20cd57976,64668e48-371b-5ffb-8837-9c4fd033feec,Tanpa Judul (Romanticism),Romanticism,wikiart_02147.jpg,,46.90,70.20,8800000,2024-10-23T19:25:07Z
c8999e2c-7252-5e8c-ad19-eb47848570c4,3ecb7039-f69e-55cd-869d-c7d7cf0962f6,Tanpa Judul (Post Impressionism),Post_Impressionism,wikiart_00298.jpg,,70.40,55.30,28000000,2024-10-07T18:48:19Z
07e92885-0f12-5d71-b8e5-6494136f30b9,6fe7b986-2984-567c-a4cc-509a0769266a,Tanpa Judul (Romanticism),Romanticism,wikiart_00272.jpg,,54.70,76.30,20000000,2025-02-26T23:20:44Z
d79dcc5c-3894-557c-85d6-9fab000e5ee5,dad52c43-2eab-5272-a61d-dca032e6b1db,Tanpa Judul (Art Nouveau),Art_Nouveau,wikiart_02476.jpg,,70.30,99.10,5200000,2026-07-17T00:50:43Z
68bc2140-a44b-5f3c-9aa9-7391b56a34ab,dad52c43-2eab-5272-a61d-dca032e6b1db,Tanpa Judul (Art Nouveau),Art_Nouveau,wikiart_01261.jpg,,55.30,77.70,4300000,2024-10-03T11:29:05Z
1fbff39b-9bab-5867-8e49-97fb955e13bc,64668e48-371b-5ffb-8837-9c4fd033feec,Tanpa Judul (Romanticism),Romanticism,wikiart_00472.jpg,,45.50,28.30,3000000,2025-03-02T01:51:42Z
b8d107e5-9797-50bf-8abc-b9eca04ee82c,a531998d-b66d-5191-a7da-a567327512a7,Tanpa Judul (Symbolism),Symbolism,wikiart_03897.jpg,,54.60,36.00,86000000,2024-10-06T18:58:51Z
8ab2db09-469a-53a2-8de8-77e28eeeb08c,21a4ae7e-8f05-5294-9e2d-32d96779246e,Tanpa Judul (Realism),Realism,wikiart_03777.jpg,,102.90,66.40,4400000,2024-10-04T16:54:38Z
c23172bd-f41e-5e73-b93b-c71000764571,dd4aa9b5-3247-5ea3-9589-db5aa169c4e0,Tanpa Judul (Post Impressionism),Post_Impressionism,wikiart_03433.jpg,,70.70,60.00,5300000,2024-10-04T13:02:30Z
2da1e034-ec1e-55a8-9e38-cf2d33c3f05b,951be198-4893-5acc-9f1d-ab202e87291b,Tanpa Judul (Post Impressionism),Post_Impressionism,wikiart_03312.jpg,,38.20,31.10,47000000,2025-10-12T00:50:28Z
760ff4c7-23fd-5859-b359-3f62d366fcaa,51c4d53d-91bb-5b40-bf86-1f46a9aa18a6,Tanpa Judul (Impressionism),Impressionism,wikiart_01811.jpg,,88.00,73.20,260000000,2026-08-29T10:43:19Z
c2ec4d03-7cba-538d-aba9-1b408740290b,dd4aa9b5-3247-5ea3-9589-db5aa169c4e0,Tanpa Judul (Romanticism),Romanticism,wikiart_00210.jpg,,43.90,32.20,2100000,2025-08-05T09:37:11Z
cdc5951b-19f7-520a-86f7-3f0c1a11eb9b,3ecb7039-f69e-55cd-869d-c7d7cf0962f6,Tanpa Judul (Realism),Realism,wikiart_04044.jpg,,77.80,97.30,37000000,2024-11-16T23:43:51Z
a421ced8-3f87-5ccd-ae65-0530f7aae51d,5d9ef8fa-9d26-5e45-87a1-4a45f17d0980,Tanpa Judul (Baroque),Baroque,wikiart_02360.jpg,,72.80,55.10,51000000,2025-09-01T05:44:20Z
09ee3c57-beba-56a8-bb90-f7b8ffe7b529,6fe7b986-2984-567c-a4cc-509a0769266a,Tanpa Judul (Romanticism),Romanticism,wikiart_04299.jpg,,74.40,99.00,28000000,2025-04-22T15:14:48Z
73fa3129-5f99-54fe-8cb5-16c1eb50621a,a531998d-b66d-5191-a7da-a567327512a7,Tanpa Judul (Art Nouveau),Art_Nouveau,wikiart_04148.jpg,,114.80,145.70,330000000,2024-11-14T07:24:46Z
e106e6b9-57ac-565d-9afc-ccbe2195ab79,dad52c43-2eab-5272-a61d-dca032e6b1db,Tanpa Judul (Art Nouveau),Art_Nouveau,wikiart_02637.jpg,,44.90,55.80,3400000,2025-11-25T21:07:49Z
1903da00-3c37-5f5a-b526-2e24f03b3ed2,951be198-4893-5acc-9f1d-ab202e87291b,Tanpa Judul (Post Impressionism),Post_Impressionism,wikiart_03524.jpg,,74.30,99.10,200000000,2024-11-13T22:34:26Z
7d616bfc-869f-5643-a61f-fdc16b6f8b2d,3e92a01c-1f80-5c38-9903-fe409c3d5d61,Tanpa Judul (Realism),Realism,wikiart_04312.jpg,,93.20,48.20,58000000,2024-11-14T04:30:05Z
eafa8afa-ff19-58b6-a43c-6a4a67191882,a531998d-b66d-5191-a7da-a567327512a7,Tanpa Judul (Art Nouveau),Art_Nouveau,wikiart_03757.jpg,,47.90,35.10,130000000,2024-12-09T22:16:40Z
7d824861-7358-52e6-8d06-c97335816861,7cf14239-60d5-5ff0-9270-0d2dd0d62e05,Tanpa Judul (Post Impressionism),Post_Impressionism,wikiart_04967.jpg,,46.20,62.90,7800000,2024-11-03T09:09:03Z
43069707-398c-5c37-a583-63d287db248c,951be198-4893-5acc-9f1d-ab202e87291b,Tanpa Judul (Post Impressionism),Post_Impressionism,wikiart_05568.jpg,,54.30,38.80,130000000,2024-10-04T20:24:09Z
6c5c201d-6792-5908-9ded-a3ebed11f1be,951be198-4893-5acc-9f1d-ab202e87291b,Tanpa Judul (Realism),Realism,wikiart_00200.jpg,,67.20,52.60,97000000,2025-05-12T20:56:37Z
d89d648b-d23b-59c1-bb18-b332ea89f055,3dbb220d-08c5-5e68-b9e9-4282c0cc891f,Tanpa Judul (Northern Renaissance),Northern_Renaissance,wikiart_03952.jpg,,36.60,56.00,28000000,2024-10-26T03:25:21Z
1abe6ee9-790f-5fce-bf3c-c77fff55100b,1d876d41-bc7a-55ee-91cf-65ffb2a4048b,Tanpa Judul (Impressionism),Impressionism,wikiart_00738.jpg,,72.80,93.00,120000000,2024-10-06T12:01:38Z
b96455dc-9eac-598f-b693-44f7d1cd8ce5,3e92a01c-1f80-5c38-9903-fe409c3d5d61,Tanpa Judul (Impressionism),Impressionism,wikiart_04203.jpg,,36.60,47.60,29000000,2026-06-04T02:03:40Z
b562e0d0-9341-5a8e-9849-6fcaf04057d6,951be198-4893-5acc-9f1d-ab202e87291b,Tanpa Judul (Post Impressionism),Post_Impressionism,wikiart_01829.jpg,,94.30,42.50,60000000,2025-09-13T01:23:58Z
0fa48617-95fc-5cfc-84dd-53e4416600eb,dd4aa9b5-3247-5ea3-9589-db5aa169c4e0,Tanpa Judul (Impressionism),Impressionism,wikiart_05111.jpg,,71.80,53.20,6600000,2026-01-30T11:38:45Z
e7d00d86-25b6-5d2c-b10e-52ce71cc4bf4,51c4d53d-91bb-5b40-bf86-1f46a9aa18a6,Tanpa Judul (Impressionism),Impressionism,wikiart_04416.jpg,,117.20,95.10,370000000,2024-11-28T04:47:48Z
56277124-4cec-5781-bf5b-bc93d4786fe0,3e92a01c-1f80-5c38-9903-fe409c3d5d61,Tanpa Judul (Impressionism),Impressionism,wikiart_04308.jpg,,75.80,62.40,58000000,2026-02-09T09:40:26Z
065790c4-a7af-58ee-886a-1c83a5b06382,21a4ae7e-8f05-5294-9e2d-32d96779246e,Tanpa Judul (Realism),Realism,wikiart_04966.jpg,,53.90,39.20,3900000,2026-07-15T08:32:50Z
29f40e94-dc6c-5749-aa74-850ac9f8ff91,3ecb7039-f69e-55cd-869d-c7d7cf0962f6,Tanpa Judul (Realism),Realism,wikiart_02605.jpg,,45.40,33.70,11000000,2024-10-25T04:58:02Z
8ad3d7a4-f416-5d72-a5ef-3dc0c6fe9895,04432a0f-51e1-5293-a8dc-89755e574853,Tanpa Judul (Realism),Realism,wikiart_02199.jpg,,65.20,89.60,34000000,2025-11-17T06:08:12Z
e44fcae6-8465-53a9-bc6a-2a1e35742c73,a6782ff2-13ef-5b2b-a432-7d121a6ae6c4,Tanpa Judul (Symbolism),Symbolism,wikiart_04953.jpg,,59.40,47.00,4800000,2025-05-05T02:07:22Z
9e3ca7a4-3603-51c1-afc2-8383f7d5b650,3dbb220d-08c5-5e68-b9e9-4282c0cc891f,Tanpa Judul (Northern Renaissance),Northern_Renaissance,wikiart_01734.jpg,,90.90,90.40,56000000,2025-05-05T17:59:18Z
6d75ee3c-9cb2-5cfc-831c-2b5f246c36df,3ecb7039-f69e-55cd-869d-c7d7cf0962f6,Tanpa Judul (Realism),Realism,wikiart_02526.jpg,,43.40,57.50,18000000,2024-10-02T15:22:25Z
bb6079fb-e490-59fc-b687-2e64072e0966,5a27ac9a-1e04-52e2-8392-12edbe43c594,Tanpa Judul (Impressionism),Impressionism,wikiart_01340.jpg,,121.70,99.70,13000000,2024-11-09T04:10:19Z
f45a748f-0a5d-5cff-923d-055c627d0a09,dad52c43-2eab-5272-a61d-dca032e6b1db,Tanpa Judul (Art Nouveau),Art_Nouveau,wikiart_05636.jpg,,93.70,146.10,9600000,2024-10-03T04:07:39Z
64dfacaa-6ae6-5a56-83de-3d06d3bd65ed,1d876d41-bc7a-55ee-91cf-65ffb2a4048b,Tanpa Judul (Impressionism),Impressionism,wikiart_05329.jpg,,55.90,64.20,38000000,2025-05-26T18:32:21Z
dc13f238-4271-50bf-92af-4b752ab3c81b,3e92a01c-1f80-5c38-9903-fe409c3d5d61,Tanpa Judul (Impressionism),Impressionism,wikiart_03001.jpg,,112.60,163.90,100000000,2024-11-26T03:33:50Z
3d5a3056-5e67-5cdb-9c6c-af1b68e91512,64668e48-371b-5ffb-8837-9c4fd033feec,Tanpa Judul (Romanticism),Romanticism,wikiart_04871.jpg,,45.60,30.80,5000000,2024-11-24T10:46:57Z
e65328c6-6fb7-5a7a-93b6-e963ece8fb44,51c4d53d-91bb-5b40-bf86-1f46a9aa18a6,Tanpa Judul (Impressionism),Impressionism,wikiart_03857.jpg,,64.50,46.80,120000000,2026-08-25T01:12:08Z
6bd23a56-7655-581d-9b37-cd63bf72065b,dbc6f383-447d-5f26-a2f4-86753b3c416a,Tanpa Judul (Realism),Realism,wikiart_05092.jpg,,38.40,48.50,8400000,2024-11-14T13:24:32Z
260414d3-0bca-58aa-8eb8-dde134b91ab1,1d876d41-bc7a-55ee-91cf-65ffb2a4048b,Tanpa Judul (Impressionism),Impressionism,wikiart_03943.jpg,,114.50,75.40,79000000,2025-06-14T20:42:27Z
81cc450f-f628-5a7c-be7e-5f782b3e9505,1d876d41-bc7a-55ee-91cf-65ffb2a4048b,Tanpa Judul (Impressionism),Impressionism,wikiart_01920.jpg,,33.70,50.40,44000000,2024-11-21T20:41:21Z
eec236ca-fb93-56e9-923d-8f0229067862,a531998d-b66d-5191-a7da-a567327512a7,Tanpa Judul (Art Nouveau),Art_Nouveau,wikiart_05294.jpg,,36.20,27.70,59000000,2025-04-18T05:44:18Z
07a60651-c78b-522a-970c-92e320136686,04432a0f-51e1-5293-a8dc-89755e574853,Tanpa Judul (Impressionism),Impressionism,wikiart_05627.jpg,,48.00,44.20,25000000,2024-10-28T01:12:07Z
744df2ba-d745-536c-98ff-55ef69e14c08,51c4d53d-91bb-5b40-bf86-1f46a9aa18a6,Tanpa Judul (Impressionism),Impressionism,wikiart_01166.jpg,,95.30,66.70,170000000,2026-07-16T09:25:17Z
82f4a1cd-a033-552a-9402-e42b24214dfc,1d876d41-bc7a-55ee-91cf-65ffb2a4048b,Tanpa Judul (Impressionism),Impressionism,wikiart_01549.jpg,,83.80,50.70,86000000,2026-05-27T19:59:56Z
7b5d6f78-59b3-5224-b2c3-9bb336b76c2f,a531998d-b66d-5191-a7da-a567327512a7,Tanpa Judul (Symbolism),Symbolism,wikiart_01575.jpg,,62.60,36.30,110000000,2024-11-09T12:58:41Z
a7bf3149-e0ae-5498-b879-ca8f281e2ad6,dbc6f383-447d-5f26-a2f4-86753b3c416a,Tanpa Judul (Art Nouveau),Art_Nouveau,wikiart_05362.jpg,,85.70,116.10,16000000,2024-10-26T21:18:27Z
d69ff71b-b541-589d-b393-d4824ec3186b,5efed142-8369-554d-9ba2-c2f081036319,Tanpa Judul (Realism),Realism,wikiart_00275.jpg,,57.60,89.20,20000000,2024-10-15T21:17:17Z
e0d21a82-cc3c-5897-bf59-46f2b6560a03,23ba78b5-421a-5447-b022-5a66fe8d084d,Tanpa Judul (Naive Art Primitivism),Naive_Art_Primitivism,wikiart_03859.jpg,,69.60,90.80,7500000,2025-03-06T09:43:57Z
3735bad0-caf8-5880-aee8-c319def9c000,951be198-4893-5acc-9f1d-ab202e87291b,Tanpa Judul (Post Impressionism),Post_Impressionism,wikiart_04105.jpg,,107.00,66.80,310000000,2024-10-30T17:46:48Z
ec2ffcda-88f8-58cf-8363-e5947f4362a4,6fe7b986-2984-567c-a4cc-509a0769266a,Tanpa Judul (Romanticism),Romanticism,wikiart_03492.jpg,,55.00,67.90,11000000,2024-11-29T16:18:25Z
bcb7bba0-9ad9-5ed5-85a3-bac042afde2b,3e92a01c-1f80-5c38-9903-fe409c3d5d61,Tanpa Judul (Impressionism),Impressionism,wikiart_02260.jpg,,45.90,36.40,37000000,2024-11-17T14:26:06Z
ba476faf-1474-5d79-b390-2c14a4b201c9,a6782ff2-13ef-5b2b-a432-7d121a6ae6c4,Tanpa Judul (Expressionism),Expressionism,wikiart_01933.jpg,,70.70,78.80,15000000,2025-04-04T23:34:39Z
b0bdeed2-d071-52b3-a4db-999ef6444582,a531998d-b66d-5191-a7da-a567327512a7,Tanpa Judul (Symbolism),Symbolism,wikiart_02718.jpg,,77.70,46.00,94000000,2026-06-13T19:14:20Z
2457ce9f-5dfb-589e-b239-105fb61f748d,51c4d53d-91bb-5b40-bf86-1f46a9aa18a6,Tanpa Judul (Impressionism),Impressionism,wikiart_03446.jpg,,62.40,47.80,250000000,2025-11-08T02:48:54Z
8d919775-3855-5eb2-be44-7c1b2fbb90cb,21a4ae7e-8f05-5294-9e2d-32d96779246e,Tanpa Judul (Realism),Realism,wikiart_00753.jpg,,85.20,125.60,9200000,2025-03-06T09:13:07Z
9b609112-87a9-5306-af7b-2af822616df5,a531998d-b66d-5191-a7da-a567327512a7,Tanpa Judul (Art Nouveau),Art_Nouveau,wikiart_02259.jpg,,55.90,39.00,110000000,2026-08-05T12:58:20Z
f80e862e-38ff-5be1-aa4d-93588aab7400,04432a0f-51e1-5293-a8dc-89755e574853,Tanpa Judul (Impressionism),Impressionism,wikiart_03119.jpg,,62.70,58.10,30000000,2026-05-22T05:53:54Z
717240ae-586a-5bf5-bf73-48b565908236,3ecb7039-f69e-55cd-869d-c7d7cf0962f6,Tanpa Judul (Post Impressionism),Post_Impressionism,wikiart_02620.jpg,,68.40,55.30,41000000,2025-04-11T20:49:07Z
36696902-bd18-502e-8041-3e8c33ca7d9e,5efed142-8369-554d-9ba2-c2f081036319,Tanpa Judul (Realism),Realism,wikiart_00230.jpg,,66.30,89.70,39000000,2024-11-06T14:16:18Z
add75e47-ec27-5aed-8b79-57111d6b6ca0,51c4d53d-91bb-5b40-bf86-1f46a9aa18a6,Tanpa Judul (Impressionism),Impressionism,wikiart_00141.jpg,,105.50,89.70,530000000,2025-04-13T15:30:30Z
07593c54-9b98-5cd8-8e6b-161bd7dcf6cd,04432a0f-51e1-5293-a8dc-89755e574853,Tanpa Judul (Impressionism),Impressionism,wikiart_00188.jpg,,68.30,46.40,44000000,2025-05-01T18:02:13Z
3b6e3b2e-d504-59dd-aed4-3435eee00d05,dbc6f383-447d-5f26-a2f4-86753b3c416a,Tanpa Judul (Art Nouveau),Art_Nouveau,wikiart_05175.jpg,,53.90,66.70,15000000,2025-07-08T14:17:18Z
b82ffac4-9b18-5129-bb4f-76d6267ef825,c868fe01-5c24-57bf-8ffb-fdc6d3ae09a2,Tanpa Judul (Naive Art Primitivism),Naive_Art_Primitivism,wikiart_01597.jpg,,72.20,95.60,36000000,2024-10-22T15:41:20Z
7da1b4e8-5b40-5336-a454-16f6c2e3ea30,1d25dbba-d1e1-5b79-bb67-3d22aced6cb8,Tanpa Judul (Realism),Realism,wikiart_00573.jpg,,85.40,124.80,22000000,2024-11-10T14:16:08Z
b9c614f8-fc4b-54a8-b4f2-38cae682326f,951be198-4893-5acc-9f1d-ab202e87291b,Tanpa Judul (Realism),Realism,wikiart_02856.jpg,,78.70,148.30,220000000,2025-11-10T04:25:17Z
216613fa-71b9-540e-8a52-d1bf3e2f072f,3dbb220d-08c5-5e68-b9e9-4282c0cc891f,Tanpa Judul (Northern Renaissance),Northern_Renaissance,wikiart_02806.jpg,,77.20,112.80,56000000,2026-07-13T06:34:52Z
3c5a6fcb-4433-59e3-a5b2-ba2815266e71,dd4aa9b5-3247-5ea3-9589-db5aa169c4e0,Tanpa Judul (Post Impressionism),Post_Impressionism,wikiart_01007.jpg,,35.50,48.20,2700000,2025-03-25T02:47:27Z
cc204ca0-01c8-51c3-8bbf-999fd84562a2,23ba78b5-421a-5447-b022-5a66fe8d084d,Tanpa Judul (Symbolism),Symbolism,wikiart_02095.jpg,,25.10,37.20,1600000,2025-02-01T18:11:18Z
99655c5e-edf9-5d87-8b2f-84b29a343235,3ecb7039-f69e-55cd-869d-c7d7cf0962f6,Tanpa Judul (Cubism),Cubism,wikiart_01380.jpg,,93.80,120.50,51000000,2025-06-18T17:15:39Z
af6f44cd-7940-5cbb-9bcd-03bcdec00316,1d876d41-bc7a-55ee-91cf-65ffb2a4048b,Tanpa Judul (Impressionism),Impressionism,wikiart_04491.jpg,,70.00,85.60,140000000,2024-10-12T20:35:23Z
b0bf5230-4409-5fe0-99a4-e202f6bf489b,dbc6f383-447d-5f26-a2f4-86753b3c416a,Tanpa Judul (Art Nouveau),Art_Nouveau,wikiart_05204.jpg,,59.50,51.90,14000000,2024-11-18T05:36:00Z
bd9ce901-ef53-5cb2-8a11-a8a8da1a443b,3e92a01c-1f80-5c38-9903-fe409c3d5d61,Tanpa Judul (Impressionism),Impressionism,wikiart_00220.jpg,,76.50,63.80,51000000,2024-10-15T02:38:25Z
19a35e8e-0ac4-59e7-b98b-92759a3cf21e,51c4d53d-91bb-5b40-bf86-1f46a9aa18a6,Tanpa Judul (Impressionism),Impressionism,wikiart_04395.jpg,,117.80,89.40,350000000,2026-05-02T19:57:06Z
c8fb78d6-7270-5b91-be5b-33cc0a4d9681,5a27ac9a-1e04-52e2-8392-12edbe43c594,Tanpa Judul (Impressionism),Impressionism,wikiart_04783.jpg,,98.40,68.90,8200000,2026-03-28T19:51:53Z
2af98596-59e3-5c73-bb3c-0ab2790db838,c868fe01-5c24-57bf-8ffb-fdc6d3ae09a2,Tanpa Judul (Cubism),Cubism,wikiart_04066.jpg,,84.00,62.20,41000000,2025-03-26T12:42:32Z
144fefed-9999-5559-99c4-c0c12dd73fa6,1d876d41-bc7a-55ee-91cf-65ffb2a4048b,Tanpa Judul (Impressionism),Impressionism,wikiart_01489.jpg,,44.00,55.00,41000000,2025-01-11T06:10:37Z
66cea9b9-c97d-544f-9f5d-3844cc20df2b,dd4aa9b5-3247-5ea3-9589-db5aa169c4e0,Tanpa Judul (Post Impressionism),Post_Impressionism,wikiart_03142.jpg,,46.00,37.60,3600000,2025-08-09T04:45:25Z
11db3c08-fd95-5a68-954c-2e1c191813de,3ecb7039-f69e-55cd-869d-c7d7cf0962f6,Tanpa Judul (Realism),Realism,wikiart_05274.jpg,,26.00,20.80,14000000,2026-05-26T16:43:31Z
230030fb-2a99-552c-b71d-46f4bb3da700,3e92a01c-1f80-5c38-9903-fe409c3d5d61,Tanpa Judul (Impressionism),Impressionism,wikiart_03040.jpg,,74.90,102.10,47000000,2025-05-29T06:49:52Z
f78d04d3-56e3-5008-a11a-79322afe577f,1d876d41-bc7a-55ee-91cf-65ffb2a4048b,Tanpa Judul (Impressionism),Impressionism,wikiart_04257.jpg,,88.40,107.80,200000000,2024-10-07T22:51:15Z
e4e1ce05-e95f-55ae-95fd-b46c0e364e4d,c868fe01-5c24-57bf-8ffb-fdc6d3ae09a2,Tanpa Judul (Naive Art Primitivism),Naive_Art_Primitivism,wikiart_03225.jpg,,91.00,101.60,20000000,2026-01-23T20:44:20Z
c0db7936-457f-56a3-b850-51687300767f,3ecb7039-f69e-55cd-869d-c7d7cf0962f6,Tanpa Judul (Expressionism),Expressionism,wikiart_01515.jpg,,76.00,99.40,31000000,2024-11-17T09:53:03Z
87cfef89-6573-54b3-bc32-6603621a50c5,6fe7b986-2984-567c-a4cc-509a0769266a,Tanpa Judul (Romanticism),Romanticism,wikiart_02293.jpg,,56.90,42.60,21000000,2025-10-30T15:23:15Z
6a5afac7-1880-50d7-928c-2afba3eed44a,a6782ff2-13ef-5b2b-a432-7d121a6ae6c4,Tanpa Judul (Symbolism),Symbolism,wikiart_00936.jpg,,49.20,35.30,3500000,2024-11-01T14:16:01Z
fa91442d-154c-5c26-8040-f01fea3619f9,a531998d-b66d-5191-a7da-a567327512a7,Tanpa Judul (Art Nouveau),Art_Nouveau,wikiart_01694.jpg,,44.90,68.10,120000000,2024-10-28T02:31:06Z
b814d7e4-ba92-51a2-b25f-124389918d0c,a531998d-b66d-5191-a7da-a567327512a7,Tanpa Judul (Symbolism),Symbolism,wikiart_02563.jpg,,56.70,37.90,49000000,2025-07-14T03:40:50Z
307de486-af11-562e-a484-c531cf973166,7cf14239-60d5-5ff0-9270-0d2dd0d62e05,Tanpa Judul (Symbolism),Symbolism,wikiart_02507.jpg,,42.60,57.70,5500000,2026-07-03T01:25:41Z
10a01936-5ce9-51e1-a539-a79b7b1cb11d,dd4aa9b5-3247-5ea3-9589-db5aa169c4e0,Tanpa Judul (Post Impressionism),Post_Impressionism,wikiart_03895.jpg,,110.90,154.90,24000000,2024-10-29T23:55:40Z
c67cff2a-590f-52c2-9fdd-17734dcd647a,5efed142-8369-554d-9ba2-c2f081036319,Tanpa Judul (Realism),Realism,wikiart_02959.jpg,,38.00,45.40,11000000,2024-10-11T16:18:55Z
b6a9aa43-efbc-566a-aec6-73ac6a02e844,5a27ac9a-1e04-52e2-8392-12edbe43c594,Tanpa Judul (Impressionism),Impressionism,wikiart_03837.jpg,,56.00,35.90,4200000,2026-04-27T23:35:11Z
320a09b2-a589-50e2-b8d0-17d80bf703c2,dd4aa9b5-3247-5ea3-9589-db5aa169c4e0,Tanpa Judul (Cubism),Cubism,wikiart_05261.jpg,,30.50,38.80,2200000,2024-11-27T15:40:12Z
22df2eb8-459e-59a0-823d-002082493d0f,3ecb7039-f69e-55cd-869d-c7d7cf0962f6,Tanpa Judul (Realism),Realism,wikiart_02820.jpg,,66.60,52.00,41000000,2024-10-27T03:26:38Z
ae274432-83de-5dc1-858e-0a6ee1a8ed64,3ecb7039-f69e-55cd-869d-c7d7cf0962f6,Tanpa Judul (Post Impressionism),Post_Impressionism,wikiart_00087.jpg,,59.90,42.10,43000000,2026-08-07T14:22:09Z
ffeca52d-0e43-5b99-abd4-1fa41dc25635,23ba78b5-421a-5447-b022-5a66fe8d084d,Tanpa Judul (Symbolism),Symbolism,wikiart_04918.jpg,,53.00,80.40,6200000,2026-05-07T23:10:02Z
f4dec429-a556-5e2a-96ef-8265d2ac82ea,3e92a01c-1f80-5c38-9903-fe409c3d5d61,Tanpa Judul (Impressionism),Impressionism,wikiart_01903.jpg,,43.30,36.20,17000000,2025-03-09T03:20:37Z
b0587655-1fb8-5d64-be8c-807e0f5000a6,51c4d53d-91bb-5b40-bf86-1f46a9aa18a6,Tanpa Judul (Impressionism),Impressionism,wikiart_04779.jpg,,60.10,76.30,180000000,2025-07-05T09:12:44Z
a5d3d123-653c-5894-9454-e57a10ff3b0d,64668e48-371b-5ffb-8837-9c4fd033feec,Tanpa Judul (Romanticism),Romanticism,wikiart_00713.jpg,,49.60,52.80,7300000,2024-10-20T20:22:14Z
22317292-e4b4-52aa-92ac-76c9859758c1,3ecb7039-f69e-55cd-869d-c7d7cf0962f6,Tanpa Judul (Post Impressionism),Post_Impressionism,wikiart_04212.jpg,,57.20,82.10,27000000,2024-10-19T02:00:26Z
911bbb56-e1e0-53d4-b023-85a9524b9595,dbc6f383-447d-5f26-a2f4-86753b3c416a,Tanpa Judul (Art Nouveau),Art_Nouveau,wikiart_01759.jpg,,119.00,89.80,18000000,2026-08-25T08:23:41Z
aca5bb71-3e60-5ed8-870b-574360f22e07,951be198-4893-5acc-9f1d-ab202e87291b,Tanpa Judul (Realism),Realism,wikiart_00030.jpg,,63.70,83.40,140000000,2025-12-22T12:57:36Z
a0876911-ae64-58f3-ad5f-681e2829e8d6,5a27ac9a-1e04-52e2-8392-12edbe43c594,Tanpa Judul (Impressionism),Impressionism,wikiart_01557.jpg,,72.30,90.90,9000000,2024-11-16T17:12:48Z
ad894a2b-c12d-5676-8f10-3b063b61c6b9,dbc6f383-447d-5f26-a2f4-86753b3c416a,Tanpa Judul (Realism),Realism,wikiart_04979.jpg,,51.00,56.20,16000000,2024-10-07T07:08:31Z
fe9d172a-48bd-5a2f-8e0f-6d6d8a78d69a,04432a0f-51e1-5293-a8dc-89755e574853,Tanpa Judul (Impressionism),Impressionism,wikiart_02481.jpg,,45.60,29.90,18000000,2024-10-24T21:34:22Z
deb3d2cc-959a-5bce-8cbd-b1ac9faf31b8,51c4d53d-91bb-5b40-bf86-1f46a9aa18a6,Tanpa Judul (Impressionism),Impressionism,wikiart_04431.jpg,,59.50,43.70,230000000,2024-11-20T02:19:06Z
b63e2da2-c65b-5dce-ac9d-cc48db175fae,a6782ff2-13ef-5b2b-a432-7d121a6ae6c4,Tanpa Judul (Expressionism),Expressionism,wikiart_00023.jpg,,144.10,105.80,15000000,2024-10-25T05:54:44Z
edb5362c-a43d-54dd-b270-45e42f6e2871,51c4d53d-91bb-5b40-bf86-1f46a9aa18a6,Tanpa Judul (Impressionism),Impressionism,wikiart_04064.jpg,,54.30,42.60,190000000,2024-10-18T16:27:25Z
3f381c5f-4624-5e35-be4e-cfa19964c5ed,a531998d-b66d-5191-a7da-a567327512a7,Tanpa Judul (Symbolism),Symbolism,wikiart_02247.jpg,,68.10,68.10,120000000,2025-10-11T06:51:15Z
78a2326f-d5e0-5e97-a72e-7424030f9b4c,d9c76b21-7320-5d80-9265-153dfdbc0c20,Tanpa Judul (Impressionism),Impressionism,wikiart_02085.jpg,,44.90,66.80,7300000,2024-10-08T14:13:22Z
a37f55d2-e927-54d8-988e-5df4a2a7c1c5,951be198-4893-5acc-9f1d-ab202e87291b,Tanpa Judul (Post Impressionism),Post_Impressionism,wikiart_05190.jpg,,22.90,19.10,93000000,2026-08-03T11:30:40Z
f3d03b04-a285-55cd-83b3-a571d326c1bf,7cf14239-60d5-5ff0-9270-0d2dd0d62e05,Tanpa Judul (Post Impressionism),Post_Impressionism,wikiart_01406.jpg,,45.50,59.60,7900000,2025-04-12T03:17:39Z
518d2cd8-b760-58a1-9fa2-56469ba6d9e5,951be198-4893-5acc-9f1d-ab202e87291b,Tanpa Judul (Post Impressionism),Post_Impressionism,wikiart_02809.jpg,,138.00,108.10,270000000,2025-05-31T07:32:09Z
3e1f5936-7dd8-51da-8722-93f146f9dfe5,5a27ac9a-1e04-52e2-8392-12edbe43c594,Tanpa Judul (Impressionism),Impressionism,wikiart_05178.jpg,,73.90,48.70,4000000,2026-01-23T22:28:28Z
337d19ac-4036-5267-be68-d283f62f45c3,7cf14239-60d5-5ff0-9270-0d2dd0d62e05,Tanpa Judul (Symbolism),Symbolism,wikiart_02715.jpg,,106.60,77.20,5600000,2026-07-07T13:40:13Z
ad374859-61bb-5182-9263-bc0c1dcbafe7,6fe7b986-2984-567c-a4cc-509a0769266a,Tanpa Judul (Romanticism),Romanticism,wikiart_01032.jpg,,53.10,70.00,17000000,2024-11-02T01:49:59Z
ed9e51a3-ed06-51d5-92d3-9bd37e6dc1dc,5d9ef8fa-9d26-5e45-87a1-4a45f17d0980,Tanpa Judul (Baroque),Baroque,wikiart_05609.jpg,,26.30,32.10,18000000,2025-03-02T14:02:51Z
e6be4224-e2b2-5dce-8f4f-663b86a93452,d9c76b21-7320-5d80-9265-153dfdbc0c20,Tanpa Judul (Impressionism),Impressionism,wikiart_00649.jpg,,40.70,29.10,2800000,2024-11-04T03:24:34Z
ecda5df2-73a2-5b67-9ee9-2672a1b5774a,dd4aa9b5-3247-5ea3-9589-db5aa169c4e0,Tanpa Judul (Romanticism),Romanticism,wikiart_02479.jpg,,68.90,115.60,4900000,2024-10-09T01:45:52Z
c706bcb6-4b50-5c7c-95b6-cf08cee6e0bd,a6782ff2-13ef-5b2b-a432-7d121a6ae6c4,Tanpa Judul (Expressionism),Expressionism,wikiart_02997.jpg,,65.20,49.70,10000000,2024-11-17T18:22:43Z
d3d263d8-8c28-527a-b394-4889d2ea788f,5efed142-8369-554d-9ba2-c2f081036319,Tanpa Judul (Realism),Realism,wikiart_05180.jpg,,59.80,74.70,42000000,2025-06-18T00:00:43Z
c3a0377c-bdc1-52bf-9b16-7e5654ced635,a531998d-b66d-5191-a7da-a567327512a7,Tanpa Judul (Symbolism),Symbolism,wikiart_03998.jpg,,49.80,64.10,70000000,2024-10-29T21:58:56Z
99d1e7b7-b2e3-52e2-8f5b-6a8d36931069,21a4ae7e-8f05-5294-9e2d-32d96779246e,Tanpa Judul (Realism),Realism,wikiart_04833.jpg,,83.40,59.50,5300000,2026-02-02T20:27:12Z
acb107c4-2b5c-58be-ba3a-5211d03cfdf8,6fe7b986-2984-567c-a4cc-509a0769266a,Tanpa Judul (Romanticism),Romanticism,wikiart_03622.jpg,,50.30,66.30,21000000,2025-11-12T21:02:42Z
18e10ab6-a530-5aaa-aad5-d64c3d515080,951be198-4893-5acc-9f1d-ab202e87291b,Tanpa Judul (Post Impressionism),Post_Impressionism,wikiart_00677.jpg,,66.80,50.40,140000000,2026-04-18T05:44:26Z
5220c356-272b-500b-beee-ab57a7963f8b,04432a0f-51e1-5293-a8dc-89755e574853,Tanpa Judul (Impressionism),Impressionism,wikiart_01600.jpg,,64.20,57.30,30000000,2024-10-16T22:33:40Z
2fe2300b-4b91-5e8d-a78e-842a758fccce,64668e48-371b-5ffb-8837-9c4fd033feec,Tanpa Judul (Romanticism),Romanticism,wikiart_00512.jpg,,52.70,33.70,4400000,2026-05-19T10:37:21Z
c04815bb-eed8-5b98-a23d-bccc678c6b67,64668e48-371b-5ffb-8837-9c4fd033feec,Tanpa Judul (Romanticism),Romanticism,wikiart_05052.jpg,,44.10,28.20,5100000,2024-11-12T04:52:47Z
79a4cd10-fc37-5700-835c-2df4d67d490b,c868fe01-5c24-57bf-8ffb-fdc6d3ae09a2,Tanpa Judul (Naive Art Primitivism),Naive_Art_Primitivism,wikiart_01393.jpg,,51.70,38.80,8800000,2026-07-03T11:13:58Z
4a27d110-3c14-5cb5-9f95-f397c91317aa,5a27ac9a-1e04-52e2-8392-12edbe43c594,Tanpa Judul (Impressionism),Impressionism,wikiart_05167.jpg,,115.60,70.00,8300000,2024-11-01T10:42:12Z
eaccfbf1-0875-5335-b72d-339b3509108c,951be198-4893-5acc-9f1d-ab202e87291b,Tanpa Judul (Post Impressionism),Post_Impressionism,wikiart_02237.jpg,,88.60,107.20,270000000,2025-01-01T22:25:12Z
726a732a-d9e7-5a05-b466-c05c312e61f1,951be198-4893-5acc-9f1d-ab202e87291b,Tanpa Judul (Realism),Realism,wikiart_00734.jpg,,85.80,60.50,110000000,2025-02-08T23:51:24Z
93f6d6b7-402c-549c-a89a-d7a6edcc0a63,dd4aa9b5-3247-5ea3-9589-db5aa169c4e0,Tanpa Judul (Post Impressionism),Post_Impressionism,wikiart_04601.jpg,,45.60,57.50,3800000,2025-03-12T03:47:23Z
b0a47c6b-e49a-54f4-b8f4-8742e75228de,23ba78b5-421a-5447-b022-5a66fe8d084d,Tanpa Judul (Naive Art Primitivism),Naive_Art_Primitivism,wikiart_04437.jpg,,36.30,51.40,2700000,2024-11-13T17:31:55Z
a5ecd071-0bfd-5acd-b6c2-5d8769ce2d3a,3ecb7039-f69e-55cd-869d-c7d7cf0962f6,Tanpa Judul (Expressionism),Expressionism,wikiart_02573.jpg,,88.10,130.80,39000000,2024-10-04T02:08:40Z
2f88bce7-77ad-518e-ae8e-c54031a92f93,a531998d-b66d-5191-a7da-a567327512a7,Tanpa Judul (Symbolism),Symbolism,wikiart_01079.jpg,,82.40,49.90,150000000,2024-10-08T14:17:19Z
0450e416-f546-56e8-9341-3486e229dbac,3ecb7039-f69e-55cd-869d-c7d7cf0962f6,Tanpa Judul (Cubism),Cubism,wikiart_03267.jpg,,63.00,48.00,46000000,2024-10-27T18:24:35Z
0e8bb628-a609-5b11-99cb-2616dfa15f2c,5efed142-8369-554d-9ba2-c2f081036319,Tanpa Judul (Impressionism),Impressionism,wikiart_00500.jpg,,52.70,64.40,27000000,2024-11-05T13:37:28Z
5f9f6bb2-b395-5445-acbe-f65873b0aac2,dad52c43-2eab-5272-a61d-dca032e6b1db,Tanpa Judul (Art Nouveau),Art_Nouveau,wikiart_00225.jpg,,35.90,58.00,2200000,2024-10-28T05:26:41Z
2c88c545-5bbc-51ef-ae83-acd8a481583f,51c4d53d-91bb-5b40-bf86-1f46a9aa18a6,Tanpa Judul (Impressionism),Impressionism,wikiart_02230.jpg,,81.30,55.50,280000000,2026-05-06T02:16:18Z
5f5ee2e5-2a57-5d64-a8e8-d2c1a3aa891f,1d25dbba-d1e1-5b79-bb67-3d22aced6cb8,Tanpa Judul (Realism),Realism,wikiart_04277.jpg,,90.90,126.50,23000000,2024-12-20T07:45:49Z
8a519905-bc90-5979-9b98-13df2d749496,04432a0f-51e1-5293-a8dc-89755e574853,Tanpa Judul (Impressionism),Impressionism,wikiart_00552.jpg,,47.30,62.70,22000000,2025-05-07T21:38:53Z
38988bb4-0384-5337-8ac5-bf66b1776a3c,d9c76b21-7320-5d80-9265-153dfdbc0c20,Tanpa Judul (Impressionism),Impressionism,wikiart_00553.jpg,,45.90,46.80,4800000,2024-12-10T12:07:54Z
b9917b96-6702-562d-819a-c0599cf03de6,951be198-4893-5acc-9f1d-ab202e87291b,Tanpa Judul (Realism),Realism,wikiart_05620.jpg,,92.60,64.90,120000000,2025-03-05T17:01:36Z
1b4814ff-52f6-50fb-a3f1-b80a90d1ff16,1d25dbba-d1e1-5b79-bb67-3d22aced6cb8,Tanpa Judul (Realism),Realism,wikiart_01167.jpg,,47.90,24.20,3500000,2024-10-16T20:16:51Z
bf97c61c-fe5c-52be-a1b3-bdd60cb114ec,3e92a01c-1f80-5c38-9903-fe409c3d5d61,Tanpa Judul (Impressionism),Impressionism,wikiart_04659.jpg,,111.80,91.70,92000000,2024-12-31T13:45:24Z
80c5e2d4-d490-5e01-ad6b-855e865bacd8,51c4d53d-91bb-5b40-bf86-1f46a9aa18a6,Tanpa Judul (Impressionism),Impressionism,wikiart_03243.jpg,,57.80,42.60,150000000,2024-10-24T15:42:49Z
d73cdc1c-14e5-522b-8637-17ed53474690,1d876d41-bc7a-55ee-91cf-65ffb2a4048b,Tanpa Judul (Impressionism),Impressionism,wikiart_01707.jpg,,52.40,66.60,56000000,2026-05-24T10:29:29Z
ee9d5138-806e-5b07-8128-b3761b95d569,5d9ef8fa-9d26-5e45-87a1-4a45f17d0980,Tanpa Judul (Baroque),Baroque,wikiart_01309.jpg,,61.00,76.90,32000000,2024-12-26T00:04:59Z
76771575-9169-5282-80d8-a9b11d77ee7d,3dbb220d-08c5-5e68-b9e9-4282c0cc891f,Tanpa Judul (Northern Renaissance),Northern_Renaissance,wikiart_03992.jpg,,52.40,66.60,26000000,2025-12-17T01:18:52Z
05d11928-5c63-54dd-8064-4907b6a5519b,51c4d53d-91bb-5b40-bf86-1f46a9aa18a6,Tanpa Judul (Impressionism),Impressionism,wikiart_00409.jpg,,89.00,61.30,170000000,2024-11-01T08:35:28Z
bce24ab6-fce4-511b-8a22-366223be126e,5a27ac9a-1e04-52e2-8392-12edbe43c594,Tanpa Judul (Impressionism),Impressionism,wikiart_02168.jpg,,81.80,64.90,10000000,2026-07-14T15:48:47Z
e13dc826-0e86-5185-8d2d-d08f03166bbf,5a27ac9a-1e04-52e2-8392-12edbe43c594,Tanpa Judul (Impressionism),Impressionism,wikiart_02313.jpg,,87.80,63.90,6500000,2024-10-12T06:58:51Z
431ff6e7-2b24-519e-8cdb-3b1c425577ba,3dbb220d-08c5-5e68-b9e9-4282c0cc891f,Tanpa Judul (Northern Renaissance),Northern_Renaissance,wikiart_03476.jpg,,64.00,90.00,85000000,2024-11-16T16:08:23Z
addcf949-fb5f-57db-80c3-355f54bd3f42,1d876d41-bc7a-55ee-91cf-65ffb2a4048b,Tanpa Judul (Impressionism),Impressionism,wikiart_01193.jpg,,51.10,42.60,86000000,2024-11-19T09:38:12Z
73f97b60-9243-53cd-a8ec-92f1f7ddfd8b,c868fe01-5c24-57bf-8ffb-fdc6d3ae09a2,Tanpa Judul (Cubism),Cubism,wikiart_00184.jpg,,59.80,82.20,27000000,2024-10-25T01:55:37Z
3c7bad3d-127c-552d-a0b6-1a09d977db1e,3ecb7039-f69e-55cd-869d-c7d7cf0962f6,Tanpa Judul (Realism),Realism,wikiart_01097.jpg,,51.70,51.50,30000000,2025-05-05T19:28:20Z
81052aee-57be-57a2-9139-20c4a286220b,3ecb7039-f69e-55cd-869d-c7d7cf0962f6,Tanpa Judul (Realism),Realism,wikiart_00748.jpg,,100.20,63.30,44000000,2026-02-02T02:42:01Z
67f46f6c-0bef-5045-8780-350af8808dd4,951be198-4893-5acc-9f1d-ab202e87291b,Tanpa Judul (Realism),Realism,wikiart_01952.jpg,,85.20,122.20,150000000,2024-10-16T17:45:02Z
f303778e-fffb-5010-a42b-73c993e4ecc0,7cf14239-60d5-5ff0-9270-0d2dd0d62e05,Tanpa Judul (Naive Art Primitivism),Naive_Art_Primitivism,wikiart_03538.jpg,,58.10,71.40,2900000,2025-05-09T11:07:10Z
1852a608-aa97-5043-a116-f32e4c564d2c,3e92a01c-1f80-5c38-9903-fe409c3d5d61,Tanpa Judul (Impressionism),Impressionism,wikiart_01298.jpg,,43.40,32.10,25000000,2025-06-13T15:42:11Z
acfaddb6-0754-528a-98b7-c64101817b9f,3ecb7039-f69e-55cd-869d-c7d7cf0962f6,Tanpa Judul (Realism),Realism,wikiart_00969.jpg,,102.90,90.60,36000000,2025-01-22T15:39:16Z
102237ca-93be-559b-98f2-01b735bada86,a531998d-b66d-5191-a7da-a567327512a7,Tanpa Judul (Symbolism),Symbolism,wikiart_03987.jpg,,62.90,28.90,67000000,2025-12-06T10:24:11Z
700a2def-609a-56e1-91db-ba5c350436d0,1d876d41-bc7a-55ee-91cf-65ffb2a4048b,Tanpa Judul (Impressionism),Impressionism,wikiart_00498.jpg,,57.30,103.50,86000000,2026-08-27T16:08:56Z
7c457141-8c72-5ec9-b355-c39c701433c9,04432a0f-51e1-5293-a8dc-89755e574853,Tanpa Judul (Impressionism),Impressionism,wikiart_04065.jpg,,103.20,128.60,58000000,2025-07-30T21:15:48Z
b116070e-6e10-5b4c-8bc1-f41ce97a6883,a6782ff2-13ef-5b2b-a432-7d121a6ae6c4,Tanpa Judul (Expressionism),Expressionism,wikiart_03269.jpg,,50.20,49.40,5500000,2026-09-25T05:48:18Z
d56dae88-d6d6-59ad-ab1b-7572c851ac58,a531998d-b66d-5191-a7da-a567327512a7,Tanpa Judul (Symbolism),Symbolism,wikiart_03080.jpg,,53.70,40.70,120000000,2025-02-06T06:04:55Z
33e007df-4cf8-5f43-b9f0-4b7caaf1c64b,3dbb220d-08c5-5e68-b9e9-4282c0cc891f,Tanpa Judul (Northern Renaissance),Northern_Renaissance,wikiart_02746.jpg,,55.30,69.30,35000000,2024-11-09T19:36:38Z
901dc472-3944-5764-a971-1d0ef13f0cc5,951be198-4893-5acc-9f1d-ab202e87291b,Tanpa Judul (Realism),Realism,wikiart_00717.jpg,,37.80,23.70,42000000,2026-08-06T17:37:57Z
3145ce44-7320-5e94-88ba-6312b1d903bf,3dbb220d-08c5-5e68-b9e9-4282c0cc891f,Tanpa Judul (Northern Renaissance),Northern_Renaissance,wikiart_01165.jpg,,67.00,86.90,34000000,2024-11-16T22:02:59Z
39a6b9c3-65f3-5fcf-bc48-83dbd6456dbc,21a4ae7e-8f05-5294-9e2d-32d96779246e,Tanpa Judul (Realism),Realism,wikiart_01904.jpg,,45.90,59.60,4400000,2024-12-19T11:31:30Z
c2a04411-b3f9-5208-bd24-42e515b199af,dad52c43-2eab-5272-a61d-dca032e6b1db,Tanpa Judul (Art Nouveau),Art_Nouveau,wikiart_02531.jpg,,49.10,77.60,2700000,2024-11-19T02:39:33Z
c6ae8039-8bfb-5f3c-a3d2-12af214dd216,c868fe01-5c24-57bf-8ffb-fdc6d3ae09a2,Tanpa Judul (Cubism),Cubism,wikiart_00303.jpg,,46.90,55.50,26000000,2024-10-23T02:38:47Z
030525fe-8463-5d52-bec2-0cdbcb4e8bd4,951be198-4893-5acc-9f1d-ab202e87291b,Tanpa Judul (Post Impressionism),Post_Impressionism,wikiart_03378.jpg,,48.90,59.10,120000000,2025-12-12T11:18:03Z
ed95df62-74d2-5c8a-ac67-fe1a12ac4388,d9c76b21-7320-5d80-9265-153dfdbc0c20,Tanpa Judul (Impressionism),Impressionism,wikiart_02726.jpg,,44.70,38.20,3700000,2026-09-26T15:42:00Z
92f0f5ae-8161-5822-8491-78d40db10478,1d876d41-bc7a-55ee-91cf-65ffb2a4048b,Tanpa Judul (Impressionism),Impressionism,wikiart_04595.jpg,,65.40,45.10,120000000,2024-10-31T14:46:57Z
6807ce59-f1b4-5259-be8d-87a35a6eace8,6fe7b986-2984-567c-a4cc-509a0769266a,Tanpa Judul (Romanticism),Romanticism,wikiart_03607.jpg,,56.80,74.60,17000000,2024-10-13T01:24:26Z
49779664-6c52-5eae-a965-ecf203dcc099,3ecb7039-f69e-55cd-869d-c7d7cf0962f6,Tanpa Judul (Realism),Realism,wikiart_02416.jpg,,61.00,71.50,21000000,2025-04-14T07:14:02Z
77df5470-1c33-5c4f-95d2-58a69a385aa9,3ecb7039-f69e-55cd-869d-c7d7cf0962f6,Tanpa Judul (Post Impressionism),Post_Impressionism,wikiart_05391.jpg,,136.80,128.00,110000000,2025-11-19T23:21:09Z
7e29290c-d877-59e3-a22e-5ff2d8387ac2,c868fe01-5c24-57bf-8ffb-fdc6d3ae09a2,Tanpa Judul (Naive Art Primitivism),Naive_Art_Primitivism,wikiart_03156.jpg,,56.80,67.30,7000000,2025-11-18T15:14:42Z
5ec76059-752f-52a3-af5c-5ae18cb66a37,c868fe01-5c24-57bf-8ffb-fdc6d3ae09a2,Tanpa Judul (Cubism),Cubism,wikiart_01516.jpg,,74.10,56.60,38000000,2024-10-25T23:02:29Z
4faabd41-6031-5fc6-8a87-a23771464b1d,a531998d-b66d-5191-a7da-a567327512a7,Tanpa Judul (Symbolism),Symbolism,wikiart_00850.jpg,,77.20,36.40,100000000,2026-03-30T18:17:45Z
66585e1a-43aa-5205-a241-dcb78d04ba95,5efed142-8369-554d-9ba2-c2f081036319,Tanpa Judul (Impressionism),Impressionism,wikiart_02347.jpg,,58.70,41.10,27000000,2024-12-03T23:38:18Z
a0369ffa-4997-5247-8511-66e0f6ce603c,a6782ff2-13ef-5b2b-a432-7d121a6ae6c4,Tanpa Judul (Expressionism),Expressionism,wikiart_03431.jpg,,66.00,46.70,2900000,2024-11-20T03:16:31Z
baad9605-c3cb-534d-ac70-11b5d0c3deee,951be198-4893-5acc-9f1d-ab202e87291b,Tanpa Judul (Realism),Realism,wikiart_03834.jpg,,60.40,83.60,110000000,2025-08-06T11:35:42Z
93166838-cb28-5c0b-87d7-2da901862d19,951be198-4893-5acc-9f1d-ab202e87291b,Tanpa Judul (Realism),Realism,wikiart_02208.jpg,,64.40,80.20,85000000,2024-10-14T10:08:35Z
7a90bee0-79cc-57b6-888e-6a5284dad972,3ecb7039-f69e-55cd-869d-c7d7cf0962f6,Tanpa Judul (Post Impressionism),Post_Impressionism,wikiart_03517.jpg,,48.90,38.10,31000000,2026-01-05T04:44:41Z
f3f399a9-3985-5980-9416-8c4c83cd308f,dd4aa9b5-3247-5ea3-9589-db5aa169c4e0,Tanpa Judul (Impressionism),Impressionism,wikiart_00522.jpg,,50.50,40.20,4000000,2026-02-02T07:21:57Z
31902914-6a69-57b0-abbc-5b7514b69d94,3dbb220d-08c5-5e68-b9e9-4282c0cc891f,Tanpa Judul (Northern Renaissance),Northern_Renaissance,wikiart_05351.jpg,,60.40,73.10,47000000,2024-11-14T03:43:51Z
8d11b06b-ba87-5327-8bf5-08fa82cdc3eb,7cf14239-60d5-5ff0-9270-0d2dd0d62e05,Tanpa Judul (Expressionism),Expressionism,wikiart_05422.jpg,,30.10,22.60,3100000,2026-05-04T03:22:42Z
387dc43f-de71-5224-a872-d2267104008f,951be198-4893-5acc-9f1d-ab202e87291b,Tanpa Judul (Realism),Realism,wikiart_03246.jpg,,101.30,70.30,200000000,2025-10-06T06:33:20Z
9009f9a9-65f6-501c-8973-da47b4090da3,1d876d41-bc7a-55ee-91cf-65ffb2a4048b,Tanpa Judul (Impressionism),Impressionism,wikiart_00396.jpg,,127.80,150.90,140000000,2025-04-26T17:50:36Z
394ce484-ef64-5ecd-9369-f806ba5e5906,a6782ff2-13ef-5b2b-a432-7d121a6ae6c4,Tanpa Judul (Naive Art Primitivism),Naive_Art_Primitivism,wikiart_04868.jpg,,63.70,91.10,9600000,2026-08-25T06:26:05Z
c1c83e26-ed81-5d93-a922-b81cea23ab4a,5efed142-8369-554d-9ba2-c2f081036319,Tanpa Judul (Impressionism),Impressionism,wikiart_01766.jpg,,75.70,54.90,36000000,2024-10-05T11:28:00Z
8063b5cd-e4aa-5b90-b69f-238dc9b16a72,5a27ac9a-1e04-52e2-8392-12edbe43c594,Tanpa Judul (Impressionism),Impressionism,wikiart_04137.jpg,,87.60,56.10,8300000,2024-10-13T04:11:32Z
a30f5acb-487a-5918-8df0-1914d57eea58,a531998d-b66d-5191-a7da-a567327512a7,Tanpa Judul (Symbolism),Symbolism,wikiart_03498.jpg,,37.70,29.00,48000000,2026-08-19T19:13:33Z
eecf491a-609c-5d1b-a28a-571a03982a46,c868fe01-5c24-57bf-8ffb-fdc6d3ae09a2,Tanpa Judul (Naive Art Primitivism),Naive_Art_Primitivism,wikiart_01792.jpg,,83.00,106.60,27000000,2024-11-04T08:01:15Z
bcb06e45-37b4-5c20-8993-329f466f3cfa,d9c76b21-7320-5d80-9265-153dfdbc0c20,Tanpa Judul (Impressionism),Impressionism,wikiart_02789.jpg,,51.70,30.90,5100000,2024-10-28T11:04:26Z
16c3b448-fe02-53d9-8c7a-72bb3be2bc8c,5d9ef8fa-9d26-5e45-87a1-4a45f17d0980,Tanpa Judul (Baroque),Baroque,wikiart_04648.jpg,,133.80,89.70,98000000,2025-10-13T13:11:13Z
c6e25064-cab8-5c4b-aaa3-07bc91acac99,6fe7b986-2984-567c-a4cc-509a0769266a,Tanpa Judul (Romanticism),Romanticism,wikiart_02397.jpg,,56.20,43.00,15000000,2024-11-24T03:38:37Z
b7a687a4-1850-515e-b41f-0e08f697a274,3ecb7039-f69e-55cd-869d-c7d7cf0962f6,Tanpa Judul (Post Impressionism),Post_Impressionism,wikiart_04638.jpg,,82.50,82.60,52000000,2025-12-03T02:22:40Z
60bf2f65-486f-574b-8b06-9be2f4db3c93,951be198-4893-5acc-9f1d-ab202e87291b,Tanpa Judul (Realism),Realism,wikiart_04302.jpg,,56.40,45.50,92000000,2026-08-10T10:15:27Z
522fa5e8-749a-5fa2-91de-835fc236fd06,51c4d53d-91bb-5b40-bf86-1f46a9aa18a6,Tanpa Judul (Impressionism),Impressionism,wikiart_00990.jpg,,129.40,108.30,630000000,2025-06-25T16:31:24Z
aee2181f-c772-581e-a9d1-927da462211c,951be198-4893-5acc-9f1d-ab202e87291b,Tanpa Judul (Post Impressionism),Post_Impressionism,wikiart_00462.jpg,,50.20,38.20,120000000,2024-11-28T15:51:48Z
e321c40f-9a72-570f-97e6-cbd1a0a8bd93,1d25dbba-d1e1-5b79-bb67-3d22aced6cb8,Tanpa Judul (Realism),Realism,wikiart_03285.jpg,,90.20,147.40,19000000,2025-03-15T10:28:21Z
69628ad2-4db5-5966-b3ed-4ae721fdb594,5a27ac9a-1e04-52e2-8392-12edbe43c594,Tanpa Judul (Impressionism),Impressionism,wikiart_02776.jpg,,74.70,53.80,4600000,2025-10-29T06:25:47Z
82478f4a-4441-5f6e-9cde-be37564630bf,c868fe01-5c24-57bf-8ffb-fdc6d3ae09a2,Tanpa Judul (Naive Art Primitivism),Naive_Art_Primitivism,wikiart_02048.jpg,,69.10,47.80,12000000,2026-05-07T11:19:21Z
340448bf-36fe-58a5-9c66-e3898f90e649,5a27ac9a-1e04-52e2-8392-12edbe43c594,Tanpa Judul (Impressionism),Impressionism,wikiart_04059.jpg,,65.00,48.90,3600000,2025-03-06T11:49:34Z
cb0386cd-e3e3-58ca-ac38-9e5b708564d1,23ba78b5-421a-5447-b022-5a66fe8d084d,Tanpa Judul (Cubism),Cubism,wikiart_00108.jpg,,47.50,35.20,7600000,2025-11-07T09:14:12Z
8810c07a-448a-514c-a348-4928b770a451,a6782ff2-13ef-5b2b-a432-7d121a6ae6c4,Tanpa Judul (Expressionism),Expressionism,wikiart_02714.jpg,,24.30,33.40,3800000,2024-10-18T19:38:46Z
d0f85a0d-cae5-5a1a-8543-76483d47d25c,c868fe01-5c24-57bf-8ffb-fdc6d3ae09a2,Tanpa Judul (Naive Art Primitivism),Naive_Art_Primitivism,wikiart_04222.jpg,,87.40,114.60,14000000,2024-10-20T12:52:52Z
77706cdc-273c-5dd1-97ae-dbbbeaa8c99c,3dbb220d-08c5-5e68-b9e9-4282c0cc891f,Tanpa Judul (Northern Renaissance),Northern_Renaissance,wikiart_00648.jpg,,50.60,80.00,50000000,2026-02-23T09:10:13Z
2a6117ba-c394-517d-b66b-083e044da23c,951be198-4893-5acc-9f1d-ab202e87291b,Tanpa Judul (Realism),Realism,wikiart_01390.jpg,,90.40,85.50,260000000,2024-10-10T06:57:08Z
af1a7a79-a25d-56c6-a820-069eadfc29e3,6fe7b986-2984-567c-a4cc-509a0769266a,Tanpa Judul (Romanticism),Romanticism,wikiart_02892.jpg,,67.90,85.50,20000000,2025-07-02T15:54:32Z
af6ff133-e70c-578f-a322-312f03e46a80,dbc6f383-447d-5f26-a2f4-86753b3c416a,Tanpa Judul (Art Nouveau),Art_Nouveau,wikiart_05474.jpg,,91.30,63.80,24000000,2025-12-10T16:13:30Z
ca430658-7a6a-514f-8e2d-3d136ba78036,3ecb7039-f69e-55cd-869d-c7d7cf0962f6,Tanpa Judul (Post Impressionism),Post_Impressionism,wikiart_02647.jpg,,79.40,49.90,59000000,2024-11-28T01:35:41Z
2d15fdae-f779-5da9-a8c5-1909050438c7,5d9ef8fa-9d26-5e45-87a1-4a45f17d0980,Tanpa Judul (Baroque),Baroque,wikiart_04313.jpg,,25.30,31.90,18000000,2026-02-07T22:50:31Z
b8e45ee8-aa9d-5c1e-afbf-4c85bad980be,a6782ff2-13ef-5b2b-a432-7d121a6ae6c4,Tanpa Judul (Naive Art Primitivism),Naive_Art_Primitivism,wikiart_00501.jpg,,74.40,113.90,7600000,2025-11-23T05:04:21Z
499c8ad1-c680-584e-8d79-9e8f019636ba,3dbb220d-08c5-5e68-b9e9-4282c0cc891f,Tanpa Judul (Northern Renaissance),Northern_Renaissance,wikiart_03782.jpg,,53.20,72.60,41000000,2024-11-01T18:30:51Z
102be1f3-4abf-5401-8253-c6463ee65f55,951be198-4893-5acc-9f1d-ab202e87291b,Tanpa Judul (Realism),Realism,wikiart_03703.jpg,,90.20,147.50,220000000,2025-03-30T21:02:15Z
9d35f3a1-577a-5917-b82e-54c5af359dc9,1d876d41-bc7a-55ee-91cf-65ffb2a4048b,Tanpa Judul (Impressionism),Impressionism,wikiart_00698.jpg,,73.80,125.30,190000000,2024-11-10T13:43:00Z
b5061f39-3efe-55c2-8864-676212a55ace,6fe7b986-2984-567c-a4cc-509a0769266a,Tanpa Judul (Romanticism),Romanticism,wikiart_03275.jpg,,74.10,94.50,33000000,2026-08-31T17:45:35Z
51ab0f3f-cd24-571c-8a03-503262b556ca,c868fe01-5c24-57bf-8ffb-fdc6d3ae09a2,Tanpa Judul (Cubism),Cubism,wikiart_02922.jpg,,54.50,78.00,14000000,2024-11-14T03:40:55Z
e4a79e02-2538-5509-9682-f1faf2bba5fd,3e92a01c-1f80-5c38-9903-fe409c3d5d61,Tanpa Judul (Impressionism),Impressionism,wikiart_04823.jpg,,43.60,35.60,24000000,2026-07-19T10:46:12Z
eb44d2ea-12dc-577e-8aa5-20be6e0c9098,1d876d41-bc7a-55ee-91cf-65ffb2a4048b,Tanpa Judul (Impressionism),Impressionism,wikiart_03158.jpg,,51.60,69.40,70000000,2025-12-20T03:08:50Z
fcbf2c8f-fbf3-5dec-9682-ddc6cdebff0e,d9c76b21-7320-5d80-9265-153dfdbc0c20,Tanpa Judul (Impressionism),Impressionism,wikiart_01385.jpg,,32.00,39.40,2900000,2024-10-23T14:04:50Z
20491059-3f6c-547c-9cf8-991b510edb1d,21a4ae7e-8f05-5294-9e2d-32d96779246e,Tanpa Judul (Realism),Realism,wikiart_00191.jpg,,48.80,34.30,1200000,2024-11-10T02:32:30Z
e9a1c2bb-f846-553a-bb21-9f3bc1a471e5,a531998d-b66d-5191-a7da-a567327512a7,Tanpa Judul (Symbolism),Symbolism,wikiart_01342.jpg,,35.90,21.50,42000000,2026-05-20T20:57:36Z
72220cd2-0b3f-57da-917c-d3baf7c5e6ce,3e92a01c-1f80-5c38-9903-fe409c3d5d61,Tanpa Judul (Impressionism),Impressionism,wikiart_02036.jpg,,36.30,31.00,25000000,2026-03-09T09:04:20Z
71d4624b-3204-5329-b6f8-36cb188f9f2f,3dbb220d-08c5-5e68-b9e9-4282c0cc891f,Tanpa Judul (Northern Renaissance),Northern_Renaissance,wikiart_04905.jpg,,62.50,83.40,37000000,2025-10-17T18:09:22Z
241a3097-f8c7-5aeb-8aa2-ba3d46a18783,5efed142-8369-554d-9ba2-c2f081036319,Tanpa Judul (Impressionism),Impressionism,wikiart_05102.jpg,,72.30,50.20,30000000,2025-06-22T03:16:11Z
93421847-db9f-5efc-93c9-5000994b5597,23ba78b5-421a-5447-b022-5a66fe8d084d,Tanpa Judul (Expressionism),Expressionism,wikiart_04000.jpg,,59.30,76.10,9700000,2024-10-03T01:53:03Z
2be3c77c-d626-5d75-abf7-2337d0cc4bc8,5a27ac9a-1e04-52e2-8392-12edbe43c594,Tanpa Judul (Impressionism),Impressionism,wikiart_01731.jpg,,50.40,28.00,3100000,2025-04-01T09:47:42Z
139b87ed-7f4a-5de6-a076-69e59c662118,1d876d41-bc7a-55ee-91cf-65ffb2a4048b,Tanpa Judul (Impressionism),Impressionism,wikiart_02978.jpg,,43.10,48.20,43000000,2026-08-23T22:25:37Z
94438845-3faa-553a-9266-d7e233fa5646,7cf14239-60d5-5ff0-9270-0d2dd0d62e05,Tanpa Judul (Expressionism),Expressionism,wikiart_02679.jpg,,53.70,75.10,12000000,2024-11-27T13:08:57Z
30df7b0d-4fa4-5744-b7c1-8d09e1c0b7c4,d9c76b21-7320-5d80-9265-153dfdbc0c20,Tanpa Judul (Impressionism),Impressionism,wikiart_02656.jpg,,45.00,36.80,4800000,2026-03-31T14:19:16Z
0d243f3d-7aec-503a-a6d6-d7b2ef48ee81,1d876d41-bc7a-55ee-91cf-65ffb2a4048b,Tanpa Judul (Impressionism),Impressionism,wikiart_04577.jpg,,58.70,49.90,41000000,2025-10-05T16:15:58Z
6464a202-813a-517a-97c5-a76028d1707c,04432a0f-51e1-5293-a8dc-89755e574853,Tanpa Judul (Impressionism),Impressionism,wikiart_00092.jpg,,35.20,25.10,14000000,2024-11-19T17:54:52Z
c7e8cc40-85d8-5970-a547-1dc7988f2450,5d9ef8fa-9d26-5e45-87a1-4a45f17d0980,Tanpa Judul (Baroque),Baroque,wikiart_03308.jpg,,76.70,99.80,42000000,2024-10-25T16:04:16Z
b1840d13-06de-5807-93dd-9d43efe200b4,6fe7b986-2984-567c-a4cc-509a0769266a,Tanpa Judul (Romanticism),Romanticism,wikiart_04143.jpg,,49.20,63.90,23000000,2024-11-29T02:34:00Z
0c059e1f-e17d-5e1c-8a5e-b98244e37d69,3ecb7039-f69e-55cd-869d-c7d7cf0962f6,Tanpa Judul (Expressionism),Expressionism,wikiart_03413.jpg,,68.40,51.50,23000000,2025-11-28T04:04:52Z
9e03bff7-9fa0-59f1-b99d-13e491251de8,a531998d-b66d-5191-a7da-a567327512a7,Tanpa Judul (Realism),Realism,wikiart_05475.jpg,,81.80,59.20,160000000,2025-09-01T12:34:10Z
5296ba8a-c4d1-50f1-9e6e-714aa3fe0859,6fe7b986-2984-567c-a4cc-509a0769266a,Tanpa Judul (Romanticism),Romanticism,wikiart_04110.jpg,,67.30,88.90,26000000,2024-11-25T15:13:57Z
1f983416-70f1-59b1-b8be-0d02be975d4d,23ba78b5-421a-5447-b022-5a66fe8d084d,Tanpa Judul (Cubism),Cubism,wikiart_01128.jpg,,79.40,128.50,29000000,2025-03-05T15:33:01Z
5dccf46d-20f9-585e-8397-46117f1f3930,d9c76b21-7320-5d80-9265-153dfdbc0c20,Tanpa Judul (Impressionism),Impressionism,wikiart_02912.jpg,,29.10,34.40,3700000,2024-11-09T13:27:02Z
dd59e94b-e97a-5a68-bf30-8f3e28ab10ca,951be198-4893-5acc-9f1d-ab202e87291b,Tanpa Judul (Post Impressionism),Post_Impressionism,wikiart_05240.jpg,,50.50,24.90,60000000,2024-12-18T18:07:04Z
7b9d6db7-9d21-506b-b498-f0c915702b9b,51c4d53d-91bb-5b40-bf86-1f46a9aa18a6,Tanpa Judul (Impressionism),Impressionism,wikiart_03204.jpg,,88.30,107.70,400000000,2026-05-06T08:17:09Z
e97fd142-17e4-5d85-b3b3-0c2bc30c02c5,3dbb220d-08c5-5e68-b9e9-4282c0cc891f,Tanpa Judul (Northern Renaissance),Northern_Renaissance,wikiart_00669.jpg,,71.70,106.90,74000000,2025-12-29T10:03:50Z
aaf5b8fe-4e07-521f-8653-116371c21550,04432a0f-51e1-5293-a8dc-89755e574853,Tanpa Judul (Impressionism),Impressionism,wikiart_05415.jpg,,114.60,154.80,86000000,2024-12-13T07:45:47Z
cd29c342-8ee2-5d85-bb7f-3ade059e3da8,6fe7b986-2984-567c-a4cc-509a0769266a,Tanpa Judul (Romanticism),Romanticism,wikiart_03166.jpg,,108.90,86.30,24000000,2024-11-17T00:33:36Z
a0f4429d-151d-5935-a62b-82e3d34b9d39,dd4aa9b5-3247-5ea3-9589-db5aa169c4e0,Tanpa Judul (Post Impressionism),Post_Impressionism,wikiart_04519.jpg,,66.60,90.70,8300000,2024-11-09T11:39:25Z
ecc1925d-5e66-5cb1-9433-9856fad6a864,1d876d41-bc7a-55ee-91cf-65ffb2a4048b,Tanpa Judul (Impressionism),Impressionism,wikiart_04403.jpg,,54.90,86.80,91000000,2024-11-01T02:11:10Z
74b16442-c3f0-570c-9877-27f02fa09ee9,1d876d41-bc7a-55ee-91cf-65ffb2a4048b,Tanpa Judul (Impressionism),Impressionism,wikiart_03769.jpg,,42.90,53.70,33000000,2025-10-23T11:04:45Z
582750a4-54a3-5907-a5dc-923f2c2e65dd,a531998d-b66d-5191-a7da-a567327512a7,Tanpa Judul (Art Nouveau),Art_Nouveau,wikiart_01144.jpg,,50.80,65.70,120000000,2024-11-09T10:47:34Z
464b9503-e58e-524f-9f95-cfbb33a03a76,951be198-4893-5acc-9f1d-ab202e87291b,Tanpa Judul (Post Impressionism),Post_Impressionism,wikiart_01695.jpg,,52.00,43.00,85000000,2025-10-30T16:34:57Z
8d8c6d42-894a-5d83-a68b-c458ead32750,c868fe01-5c24-57bf-8ffb-fdc6d3ae09a2,Tanpa Judul (Naive Art Primitivism),Naive_Art_Primitivism,wikiart_02764.jpg,,48.80,65.30,6100000,2025-09-16T23:57:30Z
5e2c6d2b-5a98-50c4-ace4-7c8b213cd044,51c4d53d-91bb-5b40-bf86-1f46a9aa18a6,Tanpa Judul (Impressionism),Impressionism,wikiart_04785.jpg,,43.50,30.10,97000000,2026-01-11T12:23:48Z
fda62ab8-63d8-5386-acd3-7e0ad96e1e8b,3ecb7039-f69e-55cd-869d-c7d7cf0962f6,Tanpa Judul (Realism),Realism,wikiart_02482.jpg,,69.10,66.00,34000000,2024-10-29T00:28:17Z
47d040a6-37d6-59ed-8188-6b4cf74b567c,a6782ff2-13ef-5b2b-a432-7d121a6ae6c4,Tanpa Judul (Realism),Realism,wikiart_00895.jpg,,108.70,131.10,21000000,2024-10-26T18:06:33Z
f6273e43-c4d2-5f8f-b2cb-941302bf03b0,21a4ae7e-8f05-5294-9e2d-32d96779246e,Tanpa Judul (Realism),Realism,wikiart_03231.jpg,,83.20,102.60,10000000,2025-06-11T23:46:28Z
1fef09ac-2800-5df6-bb4b-93c0c3308a02,dd4aa9b5-3247-5ea3-9589-db5aa169c4e0,Tanpa Judul (Post Impressionism),Post_Impressionism,wikiart_01490.jpg,,53.60,69.00,5500000,2026-02-13T13:36:45Z
dcb4647d-25cd-58d8-afc6-3d329c207ed7,d9c76b21-7320-5d80-9265-153dfdbc0c20,Tanpa Judul (Impressionism),Impressionism,wikiart_01574.jpg,,85.60,118.40,15000000,2024-11-07T07:27:54Z
22761eb7-7f50-5457-ae4f-c48492971d39,1d876d41-bc7a-55ee-91cf-65ffb2a4048b,Tanpa Judul (Impressionism),Impressionism,wikiart_01373.jpg,,67.70,83.20,72000000,2025-04-21T07:08:34Z
df002552-8f03-5997-b452-e24a915621dd,c868fe01-5c24-57bf-8ffb-fdc6d3ae09a2,Tanpa Judul (Naive Art Primitivism),Naive_Art_Primitivism,wikiart_03806.jpg,,59.20,77.20,9700000,2024-10-04T04:02:26Z
8dd8088d-60dd-5a25-a9d7-9262d69b1479,04432a0f-51e1-5293-a8dc-89755e574853,Tanpa Judul (Impressionism),Impressionism,wikiart_02796.jpg,,57.90,78.90,33000000,2024-10-26T08:52:49Z
4d35efc8-df97-5980-8433-d2c6fea9a338,6fe7b986-2984-567c-a4cc-509a0769266a,Tanpa Judul (Romanticism),Romanticism,wikiart_03892.jpg,,55.90,74.10,16000000,2024-10-20T17:03:46Z
f1972e07-b50b-56ff-a8e7-22af84557016,51c4d53d-91bb-5b40-bf86-1f46a9aa18a6,Tanpa Judul (Impressionism),Impressionism,wikiart_04639.jpg,,75.40,53.10,330000000,2024-10-12T23:22:54Z
4b7af255-7c01-509f-a969-e51824e83480,5a27ac9a-1e04-52e2-8392-12edbe43c594,Tanpa Judul (Impressionism),Impressionism,wikiart_00241.jpg,,63.00,41.80,6600000,2024-11-09T07:08:42Z
05c6e0a2-ae2c-5e04-86ba-7dbcf29ed520,1d25dbba-d1e1-5b79-bb67-3d22aced6cb8,Tanpa Judul (Realism),Realism,wikiart_02436.jpg,,46.50,30.00,3500000,2025-03-23T19:35:12Z
c8ee6dab-7d4f-5d8c-8ac5-8844fe24b125,c868fe01-5c24-57bf-8ffb-fdc6d3ae09a2,Tanpa Judul (Naive Art Primitivism),Naive_Art_Primitivism,wikiart_04613.jpg,,45.70,57.60,8300000,2025-10-14T06:09:39Z
040e6119-8c85-5413-b860-8014d56b2d45,1d876d41-bc7a-55ee-91cf-65ffb2a4048b,Tanpa Judul (Impressionism),Impressionism,wikiart_00929.jpg,,66.80,54.00,68000000,2024-10-24T17:21:46Z
4b3d5c7e-72ae-5a85-85ef-2ba72ee13f63,a531998d-b66d-5191-a7da-a567327512a7,Tanpa Judul (Symbolism),Symbolism,wikiart_03905.jpg,,69.70,40.50,87000000,2024-10-18T22:16:37Z
ceacacf1-25dd-5424-948b-26b2957f82e2,c868fe01-5c24-57bf-8ffb-fdc6d3ae09a2,Tanpa Judul (Naive Art Primitivism),Naive_Art_Primitivism,wikiart_04175.jpg,,53.80,71.70,9500000,2024-11-25T04:45:47Z
6793ee71-9654-533e-bbf9-85f2a9a3fe7d,5efed142-8369-554d-9ba2-c2f081036319,Tanpa Judul (Realism),Realism,wikiart_04142.jpg,,40.40,59.10,32000000,2025-07-22T22:31:47Z
da14aaec-7a1b-557f-89ce-b7754787304f,3dbb220d-08c5-5e68-b9e9-4282c0cc891f,Tanpa Judul (Northern Renaissance),Northern_Renaissance,wikiart_00487.jpg,,93.00,127.70,76000000,2024-11-06T20:37:42Z
d9485a40-ad4f-54c8-9cf6-e5fc915283b1,51c4d53d-91bb-5b40-bf86-1f46a9aa18a6,Tanpa Judul (Impressionism),Impressionism,wikiart_04790.jpg,,86.30,68.90,310000000,2024-10-24T01:07:10Z
9177f312-8532-5dae-8f64-3ed6763156cd,951be198-4893-5acc-9f1d-ab202e87291b,Tanpa Judul (Realism),Realism,wikiart_00953.jpg,,29.90,50.00,67000000,2025-12-18T23:47:39Z
6c3e2ba9-2434-52f3-89a3-27056d094500,dad52c43-2eab-5272-a61d-dca032e6b1db,Tanpa Judul (Art Nouveau),Art_Nouveau,wikiart_03817.jpg,,95.90,173.70,6700000,2024-10-08T18:49:42Z
fa260ab8-fe45-5827-a004-9aa106dba12c,a6782ff2-13ef-5b2b-a432-7d121a6ae6c4,Tanpa Judul (Expressionism),Expressionism,wikiart_04920.jpg,,55.80,71.80,9200000,2024-10-05T21:34:50Z
e9a268d3-6c17-55da-89c5-edb619db9275,dd4aa9b5-3247-5ea3-9589-db5aa169c4e0,Tanpa Judul (Post Impressionism),Post_Impressionism,wikiart_02777.jpg,,64.10,51.60,6000000,2024-11-29T14:56:36Z
29f33f4f-ee68-53ff-b9b3-7796ec7dd0d5,dbc6f383-447d-5f26-a2f4-86753b3c416a,Tanpa Judul (Realism),Realism,wikiart_01756.jpg,,89.40,129.60,49000000,2024-10-01T12:47:33Z
eb169a3a-e563-5482-af1a-cb866ddc075e,64668e48-371b-5ffb-8837-9c4fd033feec,Tanpa Judul (Romanticism),Romanticism,wikiart_01875.jpg,,107.00,65.80,8200000,2024-11-12T11:48:01Z
5cc5553c-d651-5fa7-b34b-d00a3092e337,3e92a01c-1f80-5c38-9903-fe409c3d5d61,Tanpa Judul (Impressionism),Impressionism,wikiart_05166.jpg,,85.20,66.70,45000000,2026-07-10T14:03:02Z
9b9667a7-a729-5084-8a36-3220f89789c9,3dbb220d-08c5-5e68-b9e9-4282c0cc891f,Tanpa Judul (Northern Renaissance),Northern_Renaissance,wikiart_04643.jpg,,65.30,44.80,33000000,2024-11-03T03:40:24Z
af61ac87-32c4-5efd-8511-35b77930f211,7cf14239-60d5-5ff0-9270-0d2dd0d62e05,Tanpa Judul (Realism),Realism,wikiart_04181.jpg,,37.10,22.20,4600000,2025-05-08T09:41:54Z
4cd50ac0-ad33-561c-9f10-f1df25cb8915,d9c76b21-7320-5d80-9265-153dfdbc0c20,Tanpa Judul (Impressionism),Impressionism,wikiart_03399.jpg,,29.50,37.80,3900000,2026-03-23T20:07:19Z
9cd17ea9-7fbd-5e6c-877b-d5b40c2f4505,1d25dbba-d1e1-5b79-bb67-3d22aced6cb8,Tanpa Judul (Realism),Realism,wikiart_04939.jpg,,81.60,51.10,11000000,2024-10-28T14:51:09Z
0d3635aa-834e-5c0c-8e5f-7acff31c2bde,951be198-4893-5acc-9f1d-ab202e87291b,Tanpa Judul (Post Impressionism),Post_Impressionism,wikiart_00415.jpg,,96.00,163.70,240000000,2024-11-06T20:55:26Z
f6ba5b7a-6963-5c07-92cb-dc3eac372660,51c4d53d-91bb-5b40-bf86-1f46a9aa18a6,Tanpa Judul (Impressionism),Impressionism,wikiart_04879.jpg,,45.10,26.70,98000000,2024-11-13T00:09:35Z
1174d39b-ea18-5f36-91cb-ac5aa5c28c7d,3ecb7039-f69e-55cd-869d-c7d7cf0962f6,Tanpa Judul (Cubism),Cubism,wikiart_04725.jpg,,54.60,71.60,23000000,2025-12-29T06:31:33Z
8cb05ef6-4cf2-5ee6-9061-2889d32eed8b,51c4d53d-91bb-5b40-bf86-1f46a9aa18a6,Tanpa Judul (Impressionism),Impressionism,wikiart_05393.jpg,,49.40,39.00,150000000,2024-11-23T13:43:13Z
ca90b706-44e3-5ed9-a6ac-d7d3cadaa43b,951be198-4893-5acc-9f1d-ab202e87291b,Tanpa Judul (Realism),Realism,wikiart_00048.jpg,,48.90,92.20,60000000,2025-05-25T06:23:50Z
c671256e-c8a6-5923-b828-b5c3a326ee52,951be198-4893-5acc-9f1d-ab202e87291b,Tanpa Judul (Post Impressionism),Post_Impressionism,wikiart_04476.jpg,,87.40,49.10,250000000,2026-01-06T16:12:24Z
c4962a1a-d35d-54ca-b9ab-c03b777dd43b,a531998d-b66d-5191-a7da-a567327512a7,Tanpa Judul (Symbolism),Symbolism,wikiart_00083.jpg,,64.80,42.50,120000000,2025-10-17T04:29:13Z
da1e02a9-b5b0-5dd8-b213-4302c25d95f9,51c4d53d-91bb-5b40-bf86-1f46a9aa18a6,Tanpa Judul (Impressionism),Impressionism,wikiart_00413.jpg,,55.40,41.30,170000000,2024-11-26T13:48:46Z
30edbcab-0b17-5fcb-84ac-252f02cf1541,51c4d53d-91bb-5b40-bf86-1f46a9aa18a6,Tanpa Judul (Impressionism),Impressionism,wikiart_02398.jpg,,152.10,135.50,420000000,2024-10-06T23:18:05Z
1d1dfe5c-865d-56c9-9298-86fbf19a0ada,951be198-4893-5acc-9f1d-ab202e87291b,Tanpa Judul (Post Impressionism),Post_Impressionism,wikiart_04219.jpg,,36.30,29.40,89000000,2026-04-02T14:05:20Z
5a6044d0-261a-5b72-8140-1f2e6d8b6450,3e92a01c-1f80-5c38-9903-fe409c3d5d61,Tanpa Judul (Impressionism),Impressionism,wikiart_02737.jpg,,72.70,66.10,96000000,2026-08-02T01:01:15Z
ef92a7cb-55a9-57c7-8c92-82a445933250,a6782ff2-13ef-5b2b-a432-7d121a6ae6c4,Tanpa Judul (Symbolism),Symbolism,wikiart_04401.jpg,,41.60,28.60,3600000,2026-03-08T17:37:08Z
1dca383c-06ac-5402-8ae4-e5aa6152a86b,a531998d-b66d-5191-a7da-a567327512a7,Tanpa Judul (Symbolism),Symbolism,wikiart_00196.jpg,,56.80,37.00,120000000,2025-03-27T23:23:05Z
ffa4a5be-4f10-5dd1-aabb-6d29555b687b,a6782ff2-13ef-5b2b-a432-7d121a6ae6c4,Tanpa Judul (Expressionism),Expressionism,wikiart_02845.jpg,,63.20,88.10,11000000,2025-08-09T23:49:17Z
64e3b2d1-205b-5b2e-b34f-22878e0d719b,dd4aa9b5-3247-5ea3-9589-db5aa169c4e0,Tanpa Judul (Impressionism),Impressionism,wikiart_01926.jpg,,80.60,99.30,6600000,2025-07-09T06:04:48Z
5fae20d8-5b13-5024-8df0-e808532d99ce,951be198-4893-5acc-9f1d-ab202e87291b,Tanpa Judul (Realism),Realism,wikiart_04899.jpg,,54.80,82.50,100000000,2024-10-27T01:01:15Z
36609883-cb9f-597c-85ca-3c6a4930ca5d,5a27ac9a-1e04-52e2-8392-12edbe43c594,Tanpa Judul (Realism),Realism,wikiart_01473.jpg,,52.80,79.90,3200000,2024-11-14T08:13:43Z
50035c64-ecce-52dd-b6d6-305768527978,21a4ae7e-8f05-5294-9e2d-32d96779246e,Tanpa Judul (Realism),Realism,wikiart_01355.jpg,,54.40,30.90,5400000,2025-06-09T05:29:44Z
4f8e72ce-0c1c-5af6-a3ba-74f193cb58ae,7cf14239-60d5-5ff0-9270-0d2dd0d62e05,Tanpa Judul (Realism),Realism,wikiart_00784.jpg,,41.10,50.40,5000000,2024-10-03T20:27:43Z
ad125fa1-29b2-52fe-b8e0-9e56468c2476,a6782ff2-13ef-5b2b-a432-7d121a6ae6c4,Tanpa Judul (Post Impressionism),Post_Impressionism,wikiart_01263.jpg,,74.90,53.50,13000000,2026-06-08T20:36:23Z
5cb45ebb-f6bc-5cb6-afd8-f358e94cfcd6,a6782ff2-13ef-5b2b-a432-7d121a6ae6c4,Tanpa Judul (Expressionism),Expressionism,wikiart_02882.jpg,,66.20,89.20,9000000,2024-11-17T16:13:36Z
9355acca-4cee-558b-9f91-83b6cb28e87a,dbc6f383-447d-5f26-a2f4-86753b3c416a,Tanpa Judul (Realism),Realism,wikiart_01083.jpg,,69.90,57.10,13000000,2025-09-30T04:36:47Z
1a07fd85-1380-505c-aa19-8573f4bfa9d8,64668e48-371b-5ffb-8837-9c4fd033feec,Tanpa Judul (Romanticism),Romanticism,wikiart_02540.jpg,,58.60,73.00,12000000,2024-11-15T15:44:14Z
fb710a8c-8fec-5731-92b0-cb66016f9c31,3e92a01c-1f80-5c38-9903-fe409c3d5d61,Tanpa Judul (Impressionism),Impressionism,wikiart_05252.jpg,,56.10,25.30,21000000,2024-10-06T20:47:36Z
279da85a-f5f2-5689-9812-7939fa512122,3ecb7039-f69e-55cd-869d-c7d7cf0962f6,Tanpa Judul (Post Impressionism),Post_Impressionism,wikiart_02754.jpg,,90.50,101.80,58000000,2025-02-01T02:50:24Z
379b6d39-9679-5670-8941-9752fe5e8611,23ba78b5-421a-5447-b022-5a66fe8d084d,Tanpa Judul (Post Impressionism),Post_Impressionism,wikiart_01284.jpg,,85.80,119.30,23000000,2025-12-24T10:32:51Z
7a175f05-30d2-5f97-87d5-fb3f2d8f8829,23ba78b5-421a-5447-b022-5a66fe8d084d,Tanpa Judul (Cubism),Cubism,wikiart_04490.jpg,,98.40,138.20,24000000,2026-04-04T18:33:01Z
a3b03d91-6cbf-591d-b6ea-c1c8fa15b2c4,51c4d53d-91bb-5b40-bf86-1f46a9aa18a6,Tanpa Judul (Impressionism),Impressionism,wikiart_04824.jpg,,68.40,48.30,130000000,2026-06-14T09:55:51Z
cfb0ea08-99b8-5feb-a0bf-cf463d6611a8,dd4aa9b5-3247-5ea3-9589-db5aa169c4e0,Tanpa Judul (Impressionism),Impressionism,wikiart_02241.jpg,,96.30,63.40,7500000,2025-05-20T15:52:14Z
8306d6cb-7fc8-506d-b94c-017043264faf,5d9ef8fa-9d26-5e45-87a1-4a45f17d0980,Tanpa Judul (Baroque),Baroque,wikiart_00494.jpg,,51.90,20.70,11000000,2024-10-21T00:04:01Z
789d1adc-85ac-5935-995f-c2d4f25a1b7f,a6782ff2-13ef-5b2b-a432-7d121a6ae6c4,Tanpa Judul (Post Impressionism),Post_Impressionism,wikiart_00223.jpg,,55.90,47.30,12000000,2025-12-16T23:28:48Z
4a97135a-d679-56ad-9e1e-03f8b6e54632,6fe7b986-2984-567c-a4cc-509a0769266a,Tanpa Judul (Romanticism),Romanticism,wikiart_04750.jpg,,91.20,123.90,43000000,2024-11-27T05:40:50Z
f79f5ae0-7063-5a2c-acf6-2e3ed7e29eec,21a4ae7e-8f05-5294-9e2d-32d96779246e,Tanpa Judul (Realism),Realism,wikiart_01199.jpg,,80.60,66.50,6400000,2026-04-21T17:03:25Z
c5aaf191-1bd1-519f-9530-5f0b978586b7,04432a0f-51e1-5293-a8dc-89755e574853,Tanpa Judul (Impressionism),Impressionism,wikiart_05646.jpg,,54.20,42.10,24000000,2024-11-06T11:37:47Z
0b4de676-db54-5228-92b4-7ba57e464579,04432a0f-51e1-5293-a8dc-89755e574853,Tanpa Judul (Impressionism),Impressionism,wikiart_05037.jpg,,41.60,34.20,35000000,2026-04-16T02:33:50Z
579f6271-3f17-54ec-9c6a-f1ae2e2a20fb,51c4d53d-91bb-5b40-bf86-1f46a9aa18a6,Tanpa Judul (Impressionism),Impressionism,wikiart_05223.jpg,,55.90,53.70,98000000,2026-09-04T09:29:02Z
9c2716e1-faaa-5de2-b7f9-0af1248fb34d,5a27ac9a-1e04-52e2-8392-12edbe43c594,Tanpa Judul (Realism),Realism,wikiart_02503.jpg,,47.20,31.40,2100000,2025-11-29T23:10:58Z
d36ffb52-edea-55df-ad44-d8fe65c44e01,23ba78b5-421a-5447-b022-5a66fe8d084d,Tanpa Judul (Post Impressionism),Post_Impressionism,wikiart_03528.jpg,,109.70,76.00,14000000,2024-11-25T21:58:41Z
231b14d2-2e75-5193-9c40-949b484944ca,c868fe01-5c24-57bf-8ffb-fdc6d3ae09a2,Tanpa Judul (Naive Art Primitivism),Naive_Art_Primitivism,wikiart_05296.jpg,,78.30,100.30,17000000,2026-01-10T15:45:20Z
1d9c0d6c-f8a6-511f-aa0e-d7f601785516,dad52c43-2eab-5272-a61d-dca032e6b1db,Tanpa Judul (Art Nouveau),Art_Nouveau,wikiart_00310.jpg,,45.90,83.20,4300000,2025-02-10T03:04:31Z
55ed7fc0-9af1-5bf8-9529-9745f6dd44e1,04432a0f-51e1-5293-a8dc-89755e574853,Tanpa Judul (Impressionism),Impressionism,wikiart_03864.jpg,,41.60,30.70,21000000,2026-05-05T02:19:44Z
676faeb2-a883-5e8b-ab8b-6d3c65ecaaa1,6fe7b986-2984-567c-a4cc-509a0769266a,Tanpa Judul (Romanticism),Romanticism,wikiart_00154.jpg,,45.70,56.70,14000000,2026-02-17T07:39:12Z
ded10c02-e3db-542d-8ff2-e0ab8c159069,5d9ef8fa-9d26-5e45-87a1-4a45f17d0980,Tanpa Judul (Baroque),Baroque,wikiart_00351.jpg,,49.30,60.50,34000000,2026-09-11T23:05:34Z
23ea0dae-4fbd-5acb-9348-85f82d700f5b,a531998d-b66d-5191-a7da-a567327512a7,Tanpa Judul (Symbolism),Symbolism,wikiart_01442.jpg,,56.60,36.10,98000000,2025-03-26T23:24:04Z
d4105058-d3be-5c54-9b46-432e01dba923,951be198-4893-5acc-9f1d-ab202e87291b,Tanpa Judul (Realism),Realism,wikiart_02244.jpg,,88.60,65.50,200000000,2025-05-31T04:22:26Z
c7d02806-7ba6-5d64-8e04-efee892cd534,51c4d53d-91bb-5b40-bf86-1f46a9aa18a6,Tanpa Judul (Impressionism),Impressionism,wikiart_04231.jpg,,42.80,34.00,110000000,2026-05-21T05:22:30Z
4e4337d2-a610-541e-acb1-d59ac57773e2,3dbb220d-08c5-5e68-b9e9-4282c0cc891f,Tanpa Judul (Northern Renaissance),Northern_Renaissance,wikiart_02878.jpg,,133.70,171.20,96000000,2024-11-15T17:17:51Z
f71a926d-26eb-584a-bbae-44fc5362f90c,5efed142-8369-554d-9ba2-c2f081036319,Tanpa Judul (Realism),Realism,wikiart_04472.jpg,,43.10,66.80,23000000,2026-01-04T08:04:09Z
78490a31-c039-51ec-bcbf-77e13fb4b864,5efed142-8369-554d-9ba2-c2f081036319,Tanpa Judul (Realism),Realism,wikiart_02186.jpg,,36.60,65.40,11000000,2025-10-25T06:59:09Z
f9db750f-761f-529a-a61c-d54e318abd49,3e92a01c-1f80-5c38-9903-fe409c3d5d61,Tanpa Judul (Impressionism),Impressionism,wikiart_02427.jpg,,108.30,74.20,77000000,2024-11-03T00:41:08Z
4e57e2e6-1063-54ff-b475-d6906f654849,1d876d41-bc7a-55ee-91cf-65ffb2a4048b,Tanpa Judul (Impressionism),Impressionism,wikiart_03084.jpg,,95.30,235.00,270000000,2024-11-29T17:32:36Z
7c89a757-41fa-547b-8d1c-b4eb9f31fa15,a531998d-b66d-5191-a7da-a567327512a7,Tanpa Judul (Art Nouveau),Art_Nouveau,wikiart_04114.jpg,,56.30,37.50,98000000,2024-10-30T09:49:09Z
336d9ad1-9254-5a7d-b191-b832c7d58de1,dd4aa9b5-3247-5ea3-9589-db5aa169c4e0,Tanpa Judul (Post Impressionism),Post_Impressionism,wikiart_00912.jpg,,68.60,52.80,6100000,2024-10-12T05:29:13Z
64de7a06-8f63-5e8e-b4c7-532b0a72e424,dd4aa9b5-3247-5ea3-9589-db5aa169c4e0,Tanpa Judul (Post Impressionism),Post_Impressionism,wikiart_00704.jpg,,69.20,56.60,6000000,2026-03-27T22:53:21Z
c7746932-c343-5c90-9282-b6c651203e4c,1d876d41-bc7a-55ee-91cf-65ffb2a4048b,Tanpa Judul (Impressionism),Impressionism,wikiart_00022.jpg,,62.90,44.80,80000000,2026-03-17T15:34:39Z
2e6f1df8-2489-5932-869f-e8b89ef3c907,951be198-4893-5acc-9f1d-ab202e87291b,Tanpa Judul (Post Impressionism),Post_Impressionism,wikiart_03589.jpg,,38.10,32.10,120000000,2026-01-16T07:36:57Z
96983239-5720-5a15-9a07-e1c72064a44a,951be198-4893-5acc-9f1d-ab202e87291b,Tanpa Judul (Realism),Realism,wikiart_00580.jpg,,25.20,31.80,50000000,2025-07-25T17:15:50Z
82e8911d-d624-51bb-98f4-c051c75548cf,6fe7b986-2984-567c-a4cc-509a0769266a,Tanpa Judul (Romanticism),Romanticism,wikiart_04893.jpg,,44.60,62.50,14000000,2024-10-21T14:08:21Z
f5b3953f-5202-5516-8e6b-b6bcbd89f6d2,1d25dbba-d1e1-5b79-bb67-3d22aced6cb8,Tanpa Judul (Realism),Realism,wikiart_05483.jpg,,113.30,170.80,11000000,2026-05-06T21:23:56Z
e7cacdca-6790-574f-bc9f-e92f3fce50cc,dbc6f383-447d-5f26-a2f4-86753b3c416a,Tanpa Judul (Art Nouveau),Art_Nouveau,wikiart_00169.jpg,,114.90,116.40,39000000,2024-12-31T09:20:21Z
1f26c708-fc57-592d-a841-b891c55231bd,04432a0f-51e1-5293-a8dc-89755e574853,Tanpa Judul (Impressionism),Impressionism,wikiart_03945.jpg,,54.70,70.30,40000000,2025-04-23T03:10:47Z
d20602a1-593a-5a7a-b586-67e84b22da0e,c868fe01-5c24-57bf-8ffb-fdc6d3ae09a2,Tanpa Judul (Cubism),Cubism,wikiart_01881.jpg,,42.90,42.30,17000000,2024-10-31T17:37:51Z
63e9b860-7740-507a-97c7-d8a02397b8aa,5d9ef8fa-9d26-5e45-87a1-4a45f17d0980,Tanpa Judul (Baroque),Baroque,wikiart_00055.jpg,,66.10,80.20,30000000,2024-10-20T09:45:35Z
c8a20df2-fe6e-53bb-8e5e-6e4074ee8b5c,c868fe01-5c24-57bf-8ffb-fdc6d3ae09a2,Tanpa Judul (Naive Art Primitivism),Naive_Art_Primitivism,wikiart_02160.jpg,,70.00,96.50,22000000,2025-04-04T11:40:04Z
9ee5532a-4517-5110-ae74-b2a3048fea09,dd4aa9b5-3247-5ea3-9589-db5aa169c4e0,Tanpa Judul (Impressionism),Impressionism,wikiart_05595.jpg,,74.00,60.30,5600000,2026-09-08T15:22:09Z
44f3c71e-e99b-5abc-930e-aea7dc16bcaf,7cf14239-60d5-5ff0-9270-0d2dd0d62e05,Tanpa Judul (Symbolism),Symbolism,wikiart_03095.jpg,,24.80,33.50,2500000,2024-10-01T05:44:10Z
3c8371de-937c-596d-930e-d4e201246a06,1d876d41-bc7a-55ee-91cf-65ffb2a4048b,Tanpa Judul (Impressionism),Impressionism,wikiart_05228.jpg,,181.20,130.10,180000000,2025-01-25T19:43:33Z
6c8c527c-11f1-5cf9-ae90-93894e3c2ccc,1d25dbba-d1e1-5b79-bb67-3d22aced6cb8,Tanpa Judul (Realism),Realism,wikiart_03144.jpg,,89.20,62.00,12000000,2024-10-07T15:23:39Z
3ac96cbc-d881-5de7-a7e5-ad893a97b46f,3ecb7039-f69e-55cd-869d-c7d7cf0962f6,Tanpa Judul (Realism),Realism,wikiart_00486.jpg,,56.00,39.40,12000000,2024-10-14T03:33:54Z
0555b637-9674-5797-ba98-bfdd601947de,a531998d-b66d-5191-a7da-a567327512a7,Tanpa Judul (Symbolism),Symbolism,wikiart_04554.jpg,,46.70,30.50,69000000,2024-10-12T10:03:23Z
c49ebb8c-5786-54e1-8e59-3612aab1a10d,a6782ff2-13ef-5b2b-a432-7d121a6ae6c4,Tanpa Judul (Symbolism),Symbolism,wikiart_05355.jpg,,84.80,88.60,7100000,2026-04-03T08:19:54Z
fc3afbca-4eb7-5223-a2d3-8686bf61f8cc,5a27ac9a-1e04-52e2-8392-12edbe43c594,Tanpa Judul (Realism),Realism,wikiart_03348.jpg,,71.40,55.50,4200000,2026-09-10T16:18:06Z
5947fe96-e952-5a58-b051-738ecd098bce,5a27ac9a-1e04-52e2-8392-12edbe43c594,Tanpa Judul (Impressionism),Impressionism,wikiart_03007.jpg,,62.00,45.20,6500000,2024-10-13T05:55:53Z
224ba711-c5ff-581d-be53-1872a1df84ca,c868fe01-5c24-57bf-8ffb-fdc6d3ae09a2,Tanpa Judul (Expressionism),Expressionism,wikiart_00091.jpg,,70.40,52.80,15000000,2025-12-25T09:09:00Z
584073cb-1976-58f5-9462-9b3376d5710d,951be198-4893-5acc-9f1d-ab202e87291b,Tanpa Judul (Realism),Realism,wikiart_05400.jpg,,57.70,35.70,81000000,2024-12-24T14:00:30Z
8dbd1033-7378-5998-968e-d367599dea3e,3e92a01c-1f80-5c38-9903-fe409c3d5d61,Tanpa Judul (Impressionism),Impressionism,wikiart_03844.jpg,,69.10,88.00,71000000,2026-07-24T20:00:31Z
2b607c08-6173-58bf-93b1-82e045e32b31,5d9ef8fa-9d26-5e45-87a1-4a45f17d0980,Tanpa Judul (Baroque),Baroque,wikiart_00286.jpg,,77.40,95.10,35000000,2026-08-11T23:14:23Z
36e87f46-5152-5f46-af3f-85edfdeabd57,951be198-4893-5acc-9f1d-ab202e87291b,Tanpa Judul (Realism),Realism,wikiart_03847.jpg,,67.70,112.80,210000000,2024-10-06T17:12:22Z
80eee172-1244-5579-977f-d31cc8503005,3dbb220d-08c5-5e68-b9e9-4282c0cc891f,Tanpa Judul (Northern Renaissance),Northern_Renaissance,wikiart_00934.jpg,,66.40,85.30,61000000,2026-05-25T17:51:29Z
eeb6370f-4fcf-5efe-a762-df55feb21681,3dbb220d-08c5-5e68-b9e9-4282c0cc891f,Tanpa Judul (Northern Renaissance),Northern_Renaissance,wikiart_04664.jpg,,97.70,126.90,80000000,2024-10-08T09:31:00Z
7c71fac6-83ab-58ca-9348-eed92f919ec3,5a27ac9a-1e04-52e2-8392-12edbe43c594,Tanpa Judul (Impressionism),Impressionism,wikiart_02045.jpg,,34.30,24.40,3500000,2024-12-13T01:19:41Z
ed8c1262-de24-5c43-a6c1-52d5978e6fa4,3ecb7039-f69e-55cd-869d-c7d7cf0962f6,Tanpa Judul (Realism),Realism,wikiart_02759.jpg,,45.40,31.50,20000000,2025-12-13T05:05:55Z
78d27a40-d02c-5402-9e20-07a4c74234a5,21a4ae7e-8f05-5294-9e2d-32d96779246e,Tanpa Judul (Realism),Realism,wikiart_05234.jpg,,60.60,40.50,4100000,2024-10-28T21:04:32Z
07919959-97f4-55d4-884c-0857f52b9de6,dd4aa9b5-3247-5ea3-9589-db5aa169c4e0,Tanpa Judul (Impressionism),Impressionism,wikiart_03672.jpg,,46.50,56.50,5300000,2025-05-12T23:37:29Z
649ba31a-8d3f-5cf2-9df8-75c841349b0b,951be198-4893-5acc-9f1d-ab202e87291b,Tanpa Judul (Post Impressionism),Post_Impressionism,wikiart_01133.jpg,,52.20,69.70,160000000,2024-10-01T19:54:15Z
0bc9d34a-7f95-5dee-beb4-55f3af9b97c9,c868fe01-5c24-57bf-8ffb-fdc6d3ae09a2,Tanpa Judul (Naive Art Primitivism),Naive_Art_Primitivism,wikiart_03958.jpg,,94.20,131.80,15000000,2026-09-11T03:03:39Z
3d3e0baa-1544-576f-a83e-c52afb45c61a,51c4d53d-91bb-5b40-bf86-1f46a9aa18a6,Tanpa Judul (Impressionism),Impressionism,wikiart_00535.jpg,,57.00,87.60,180000000,2024-11-06T00:40:10Z
29037566-e09d-583a-953e-877456082018,21a4ae7e-8f05-5294-9e2d-32d96779246e,Tanpa Judul (Realism),Realism,wikiart_03268.jpg,,31.60,26.00,2400000,2024-11-28T18:59:23Z
9d724b79-1052-5cf1-9034-4f1b66c74122,dad52c43-2eab-5272-a61d-dca032e6b1db,Tanpa Judul (Art Nouveau),Art_Nouveau,wikiart_01655.jpg,,51.70,78.80,5700000,2026-03-03T01:39:21Z
e678e3de-5c7d-5a1b-871b-b4219d3b6fce,c868fe01-5c24-57bf-8ffb-fdc6d3ae09a2,Tanpa Judul (Cubism),Cubism,wikiart_02513.jpg,,61.20,84.50,36000000,2025-12-14T09:18:57Z
2eb30561-3754-5f6d-b9aa-9b662477ad24,a6782ff2-13ef-5b2b-a432-7d121a6ae6c4,Tanpa Judul (Expressionism),Expressionism,wikiart_04047.jpg,,60.80,45.50,5600000,2025-05-08T13:03:44Z
70d619fc-d87f-5c3d-8c83-78e9b306b768,d9c76b21-7320-5d80-9265-153dfdbc0c20,Tanpa Judul (Impressionism),Impressionism,wikiart_01746.jpg,,72.90,90.80,13000000,2024-11-08T11:36:42Z
e422fc84-013c-5ddf-8969-7f520e361b86,dbc6f383-447d-5f26-a2f4-86753b3c416a,Tanpa Judul (Realism),Realism,wikiart_01565.jpg,,70.80,45.30,13000000,2026-05-25T11:49:15Z
66014a7c-577b-5597-9ef2-626c2e128d3d,3ecb7039-f69e-55cd-869d-c7d7cf0962f6,Tanpa Judul (Post Impressionism),Post_Impressionism,wikiart_03149.jpg,,57.20,41.60,16000000,2025-09-17T09:57:53Z
34f160b0-2ebd-5b4b-abbf-d9e60acd2b35,51c4d53d-91bb-5b40-bf86-1f46a9aa18a6,Tanpa Judul (Impressionism),Impressionism,wikiart_04982.jpg,,39.50,27.10,120000000,2026-02-01T21:19:52Z
43bae604-b9a5-5f3d-a501-6acd6cae33d1,c868fe01-5c24-57bf-8ffb-fdc6d3ae09a2,Tanpa Judul (Naive Art Primitivism),Naive_Art_Primitivism,wikiart_01813.jpg,,51.40,77.00,9300000,2024-11-01T11:57:19Z
7f1d56d6-c3e5-5bcd-b2c0-63a7b2514d5c,64668e48-371b-5ffb-8837-9c4fd033feec,Tanpa Judul (Romanticism),Romanticism,wikiart_05134.jpg,,48.20,33.40,7100000,2024-10-13T21:13:12Z
0903f3b0-4c71-5fa0-9040-41ffd3987102,51c4d53d-91bb-5b40-bf86-1f46a9aa18a6,Tanpa Judul (Impressionism),Impressionism,wikiart_01131.jpg,,54.30,79.80,250000000,2026-06-17T18:33:14Z
96f82e9e-5131-5e09-b745-eb89c74d6e5a,23ba78b5-421a-5447-b022-5a66fe8d084d,Tanpa Judul (Cubism),Cubism,wikiart_04480.jpg,,76.40,119.80,16000000,2024-11-14T20:38:40Z
3018542b-12b2-507c-87c4-418e19bce83e,d9c76b21-7320-5d80-9265-153dfdbc0c20,Tanpa Judul (Impressionism),Impressionism,wikiart_05141.jpg,,69.10,75.80,10000000,2024-11-20T21:19:30Z
161ee945-c7e7-5ca5-bcad-9b5041878967,5a27ac9a-1e04-52e2-8392-12edbe43c594,Tanpa Judul (Impressionism),Impressionism,wikiart_04819.jpg,,80.10,106.10,18000000,2024-11-29T13:02:57Z
f28f1fa4-a714-55f7-a422-42ecc6713090,23ba78b5-421a-5447-b022-5a66fe8d084d,Tanpa Judul (Naive Art Primitivism),Naive_Art_Primitivism,wikiart_04944.jpg,,52.50,42.00,4200000,2025-05-23T09:37:29Z
7105dc90-410d-578c-9a66-c37efe4488e1,5a27ac9a-1e04-52e2-8392-12edbe43c594,Tanpa Judul (Impressionism),Impressionism,wikiart_05486.jpg,,101.70,76.20,10000000,2026-01-24T21:28:51Z
3ca802bc-0598-5b03-813b-fbec22afedec,d9c76b21-7320-5d80-9265-153dfdbc0c20,Tanpa Judul (Impressionism),Impressionism,wikiart_00400.jpg,,75.90,146.20,27000000,2026-08-05T01:14:08Z
a3af653b-7e1b-5fcd-b3ed-454c98ca654b,23ba78b5-421a-5447-b022-5a66fe8d084d,Tanpa Judul (Cubism),Cubism,wikiart_05608.jpg,,62.40,46.70,8500000,2024-11-24T07:19:31Z
aa4bdcd6-dacb-5f5e-9a49-418f64919e0e,d9c76b21-7320-5d80-9265-153dfdbc0c20,Tanpa Judul (Impressionism),Impressionism,wikiart_02178.jpg,,74.10,97.20,13000000,2025-07-30T23:14:18Z
78b55504-02fa-5565-a13c-1fc15521d80e,3dbb220d-08c5-5e68-b9e9-4282c0cc891f,Tanpa Judul (Northern Renaissance),Northern_Renaissance,wikiart_04100.jpg,,47.40,56.40,23000000,2025-10-28T00:28:45Z
0bdb5508-70ee-5f25-b0ea-5d086b31d10e,1d876d41-bc7a-55ee-91cf-65ffb2a4048b,Tanpa Judul (Impressionism),Impressionism,wikiart_01637.jpg,,28.70,37.50,19000000,2025-02-01T23:46:26Z
6142454f-f8dc-59f1-9040-2787e2d5662f,951be198-4893-5acc-9f1d-ab202e87291b,Tanpa Judul (Post Impressionism),Post_Impressionism,wikiart_03338.jpg,,48.50,36.20,82000000,2024-11-15T11:30:49Z
5c9d6cf6-8571-5fc0-8fb4-3a270d5d190a,951be198-4893-5acc-9f1d-ab202e87291b,Tanpa Judul (Post Impressionism),Post_Impressionism,wikiart_00839.jpg,,77.90,105.70,280000000,2026-06-01T18:26:20Z
225849b5-d313-583b-8417-2be4a64c9126,a531998d-b66d-5191-a7da-a567327512a7,Tanpa Judul (Symbolism),Symbolism,wikiart_02898.jpg,,61.70,41.10,85000000,2026-05-04T14:49:58Z
a252e65f-f77c-525e-ac01-5b9892ce8b0a,3e92a01c-1f80-5c38-9903-fe409c3d5d61,Tanpa Judul (Impressionism),Impressionism,wikiart_04119.jpg,,57.20,73.10,28000000,2025-06-09T10:16:09Z
26c44231-ea1d-5c7f-82fa-8814d059bc33,6fe7b986-2984-567c-a4cc-509a0769266a,Tanpa Judul (Romanticism),Romanticism,wikiart_03437.jpg,,44.60,55.40,15000000,2026-09-01T07:01:49Z
48f452d5-bde7-5af2-96a2-c66065f791b2,64668e48-371b-5ffb-8837-9c4fd033feec,Tanpa Judul (Romanticism),Romanticism,wikiart_04716.jpg,,30.30,15.00,2800000,2024-12-27T11:48:25Z
1afaf4d9-c0bf-50fe-8d24-8bacf458b461,51c4d53d-91bb-5b40-bf86-1f46a9aa18a6,Tanpa Judul (Impressionism),Impressionism,wikiart_03442.jpg,,98.80,79.20,360000000,2025-09-25T02:47:19Z
1818cf58-67f7-5c03-af8d-3071adfc5953,dad52c43-2eab-5272-a61d-dca032e6b1db,Tanpa Judul (Art Nouveau),Art_Nouveau,wikiart_00871.jpg,,55.80,76.40,6300000,2025-11-08T04:36:38Z
a77a4286-f129-545f-87cc-7f0570ccdb0b,7cf14239-60d5-5ff0-9270-0d2dd0d62e05,Tanpa Judul (Expressionism),Expressionism,wikiart_02219.jpg,,51.60,63.60,7400000,2025-10-26T01:05:37Z
9828967a-e238-5051-a57f-d391b4d4a359,3e92a01c-1f80-5c38-9903-fe409c3d5d61,Tanpa Judul (Impressionism),Impressionism,wikiart_04532.jpg,,47.40,39.70,26000000,2026-04-04T23:40:41Z
c539b9aa-d5e9-5d78-a587-b2a31a0c0473,951be198-4893-5acc-9f1d-ab202e87291b,Tanpa Judul (Post Impressionism),Post_Impressionism,wikiart_01989.jpg,,93.10,55.30,250000000,2024-11-12T18:49:29Z
553c9695-c634-5f35-9523-860952dc0e59,3e92a01c-1f80-5c38-9903-fe409c3d5d61,Tanpa Judul (Realism),Realism,wikiart_03088.jpg,,81.70,64.40,56000000,2024-11-26T01:45:15Z
7ad0e106-a106-5491-b6bf-f0195e2ccc46,951be198-4893-5acc-9f1d-ab202e87291b,Tanpa Judul (Realism),Realism,wikiart_00324.jpg,,42.80,26.20,46000000,2025-02-08T18:03:05Z
b2cc9762-f77f-5e19-8f33-041d5c1b57b3,c868fe01-5c24-57bf-8ffb-fdc6d3ae09a2,Tanpa Judul (Naive Art Primitivism),Naive_Art_Primitivism,wikiart_00015.jpg,,90.20,116.00,29000000,2024-11-21T13:59:18Z
5b932fed-7940-55bf-b165-fc5b8818d61b,3ecb7039-f69e-55cd-869d-c7d7cf0962f6,Tanpa Judul (Realism),Realism,wikiart_00688.jpg,,57.00,39.20,17000000,2024-10-27T12:51:04Z
5c39c4ce-4e58-5ef5-829e-3dc42c06a65b,951be198-4893-5acc-9f1d-ab202e87291b,Tanpa Judul (Post Impressionism),Post_Impressionism,wikiart_04865.jpg,,48.50,36.90,79000000,2024-10-11T02:41:31Z
24b52896-2f8b-5961-a1b1-6800156e0eeb,a531998d-b66d-5191-a7da-a567327512a7,Tanpa Judul (Art Nouveau),Art_Nouveau,wikiart_03614.jpg,,54.10,137.40,130000000,2025-06-16T10:53:58Z
faea0123-774b-55ed-aa60-8f66e7200d8a,951be198-4893-5acc-9f1d-ab202e87291b,Tanpa Judul (Realism),Realism,wikiart_01909.jpg,,45.60,28.40,48000000,2024-11-07T04:11:44Z
af387163-4059-5c28-add7-46500bfd3add,51c4d53d-91bb-5b40-bf86-1f46a9aa18a6,Tanpa Judul (Impressionism),Impressionism,wikiart_04412.jpg,,37.80,37.20,150000000,2024-11-01T09:39:59Z
33a676d3-4f11-51ce-844c-fc7c84d62197,a6782ff2-13ef-5b2b-a432-7d121a6ae6c4,Tanpa Judul (Realism),Realism,wikiart_02666.jpg,,78.70,98.60,18000000,2025-09-27T11:02:41Z
bc236c49-b005-50fc-ac2b-70089d21b5a5,c868fe01-5c24-57bf-8ffb-fdc6d3ae09a2,Tanpa Judul (Naive Art Primitivism),Naive_Art_Primitivism,wikiart_01020.jpg,,55.50,71.40,11000000,2025-10-27T16:47:33Z
10eb88c2-8303-5596-a1d5-43454092f6d4,dad52c43-2eab-5272-a61d-dca032e6b1db,Tanpa Judul (Art Nouveau),Art_Nouveau,wikiart_01855.jpg,,74.50,48.00,5100000,2025-09-06T22:22:53Z
15e020f9-7d06-5a27-ac4b-33c4fafca75f,3ecb7039-f69e-55cd-869d-c7d7cf0962f6,Tanpa Judul (Post Impressionism),Post_Impressionism,wikiart_03877.jpg,,66.30,44.80,26000000,2025-04-11T21:44:48Z
5a1a4eef-6e5c-5c41-a684-b8d3c8592d61,c868fe01-5c24-57bf-8ffb-fdc6d3ae09a2,Tanpa Judul (Naive Art Primitivism),Naive_Art_Primitivism,wikiart_03680.jpg,,72.70,99.10,15000000,2025-04-19T22:09:50Z
b77450f7-2cba-58df-b212-b3c2f59839ef,64668e48-371b-5ffb-8837-9c4fd033feec,Tanpa Judul (Romanticism),Romanticism,wikiart_04342.jpg,,29.30,19.10,2500000,2024-10-26T13:19:55Z
cdd3bf96-8022-5912-8a03-1bcbc16f4a4d,dbc6f383-447d-5f26-a2f4-86753b3c416a,Tanpa Judul (Realism),Realism,wikiart_00808.jpg,,44.30,38.70,9200000,2024-10-12T13:24:26Z
6346c3c6-fbaa-5a47-b572-9bbb0504b2e4,04432a0f-51e1-5293-a8dc-89755e574853,Tanpa Judul (Impressionism),Impressionism,wikiart_04376.jpg,,73.20,55.20,27000000,2025-04-16T15:38:16Z
c6d2d3a0-05a5-5142-8e29-caf1d00938db,d9c76b21-7320-5d80-9265-153dfdbc0c20,Tanpa Judul (Impressionism),Impressionism,wikiart_04802.jpg,,38.40,48.30,9400000,2025-05-06T01:17:53Z
cfdf0185-0093-5bf6-ba21-8ab8e04db913,51c4d53d-91bb-5b40-bf86-1f46a9aa18a6,Tanpa Judul (Impressionism),Impressionism,wikiart_04585.jpg,,68.40,44.30,160000000,2026-09-23T06:35:23Z
4c419b53-0ba2-5a6d-8302-75a529668377,5d9ef8fa-9d26-5e45-87a1-4a45f17d0980,Tanpa Judul (Baroque),Baroque,wikiart_03419.jpg,,36.90,50.30,19000000,2024-10-17T11:04:06Z
5d97de0d-f1b9-5cc3-b297-8bf522c602ab,dbc6f383-447d-5f26-a2f4-86753b3c416a,Tanpa Judul (Art Nouveau),Art_Nouveau,wikiart_03094.jpg,,60.30,42.60,18000000,2024-10-19T18:11:00Z
68e98556-9d68-5878-b309-77087c8b0980,64668e48-371b-5ffb-8837-9c4fd033feec,Tanpa Judul (Romanticism),Romanticism,wikiart_02649.jpg,,105.40,133.20,14000000,2025-07-08T23:10:57Z
05eb64c2-7f89-5c54-91a5-4260b857518c,3e92a01c-1f80-5c38-9903-fe409c3d5d61,Tanpa Judul (Impressionism),Impressionism,wikiart_04829.jpg,,78.70,103.20,75000000,2024-11-07T07:23:00Z
204d6853-4d6b-58a3-8701-a1dd4d2db08f,21a4ae7e-8f05-5294-9e2d-32d96779246e,Tanpa Judul (Realism),Realism,wikiart_04626.jpg,,31.40,39.80,4200000,2024-10-05T06:05:01Z
cb24e6d9-06cb-5142-af2f-f7fa71e13f1e,dd4aa9b5-3247-5ea3-9589-db5aa169c4e0,Tanpa Judul (Post Impressionism),Post_Impressionism,wikiart_02289.jpg,,80.70,105.20,8600000,2026-06-14T12:03:24Z
e4439a47-dcd6-5a83-bfce-600063e4fd90,3dbb220d-08c5-5e68-b9e9-4282c0cc891f,Tanpa Judul (Northern Renaissance),Northern_Renaissance,wikiart_01984.jpg,,113.50,155.60,170000000,2024-10-21T04:29:52Z
cfd4f8cc-44f9-5953-bf4c-d58675f0d465,951be198-4893-5acc-9f1d-ab202e87291b,Tanpa Judul (Realism),Realism,wikiart_02621.jpg,,159.70,300.00,540000000,2024-10-22T02:12:56Z
e4232669-73cf-5a41-b63b-709e168e3909,51c4d53d-91bb-5b40-bf86-1f46a9aa18a6,Tanpa Judul (Impressionism),Impressionism,wikiart_02499.jpg,,70.90,50.60,210000000,2026-08-28T22:38:30Z
529fe549-9cf2-54b8-931c-474b5a4fd141,5d9ef8fa-9d26-5e45-87a1-4a45f17d0980,Tanpa Judul (Baroque),Baroque,wikiart_01003.jpg,,37.20,34.10,22000000,2024-10-03T01:24:04Z
b753a0e5-4f07-53e3-951f-276f7abbf483,951be198-4893-5acc-9f1d-ab202e87291b,Tanpa Judul (Realism),Realism,wikiart_01772.jpg,,69.90,113.90,150000000,2024-11-06T08:49:50Z
94ecec58-899d-5c60-9147-7bdd25fe8334,51c4d53d-91bb-5b40-bf86-1f46a9aa18a6,Tanpa Judul (Impressionism),Impressionism,wikiart_00942.jpg,,104.90,76.80,340000000,2024-12-26T06:02:34Z
2d062570-b28d-5704-9176-30c95f2103db,951be198-4893-5acc-9f1d-ab202e87291b,Tanpa Judul (Post Impressionism),Post_Impressionism,wikiart_00945.jpg,,56.20,42.30,100000000,2024-11-22T13:45:33Z
b6257dad-bfbd-59a9-949d-9a7123a5374b,dbc6f383-447d-5f26-a2f4-86753b3c416a,Tanpa Judul (Realism),Realism,wikiart_00503.jpg,,86.40,101.20,21000000,2024-10-23T03:31:41Z
bc2d1e65-5f72-5728-9a60-c778c7386aa6,951be198-4893-5acc-9f1d-ab202e87291b,Tanpa Judul (Realism),Realism,wikiart_02006.jpg,,44.70,41.00,61000000,2024-10-27T01:10:04Z
10571b33-5a30-5911-bc20-c322603dee41,1d876d41-bc7a-55ee-91cf-65ffb2a4048b,Tanpa Judul (Impressionism),Impressionism,wikiart_01520.jpg,,68.40,44.80,64000000,2024-11-20T13:37:25Z
e108472d-032c-5a6d-9418-8d378ccd1045,1d25dbba-d1e1-5b79-bb67-3d22aced6cb8,Tanpa Judul (Realism),Realism,wikiart_05101.jpg,,25.10,17.90,4900000,2025-11-27T06:25:24Z
71befdba-cd2f-5d6a-be36-ca84674c9a9f,3e92a01c-1f80-5c38-9903-fe409c3d5d61,Tanpa Judul (Impressionism),Impressionism,wikiart_02189.jpg,,43.00,51.60,34000000,2025-07-15T03:50:44Z
53854d13-0318-5c7f-9175-77dd53a05d9c,5d9ef8fa-9d26-5e45-87a1-4a45f17d0980,Tanpa Judul (Baroque),Baroque,wikiart_02906.jpg,,59.90,74.30,57000000,2024-10-24T23:52:04Z
0eff59a6-da12-5681-9dee-863a8ff2b591,951be198-4893-5acc-9f1d-ab202e87291b,Tanpa Judul (Post Impressionism),Post_Impressionism,wikiart_02818.jpg,,52.80,83.10,100000000,2025-12-01T14:53:20Z
e598ae61-f5cc-52b6-9806-7d72e81916f8,3e92a01c-1f80-5c38-9903-fe409c3d5d61,Tanpa Judul (Impressionism),Impressionism,wikiart_02519.jpg,,38.10,31.10,16000000,2025-09-25T18:50:55Z
9bdbffa3-5922-5d4c-a5b3-080cfb23f84c,951be198-4893-5acc-9f1d-ab202e87291b,Tanpa Judul (Post Impressionism),Post_Impressionism,wikiart_01937.jpg,,50.40,66.70,120000000,2025-03-06T12:51:03Z
9a09ffaa-6344-50cb-bf6c-81ace18b1752,c868fe01-5c24-57bf-8ffb-fdc6d3ae09a2,Tanpa Judul (Naive Art Primitivism),Naive_Art_Primitivism,wikiart_04042.jpg,,67.30,89.50,19000000,2025-09-22T13:19:42Z
b220e65c-eeb9-5a8f-8abf-1a55dd1af020,04432a0f-51e1-5293-a8dc-89755e574853,Tanpa Judul (Impressionism),Impressionism,wikiart_02667.jpg,,58.20,73.30,40000000,2024-11-12T04:34:43Z
1fe5e4ec-a2db-5ef8-a46d-3f8ffa41ebe2,dad52c43-2eab-5272-a61d-dca032e6b1db,Tanpa Judul (Art Nouveau),Art_Nouveau,wikiart_03774.jpg,,61.30,88.40,3200000,2026-09-27T14:53:06Z
da664265-20c2-5371-8965-24dfac66f52f,7cf14239-60d5-5ff0-9270-0d2dd0d62e05,Tanpa Judul (Realism),Realism,wikiart_02388.jpg,,77.50,85.60,9000000,2024-10-15T04:01:30Z
16f72504-2d49-5ca7-9355-34533c8b0016,7cf14239-60d5-5ff0-9270-0d2dd0d62e05,Tanpa Judul (Expressionism),Expressionism,wikiart_02893.jpg,,53.20,85.20,7600000,2025-09-15T02:54:57Z
c9a340a3-e8ba-538e-ae59-dfc1b132ed73,3ecb7039-f69e-55cd-869d-c7d7cf0962f6,Tanpa Judul (Post Impressionism),Post_Impressionism,wikiart_00596.jpg,,96.50,70.90,33000000,2024-11-07T16:53:43Z
7cb79284-74fe-518b-b545-748c382ba243,dd4aa9b5-3247-5ea3-9589-db5aa169c4e0,Tanpa Judul (Romanticism),Romanticism,wikiart_03898.jpg,,42.40,48.40,4000000,2026-03-03T04:33:22Z
4ec82f87-588e-5a35-9c95-55b4008321cb,1d876d41-bc7a-55ee-91cf-65ffb2a4048b,Tanpa Judul (Impressionism),Impressionism,wikiart_04523.jpg,,117.80,160.40,160000000,2026-07-08T23:34:40Z
e53f464e-4ed9-573d-ac63-8b11ecc874d3,5d9ef8fa-9d26-5e45-87a1-4a45f17d0980,Tanpa Judul (Baroque),Baroque,wikiart_00425.jpg,,88.60,122.80,69000000,2026-08-16T08:15:04Z
dfa3f84c-23de-5d20-a3e1-66997f3b0bfd,21a4ae7e-8f05-5294-9e2d-32d96779246e,Tanpa Judul (Realism),Realism,wikiart_03504.jpg,,53.00,75.40,5100000,2024-11-08T06:01:43Z
366c4803-2575-584f-a42e-a9b93ff382a3,5a27ac9a-1e04-52e2-8392-12edbe43c594,Tanpa Judul (Impressionism),Impressionism,wikiart_01044.jpg,,54.20,39.70,4700000,2025-07-11T19:41:47Z
b5cb16a3-25e1-5c0a-938d-11fbeb9f89dc,d9c76b21-7320-5d80-9265-153dfdbc0c20,Tanpa Judul (Impressionism),Impressionism,wikiart_01848.jpg,,64.50,64.00,5200000,2026-02-12T07:34:57Z
b9ed74ae-2865-5f85-a5f1-1aa56d08d0c0,c868fe01-5c24-57bf-8ffb-fdc6d3ae09a2,Tanpa Judul (Naive Art Primitivism),Naive_Art_Primitivism,wikiart_00165.jpg,,74.00,103.10,16000000,2024-11-02T17:35:00Z
fa9a283c-c098-5abe-81dd-23aec880b2b8,951be198-4893-5acc-9f1d-ab202e87291b,Tanpa Judul (Realism),Realism,wikiart_01974.jpg,,88.00,56.00,120000000,2024-10-24T12:03:31Z
428581f1-5f81-54d2-98bb-378dde316e75,951be198-4893-5acc-9f1d-ab202e87291b,Tanpa Judul (Realism),Realism,wikiart_01791.jpg,,37.50,45.60,86000000,2024-10-11T08:40:02Z
39007f1f-db8b-558a-9e83-f1638fbc4701,1d876d41-bc7a-55ee-91cf-65ffb2a4048b,Tanpa Judul (Impressionism),Impressionism,wikiart_03178.jpg,,69.90,56.70,100000000,2024-11-06T08:32:41Z
2b66ee72-3273-59ad-97b3-8cd22a3625bd,64668e48-371b-5ffb-8837-9c4fd033feec,Tanpa Judul (Romanticism),Romanticism,wikiart_03453.jpg,,28.60,19.40,2200000,2026-03-07T02:37:13Z
9f57ee77-663a-5f84-b065-f3f4b14af2cf,a531998d-b66d-5191-a7da-a567327512a7,Tanpa Judul (Symbolism),Symbolism,wikiart_01675.jpg,,56.40,37.00,82000000,2025-11-16T02:49:45Z
138c1f3a-6d3f-5136-8a5a-8eb973a22513,51c4d53d-91bb-5b40-bf86-1f46a9aa18a6,Tanpa Judul (Impressionism),Impressionism,wikiart_04764.jpg,,99.80,74.00,340000000,2025-08-08T19:27:50Z
a724961d-392c-586e-9da5-8e9342c6fd29,3dbb220d-08c5-5e68-b9e9-4282c0cc891f,Tanpa Judul (Northern Renaissance),Northern_Renaissance,wikiart_01803.jpg,,36.50,55.40,22000000,2026-09-19T07:03:21Z
c076498a-37d3-5ced-a0b9-ee99692df9c5,23ba78b5-421a-5447-b022-5a66fe8d084d,Tanpa Judul (Cubism),Cubism,wikiart_00460.jpg,,34.30,43.10,7000000,2026-03-20T10:39:23Z
376f20b3-cf69-518a-95e4-669f8fe7fe40,3dbb220d-08c5-5e68-b9e9-4282c0cc891f,Tanpa Judul (Northern Renaissance),Northern_Renaissance,wikiart_01120.jpg,,64.80,92.30,67000000,2026-05-10T21:38:50Z
30093c6a-d44c-5789-8e9a-aac78f9fe436,64668e48-371b-5ffb-8837-9c4fd033feec,Tanpa Judul (Romanticism),Romanticism,wikiart_04265.jpg,,97.50,140.90,17000000,2026-05-24T01:19:01Z
833230f7-1055-5800-9ee7-11c568d9efcf,1d876d41-bc7a-55ee-91cf-65ffb2a4048b,Tanpa Judul (Impressionism),Impressionism,wikiart_03309.jpg,,67.20,42.30,73000000,2024-10-16T21:40:25Z
ed85a7f6-cc72-5cd7-8b87-933f89d9efee,6fe7b986-2984-567c-a4cc-509a0769266a,Tanpa Judul (Romanticism),Romanticism,wikiart_03408.jpg,,30.80,24.50,6800000,2024-11-06T13:04:07Z
3abdf6ea-b0ef-5f00-bc6c-55ea01f04a37,a6782ff2-13ef-5b2b-a432-7d121a6ae6c4,Tanpa Judul (Expressionism),Expressionism,wikiart_05276.jpg,,33.30,39.70,7400000,2025-02-22T05:04:19Z
c7d84c3b-4f34-5d14-80e0-0482943f5453,951be198-4893-5acc-9f1d-ab202e87291b,Tanpa Judul (Post Impressionism),Post_Impressionism,wikiart_01110.jpg,,62.10,49.70,87000000,2026-01-20T08:14:11Z
0931aca3-ffbb-57aa-b84e-284c01f774f1,c868fe01-5c24-57bf-8ffb-fdc6d3ae09a2,Tanpa Judul (Naive Art Primitivism),Naive_Art_Primitivism,wikiart_00663.jpg,,39.70,52.10,9300000,2025-12-28T14:39:55Z
82252fb4-894c-5cb2-af57-41989f288f55,c868fe01-5c24-57bf-8ffb-fdc6d3ae09a2,Tanpa Judul (Naive Art Primitivism),Naive_Art_Primitivism,wikiart_03886.jpg,,62.90,85.60,15000000,2025-05-25T09:27:13Z
19c95e05-186c-57ca-b18e-6b81c6b6d50d,1d876d41-bc7a-55ee-91cf-65ffb2a4048b,Tanpa Judul (Impressionism),Impressionism,wikiart_05201.jpg,,64.30,51.70,77000000,2026-09-08T08:52:55Z
2980f9bd-a8f6-5cd4-85f4-bdc8dcd1d041,dad52c43-2eab-5272-a61d-dca032e6b1db,Tanpa Judul (Art Nouveau),Art_Nouveau,wikiart_02284.jpg,,50.50,78.40,2900000,2024-12-07T16:31:28Z
73747965-a2f1-5da2-9818-921ec4cb12b1,951be198-4893-5acc-9f1d-ab202e87291b,Tanpa Judul (Post Impressionism),Post_Impressionism,wikiart_00541.jpg,,113.20,135.20,550000000,2026-04-18T16:12:44Z
9adcd7b8-930b-5931-9343-8492b5cb662c,3e92a01c-1f80-5c38-9903-fe409c3d5d61,Tanpa Judul (Impressionism),Impressionism,wikiart_05630.jpg,,73.80,59.90,49000000,2025-09-15T14:20:37Z
7ad4a08a-fbf1-5865-8103-81c2c6d0839f,5efed142-8369-554d-9ba2-c2f081036319,Tanpa Judul (Realism),Realism,wikiart_04816.jpg,,91.70,119.60,33000000,2024-11-20T07:08:52Z
d591dc9c-5021-53cc-a1e4-d7ee9dac8c6e,dad52c43-2eab-5272-a61d-dca032e6b1db,Tanpa Judul (Art Nouveau),Art_Nouveau,wikiart_02294.jpg,,82.80,131.20,5200000,2024-10-16T18:01:46Z
a3985640-5560-52fe-9d83-1a767fec8bee,51c4d53d-91bb-5b40-bf86-1f46a9aa18a6,Tanpa Judul (Impressionism),Impressionism,wikiart_04101.jpg,,56.90,33.80,140000000,2026-03-14T02:38:52Z
ef3ecc72-dd6a-5a3e-aace-bb56b774e9c2,d9c76b21-7320-5d80-9265-153dfdbc0c20,Tanpa Judul (Impressionism),Impressionism,wikiart_04669.jpg,,56.10,35.10,3400000,2026-04-14T22:26:57Z
ea8ab748-54db-5bab-8f51-11fe024a6e65,3ecb7039-f69e-55cd-869d-c7d7cf0962f6,Tanpa Judul (Realism),Realism,wikiart_05268.jpg,,54.10,42.00,25000000,2024-11-24T14:31:25Z
987e9b9d-f4c6-5ce1-ac8c-5ef271e2ae33,dd4aa9b5-3247-5ea3-9589-db5aa169c4e0,Tanpa Judul (Impressionism),Impressionism,wikiart_04435.jpg,,76.20,64.00,7500000,2025-10-11T19:58:04Z
a787141a-03d9-521b-9547-4a579c6b4ffd,6fe7b986-2984-567c-a4cc-509a0769266a,Tanpa Judul (Romanticism),Romanticism,wikiart_03974.jpg,,47.80,61.80,25000000,2025-12-15T21:12:07Z
2b7291a1-ab44-578e-9341-dbc664a54152,04432a0f-51e1-5293-a8dc-89755e574853,Tanpa Judul (Impressionism),Impressionism,wikiart_02741.jpg,,109.70,82.10,84000000,2025-06-25T06:40:26Z
d4bcebe4-08f4-5623-abbf-43cfdb6cb3de,23ba78b5-421a-5447-b022-5a66fe8d084d,Tanpa Judul (Naive Art Primitivism),Naive_Art_Primitivism,wikiart_02895.jpg,,46.20,31.90,2300000,2024-11-10T15:53:55Z
9fed5426-2b68-58cc-8903-e5e059d8083a,dd4aa9b5-3247-5ea3-9589-db5aa169c4e0,Tanpa Judul (Post Impressionism),Post_Impressionism,wikiart_02419.jpg,,64.70,51.80,3900000,2025-08-12T14:38:55Z
d1e98d6d-42fd-5209-a1bf-aa4aa0038bcd,6fe7b986-2984-567c-a4cc-509a0769266a,Tanpa Judul (Romanticism),Romanticism,wikiart_00869.jpg,,55.40,72.80,9800000,2024-11-09T12:29:05Z
e6ec7075-6873-5bca-9fc5-0acf80fbf5e0,51c4d53d-91bb-5b40-bf86-1f46a9aa18a6,Tanpa Judul (Impressionism),Impressionism,wikiart_03271.jpg,,51.20,37.00,130000000,2024-10-25T17:38:18Z
274fb068-0b52-5635-ad53-56eeaf5bb0a9,951be198-4893-5acc-9f1d-ab202e87291b,Tanpa Judul (Post Impressionism),Post_Impressionism,wikiart_02454.jpg,,128.30,134.20,570000000,2024-10-01T13:00:27Z
4da04edd-a448-5e64-a93a-098129be740c,51c4d53d-91bb-5b40-bf86-1f46a9aa18a6,Tanpa Judul (Realism),Realism,wikiart_05419.jpg,,51.50,82.20,150000000,2024-10-14T21:02:17Z
cf704b67-c098-5cdd-9c71-511d2a590a26,04432a0f-51e1-5293-a8dc-89755e574853,Tanpa Judul (Impressionism),Impressionism,wikiart_04033.jpg,,53.90,42.80,26000000,2024-10-03T13:02:10Z
7f15ed99-f367-5c0d-9b80-c48c41c6827e,5efed142-8369-554d-9ba2-c2f081036319,Tanpa Judul (Realism),Realism,wikiart_02510.jpg,,47.60,61.10,20000000,2026-08-12T03:47:51Z
daf6ff28-114d-52ee-b1ff-137ac8a2a8e1,a6782ff2-13ef-5b2b-a432-7d121a6ae6c4,Tanpa Judul (Expressionism),Expressionism,wikiart_02366.jpg,,60.90,83.40,13000000,2025-12-13T15:37:18Z
a75ec521-369a-5e79-9b6f-f9851164e909,dd4aa9b5-3247-5ea3-9589-db5aa169c4e0,Tanpa Judul (Post Impressionism),Post_Impressionism,wikiart_05428.jpg,,57.90,40.90,5600000,2024-11-14T06:42:55Z
145b8c3c-234c-5b5d-9576-296bf905f234,3ecb7039-f69e-55cd-869d-c7d7cf0962f6,Tanpa Judul (Post Impressionism),Post_Impressionism,wikiart_04995.jpg,,40.60,32.60,14000000,2026-03-18T21:09:36Z
2db514cf-5ff7-52bd-a640-42f15a1dbebe,d9c76b21-7320-5d80-9265-153dfdbc0c20,Tanpa Judul (Impressionism),Impressionism,wikiart_02763.jpg,,51.70,29.10,2700000,2025-01-04T01:03:11Z
b88644e0-82ad-5afe-af9a-7af01c99562a,c868fe01-5c24-57bf-8ffb-fdc6d3ae09a2,Tanpa Judul (Naive Art Primitivism),Naive_Art_Primitivism,wikiart_00335.jpg,,74.30,85.90,19000000,2026-06-30T18:33:46Z
80d6863c-4309-5881-81cd-79e0a6aa59a3,5d9ef8fa-9d26-5e45-87a1-4a45f17d0980,Tanpa Judul (Baroque),Baroque,wikiart_03111.jpg,,86.00,110.00,74000000,2026-08-21T10:28:00Z
bb02a2b6-7563-559c-aa4b-8e3412c8c74f,3e92a01c-1f80-5c38-9903-fe409c3d5d61,Tanpa Judul (Impressionism),Impressionism,wikiart_05044.jpg,,60.50,73.60,51000000,2024-10-31T12:10:10Z
3292362c-48ba-5171-9738-70a74110b6f8,5efed142-8369-554d-9ba2-c2f081036319,Tanpa Judul (Impressionism),Impressionism,wikiart_01254.jpg,,61.30,42.00,45000000,2025-10-23T09:33:50Z
6bb8129f-5b01-5cf3-9fae-b8a8640bf6ab,21a4ae7e-8f05-5294-9e2d-32d96779246e,Tanpa Judul (Realism),Realism,wikiart_01366.jpg,,52.90,64.30,3700000,2025-12-12T16:47:42Z
aad9f4ec-f9ef-50cb-a14d-0e35218bdf48,d9c76b21-7320-5d80-9265-153dfdbc0c20,Tanpa Judul (Impressionism),Impressionism,wikiart_00116.jpg,,50.30,44.80,6900000,2025-08-08T18:39:53Z
c3b6659f-6cde-5547-a82c-e3a8774d5eaa,dd4aa9b5-3247-5ea3-9589-db5aa169c4e0,Tanpa Judul (Cubism),Cubism,wikiart_03398.jpg,,43.50,36.80,3100000,2024-11-30T18:21:08Z
e17c591a-32ee-5c4f-b25c-350de76eeec4,64668e48-371b-5ffb-8837-9c4fd033feec,Tanpa Judul (Romanticism),Romanticism,wikiart_01623.jpg,,34.80,21.70,3400000,2026-08-07T06:27:39Z
e3c6152c-d502-5046-aefd-046a7877967c,dd4aa9b5-3247-5ea3-9589-db5aa169c4e0,Tanpa Judul (Post Impressionism),Post_Impressionism,wikiart_03215.jpg,,46.90,38.00,2400000,2025-05-28T07:38:47Z
2271b720-0b6b-560e-b99c-20369108618e,5efed142-8369-554d-9ba2-c2f081036319,Tanpa Judul (Impressionism),Impressionism,wikiart_01642.jpg,,82.30,65.50,41000000,2025-05-16T10:34:04Z
b20a35cc-bb58-5d31-b844-f4808c4b7711,1d25dbba-d1e1-5b79-bb67-3d22aced6cb8,Tanpa Judul (Realism),Realism,wikiart_01494.jpg,,51.70,61.80,9200000,2025-02-17T02:14:04Z
087419b7-5d7b-53df-aa0f-1e80f02a0377,51c4d53d-91bb-5b40-bf86-1f46a9aa18a6,Tanpa Judul (Impressionism),Impressionism,wikiart_03651.jpg,,53.20,43.20,170000000,2024-11-22T14:37:50Z
affaacde-aae1-5a13-b9d8-8541dec7a374,6fe7b986-2984-567c-a4cc-509a0769266a,Tanpa Judul (Romanticism),Romanticism,wikiart_04629.jpg,,52.80,71.80,24000000,2024-10-15T16:42:03Z
dcacad1e-df1c-5a45-b3eb-32dd9f6a319f,1d25dbba-d1e1-5b79-bb67-3d22aced6cb8,Tanpa Judul (Realism),Realism,wikiart_05179.jpg,,92.80,119.30,22000000,2024-10-30T12:28:08Z
02b5cb10-1b42-5802-983c-e288175a1c72,951be198-4893-5acc-9f1d-ab202e87291b,Tanpa Judul (Realism),Realism,wikiart_00308.jpg,,43.40,74.70,68000000,2024-10-30T05:39:48Z
534a55c8-5ce9-571f-8433-693d5635536d,04432a0f-51e1-5293-a8dc-89755e574853,Tanpa Judul (Impressionism),Impressionism,wikiart_04831.jpg,,66.10,59.50,44000000,2026-05-09T12:05:14Z
3cb337a3-482d-557b-9da1-00525e05271b,a531998d-b66d-5191-a7da-a567327512a7,Tanpa Judul (Art Nouveau),Art_Nouveau,wikiart_02432.jpg,,58.60,43.90,63000000,2025-08-04T05:42:00Z
f602c091-b056-5bad-a8f0-c9e84563362f,3e92a01c-1f80-5c38-9903-fe409c3d5d61,Tanpa Judul (Impressionism),Impressionism,wikiart_01535.jpg,,61.40,51.10,46000000,2024-10-12T03:15:33Z
1232e27e-124e-59bb-af26-add563616e9c,3ecb7039-f69e-55cd-869d-c7d7cf0962f6,Tanpa Judul (Post Impressionism),Post_Impressionism,wikiart_03072.jpg,,65.40,48.20,35000000,2024-11-04T04:56:42Z
4d9123d1-2eef-50a6-bb7b-5c9336999a70,dad52c43-2eab-5272-a61d-dca032e6b1db,Tanpa Judul (Art Nouveau),Art_Nouveau,wikiart_00521.jpg,,61.20,39.90,2100000,2024-11-24T18:45:37Z
a5b1f67e-76d3-5427-b0ce-3d3a95ec72dc,1d876d41-bc7a-55ee-91cf-65ffb2a4048b,Tanpa Judul (Impressionism),Impressionism,wikiart_02010.jpg,,79.20,107.40,140000000,2024-12-05T08:59:56Z
c53f4c8f-7ed8-5f45-a536-c0e5cafd7dc8,51c4d53d-91bb-5b40-bf86-1f46a9aa18a6,Tanpa Judul (Impressionism),Impressionism,wikiart_01367.jpg,,59.40,47.60,150000000,2026-02-23T10:43:28Z
2c2a9bde-53f0-59c9-a315-df8f32903acc,1d25dbba-d1e1-5b79-bb67-3d22aced6cb8,Tanpa Judul (Realism),Realism,wikiart_05349.jpg,,110.50,72.10,11000000,2026-09-18T17:36:51Z
abdcda53-4a61-51c5-acd3-0841f5b1a8ef,1d25dbba-d1e1-5b79-bb67-3d22aced6cb8,Tanpa Judul (Realism),Realism,wikiart_03656.jpg,,60.90,38.00,8000000,2025-06-29T09:12:28Z
bf6835b6-9de9-5f5c-bdc5-8d750ee42291,7cf14239-60d5-5ff0-9270-0d2dd0d62e05,Tanpa Judul (Symbolism),Symbolism,wikiart_04808.jpg,,33.10,24.10,2200000,2026-07-03T21:36:56Z
c7fa3637-182c-5ddf-96d3-08d829014351,a531998d-b66d-5191-a7da-a567327512a7,Tanpa Judul (Symbolism),Symbolism,wikiart_04169.jpg,,75.00,43.90,67000000,2025-07-24T17:15:31Z
116af990-7cab-5f78-b5b8-afb82c3e59e4,5d9ef8fa-9d26-5e45-87a1-4a45f17d0980,Tanpa Judul (Baroque),Baroque,wikiart_05001.jpg,,68.80,81.80,58000000,2026-09-07T03:39:39Z
d1519532-d8be-5f32-9773-7fca2c074a45,951be198-4893-5acc-9f1d-ab202e87291b,Tanpa Judul (Realism),Realism,wikiart_03875.jpg,,60.70,58.80,110000000,2026-01-19T03:51:43Z
46b95e5f-a750-55da-9042-4fdd16cd54bf,5d9ef8fa-9d26-5e45-87a1-4a45f17d0980,Tanpa Judul (Baroque),Baroque,wikiart_00039.jpg,,54.80,68.40,20000000,2024-12-10T03:44:25Z
06062aab-4d80-5fc4-a236-d72dc5663778,a531998d-b66d-5191-a7da-a567327512a7,Tanpa Judul (Symbolism),Symbolism,wikiart_01755.jpg,,28.60,22.00,56000000,2025-09-14T06:23:23Z
4a70b020-2e8b-5aba-8865-d806c58c11aa,04432a0f-51e1-5293-a8dc-89755e574853,Tanpa Judul (Impressionism),Impressionism,wikiart_04274.jpg,,30.40,46.80,19000000,2024-11-06T03:40:02Z
ce4b7c4f-738f-52e9-9094-9e997d2de7f7,dd4aa9b5-3247-5ea3-9589-db5aa169c4e0,Tanpa Judul (Post Impressionism),Post_Impressionism,wikiart_04468.jpg,,106.80,85.90,7000000,2024-10-09T02:59:07Z
e7ea2ca5-f008-5448-936d-1c2cea65c8b4,3dbb220d-08c5-5e68-b9e9-4282c0cc891f,Tanpa Judul (Northern Renaissance),Northern_Renaissance,wikiart_03116.jpg,,48.90,72.30,20000000,2024-11-24T14:32:07Z
3fe4aaa6-6491-57f7-8458-66c112f37b81,a531998d-b66d-5191-a7da-a567327512a7,Tanpa Judul (Symbolism),Symbolism,wikiart_02459.jpg,,84.10,57.60,160000000,2024-10-22T12:47:12Z
d68447f6-03c0-5053-9f02-5a417aff794d,51c4d53d-91bb-5b40-bf86-1f46a9aa18a6,Tanpa Judul (Impressionism),Impressionism,wikiart_02663.jpg,,34.20,22.60,58000000,2026-08-23T01:30:22Z
5e4c77b3-763a-522b-b39d-ff6f00f2d7be,dd4aa9b5-3247-5ea3-9589-db5aa169c4e0,Tanpa Judul (Romanticism),Romanticism,wikiart_02267.jpg,,41.60,60.00,2000000,2024-12-12T15:27:26Z
f507c970-ce76-573b-90f1-fc34ad3fa48d,a531998d-b66d-5191-a7da-a567327512a7,Tanpa Judul (Symbolism),Symbolism,wikiart_00112.jpg,,76.10,44.10,110000000,2024-11-23T18:40:00Z
1b284f0a-4933-57f5-a5d9-d38488a7227c,5d9ef8fa-9d26-5e45-87a1-4a45f17d0980,Tanpa Judul (Baroque),Baroque,wikiart_03181.jpg,,57.90,66.10,45000000,2026-09-03T01:16:52Z
0b47cb75-1a7b-5f1e-98dc-888cd3e49a30,5efed142-8369-554d-9ba2-c2f081036319,Tanpa Judul (Impressionism),Impressionism,wikiart_03075.jpg,,72.40,99.70,38000000,2026-01-19T13:40:16Z
9a8d8f31-758a-54c3-93c4-a13553ef8a14,64668e48-371b-5ffb-8837-9c4fd033feec,Tanpa Judul (Romanticism),Romanticism,wikiart_04941.jpg,,59.70,37.30,6200000,2026-07-16T13:49:14Z
18734d52-cdca-5070-bf26-9015a87f5d42,51c4d53d-91bb-5b40-bf86-1f46a9aa18a6,Tanpa Judul (Impressionism),Impressionism,wikiart_01114.jpg,,55.80,45.10,290000000,2024-10-17T07:04:30Z
fd379a10-f498-53ba-9546-e66c54191965,3e92a01c-1f80-5c38-9903-fe409c3d5d61,Tanpa Judul (Impressionism),Impressionism,wikiart_03367.jpg,,47.30,34.60,41000000,2024-11-16T20:06:12Z
983fdf97-3874-5a7d-b6f7-5200e91acfcf,5efed142-8369-554d-9ba2-c2f081036319,Tanpa Judul (Realism),Realism,wikiart_00961.jpg,,39.50,61.70,28000000,2026-04-22T16:56:21Z
76161b72-23af-5225-bd88-29421b8ce5cc,5efed142-8369-554d-9ba2-c2f081036319,Tanpa Judul (Realism),Realism,wikiart_01463.jpg,,98.00,76.70,40000000,2024-10-24T06:04:39Z
af8f7146-cd37-5551-b7ad-8868bc584a7d,d9c76b21-7320-5d80-9265-153dfdbc0c20,Tanpa Judul (Impressionism),Impressionism,wikiart_02828.jpg,,103.80,82.10,11000000,2025-08-07T15:42:40Z
08544b61-99ae-5acf-99bf-1b5733783d52,04432a0f-51e1-5293-a8dc-89755e574853,Tanpa Judul (Impressionism),Impressionism,wikiart_04836.jpg,,41.70,37.70,20000000,2025-04-28T13:39:13Z
8f923243-748b-5547-b90c-2a220e52c01f,23ba78b5-421a-5447-b022-5a66fe8d084d,Tanpa Judul (Expressionism),Expressionism,wikiart_03086.jpg,,40.80,59.50,6800000,2026-05-23T04:23:07Z
981b958b-0cf1-5233-bba9-88c7ae618fcd,1d876d41-bc7a-55ee-91cf-65ffb2a4048b,Tanpa Judul (Impressionism),Impressionism,wikiart_03802.jpg,,53.10,39.20,40000000,2024-10-31T05:12:06Z
ef0c80c0-ed0d-5025-94e3-8b75a09c27ce,1d876d41-bc7a-55ee-91cf-65ffb2a4048b,Tanpa Judul (Impressionism),Impressionism,wikiart_01156.jpg,,67.60,75.90,73000000,2025-12-21T16:17:57Z
0a787edb-c0d2-5c3f-88e6-03cd57116b4f,5a27ac9a-1e04-52e2-8392-12edbe43c594,Tanpa Judul (Impressionism),Impressionism,wikiart_02185.jpg,,56.30,83.30,5300000,2026-08-09T05:50:08Z
9e12ab2b-2342-5a3e-9f21-3f6b6ea5f948,3dbb220d-08c5-5e68-b9e9-4282c0cc891f,Tanpa Judul (Northern Renaissance),Northern_Renaissance,wikiart_04406.jpg,,71.50,92.30,58000000,2024-11-23T23:50:55Z
7be7a69c-7186-592f-b745-6844accf6fd4,3e92a01c-1f80-5c38-9903-fe409c3d5d61,Tanpa Judul (Impressionism),Impressionism,wikiart_04497.jpg,,59.00,49.50,46000000,2026-08-25T10:37:20Z
fe32697d-e986-5f7d-a06c-e838a29a9700,951be198-4893-5acc-9f1d-ab202e87291b,Tanpa Judul (Post Impressionism),Post_Impressionism,wikiart_01022.jpg,,57.60,44.30,98000000,2024-10-10T05:23:26Z
c9c5ed96-a7a9-5cf7-af95-98dfd3ce1a9f,51c4d53d-91bb-5b40-bf86-1f46a9aa18a6,Tanpa Judul (Impressionism),Impressionism,wikiart_04156.jpg,,139.60,92.10,500000000,2025-06-10T06:45:43Z
ed2d568f-7ccb-5b05-bf1b-3f6a5d220e84,5efed142-8369-554d-9ba2-c2f081036319,Tanpa Judul (Realism),Realism,wikiart_01447.jpg,,49.90,74.60,18000000,2024-11-23T13:19:26Z
59afe0d6-c9a1-58d3-b4bd-2e98ad49c693,51c4d53d-91bb-5b40-bf86-1f46a9aa18a6,Tanpa Judul (Impressionism),Impressionism,wikiart_03160.jpg,,106.50,80.00,270000000,2025-06-06T06:04:36Z
45448b11-1bde-5df1-8b6a-407b7e4eae4c,6fe7b986-2984-567c-a4cc-509a0769266a,Tanpa Judul (Romanticism),Romanticism,wikiart_02973.jpg,,99.60,128.00,42000000,2026-02-09T04:53:34Z
d54f2604-a144-5f32-98b8-f4f55ec8836c,a6782ff2-13ef-5b2b-a432-7d121a6ae6c4,Tanpa Judul (Expressionism),Expressionism,wikiart_01978.jpg,,71.60,54.70,11000000,2024-10-11T05:49:03Z
3d3967e5-6101-55a9-a1a7-ba415758b761,c868fe01-5c24-57bf-8ffb-fdc6d3ae09a2,Tanpa Judul (Expressionism),Expressionism,wikiart_02967.jpg,,30.60,28.50,7100000,2024-11-15T06:20:26Z
0101b37d-e928-5118-9fd0-e4072ae53d59,dad52c43-2eab-5272-a61d-dca032e6b1db,Tanpa Judul (Art Nouveau),Art_Nouveau,wikiart_00051.jpg,,60.70,94.10,5000000,2024-10-24T07:27:41Z
58eb4c3e-f137-5312-a1b6-4b1ddecd45e6,7cf14239-60d5-5ff0-9270-0d2dd0d62e05,Tanpa Judul (Realism),Realism,wikiart_00696.jpg,,50.10,70.10,5400000,2024-10-21T16:10:42Z
830e342a-217e-5fd0-ba7e-49e308ed632b,64668e48-371b-5ffb-8837-9c4fd033feec,Tanpa Judul (Romanticism),Romanticism,wikiart_03381.jpg,,60.40,44.30,5800000,2024-11-08T00:46:30Z
904dbc9b-ba86-5204-b507-9d9c6e43e242,3ecb7039-f69e-55cd-869d-c7d7cf0962f6,Tanpa Judul (Realism),Realism,wikiart_01947.jpg,,41.40,33.00,13000000,2025-09-22T20:22:57Z
a6c80043-8c7f-50af-b91c-091f153d3eba,a531998d-b66d-5191-a7da-a567327512a7,Tanpa Judul (Symbolism),Symbolism,wikiart_02265.jpg,,78.20,49.70,130000000,2024-10-21T00:16:01Z
10964f51-62e9-5a2f-87e7-2c93718a5ce2,951be198-4893-5acc-9f1d-ab202e87291b,Tanpa Judul (Post Impressionism),Post_Impressionism,wikiart_04409.jpg,,84.70,69.00,200000000,2025-05-20T14:52:48Z
cc8ec430-b2a8-5642-84dc-bf79c3c50610,dd4aa9b5-3247-5ea3-9589-db5aa169c4e0,Tanpa Judul (Impressionism),Impressionism,wikiart_03198.jpg,,90.40,119.40,9500000,2026-06-03T23:53:51Z
01db5822-f650-5fa6-abea-845fc30368b0,951be198-4893-5acc-9f1d-ab202e87291b,Tanpa Judul (Post Impressionism),Post_Impressionism,wikiart_01564.jpg,,52.50,74.30,110000000,2024-10-31T12:45:43Z
46f27d0f-be60-514a-93e6-8f28a761a005,5efed142-8369-554d-9ba2-c2f081036319,Tanpa Judul (Realism),Realism,wikiart_03922.jpg,,41.40,37.80,16000000,2024-10-04T05:43:17Z
901372f3-deed-5aa0-81ea-73e63ce8a453,dad52c43-2eab-5272-a61d-dca032e6b1db,Tanpa Judul (Art Nouveau),Art_Nouveau,wikiart_04396.jpg,,67.90,43.40,3500000,2024-10-01T11:18:46Z
2aaa2808-0590-586d-9ee6-012e29ef81cc,1d25dbba-d1e1-5b79-bb67-3d22aced6cb8,Tanpa Judul (Realism),Realism,wikiart_02182.jpg,,110.90,80.70,15000000,2025-11-17T22:53:12Z
bd8b4930-64ef-5217-b1a5-601252bb3864,51c4d53d-91bb-5b40-bf86-1f46a9aa18a6,Tanpa Judul (Impressionism),Impressionism,wikiart_05106.jpg,,61.50,39.40,150000000,2025-01-30T03:53:09Z
57b9f18a-6950-5644-8cbc-66fc30446072,1d876d41-bc7a-55ee-91cf-65ffb2a4048b,Tanpa Judul (Impressionism),Impressionism,wikiart_03190.jpg,,70.30,93.60,99000000,2025-07-01T04:01:55Z
d45eb7ea-6cc1-5cac-8993-db3628a32cce,dd4aa9b5-3247-5ea3-9589-db5aa169c4e0,Tanpa Judul (Post Impressionism),Post_Impressionism,wikiart_00519.jpg,,55.30,68.40,3700000,2025-08-08T02:19:46Z
2d399fc1-c809-5c2a-bdaa-6e69cefe5fb1,c868fe01-5c24-57bf-8ffb-fdc6d3ae09a2,Tanpa Judul (Naive Art Primitivism),Naive_Art_Primitivism,wikiart_01430.jpg,,50.30,66.70,7100000,2026-08-17T12:25:48Z
5b4f2fae-31fd-5ce2-9435-dc5d40d7b4e8,64668e48-371b-5ffb-8837-9c4fd033feec,Tanpa Judul (Romanticism),Romanticism,wikiart_02381.jpg,,75.50,46.10,5400000,2026-01-04T17:28:23Z
39b0caf3-57ec-531b-b954-cddbcf0306e4,1d876d41-bc7a-55ee-91cf-65ffb2a4048b,Tanpa Judul (Impressionism),Impressionism,wikiart_05622.jpg,,57.80,47.90,34000000,2025-04-13T14:02:42Z
7bf3b5b8-8c4d-5395-9c70-e1f06d52efe8,951be198-4893-5acc-9f1d-ab202e87291b,Tanpa Judul (Realism),Realism,wikiart_05073.jpg,,69.10,48.30,84000000,2024-10-07T03:30:43Z
904ad30a-642f-5489-aec6-5a311e0cdacd,5a27ac9a-1e04-52e2-8392-12edbe43c594,Tanpa Judul (Impressionism),Impressionism,wikiart_04252.jpg,,71.70,47.80,6500000,2026-08-24T00:08:54Z
fa582238-d520-5f79-b240-38deb649afe3,3dbb220d-08c5-5e68-b9e9-4282c0cc891f,Tanpa Judul (Northern Renaissance),Northern_Renaissance,wikiart_05029.jpg,,67.80,92.70,33000000,2024-11-13T00:12:30Z
cafad34a-809e-5445-8f98-a622c8c9c3c4,dbc6f383-447d-5f26-a2f4-86753b3c416a,Tanpa Judul (Art Nouveau),Art_Nouveau,wikiart_03031.jpg,,72.90,58.10,14000000,2026-05-17T05:21:09Z
eb8407e6-f565-5fe2-8af3-d45826d3fe32,951be198-4893-5acc-9f1d-ab202e87291b,Tanpa Judul (Post Impressionism),Post_Impressionism,wikiart_01467.jpg,,44.50,35.90,54000000,2025-03-07T16:25:42Z
7ed497f0-9839-5ee2-b257-53681dc58e82,dad52c43-2eab-5272-a61d-dca032e6b1db,Tanpa Judul (Art Nouveau),Art_Nouveau,wikiart_05057.jpg,,43.60,67.20,4800000,2025-01-20T07:25:39Z
3f46382d-6652-5966-8999-6c6e6d702781,6fe7b986-2984-567c-a4cc-509a0769266a,Tanpa Judul (Romanticism),Romanticism,wikiart_03140.jpg,,59.10,73.70,17000000,2026-07-16T11:25:47Z
7eff75be-f687-5dfe-a9ab-76af3a93c237,04432a0f-51e1-5293-a8dc-89755e574853,Tanpa Judul (Impressionism),Impressionism,wikiart_03470.jpg,,59.60,41.00,29000000,2024-10-02T08:16:09Z
b88aeb6c-2755-5419-a534-a4ad82ff79c6,951be198-4893-5acc-9f1d-ab202e87291b,Tanpa Judul (Post Impressionism),Post_Impressionism,wikiart_00345.jpg,,50.00,70.50,170000000,2026-03-23T18:27:49Z
305c79aa-fc14-5063-a68c-5e35497adefd,64668e48-371b-5ffb-8837-9c4fd033feec,Tanpa Judul (Romanticism),Romanticism,wikiart_03762.jpg,,65.30,44.20,7500000,2024-12-03T09:57:40Z
9f8a9e6c-b24d-52c8-9f4f-52b4d5f65176,951be198-4893-5acc-9f1d-ab202e87291b,Tanpa Judul (Post Impressionism),Post_Impressionism,wikiart_00631.jpg,,82.50,107.30,350000000,2025-12-24T06:46:54Z
b518470a-8016-57d4-a0bd-1cc7adf6e897,951be198-4893-5acc-9f1d-ab202e87291b,Tanpa Judul (Realism),Realism,wikiart_04444.jpg,,90.90,38.00,60000000,2024-11-10T01:01:59Z
6194e459-6f9e-5c4e-bb21-001b8f20dcf6,dad52c43-2eab-5272-a61d-dca032e6b1db,Tanpa Judul (Art Nouveau),Art_Nouveau,wikiart_05593.jpg,,98.40,156.40,12000000,2024-10-31T20:03:31Z
3a71e981-3520-50e7-8340-8bde172d4db4,dbc6f383-447d-5f26-a2f4-86753b3c416a,Tanpa Judul (Realism),Realism,wikiart_05185.jpg,,37.90,53.20,15000000,2026-05-22T00:50:16Z
866197c9-41b8-58ae-af14-976c6a847c11,51c4d53d-91bb-5b40-bf86-1f46a9aa18a6,Tanpa Judul (Impressionism),Impressionism,wikiart_00741.jpg,,39.90,27.90,95000000,2026-02-11T02:44:50Z
2abf47f1-4de7-56a0-91e6-b9b6fb400eff,64668e48-371b-5ffb-8837-9c4fd033feec,Tanpa Judul (Romanticism),Romanticism,wikiart_04963.jpg,,54.20,40.20,6100000,2025-07-04T15:47:39Z
903334f4-ec4c-5aea-a908-231d981c452f,3dbb220d-08c5-5e68-b9e9-4282c0cc891f,Tanpa Judul (Northern Renaissance),Northern_Renaissance,wikiart_03917.jpg,,61.70,76.00,20000000,2025-01-29T23:26:50Z
018b9f28-def9-5d27-bd0c-30146a4498c1,dbc6f383-447d-5f26-a2f4-86753b3c416a,Tanpa Judul (Realism),Realism,wikiart_03105.jpg,,55.20,74.80,13000000,2026-01-06T03:23:43Z
bca8c2b9-1455-5c1f-a68a-ebc845562c31,23ba78b5-421a-5447-b022-5a66fe8d084d,Tanpa Judul (Cubism),Cubism,wikiart_02229.jpg,,49.40,61.10,12000000,2025-09-27T07:07:44Z
116efeb9-94e5-5419-a2c1-0a6824b13a59,3dbb220d-08c5-5e68-b9e9-4282c0cc891f,Tanpa Judul (Northern Renaissance),Northern_Renaissance,wikiart_02529.jpg,,53.90,89.00,59000000,2024-11-04T22:33:25Z
6652fb83-c2b0-5f14-bb56-e4a5297f5694,1d25dbba-d1e1-5b79-bb67-3d22aced6cb8,Tanpa Judul (Realism),Realism,wikiart_01790.jpg,,71.10,100.90,15000000,2026-08-26T16:38:36Z
0fdbbafd-b620-567a-a513-34880329efe8,3e92a01c-1f80-5c38-9903-fe409c3d5d61,Tanpa Judul (Impressionism),Impressionism,wikiart_03050.jpg,,37.70,30.30,19000000,2025-05-17T13:59:30Z
e4abe9ba-438d-551d-9efc-23e83b4c642a,3ecb7039-f69e-55cd-869d-c7d7cf0962f6,Tanpa Judul (Cubism),Cubism,wikiart_04108.jpg,,136.30,191.60,190000000,2024-10-02T13:21:07Z
1c116d27-724f-54d0-b151-8c42353afc62,3ecb7039-f69e-55cd-869d-c7d7cf0962f6,Tanpa Judul (Realism),Realism,wikiart_04136.jpg,,60.40,46.40,29000000,2026-07-18T12:41:31Z
c27f0bae-c284-5dbe-a4a0-76cffa2f3347,64668e48-371b-5ffb-8837-9c4fd033feec,Tanpa Judul (Romanticism),Romanticism,wikiart_04250.jpg,,86.70,35.40,5100000,2025-11-24T12:23:00Z
a1f33923-d46a-5d8b-a954-0e83678b3664,a531998d-b66d-5191-a7da-a567327512a7,Tanpa Judul (Art Nouveau),Art_Nouveau,wikiart_01186.jpg,,49.00,34.80,110000000,2026-03-17T22:26:32Z
30683664-b450-5986-8920-cce917d1fa8e,04432a0f-51e1-5293-a8dc-89755e574853,Tanpa Judul (Impressionism),Impressionism,wikiart_01847.jpg,,73.40,50.60,26000000,2025-01-19T23:43:13Z
433f59b2-023f-5d1d-b945-c4df1bb9ae7b,23ba78b5-421a-5447-b022-5a66fe8d084d,Tanpa Judul (Expressionism),Expressionism,wikiart_02191.jpg,,62.10,80.70,7200000,2025-07-22T03:33:34Z
f49ae3cf-8a8a-5173-854f-024a9733a474,21a4ae7e-8f05-5294-9e2d-32d96779246e,Tanpa Judul (Realism),Realism,wikiart_03885.jpg,,81.00,114.00,8000000,2026-01-12T23:01:41Z
44438e6d-3a38-584b-bf9c-dd4a5b659640,a531998d-b66d-5191-a7da-a567327512a7,Tanpa Judul (Symbolism),Symbolism,wikiart_00459.jpg,,56.00,55.50,77000000,2024-11-12T09:07:41Z
203db5d8-b59b-5b1f-bf01-d2857f272592,c868fe01-5c24-57bf-8ffb-fdc6d3ae09a2,Tanpa Judul (Naive Art Primitivism),Naive_Art_Primitivism,wikiart_01980.jpg,,103.30,140.40,23000000,2024-10-13T10:03:29Z
640f8912-053d-5457-b7a0-71629ffb6673,a6782ff2-13ef-5b2b-a432-7d121a6ae6c4,Tanpa Judul (Expressionism),Expressionism,wikiart_02728.jpg,,35.60,35.10,5400000,2024-10-04T11:45:27Z
1fc10683-bb77-50ca-9538-a20b41393aa1,951be198-4893-5acc-9f1d-ab202e87291b,Tanpa Judul (Realism),Realism,wikiart_00780.jpg,,83.60,138.80,180000000,2025-03-02T00:51:44Z
ed39d57b-9933-522c-8f58-8986b63fe549,1d25dbba-d1e1-5b79-bb67-3d22aced6cb8,Tanpa Judul (Realism),Realism,wikiart_02815.jpg,,62.50,38.10,6400000,2024-11-18T11:31:59Z
b4669955-1697-57b4-9784-c45a0a9bf9fb,1d876d41-bc7a-55ee-91cf-65ffb2a4048b,Tanpa Judul (Impressionism),Impressionism,wikiart_01955.jpg,,42.00,50.50,39000000,2025-04-23T22:42:31Z
1007dc2b-6b8c-53a7-b614-82394dde8038,64668e48-371b-5ffb-8837-9c4fd033feec,Tanpa Judul (Romanticism),Romanticism,wikiart_03592.jpg,,118.80,79.00,7200000,2025-03-29T09:03:48Z
ed16eb3b-3779-5f06-99c1-5cc3aba96be1,a531998d-b66d-5191-a7da-a567327512a7,Tanpa Judul (Symbolism),Symbolism,wikiart_04188.jpg,,114.60,81.60,110000000,2026-04-09T16:29:34Z
27149eb6-760c-5455-b318-6b3dd8555c08,a531998d-b66d-5191-a7da-a567327512a7,Tanpa Judul (Art Nouveau),Art_Nouveau,wikiart_03881.jpg,,29.00,44.10,49000000,2025-11-19T04:17:53Z
e393757b-7645-5d3a-aa74-b47ec9208b98,dbc6f383-447d-5f26-a2f4-86753b3c416a,Tanpa Judul (Realism),Realism,wikiart_05402.jpg,,63.80,87.50,17000000,2025-02-07T06:40:53Z
a6b319cb-c553-5734-a581-1ee24b442361,c868fe01-5c24-57bf-8ffb-fdc6d3ae09a2,Tanpa Judul (Naive Art Primitivism),Naive_Art_Primitivism,wikiart_01417.jpg,,76.80,117.70,17000000,2024-11-24T00:56:27Z
8586f503-be28-58fe-b645-3bc68ebd6e8a,3e92a01c-1f80-5c38-9903-fe409c3d5d61,Tanpa Judul (Impressionism),Impressionism,wikiart_01182.jpg,,70.00,58.50,59000000,2025-03-13T21:32:22Z
cf559315-0fc2-597d-9925-1e3168672a3b,64668e48-371b-5ffb-8837-9c4fd033feec,Tanpa Judul (Romanticism),Romanticism,wikiart_00576.jpg,,102.00,84.00,13000000,2025-08-06T08:09:49Z
fd36ce1f-b940-538e-8eb0-451813c8566d,23ba78b5-421a-5447-b022-5a66fe8d084d,Tanpa Judul (Expressionism),Expressionism,wikiart_01345.jpg,,94.80,115.20,10000000,2026-07-08T17:27:14Z
ee504d75-d774-5139-a274-a2e0db23695b,c868fe01-5c24-57bf-8ffb-fdc6d3ae09a2,Tanpa Judul (Naive Art Primitivism),Naive_Art_Primitivism,wikiart_02005.jpg,,65.80,50.60,9400000,2026-03-07T21:34:56Z
0f9ac93a-1995-5d86-9c6d-6a1a17dd8700,dbc6f383-447d-5f26-a2f4-86753b3c416a,Tanpa Judul (Naive Art Primitivism),Naive_Art_Primitivism,wikiart_00475.jpg,,133.10,102.60,38000000,2024-10-24T08:58:15Z
512306a3-8625-56e8-bc04-bcef745f93dc,3ecb7039-f69e-55cd-869d-c7d7cf0962f6,Tanpa Judul (Cubism),Cubism,wikiart_04746.jpg,,83.30,83.80,72000000,2025-04-23T15:19:23Z
d08e8450-729f-5c84-b7fb-cbf19ed311d1,a6782ff2-13ef-5b2b-a432-7d121a6ae6c4,Tanpa Judul (Expressionism),Expressionism,wikiart_02051.jpg,,53.10,43.10,7300000,2024-10-10T10:02:08Z
1b5396da-f72e-53e8-a286-c38973517f66,3ecb7039-f69e-55cd-869d-c7d7cf0962f6,Tanpa Judul (Post Impressionism),Post_Impressionism,wikiart_01900.jpg,,49.50,38.50,17000000,2026-04-01T09:27:13Z
55fec10c-35e5-5123-a134-8225f8767b5b,a531998d-b66d-5191-a7da-a567327512a7,Tanpa Judul (Symbolism),Symbolism,wikiart_00876.jpg,,92.70,124.90,230000000,2024-10-13T07:36:05Z
6c20bb7b-fc3b-54be-aade-f384a2c8c817,d9c76b21-7320-5d80-9265-153dfdbc0c20,Tanpa Judul (Impressionism),Impressionism,wikiart_01246.jpg,,45.50,30.90,4100000,2025-12-27T17:55:09Z
b8dc6fa1-70b2-532e-b773-a729a741a037,5efed142-8369-554d-9ba2-c2f081036319,Tanpa Judul (Impressionism),Impressionism,wikiart_04434.jpg,,52.00,74.20,32000000,2024-10-30T00:33:44Z
37aacc99-549f-568a-ac73-2529afce66e3,951be198-4893-5acc-9f1d-ab202e87291b,Tanpa Judul (Post Impressionism),Post_Impressionism,wikiart_02872.jpg,,55.20,44.40,92000000,2024-11-20T10:29:34Z
555e9eef-3ca4-5db1-a4bc-9c02971c8ada,51c4d53d-91bb-5b40-bf86-1f46a9aa18a6,Tanpa Judul (Impressionism),Impressionism,wikiart_02515.jpg,,68.00,99.80,300000000,2024-11-27T11:56:44Z
81143119-827b-50c6-af3d-313f9d06a011,64668e48-371b-5ffb-8837-9c4fd033feec,Tanpa Judul (Romanticism),Romanticism,wikiart_01423.jpg,,56.10,74.20,5600000,2025-11-11T08:40:43Z
6694f4e3-de92-58c6-9f7d-5d1b2a2cd5d2,a531998d-b66d-5191-a7da-a567327512a7,Tanpa Judul (Symbolism),Symbolism,wikiart_05144.jpg,,37.80,23.70,36000000,2024-11-11T19:06:37Z
25c2066a-13dd-5476-988c-f0fcc8901e7a,21a4ae7e-8f05-5294-9e2d-32d96779246e,Tanpa Judul (Realism),Realism,wikiart_04473.jpg,,90.10,62.20,8900000,2024-11-08T10:47:44Z
cc523a64-1322-5dbb-bfc8-927fc2f7cb2e,1d25dbba-d1e1-5b79-bb67-3d22aced6cb8,Tanpa Judul (Realism),Realism,wikiart_00729.jpg,,52.10,36.30,7000000,2024-11-18T01:07:53Z
015ec2d2-8ca4-597e-afde-6c386eea1b3a,5efed142-8369-554d-9ba2-c2f081036319,Tanpa Judul (Realism),Realism,wikiart_03030.jpg,,121.70,223.60,78000000,2025-05-05T08:48:22Z
51fca9f9-e735-59a5-8a2b-2a4af9e6e142,3ecb7039-f69e-55cd-869d-c7d7cf0962f6,Tanpa Judul (Expressionism),Expressionism,wikiart_01315.jpg,,66.70,64.80,32000000,2024-10-18T17:09:13Z
016e3061-d4e5-5302-b148-9b7014a01ca6,1d876d41-bc7a-55ee-91cf-65ffb2a4048b,Tanpa Judul (Impressionism),Impressionism,wikiart_01852.jpg,,93.50,77.60,120000000,2026-02-22T10:17:14Z
393e8a28-18e4-570b-8905-e21f0f45c3fd,951be198-4893-5acc-9f1d-ab202e87291b,Tanpa Judul (Post Impressionism),Post_Impressionism,wikiart_04832.jpg,,74.80,58.40,280000000,2024-10-26T20:56:08Z
1dae6471-d36d-5694-89c0-4a0ca8515a22,3e92a01c-1f80-5c38-9903-fe409c3d5d61,Tanpa Judul (Impressionism),Impressionism,wikiart_03641.jpg,,95.10,79.20,96000000,2024-10-11T04:48:02Z
ea05ce86-b170-5b50-af3b-98583655b1fa,a6782ff2-13ef-5b2b-a432-7d121a6ae6c4,Tanpa Judul (Expressionism),Expressionism,wikiart_04608.jpg,,73.30,51.80,9600000,2024-11-19T02:42:48Z
784f6648-d504-5733-ba76-2d90ce171c97,51c4d53d-91bb-5b40-bf86-1f46a9aa18a6,Tanpa Judul (Impressionism),Impressionism,wikiart_01647.jpg,,65.10,38.20,180000000,2024-10-16T15:58:48Z
8856b1b5-28c4-536b-9a51-9ff06bfdbd80,c868fe01-5c24-57bf-8ffb-fdc6d3ae09a2,Tanpa Judul (Naive Art Primitivism),Naive_Art_Primitivism,wikiart_02791.jpg,,88.00,66.00,11000000,2026-06-30T20:21:43Z
ab8ed29a-16c0-5aff-a748-0895c0b63fac,3ecb7039-f69e-55cd-869d-c7d7cf0962f6,Tanpa Judul (Realism),Realism,wikiart_00861.jpg,,143.20,184.50,97000000,2024-11-28T07:24:17Z
fe3a7edd-9bc9-5641-9147-cde7ecef33d1,3dbb220d-08c5-5e68-b9e9-4282c0cc891f,Tanpa Judul (Northern Renaissance),Northern_Renaissance,wikiart_00167.jpg,,54.60,75.80,46000000,2026-09-13T07:52:01Z
88e9b260-6faf-5962-ade6-501fa4e40cce,51c4d53d-91bb-5b40-bf86-1f46a9aa18a6,Tanpa Judul (Impressionism),Impressionism,wikiart_01923.jpg,,79.20,64.00,220000000,2024-10-25T07:39:05Z
2ab1fde1-1a62-502f-936a-dc83e4b3cec1,51c4d53d-91bb-5b40-bf86-1f46a9aa18a6,Tanpa Judul (Impressionism),Impressionism,wikiart_01009.jpg,,59.90,72.70,270000000,2024-10-17T01:05:46Z
293ec05c-7e03-5adf-88c1-95043dd7209a,1d25dbba-d1e1-5b79-bb67-3d22aced6cb8,Tanpa Judul (Realism),Realism,wikiart_05096.jpg,,71.60,51.40,9000000,2026-02-27T22:33:18Z
21cfc925-2c64-5431-9997-fd66b909fe3b,5a27ac9a-1e04-52e2-8392-12edbe43c594,Tanpa Judul (Impressionism),Impressionism,wikiart_05332.jpg,,60.90,32.90,2500000,2024-11-12T02:17:50Z
35c7b29b-9637-5c2d-b9ec-adc50431d84f,5efed142-8369-554d-9ba2-c2f081036319,Tanpa Judul (Impressionism),Impressionism,wikiart_03491.jpg,,28.20,19.90,11000000,2024-11-28T15:07:20Z
e2bd780c-8368-5b84-b4bd-a3b3346d9143,951be198-4893-5acc-9f1d-ab202e87291b,Tanpa Judul (Post Impressionism),Post_Impressionism,wikiart_00897.jpg,,55.90,75.70,170000000,2024-10-23T15:14:34Z
0ec664ec-c7d3-5d7b-aeb7-34296a1cf515,dad52c43-2eab-5272-a61d-dca032e6b1db,Tanpa Judul (Art Nouveau),Art_Nouveau,wikiart_00855.jpg,,85.10,128.40,4100000,2024-10-04T12:37:33Z
ce429a3f-ec80-53ff-afb8-96599df29666,dad52c43-2eab-5272-a61d-dca032e6b1db,Tanpa Judul (Art Nouveau),Art_Nouveau,wikiart_00761.jpg,,45.90,72.00,2000000,2024-11-29T21:40:34Z
498c72d4-3fc5-5527-81a5-da7c9ede578f,951be198-4893-5acc-9f1d-ab202e87291b,Tanpa Judul (Post Impressionism),Post_Impressionism,wikiart_05105.jpg,,82.80,67.00,160000000,2024-11-16T21:01:22Z
a15901b3-6a37-585e-a395-852817ec6245,51c4d53d-91bb-5b40-bf86-1f46a9aa18a6,Tanpa Judul (Impressionism),Impressionism,wikiart_03349.jpg,,64.00,48.20,220000000,2025-08-31T12:25:19Z
c12d33a0-df88-584c-9720-71a9bf3d3bca,d9c76b21-7320-5d80-9265-153dfdbc0c20,Tanpa Judul (Impressionism),Impressionism,wikiart_05616.jpg,,56.10,43.60,6600000,2025-03-01T13:57:32Z
32369688-f769-5f17-86d6-9071e3fb1542,3e92a01c-1f80-5c38-9903-fe409c3d5d61,Tanpa Judul (Impressionism),Impressionism,wikiart_00555.jpg,,82.40,67.40,96000000,2024-10-01T00:59:37Z
4a6d2c1b-b6c2-5548-abe6-6b9162211e1a,3e92a01c-1f80-5c38-9903-fe409c3d5d61,Tanpa Judul (Impressionism),Impressionism,wikiart_00888.jpg,,76.20,56.80,52000000,2024-12-18T10:57:08Z
075d5eef-811e-5c01-8fb7-483c9abab21c,5efed142-8369-554d-9ba2-c2f081036319,Tanpa Judul (Impressionism),Impressionism,wikiart_03463.jpg,,69.50,103.60,44000000,2025-12-09T18:51:59Z
17ef560d-0af4-5a32-b46c-c0c16dd75a47,c868fe01-5c24-57bf-8ffb-fdc6d3ae09a2,Tanpa Judul (Naive Art Primitivism),Naive_Art_Primitivism,wikiart_01700.jpg,,85.60,64.70,10000000,2024-10-23T21:07:10Z
c6fecb92-4248-59f1-bf6c-82e184ea2e20,a6782ff2-13ef-5b2b-a432-7d121a6ae6c4,Tanpa Judul (Realism),Realism,wikiart_03796.jpg,,64.40,80.50,8700000,2025-11-25T06:25:05Z
98565e7a-f9a6-5d3a-85c2-87f6b470fa27,51c4d53d-91bb-5b40-bf86-1f46a9aa18a6,Tanpa Judul (Impressionism),Impressionism,wikiart_02100.jpg,,33.70,51.10,170000000,2024-10-17T11:46:37Z
0755fe7e-828e-5025-b635-45e8facec221,3e92a01c-1f80-5c38-9903-fe409c3d5d61,Tanpa Judul (Impressionism),Impressionism,wikiart_02340.jpg,,52.60,41.90,33000000,2025-06-06T02:41:09Z
b8be6757-2cce-50c8-b022-3c3f0649ba60,5a27ac9a-1e04-52e2-8392-12edbe43c594,Tanpa Judul (Realism),Realism,wikiart_02992.jpg,,31.90,19.40,2300000,2026-03-29T08:28:31Z
84123035-a298-5787-9622-b167937b454b,a6782ff2-13ef-5b2b-a432-7d121a6ae6c4,Tanpa Judul (Realism),Realism,wikiart_00602.jpg,,75.50,62.50,11000000,2025-08-22T07:23:41Z
f4bfcd7d-92b8-5b37-9128-33966ed6f7e0,3dbb220d-08c5-5e68-b9e9-4282c0cc891f,Tanpa Judul (Northern Renaissance),Northern_Renaissance,wikiart_02917.jpg,,82.10,112.60,95000000,2026-01-24T08:58:06Z
96ae09bb-4795-5ff1-80fa-fb203408e5eb,3ecb7039-f69e-55cd-869d-c7d7cf0962f6,Tanpa Judul (Realism),Realism,wikiart_00665.jpg,,83.40,62.50,26000000,2025-06-23T19:59:33Z
73d91ad8-4a16-5506-aba7-a4b6c797391e,3dbb220d-08c5-5e68-b9e9-4282c0cc891f,Tanpa Judul (Northern Renaissance),Northern_Renaissance,wikiart_04023.jpg,,71.20,51.40,53000000,2024-11-10T15:05:23Z
2f5dee28-ebf8-5e44-9f53-0c86b0cc3f68,951be198-4893-5acc-9f1d-ab202e87291b,Tanpa Judul (Realism),Realism,wikiart_03354.jpg,,84.20,50.80,81000000,2024-11-30T18:56:17Z
99c40b4b-47ff-5002-a6c9-2bba9ef12253,1d876d41-bc7a-55ee-91cf-65ffb2a4048b,Tanpa Judul (Impressionism),Impressionism,wikiart_04264.jpg,,34.60,32.90,36000000,2024-10-03T08:25:58Z
05a7882e-9c16-5431-b31c-1244aafcb493,5d9ef8fa-9d26-5e45-87a1-4a45f17d0980,Tanpa Judul (Baroque),Baroque,wikiart_02377.jpg,,57.80,51.50,22000000,2024-11-19T23:03:42Z
27fede82-1bb7-5ecf-88b3-fd6cdf017c84,dbc6f383-447d-5f26-a2f4-86753b3c416a,Tanpa Judul (Realism),Realism,wikiart_03525.jpg,,36.60,27.10,9000000,2024-11-22T08:07:49Z
7d432cba-10df-50ab-bc4c-dc0bac8b0a1d,3e92a01c-1f80-5c38-9903-fe409c3d5d61,Tanpa Judul (Impressionism),Impressionism,wikiart_05084.jpg,,52.90,41.50,22000000,2025-03-28T02:02:56Z
5da494c6-155b-5807-8d76-7e4a64cab5ee,1d876d41-bc7a-55ee-91cf-65ffb2a4048b,Tanpa Judul (Impressionism),Impressionism,wikiart_04813.jpg,,105.60,126.90,130000000,2025-10-20T16:33:39Z
11e5b14d-1962-56b9-b033-71ab10cd7968,6fe7b986-2984-567c-a4cc-509a0769266a,Tanpa Judul (Romanticism),Romanticism,wikiart_01725.jpg,,88.00,116.40,20000000,2026-03-04T05:55:56Z
725e9fc7-4377-5d8e-8c8e-96620722fefd,3dbb220d-08c5-5e68-b9e9-4282c0cc891f,Tanpa Judul (Northern Renaissance),Northern_Renaissance,wikiart_01546.jpg,,75.70,103.10,63000000,2025-06-14T07:04:52Z
437de011-3912-5fac-9b2a-1c79eaf017f0,04432a0f-51e1-5293-a8dc-89755e574853,Tanpa Judul (Impressionism),Impressionism,wikiart_02312.jpg,,56.30,76.90,56000000,2024-10-27T21:07:55Z
63ba1220-779c-5732-a9e8-f7d5cd164f34,6fe7b986-2984-567c-a4cc-509a0769266a,Tanpa Judul (Romanticism),Romanticism,wikiart_02034.jpg,,42.40,32.10,12000000,2026-03-07T06:19:39Z
56501962-0787-53a7-b241-47f212fb7c05,5d9ef8fa-9d26-5e45-87a1-4a45f17d0980,Tanpa Judul (Baroque),Baroque,wikiart_01197.jpg,,64.10,78.70,41000000,2024-11-27T07:40:54Z
768f1aab-b8f5-5dce-bbdc-650ecdca5167,951be198-4893-5acc-9f1d-ab202e87291b,Tanpa Judul (Realism),Realism,wikiart_01457.jpg,,88.50,180.90,270000000,2025-10-18T15:39:22Z
70a84b9a-831c-5d29-9113-ad876989ac87,64668e48-371b-5ffb-8837-9c4fd033feec,Tanpa Judul (Romanticism),Romanticism,wikiart_02745.jpg,,69.30,90.70,12000000,2024-10-25T22:42:07Z
4999cbde-be23-55e5-8ef5-97d320c0559c,dbc6f383-447d-5f26-a2f4-86753b3c416a,Tanpa Judul (Art Nouveau),Art_Nouveau,wikiart_00088.jpg,,34.40,25.80,8400000,2024-10-03T05:41:52Z
f220df78-6c43-5597-838b-02b0bdcb8271,5d9ef8fa-9d26-5e45-87a1-4a45f17d0980,Tanpa Judul (Baroque),Baroque,wikiart_02378.jpg,,62.20,87.40,46000000,2026-02-14T19:43:17Z
b9dedd53-be7d-57b2-b7f4-3f22a31efa0b,c868fe01-5c24-57bf-8ffb-fdc6d3ae09a2,Tanpa Judul (Naive Art Primitivism),Naive_Art_Primitivism,wikiart_02231.jpg,,30.70,33.90,4900000,2026-02-27T04:21:25Z
d3dd36c8-b3d9-503b-b19e-69e5bb8e4bfe,7cf14239-60d5-5ff0-9270-0d2dd0d62e05,Tanpa Judul (Symbolism),Symbolism,wikiart_03352.jpg,,79.50,115.50,8700000,2024-11-19T05:37:49Z
8cf5541a-7f59-5689-b6f9-5f1ad7c4af44,3ecb7039-f69e-55cd-869d-c7d7cf0962f6,Tanpa Judul (Post Impressionism),Post_Impressionism,wikiart_00752.jpg,,47.10,35.60,20000000,2024-11-12T02:09:37Z
2d103cfb-32f9-5291-aeac-ea34061c88e0,5d9ef8fa-9d26-5e45-87a1-4a45f17d0980,Tanpa Judul (Baroque),Baroque,wikiart_01804.jpg,,39.10,51.10,18000000,2026-03-22T16:11:50Z
52dcc3fc-55ee-5da2-abd2-dea247cac675,6fe7b986-2984-567c-a4cc-509a0769266a,Tanpa Judul (Romanticism),Romanticism,wikiart_00699.jpg,,79.90,101.30,20000000,2024-11-12T16:36:38Z
35761db0-2c06-54dc-bda1-3a407fbac6e6,3e92a01c-1f80-5c38-9903-fe409c3d5d61,Tanpa Judul (Impressionism),Impressionism,wikiart_03379.jpg,,73.00,98.30,54000000,2024-10-23T18:19:46Z
78bb2246-503a-5f94-91ab-cdd45abd1a22,a6782ff2-13ef-5b2b-a432-7d121a6ae6c4,Tanpa Judul (Realism),Realism,wikiart_03745.jpg,,65.10,84.50,8900000,2026-09-01T04:52:34Z
4c6861aa-290c-53f1-808e-3e6cbd17a516,dd4aa9b5-3247-5ea3-9589-db5aa169c4e0,Tanpa Judul (Post Impressionism),Post_Impressionism,wikiart_01439.jpg,,129.20,159.60,20000000,2026-09-23T23:00:21Z
bab182e9-8ce4-54e4-8dc3-eeed71863c7c,dbc6f383-447d-5f26-a2f4-86753b3c416a,Tanpa Judul (Realism),Realism,wikiart_03820.jpg,,74.90,64.80,19000000,2026-05-06T18:44:32Z
556ac5bd-b36f-5124-8750-d92fefc82d2d,3dbb220d-08c5-5e68-b9e9-4282c0cc891f,Tanpa Judul (Northern Renaissance),Northern_Renaissance,wikiart_01991.jpg,,47.90,69.90,68000000,2026-09-27T11:32:24Z
c290d445-8286-5e28-924d-d7c1b4fed4ee,3ecb7039-f69e-55cd-869d-c7d7cf0962f6,Tanpa Judul (Post Impressionism),Post_Impressionism,wikiart_01192.jpg,,72.00,89.20,36000000,2024-11-13T20:49:41Z
535c9625-1504-565b-a907-e28029ee57fa,951be198-4893-5acc-9f1d-ab202e87291b,Tanpa Judul (Post Impressionism),Post_Impressionism,wikiart_02850.jpg,,54.30,41.70,120000000,2025-09-27T08:37:39Z
a526b503-1398-50bd-b977-4c53d9a16d9c,951be198-4893-5acc-9f1d-ab202e87291b,Tanpa Judul (Realism),Realism,wikiart_02544.jpg,,93.50,40.00,130000000,2024-10-24T11:05:45Z
1fb088a2-f1e5-507f-bfb6-ae0ff0e46108,dbc6f383-447d-5f26-a2f4-86753b3c416a,Tanpa Judul (Realism),Realism,wikiart_01610.jpg,,66.20,47.40,19000000,2026-05-28T02:31:02Z
8ddfba28-8789-56b3-86fe-8af96739fab3,23ba78b5-421a-5447-b022-5a66fe8d084d,Tanpa Judul (Cubism),Cubism,wikiart_01415.jpg,,68.50,88.50,15000000,2024-12-20T01:14:07Z
46c0e3ef-5680-5983-b651-ba46ba8b7eb2,5d9ef8fa-9d26-5e45-87a1-4a45f17d0980,Tanpa Judul (Baroque),Baroque,wikiart_02094.jpg,,36.20,64.00,28000000,2024-10-29T15:29:48Z
33ee5a50-7570-591f-8ecd-c36e6464059a,64668e48-371b-5ffb-8837-9c4fd033feec,Tanpa Judul (Romanticism),Romanticism,wikiart_03324.jpg,,61.30,50.90,6800000,2024-11-04T23:40:26Z
cf5034a3-a27b-565f-9f80-375739d3d25e,04432a0f-51e1-5293-a8dc-89755e574853,Tanpa Judul (Impressionism),Impressionism,wikiart_04026.jpg,,58.80,67.70,58000000,2026-06-14T18:36:18Z
b1ae39b3-f7b9-5c19-8b7e-e5edc207d28e,1d25dbba-d1e1-5b79-bb67-3d22aced6cb8,Tanpa Judul (Realism),Realism,wikiart_02804.jpg,,41.90,27.70,5700000,2025-03-19T13:39:53Z
25dd2d21-eb4f-5b09-a012-e921b77a1abe,951be198-4893-5acc-9f1d-ab202e87291b,Tanpa Judul (Realism),Realism,wikiart_05519.jpg,,55.50,32.70,48000000,2025-05-10T00:58:23Z
57524ae8-e380-57cb-90e8-ce598eff8681,1d876d41-bc7a-55ee-91cf-65ffb2a4048b,Tanpa Judul (Impressionism),Impressionism,wikiart_00044.jpg,,69.90,48.60,63000000,2025-10-13T03:49:27Z
796ab8ac-bab7-52b6-9bdd-179cdc5b16a6,dad52c43-2eab-5272-a61d-dca032e6b1db,Tanpa Judul (Art Nouveau),Art_Nouveau,wikiart_01591.jpg,,59.90,93.80,2900000,2024-11-25T08:07:58Z
8eb827d5-4f11-5657-9748-fe8a9dab2e34,d9c76b21-7320-5d80-9265-153dfdbc0c20,Tanpa Judul (Impressionism),Impressionism,wikiart_00991.jpg,,36.60,56.00,7400000,2024-11-03T02:44:58Z
04393ef2-a47c-5658-89fa-61d255a593b4,c868fe01-5c24-57bf-8ffb-fdc6d3ae09a2,Tanpa Judul (Naive Art Primitivism),Naive_Art_Primitivism,wikiart_01235.jpg,,54.50,56.60,9300000,2025-09-23T00:03:47Z
84d44eca-e210-5f90-aa20-3e422445688b,a531998d-b66d-5191-a7da-a567327512a7,Tanpa Judul (Art Nouveau),Art_Nouveau,wikiart_04564.jpg,,50.90,34.70,130000000,2025-02-16T10:41:15Z
3909c7f5-452c-52d8-988f-40d727561cfb,5a27ac9a-1e04-52e2-8392-12edbe43c594,Tanpa Judul (Realism),Realism,wikiart_01896.jpg,,64.20,38.10,3600000,2024-11-21T18:31:56Z
3fdedd75-4f12-5e72-b010-422da8a59139,951be198-4893-5acc-9f1d-ab202e87291b,Tanpa Judul (Post Impressionism),Post_Impressionism,wikiart_02946.jpg,,61.80,50.10,77000000,2024-11-18T21:25:44Z
3685e819-9202-5fc3-9d92-9508e15f3dd4,dd4aa9b5-3247-5ea3-9589-db5aa169c4e0,Tanpa Judul (Romanticism),Romanticism,wikiart_02410.jpg,,51.90,168.30,10000000,2026-01-04T22:08:41Z
4a8a9e00-f04b-5373-8b47-1247af71afb2,51c4d53d-91bb-5b40-bf86-1f46a9aa18a6,Tanpa Judul (Impressionism),Impressionism,wikiart_01721.jpg,,51.20,60.20,200000000,2025-09-03T18:47:41Z
9738d093-6198-5816-b237-41f4c394d3ac,951be198-4893-5acc-9f1d-ab202e87291b,Tanpa Judul (Post Impressionism),Post_Impressionism,wikiart_03237.jpg,,61.40,48.90,95000000,2025-05-30T01:46:50Z
6f53d8a2-7b9c-54be-8f83-206adf2797f4,21a4ae7e-8f05-5294-9e2d-32d96779246e,Tanpa Judul (Realism),Realism,wikiart_01283.jpg,,84.00,105.30,13000000,2026-07-17T19:08:25Z
ac086488-28d1-510f-9ea6-7f1dfc3dd2c3,1d876d41-bc7a-55ee-91cf-65ffb2a4048b,Tanpa Judul (Impressionism),Impressionism,wikiart_03535.jpg,,66.10,84.40,150000000,2026-04-15T15:42:21Z
a34b464a-e0ed-50c4-bf30-eb007c95be9f,5efed142-8369-554d-9ba2-c2f081036319,Tanpa Judul (Realism),Realism,wikiart_03184.jpg,,98.70,152.80,55000000,2026-03-07T01:37:07Z
806c2c63-1e4c-5234-badd-85cf308bdd40,1d25dbba-d1e1-5b79-bb67-3d22aced6cb8,Tanpa Judul (Realism),Realism,wikiart_02434.jpg,,89.20,127.70,16000000,2024-11-20T04:03:34Z
5ecc8767-8a5a-5125-833b-f2592fa44828,951be198-4893-5acc-9f1d-ab202e87291b,Tanpa Judul (Realism),Realism,wikiart_02525.jpg,,101.30,132.20,210000000,2024-11-27T01:15:12Z
21b110a9-176d-5123-ae0c-1537ab4b26fe,7cf14239-60d5-5ff0-9270-0d2dd0d62e05,Tanpa Judul (Symbolism),Symbolism,wikiart_03977.jpg,,96.90,129.10,8900000,2026-03-01T05:18:22Z
c402901f-bcd5-50f1-9b7b-6bd690b8639f,c868fe01-5c24-57bf-8ffb-fdc6d3ae09a2,Tanpa Judul (Naive Art Primitivism),Naive_Art_Primitivism,wikiart_05653.jpg,,103.70,138.30,18000000,2025-08-04T23:24:14Z
103c76e9-4997-5b31-92e1-e92276b6b167,a531998d-b66d-5191-a7da-a567327512a7,Tanpa Judul (Realism),Realism,wikiart_01010.jpg,,40.10,50.90,150000000,2026-08-30T07:42:42Z
00795856-93c3-5b39-a80b-14c1fd15860f,dad52c43-2eab-5272-a61d-dca032e6b1db,Tanpa Judul (Art Nouveau),Art_Nouveau,wikiart_04451.jpg,,75.30,123.30,5900000,2026-07-14T04:36:34Z
f14eed3f-1ffe-5e29-bd78-8256d2d7a2ee,6fe7b986-2984-567c-a4cc-509a0769266a,Tanpa Judul (Romanticism),Romanticism,wikiart_05209.jpg,,91.90,69.50,19000000,2026-03-22T22:54:44Z
86262572-4407-5dda-be1c-dacbe552abec,3ecb7039-f69e-55cd-869d-c7d7cf0962f6,Tanpa Judul (Post Impressionism),Post_Impressionism,wikiart_03108.jpg,,97.90,91.60,58000000,2026-04-11T14:32:53Z
7d1abbed-299c-5848-8652-f062aefe07b1,5d9ef8fa-9d26-5e45-87a1-4a45f17d0980,Tanpa Judul (Baroque),Baroque,wikiart_04551.jpg,,45.80,57.40,32000000,2025-08-04T23:27:08Z
d3e44800-2065-55c9-89e7-f90807ac4f1b,3ecb7039-f69e-55cd-869d-c7d7cf0962f6,Tanpa Judul (Impressionism),Impressionism,wikiart_02257.jpg,,75.50,51.20,18000000,2024-10-10T04:22:23Z
30726f1e-8632-5c3d-bd5a-6bc4c8083dcb,c868fe01-5c24-57bf-8ffb-fdc6d3ae09a2,Tanpa Judul (Naive Art Primitivism),Naive_Art_Primitivism,wikiart_01326.jpg,,61.60,84.10,14000000,2025-02-17T06:07:04Z
70b16731-9622-5b33-8374-df3bf8e25661,3ecb7039-f69e-55cd-869d-c7d7cf0962f6,Tanpa Judul (Realism),Realism,wikiart_03481.jpg,,114.50,160.00,120000000,2025-12-07T20:28:24Z
48098d4d-53c0-5f53-a0be-c3ab631faa28,a531998d-b66d-5191-a7da-a567327512a7,Tanpa Judul (Symbolism),Symbolism,wikiart_04485.jpg,,36.90,24.30,72000000,2025-06-26T22:18:13Z
c29b1d75-baf5-5f68-932a-7d9553092843,21a4ae7e-8f05-5294-9e2d-32d96779246e,Tanpa Judul (Realism),Realism,wikiart_00093.jpg,,45.80,53.10,4400000,2024-10-27T05:11:27Z
7d7e1e7f-ae89-5b72-8fa2-dcd14bf3d596,a531998d-b66d-5191-a7da-a567327512a7,Tanpa Judul (Art Nouveau),Art_Nouveau,wikiart_00982.jpg,,31.80,61.60,120000000,2026-08-21T08:41:07Z
a0f75fd4-a5f6-5a73-9dd6-ccc526a1ffad,dad52c43-2eab-5272-a61d-dca032e6b1db,Tanpa Judul (Art Nouveau),Art_Nouveau,wikiart_02084.jpg,,63.10,89.90,6000000,2024-11-27T14:35:31Z
d53e70ab-9e55-5f5a-8308-9a4b80458bb4,951be198-4893-5acc-9f1d-ab202e87291b,Tanpa Judul (Realism),Realism,wikiart_04938.jpg,,132.50,143.00,300000000,2026-05-27T09:22:43Z
3e048a22-f452-54db-8f08-c85b1c4bde86,a531998d-b66d-5191-a7da-a567327512a7,Tanpa Judul (Art Nouveau),Art_Nouveau,wikiart_05607.jpg,,59.10,89.80,180000000,2024-11-08T17:49:34Z
c510d302-6a06-596b-bb6c-984607ee00bd,51c4d53d-91bb-5b40-bf86-1f46a9aa18a6,Tanpa Judul (Impressionism),Impressionism,wikiart_00071.jpg,,62.20,42.00,280000000,2024-10-21T19:59:00Z
15cb4127-a43f-5dca-b772-cc059d376458,64668e48-371b-5ffb-8837-9c4fd033feec,Tanpa Judul (Romanticism),Romanticism,wikiart_02129.jpg,,72.70,48.90,5300000,2024-10-30T09:59:59Z
2c79a3b4-556b-5534-ad8f-de9cd4af2885,d9c76b21-7320-5d80-9265-153dfdbc0c20,Tanpa Judul (Impressionism),Impressionism,wikiart_04540.jpg,,57.60,69.30,8700000,2024-11-11T09:57:32Z
4fb4dc3a-6eb9-5501-8756-9d48ead1d637,dbc6f383-447d-5f26-a2f4-86753b3c416a,Tanpa Judul (Art Nouveau),Art_Nouveau,wikiart_04359.jpg,,68.20,39.70,15000000,2025-08-27T09:26:01Z
f55f258a-3e92-5163-8447-351b30d1dc76,5efed142-8369-554d-9ba2-c2f081036319,Tanpa Judul (Realism),Realism,wikiart_02197.jpg,,68.80,137.20,43000000,2024-11-04T00:15:35Z
dc7a20d7-16a5-5b10-b618-60ee216567be,04432a0f-51e1-5293-a8dc-89755e574853,Tanpa Judul (Impressionism),Impressionism,wikiart_03532.jpg,,44.60,33.50,18000000,2026-01-30T04:51:58Z
452cb535-db93-5c2d-89ad-f8ece33b2d62,04432a0f-51e1-5293-a8dc-89755e574853,Tanpa Judul (Impressionism),Impressionism,wikiart_02365.jpg,,58.10,46.90,30000000,2025-09-18T20:15:38Z
f10293dc-96de-57bd-a855-23a4ed0958b1,64668e48-371b-5ffb-8837-9c4fd033feec,Tanpa Judul (Romanticism),Romanticism,wikiart_02671.jpg,,77.80,47.00,8100000,2024-11-23T21:07:29Z
81eb027f-b93a-5642-8d4b-c031bb56d2c3,5d9ef8fa-9d26-5e45-87a1-4a45f17d0980,Tanpa Judul (Baroque),Baroque,wikiart_03696.jpg,,83.00,98.40,71000000,2025-06-11T01:08:46Z
c8f101a5-43c4-533a-9a95-b11cfaba6d9d,c868fe01-5c24-57bf-8ffb-fdc6d3ae09a2,Tanpa Judul (Naive Art Primitivism),Naive_Art_Primitivism,wikiart_03078.jpg,,94.50,123.30,25000000,2024-10-26T17:04:57Z
13e7b60e-7444-5133-86b0-ca2147ca37f1,951be198-4893-5acc-9f1d-ab202e87291b,Tanpa Judul (Post Impressionism),Post_Impressionism,wikiart_00485.jpg,,67.50,54.10,130000000,2024-11-15T17:45:10Z
ba08abb1-4e64-5cbf-8c31-d9b80b67d1ca,dad52c43-2eab-5272-a61d-dca032e6b1db,Tanpa Judul (Art Nouveau),Art_Nouveau,wikiart_02687.jpg,,68.00,104.30,3800000,2025-03-01T10:32:02Z
3c53f39a-0eff-5ba4-bb7a-08d4288455d6,5a27ac9a-1e04-52e2-8392-12edbe43c594,Tanpa Judul (Impressionism),Impressionism,wikiart_03483.jpg,,78.00,104.20,8500000,2026-02-22T07:38:25Z
33bb4e65-cceb-5e80-b4fa-de8d5d6666a0,951be198-4893-5acc-9f1d-ab202e87291b,Tanpa Judul (Realism),Realism,wikiart_00334.jpg,,48.70,81.80,110000000,2024-10-21T09:33:43Z
14f95cd9-3313-5ec7-b7cd-dbc485af5d44,5a27ac9a-1e04-52e2-8392-12edbe43c594,Tanpa Judul (Impressionism),Impressionism,wikiart_02092.jpg,,48.00,33.50,3300000,2026-06-19T05:31:02Z
5e3ef6e6-7fb3-53a4-a0f5-532f669f88b1,dd4aa9b5-3247-5ea3-9589-db5aa169c4e0,Tanpa Judul (Romanticism),Romanticism,wikiart_02133.jpg,,57.40,24.20,2300000,2026-04-03T22:00:12Z
a41f8512-e9b0-518c-b992-0652b4e99b73,5d9ef8fa-9d26-5e45-87a1-4a45f17d0980,Tanpa Judul (Baroque),Baroque,wikiart_00470.jpg,,38.40,51.60,25000000,2025-10-25T07:19:42Z
baa7814a-a52b-5ddc-aaf4-2dabe52b5cfb,1d876d41-bc7a-55ee-91cf-65ffb2a4048b,Tanpa Judul (Impressionism),Impressionism,wikiart_03474.jpg,,69.20,85.50,95000000,2025-05-16T06:27:20Z
ae8320c0-23cf-5732-963b-100450d9ccf0,a531998d-b66d-5191-a7da-a567327512a7,Tanpa Judul (Symbolism),Symbolism,wikiart_01973.jpg,,86.60,58.20,110000000,2024-10-06T01:26:41Z
57c98359-f1df-5a72-b39c-9e618ffedfc0,21a4ae7e-8f05-5294-9e2d-32d96779246e,Tanpa Judul (Realism),Realism,wikiart_02976.jpg,,46.80,69.20,3700000,2024-10-30T19:40:39Z
c2e50568-6a56-58eb-a0f0-0f9cdebc463b,951be198-4893-5acc-9f1d-ab202e87291b,Tanpa Judul (Realism),Realism,wikiart_02699.jpg,,69.90,91.90,170000000,2025-04-29T14:54:56Z
4951b3f3-ce55-58f1-9612-3e8eda51e53a,3e92a01c-1f80-5c38-9903-fe409c3d5d61,Tanpa Judul (Impressionism),Impressionism,wikiart_04034.jpg,,48.10,33.60,25000000,2025-03-31T19:44:47Z
687742d1-3cd9-56c5-8676-48626ee4719b,951be198-4893-5acc-9f1d-ab202e87291b,Tanpa Judul (Post Impressionism),Post_Impressionism,wikiart_03258.jpg,,42.00,31.10,71000000,2024-11-04T10:51:20Z
5d73edeb-a466-55d7-8d79-f423a2241ce8,3ecb7039-f69e-55cd-869d-c7d7cf0962f6,Tanpa Judul (Realism),Realism,wikiart_00312.jpg,,123.20,110.60,55000000,2024-11-26T00:09:02Z
e3e75b09-ba72-5a75-a835-c9a1209bff7b,51c4d53d-91bb-5b40-bf86-1f46a9aa18a6,Tanpa Judul (Impressionism),Impressionism,wikiart_00992.jpg,,42.20,28.10,130000000,2024-10-24T13:55:16Z
791dc317-040d-5675-90f8-fe75735fd79a,dbc6f383-447d-5f26-a2f4-86753b3c416a,Tanpa Judul (Art Nouveau),Art_Nouveau,wikiart_05383.jpg,,38.30,29.20,4700000,2026-08-22T04:57:48Z
505811dc-37f0-59f7-bb46-ddcc8ebfaeb5,dbc6f383-447d-5f26-a2f4-86753b3c416a,Tanpa Judul (Art Nouveau),Art_Nouveau,wikiart_00106.jpg,,64.70,74.70,26000000,2025-05-11T11:12:18Z
f0c9585a-029a-5336-aa73-20a2632494ab,951be198-4893-5acc-9f1d-ab202e87291b,Tanpa Judul (Post Impressionism),Post_Impressionism,wikiart_01350.jpg,,65.90,90.70,170000000,2025-07-14T00:23:34Z
5df9a9af-d153-5652-a0bb-552500df0b52,51c4d53d-91bb-5b40-bf86-1f46a9aa18a6,Tanpa Judul (Impressionism),Impressionism,wikiart_05529.jpg,,75.80,57.40,370000000,2024-10-16T15:12:35Z
cb0e2c12-dd5a-53d2-b86b-016c0d3c6263,5d9ef8fa-9d26-5e45-87a1-4a45f17d0980,Tanpa Judul (Baroque),Baroque,wikiart_04270.jpg,,120.90,100.90,45000000,2025-07-21T18:07:47Z
07d19c93-c674-54cb-9448-012eb1b60c3f,c868fe01-5c24-57bf-8ffb-fdc6d3ae09a2,Tanpa Judul (Naive Art Primitivism),Naive_Art_Primitivism,wikiart_04232.jpg,,45.70,62.40,7300000,2026-09-07T19:19:00Z
7dcfe448-fc37-55f9-94bc-fbf7e72e3f1e,dd4aa9b5-3247-5ea3-9589-db5aa169c4e0,Tanpa Judul (Impressionism),Impressionism,wikiart_01086.jpg,,49.00,39.20,3200000,2024-10-06T13:07:28Z
88b9caba-0a1b-53bd-a7e8-80104ac401eb,5d9ef8fa-9d26-5e45-87a1-4a45f17d0980,Tanpa Judul (Baroque),Baroque,wikiart_02179.jpg,,105.40,133.20,46000000,2025-09-10T11:17:44Z
7fcbb956-98a6-5ae1-bb9d-9daab0a2a18e,51c4d53d-91bb-5b40-bf86-1f46a9aa18a6,Tanpa Judul (Impressionism),Impressionism,wikiart_04788.jpg,,83.30,49.50,240000000,2025-05-12T12:45:54Z
9dcb3ba1-553e-5749-aa47-90d2a3804917,1d876d41-bc7a-55ee-91cf-65ffb2a4048b,Tanpa Judul (Impressionism),Impressionism,wikiart_02628.jpg,,79.40,95.70,53000000,2025-06-24T02:44:05Z
4d9d001e-e704-59b4-9350-e1239aec58c8,64668e48-371b-5ffb-8837-9c4fd033feec,Tanpa Judul (Romanticism),Romanticism,wikiart_00490.jpg,,48.80,38.60,3800000,2025-12-19T08:42:30Z
b7dbded1-84fe-54b7-811c-9984aa63f09e,3e92a01c-1f80-5c38-9903-fe409c3d5d61,Tanpa Judul (Impressionism),Impressionism,wikiart_00440.jpg,,89.00,73.80,73000000,2025-04-03T23:38:40Z
8a86151a-d3a2-5132-b61f-ac00c644fc58,d9c76b21-7320-5d80-9265-153dfdbc0c20,Tanpa Judul (Impressionism),Impressionism,wikiart_02858.jpg,,79.50,80.10,8100000,2025-01-19T11:10:49Z
2a377e88-7250-5861-abcb-6b79cfec173c,951be198-4893-5acc-9f1d-ab202e87291b,Tanpa Judul (Post Impressionism),Post_Impressionism,wikiart_04182.jpg,,64.10,103.50,160000000,2024-10-14T08:00:28Z
ed9b870b-d8a5-5766-bbb6-b8bf5d48c516,1d25dbba-d1e1-5b79-bb67-3d22aced6cb8,Tanpa Judul (Realism),Realism,wikiart_04937.jpg,,48.90,34.00,6400000,2024-10-24T01:42:43Z
72bf9ffb-64c2-5e41-9aa2-4d0bc36c3402,6fe7b986-2984-567c-a4cc-509a0769266a,Tanpa Judul (Romanticism),Romanticism,wikiart_03428.jpg,,62.30,77.60,20000000,2024-11-11T19:55:19Z
56698f0c-0af9-5d5b-9757-f8ed47ee633b,951be198-4893-5acc-9f1d-ab202e87291b,Tanpa Judul (Post Impressionism),Post_Impressionism,wikiart_03332.jpg,,106.80,86.40,270000000,2026-06-04T17:04:13Z
1fca1627-4bea-56ca-a1b0-19237b2f97f3,951be198-4893-5acc-9f1d-ab202e87291b,Tanpa Judul (Realism),Realism,wikiart_03534.jpg,,40.90,69.30,110000000,2025-10-21T17:54:11Z
d4ec1206-82c9-5849-946a-d300fb95bc79,6fe7b986-2984-567c-a4cc-509a0769266a,Tanpa Judul (Romanticism),Romanticism,wikiart_05149.jpg,,45.40,61.80,10000000,2026-04-27T11:31:21Z
9c6cd603-e172-509d-aa7d-27784ef9d453,3ecb7039-f69e-55cd-869d-c7d7cf0962f6,Tanpa Judul (Post Impressionism),Post_Impressionism,wikiart_01612.jpg,,48.20,31.30,17000000,2024-10-14T05:02:33Z
0a12bf5b-324f-52bd-9440-5a343e331d5a,dad52c43-2eab-5272-a61d-dca032e6b1db,Tanpa Judul (Art Nouveau),Art_Nouveau,wikiart_03789.jpg,,52.00,77.60,4700000,2024-10-17T23:37:49Z
