id,karya_id,pembeli_id,penjual_id,harga_final_idr,komisi_platform_idr,status,created_at
6f4eefe5-a3bd-5cd3-9c3b-7d567e6ca34b,43ed16a9-8973-5c50-9ecb-cf6c64e927c1,1ce43ec5-d4d8-5876-b70b-a8604b35b51c,04432a0f-51e1-5293-a8dc-89755e574853,25500000,2550000,selesai,2024-11-22T06:38:09Z
bcaf33b3-10cf-5a8a-b090-81673bc74000,b753a0e5-4f07-53e3-951f-276f7abbf483,ce7d11b4-b434-57d4-a507-54d40c8eb223,951be198-4893-5acc-9f1d-ab202e87291b,136000000,13600000,selesai,2024-12-14T23:36:25Z
c6485480-d6a5-505a-ae51-cf0d33eab6f2,05eb64c2-7f89-5c54-91a5-4260b857518c,18188d25-bf5b-53cd-9e1e-ae24e999923a,3e92a01c-1f80-5c38-9903-fe409c3d5d61,68800000,6880000,selesai,2024-12-25T15:39:56Z
b685ac8c-0bf2-5470-907c-674b55cb1ee4,ed9b870b-d8a5-5766-bbb6-b8bf5d48c516,c20dda97-37cd-5f2d-9c16-970d5069464f,1d25dbba-d1e1-5b79-bb67-3d22aced6cb8,5840000,584000,selesai,2025-01-03T07:26:08Z
04bfcc2a-8dfe-56ce-b2e0-34941b5d24ae,c3a0377c-bdc1-52bf-9b16-7e5654ced635,20c215f6-dead-53da-9e03-a4122e455668,a531998d-b66d-5191-a7da-a567327512a7,68300000,6830000,selesai,2025-01-10T17:34:42Z
a30b4437-9558-53ae-95ee-fd9705f62a40,074ceefa-9c1b-5c8f-9b64-e4bd17269baa,45eeb1ae-c130-5872-b1d9-8041abc064f6,c868fe01-5c24-57bf-8ffb-fdc6d3ae09a2,11600000,1160000,selesai,2025-01-12T17:28:16Z
5a4a95dc-460c-54df-be0d-3e87b51dfc77,471f1a33-c1f7-5254-9059-cd7dca55ccc2,58f42b9d-4015-51fe-8410-cefbda4f365f,3dbb220d-08c5-5e68-b9e9-4282c0cc891f,26000000,2600000,selesai,2025-01-18T07:11:12Z
b51e031e-2f26-515e-aac0-9b3e21bbf0d2,70d619fc-d87f-5c3d-8c83-78e9b306b768,509ff7d1-c1b7-532b-b451-eb13d4d19087,d9c76b21-7320-5d80-9265-153dfdbc0c20,11900000,1190000,selesai,2025-01-26T08:54:14Z
1b0c9190-04c9-5d73-9fbd-1803b9c30316,cf704b67-c098-5cdd-9c71-511d2a590a26,18188d25-bf5b-53cd-9e1e-ae24e999923a,04432a0f-51e1-5293-a8dc-89755e574853,25700000,2570000,selesai,2025-02-03T02:35:08Z
7185ec36-03d5-5972-82b7-7be77eb2d2dc,fb710a8c-8fec-5731-92b0-cb66016f9c31,1ce43ec5-d4d8-5876-b70b-a8604b35b51c,3e92a01c-1f80-5c38-9903-fe409c3d5d61,18500000,1850000,selesai,2025-02-03T06:45:20Z
0fed06fd-bfb5-5570-b9c7-b0c62cd8aed1,8f9d0feb-7db6-5a03-834c-4f9e59f74f77,7826a75f-b01b-5b15-8090-950a730170ee,d9c76b21-7320-5d80-9265-153dfdbc0c20,9700000,970000,selesai,2025-02-03T15:22:13Z
e2df049c-c6d6-5437-8834-1d4bb158c8ad,51ab0f3f-cd24-571c-8a03-503262b556ca,1ce43ec5-d4d8-5876-b70b-a8604b35b51c,c868fe01-5c24-57bf-8ffb-fdc6d3ae09a2,13400000,1340000,selesai,2025-02-04T13:48:43Z
c9d5bf7f-b4d8-5650-97a3-29c4ba2735e1,393e8a28-18e4-570b-8905-e21f0f45c3fd,1300d8c2-f127-540c-9bf8-d3c4f74f741d,951be198-4893-5acc-9f1d-ab202e87291b,248000000,24800000,selesai,2025-02-07T17:00:20Z
538c8fe2-4696-5db2-8a6f-6b404b7bb685,47d040a6-37d6-59ed-8188-6b4cf74b567c,20c215f6-dead-53da-9e03-a4122e455668,a6782ff2-13ef-5b2b-a432-7d121a6ae6c4,20100000,2010000,selesai,2025-02-16T04:42:38Z
a79e45c8-7952-57e1-b956-c817c2d3b349,833230f7-1055-5800-9ee7-11c568d9efcf,20c215f6-dead-53da-9e03-a4122e455668,1d876d41-bc7a-55ee-91cf-65ffb2a4048b,71100000,7110000,selesai,2025-02-17T01:28:02Z
235694ab-75d0-575d-a2cb-79bf93fbd661,4cb7ae7b-053f-572f-806b-1f13051cb070,a493392b-9bbc-58d0-8311-0ac95fc74fd0,c868fe01-5c24-57bf-8ffb-fdc6d3ae09a2,5780000,578000,selesai,2025-02-19T09:08:13Z
5652474a-6ed5-5351-a282-0f6bfad1c2a0,55fec10c-35e5-5123-a134-8225f8767b5b,0d183f9b-5c2d-50cd-a21b-7a4ff5175951,a531998d-b66d-5191-a7da-a567327512a7,223000000,22300000,selesai,2025-02-26T02:44:01Z
ca5090c8-1054-5b5d-a3ae-6ef580a9eb77,6200880d-6b5c-5851-ba59-9940b0e08e86,0fb9478f-5318-5993-a4e3-03075a05174d,04432a0f-51e1-5293-a8dc-89755e574853,48900000,4890000,selesai,2025-02-27T14:14:56Z
2787fd4d-4f68-586a-af2d-d872356ef39a,29d5b6a7-0583-5966-b0b4-6b3390b8b41b,546965ee-d8ae-5195-ac49-c2d0521933fa,951be198-4893-5acc-9f1d-ab202e87291b,222000000,22200000,selesai,2025-03-04T23:54:14Z
ed55dc40-e6e3-5524-8451-4e2ec9cb861a,56501962-0787-53a7-b241-47f212fb7c05,dac1cb0f-4a65-597b-a984-9970dda3e70e,5d9ef8fa-9d26-5e45-87a1-4a45f17d0980,39400000,3940000,selesai,2025-03-09T13:52:54Z
85da1ca8-8a09-5961-af32-ccde983bb406,58eb4c3e-f137-5312-a1b6-4b1ddecd45e6,a493392b-9bbc-58d0-8311-0ac95fc74fd0,7cf14239-60d5-5ff0-9270-0d2dd0d62e05,5330000,533000,selesai,2025-03-09T16:00:22Z
0b5e49b1-4cab-5e68-8e2f-2d4b5441ffe5,595c2a67-c9b5-5d94-a821-4b3886093e06,3227257d-7266-599b-b2b0-6dfa5ee81df5,3dbb220d-08c5-5e68-b9e9-4282c0cc891f,34700000,3470000,selesai,2025-03-09T22:01:43Z
6eb99ecb-0427-5d88-bef8-863206bda306,b6257dad-bfbd-59a9-949d-9a7123a5374b,f6c35744-f8c6-5fce-b0ed-c49ea35ae327,dbc6f383-447d-5f26-a2f4-86753b3c416a,19700000,1970000,selesai,2025-03-14T13:05:58Z
11928611-4e57-53d5-b21b-c9a6e5120ce3,1fbff39b-9bab-5867-8e49-97fb955e13bc,cb68b468-58e2-5344-9336-c3ea8f529a6d,64668e48-371b-5ffb-8837-9c4fd033feec,2830000,283000,selesai,2025-03-15T20:37:05Z
70cbfbd0-eb92-5e0a-ba4f-3a49b81cea7f,281a5ee4-6cc8-562e-86ad-de8dba03154b,8ea2fbac-fba1-546b-8c7e-d8ffacc66fa3,1d876d41-bc7a-55ee-91cf-65ffb2a4048b,56700000,5670000,selesai,2025-03-21T11:12:06Z
2cf7f9e6-a505-56b3-8ea3-ad8803a09321,d78e9f0c-52bd-5abe-99fb-03ee3d067995,2426b20b-036f-5f04-b2c1-72ba60a63b7d,dbc6f383-447d-5f26-a2f4-86753b3c416a,14600000,1460000,selesai,2025-03-30T02:22:24Z
4573a337-6b08-56ba-94a6-2500008f4916,c71a4e49-5234-5cd7-be21-2de4282910b7,4ed5288c-a104-5753-982d-16b46a560585,d9c76b21-7320-5d80-9265-153dfdbc0c20,5240000,524000,selesai,2025-03-30T11:53:34Z
df7f643b-7b10-53aa-85a8-cac7683b39f8,2dd74940-8d4d-5090-b485-7f279cee5ea1,282a5b11-5c97-5686-be7a-dafa471ce36c,951be198-4893-5acc-9f1d-ab202e87291b,117000000,11700000,selesai,2025-04-06T07:12:17Z
636c4a5c-7ccb-5d8c-afe3-62a8c4f044ab,e1d06d3c-e576-5aff-b52b-e5406e67c619,509ff7d1-c1b7-532b-b451-eb13d4d19087,d9c76b21-7320-5d80-9265-153dfdbc0c20,6060000,606000,selesai,2025-04-07T03:54:31Z
53bf7feb-1225-5b03-b2d1-8fe3c09c0958,c6ae8039-8bfb-5f3c-a3d2-12af214dd216,e5e5eb9a-9860-5a17-a97b-9f9dfd82e386,c868fe01-5c24-57bf-8ffb-fdc6d3ae09a2,24200000,2420000,selesai,2025-04-07T20:25:03Z
0f185171-a865-5292-8ca6-a8b0315b323d,260c1cc8-22fd-5c26-ad09-9ea327f9fbb7,dac1cb0f-4a65-597b-a984-9970dda3e70e,04432a0f-51e1-5293-a8dc-89755e574853,46300000,4630000,selesai,2025-04-11T07:37:59Z
05ce25c6-8caa-5c66-ae43-89bebe0426b2,dca6b2bc-915c-5978-a2f7-e9d47d9a22fa,9d360ee0-0088-5658-a8d1-0db5083b94f7,dbc6f383-447d-5f26-a2f4-86753b3c416a,15200000,1520000,selesai,2025-04-13T09:17:02Z
0534354c-f1ea-5dd8-a726-7a3a5013763b,48a1d5fb-c91c-5d07-9e10-e88cc83b8727,edd6e8e8-1db3-5862-adfd-5e605be7c828,a531998d-b66d-5191-a7da-a567327512a7,78300000,7830000,selesai,2025-04-14T13:16:08Z
066f28e1-a623-5368-8470-4e1b807d6686,5e4c77b3-763a-522b-b39d-ff6f00f2d7be,0d183f9b-5c2d-50cd-a21b-7a4ff5175951,dd4aa9b5-3247-5ea3-9589-db5aa169c4e0,1930000,193000,selesai,2025-04-16T10:53:55Z
87386e56-21b4-54ff-86aa-ce77846844d7,a0f75fd4-a5f6-5a73-9dd6-ccc526a1ffad,2426b20b-036f-5f04-b2c1-72ba60a63b7d,dad52c43-2eab-5272-a61d-dca032e6b1db,5790000,579000,selesai,2025-04-16T22:03:33Z
47f9944d-4e2b-504b-8f4a-3baf58d9adf3,feb08369-86f3-548d-bb17-f588badc35b8,18188d25-bf5b-53cd-9e1e-ae24e999923a,951be198-4893-5acc-9f1d-ab202e87291b,67400000,6740000,selesai,2025-04-21T12:01:28Z
cc3bfb55-9149-523b-8d4d-d404ad824460,e0d21a82-cc3c-5897-bf59-46f2b6560a03,44a122eb-e50e-5601-bb59-90f5725f35c4,23ba78b5-421a-5447-b022-5a66fe8d084d,7210000,721000,selesai,2025-04-27T04:55:00Z
addbf08f-74ee-50e6-992c-8338d45e7169,62471c0e-bc8b-565c-8814-dec437d64d31,f19f9cad-ffaf-5bd8-bd36-a8d5ee568767,5efed142-8369-554d-9ba2-c2f081036319,17000000,1700000,selesai,2025-04-28T04:23:32Z
ffaf41a1-4c5b-5c61-a2eb-60c767dd82b7,d6a80d48-bd7c-5adb-b62e-8cb4c6266112,3227257d-7266-599b-b2b0-6dfa5ee81df5,a531998d-b66d-5191-a7da-a567327512a7,194000000,19400000,selesai,2025-05-05T05:40:46Z
d44fe349-9cb8-55a0-86fe-716ac25e9c47,43069707-398c-5c37-a583-63d287db248c,f625153e-a631-5477-afc5-ce1bf32872fe,951be198-4893-5acc-9f1d-ab202e87291b,126000000,12600000,selesai,2025-05-05T20:52:13Z
db829e08-798d-5487-afab-2851b32b97ff,7c71fac6-83ab-58ca-9348-eed92f919ec3,9aa3bd69-c459-515c-ba8f-b408ef95a728,5a27ac9a-1e04-52e2-8392-12edbe43c594,3210000,321000,selesai,2025-05-08T05:31:01Z
c498d97d-8ada-58ac-90b4-5543d57cf73a,b9ed74ae-2865-5f85-a5f1-1aa56d08d0c0,edd6e8e8-1db3-5862-adfd-5e605be7c828,c868fe01-5c24-57bf-8ffb-fdc6d3ae09a2,14700000,1470000,selesai,2025-05-12T07:33:59Z
8c66c96b-cba8-5dab-8e13-0a1dec8d1640,f9a5da4b-aae6-5dbc-b742-dac3182454b2,3227257d-7266-599b-b2b0-6dfa5ee81df5,951be198-4893-5acc-9f1d-ab202e87291b,44000000,4400000,selesai,2025-05-12T07:41:42Z
d1daf2c4-8cd4-5e49-b85e-b33e8752a6a2,30726f1e-8632-5c3d-bd5a-6bc4c8083dcb,45eeb1ae-c130-5872-b1d9-8041abc064f6,c868fe01-5c24-57bf-8ffb-fdc6d3ae09a2,13900000,1390000,selesai,2025-05-13T19:54:00Z
ae2e0ed2-4363-546b-a774-25b253e8c25e,c160510a-2f0e-5280-a7e9-4d196bbbb380,83333cf0-523d-5361-94bd-c5d79ea72d30,5d9ef8fa-9d26-5e45-87a1-4a45f17d0980,23800000,2380000,selesai,2025-05-14T02:32:34Z
1b54dabf-f38c-5ef8-b8bd-8a8b322bb221,6142454f-f8dc-59f1-9040-2787e2d5662f,546965ee-d8ae-5195-ac49-c2d0521933fa,951be198-4893-5acc-9f1d-ab202e87291b,80100000,8010000,selesai,2025-05-14T13:12:49Z
157b0861-72b5-5dd1-9dcd-5e0010eb87ca,477e99e9-3bc9-5800-99b5-55ab30e73e73,2018a5c1-d714-585e-bb52-6832118f2741,3ecb7039-f69e-55cd-869d-c7d7cf0962f6,35300000,3530000,selesai,2025-05-15T11:14:38Z
b2a6b011-27aa-5d34-bb9e-98ee74c6df07,d18432a7-78f4-5ad7-9212-314f8a7aaf39,2d5f7b0c-20e4-5e20-a6f3-9d40a681ccd9,a531998d-b66d-5191-a7da-a567327512a7,97200000,9720000,selesai,2025-05-17T02:06:57Z
7e36349f-3600-56d5-8378-1603b98e156f,5f45dbb6-6d48-5168-9b7f-2dc5a297c9c9,6f2b0b05-c566-578e-9ecf-c28242dee719,c868fe01-5c24-57bf-8ffb-fdc6d3ae09a2,17300000,1730000,selesai,2025-05-17T20:48:19Z
6fc2f8e7-45cc-5d32-9b46-31ba289fe5ef,a2719677-d08d-507f-b233-a2d83012212c,45eeb1ae-c130-5872-b1d9-8041abc064f6,23ba78b5-421a-5447-b022-5a66fe8d084d,13500000,1350000,selesai,2025-05-19T15:06:09Z
6452f82c-6473-5e03-bf0d-42fb7d7a64ab,07a60651-c78b-522a-970c-92e320136686,dac1cb0f-4a65-597b-a984-9970dda3e70e,04432a0f-51e1-5293-a8dc-89755e574853,23300000,2330000,selesai,2025-05-22T16:53:51Z
35517ba6-328d-5678-bda8-ea3fb18db620,d3422033-4aff-51f3-8ab2-4115da49da27,dac1cb0f-4a65-597b-a984-9970dda3e70e,3dbb220d-08c5-5e68-b9e9-4282c0cc891f,58400000,5840000,selesai,2025-05-25T06:34:12Z
db0dbfa7-d793-528f-a7b2-ac5225f2ae0f,6c19f356-2a4f-5beb-a320-912f792ec1bf,7826a75f-b01b-5b15-8090-950a730170ee,5a27ac9a-1e04-52e2-8392-12edbe43c594,10900000,1090000,selesai,2025-05-25T20:36:25Z
eb01f430-ad73-59a8-9c93-b7829ffff8bc,1c2de6bf-21eb-5eec-8a36-148f553b12c6,83333cf0-523d-5361-94bd-c5d79ea72d30,dd4aa9b5-3247-5ea3-9589-db5aa169c4e0,17100000,1710000,selesai,2025-05-26T00:26:28Z
07889086-0573-5425-a8ea-e8178167789b,17ef560d-0af4-5a32-b46c-c0c16dd75a47,52eb5e38-9a88-5ab0-b251-16ec53ce59fa,c868fe01-5c24-57bf-8ffb-fdc6d3ae09a2,8950000,895000,selesai,2025-05-29T12:46:13Z
d7172247-da9a-5bef-9151-1d1a1e485acd,f02db5ce-425a-5f4b-88c5-f0de507fcc8d,1300d8c2-f127-540c-9bf8-d3c4f74f741d,951be198-4893-5acc-9f1d-ab202e87291b,99000000,9900000,selesai,2025-05-31T13:23:14Z
a421555d-8a29-5059-9e23-a98dcf92c386,b3d7f745-4820-5ab0-bc26-778edc8507c0,2d5f7b0c-20e4-5e20-a6f3-9d40a681ccd9,a531998d-b66d-5191-a7da-a567327512a7,50200000,5020000,selesai,2025-06-01T21:21:35Z
380402f2-ef2b-592f-90bd-05e06da11283,b7dbded1-84fe-54b7-811c-9984aa63f09e,3227257d-7266-599b-b2b0-6dfa5ee81df5,3e92a01c-1f80-5c38-9903-fe409c3d5d61,65100000,6510000,selesai,2025-06-02T13:13:01Z
b44abcc9-331d-566e-8869-909b6b8b3f64,c23172bd-f41e-5e73-b93b-c71000764571,27dd3660-106b-59e6-9c54-c48da27e9016,dd4aa9b5-3247-5ea3-9589-db5aa169c4e0,5170000,517000,selesai,2025-06-04T04:14:38Z
bdfd3067-86e4-51f9-9b2a-e0b17aeb9a67,649ba31a-8d3f-5cf2-9df8-75c841349b0b,ce7d11b4-b434-57d4-a507-54d40c8eb223,951be198-4893-5acc-9f1d-ab202e87291b,149000000,14900000,selesai,2025-06-05T13:39:55Z
62e54328-0508-5653-9c5b-a077264784ef,9e5a9d15-b23c-5c97-be33-00c054d34ac1,632614bc-8273-554c-b000-ee62113bcda6,dad52c43-2eab-5272-a61d-dca032e6b1db,3730000,373000,selesai,2025-06-06T11:58:51Z
8819cbbd-8c4b-505e-8cba-7ed2068e78b8,1d9c0d6c-f8a6-511f-aa0e-d7f601785516,a493392b-9bbc-58d0-8311-0ac95fc74fd0,dad52c43-2eab-5272-a61d-dca032e6b1db,3910000,391000,selesai,2025-06-08T14:54:37Z
fc51ca41-8903-573d-a6d4-c839e6bfa436,82e107c9-7e9f-555c-b37f-8411064d119f,31d4f930-e4c5-51da-9bed-84c4ed9e926a,5efed142-8369-554d-9ba2-c2f081036319,15100000,1510000,selesai,2025-06-08T19:38:43Z
2bf622a0-a162-56f9-8d59-22a92f19c523,25c6d385-f9ee-5887-9e77-5e722e05ff3d,12ee4118-a9de-5537-a1ec-80bcdd910cb7,a6782ff2-13ef-5b2b-a432-7d121a6ae6c4,3720000,372000,selesai,2025-06-10T18:53:37Z
4eb2392a-e8c6-54ea-981b-0f48f4a64908,ed39d57b-9933-522c-8f58-8986b63fe549,be4b0a7a-9024-5d01-9efd-04a32d568f07,1d25dbba-d1e1-5b79-bb67-3d22aced6cb8,5870000,587000,selesai,2025-06-12T10:42:33Z
2b5aac16-c719-58f0-9905-9dded6fbd322,305c79aa-fc14-5063-a68c-5e35497adefd,67a2d7e0-e408-5234-b2a7-fbc7a2fa188e,64668e48-371b-5ffb-8837-9c4fd033feec,7320000,732000,selesai,2025-06-12T18:38:09Z
4205b9ce-0377-5b4c-9c50-614df6acfbdd,d4105058-d3be-5c54-9b46-432e01dba923,546965ee-d8ae-5195-ac49-c2d0521933fa,951be198-4893-5acc-9f1d-ab202e87291b,199000000,19900000,selesai,2025-06-13T17:20:25Z
4b048439-56f1-5927-8369-91a7c170e298,4329b50d-9df8-58f4-a608-0a91c114bc12,a2ee3505-1898-5fa4-a468-f5f9c6772028,c868fe01-5c24-57bf-8ffb-fdc6d3ae09a2,6140000,614000,selesai,2025-06-13T22:53:10Z
a88e4f62-0b3d-5f10-aac4-48865b4b6f73,b9a94aad-e963-552d-ac98-762847b3cf95,598cdc17-1229-5d55-8f09-5780909cb63f,5d9ef8fa-9d26-5e45-87a1-4a45f17d0980,29100000,2910000,selesai,2025-06-16T13:04:23Z
ef3c7e23-0e4c-5bd6-988c-1e603a4b3532,a89971f9-3861-5f7d-bb8b-daf4cb132621,0d183f9b-5c2d-50cd-a21b-7a4ff5175951,a6782ff2-13ef-5b2b-a432-7d121a6ae6c4,9840000,984000,selesai,2025-06-17T04:34:57Z
9323c007-7dcc-5652-8192-20278a18cb69,c7e8cc40-85d8-5970-a547-1dc7988f2450,f6c35744-f8c6-5fce-b0ed-c49ea35ae327,5d9ef8fa-9d26-5e45-87a1-4a45f17d0980,39400000,3940000,selesai,2025-06-18T12:50:01Z
f05fca23-c2b3-5209-8c3c-e64201c3a684,03950917-fc6e-5e75-a21b-87e6b1f5ffc6,f6c35744-f8c6-5fce-b0ed-c49ea35ae327,c868fe01-5c24-57bf-8ffb-fdc6d3ae09a2,13300000,1330000,selesai,2025-06-20T11:43:19Z
97bb63fa-7c54-575e-a288-2680cc02f7bd,e72214c0-5868-5590-ade4-920c6386fc0f,bb3ffa0f-14da-55eb-a57f-c2df04802686,04432a0f-51e1-5293-a8dc-89755e574853,32500000,3250000,selesai,2025-06-20T20:11:12Z
c24acaed-40c4-5abc-916b-a89df8de26e0,bd0b2e70-191a-5f1f-a360-a41d46a39729,78313e7d-68ff-5703-9245-2cfaee6439ed,c868fe01-5c24-57bf-8ffb-fdc6d3ae09a2,7850000,785000,selesai,2025-06-22T01:03:35Z
122b436e-5dde-5d2b-804a-d9ba2aa29fb1,8dd8088d-60dd-5a25-a9d7-9262d69b1479,bb3ffa0f-14da-55eb-a57f-c2df04802686,04432a0f-51e1-5293-a8dc-89755e574853,31100000,3110000,selesai,2025-06-22T18:07:18Z
05d1f2c3-9afd-5d5f-8195-cf8f4b56e4fc,cc204ca0-01c8-51c3-8bbf-999fd84562a2,915218bb-3657-5a11-bfd2-7d216c02e86d,23ba78b5-421a-5447-b022-5a66fe8d084d,1530000,153000,selesai,2025-06-22T19:56:27Z
dfced781-e436-55d2-9d89-ad29468bd080,af12c92b-2eee-5c49-b68c-fec0aedab602,2d5f7b0c-20e4-5e20-a6f3-9d40a681ccd9,3dbb220d-08c5-5e68-b9e9-4282c0cc891f,57000000,5700000,selesai,2025-06-24T04:40:27Z
9bbff942-324b-5b3e-9a3a-56a9dd7a815a,313a564f-a0e3-5228-b9a6-58c9125b1bd4,dac1cb0f-4a65-597b-a984-9970dda3e70e,04432a0f-51e1-5293-a8dc-89755e574853,34600000,3460000,selesai,2025-06-24T12:31:00Z
75a00c6c-b7c6-57b0-9b11-20dfa1e778fc,affaacde-aae1-5a13-b9d8-8541dec7a374,eb1d1455-54ab-59dd-b1a7-8bcffaffe2b4,6fe7b986-2984-567c-a4cc-509a0769266a,21800000,2180000,selesai,2025-06-25T06:07:24Z
4b6ae831-bca4-5b1f-ba80-8a9f2ec53669,b5a9bed4-6209-5aa5-9c62-14e284c58952,c07dad9e-28c6-5d39-9bdc-f772ec3b500f,951be198-4893-5acc-9f1d-ab202e87291b,75400000,7540000,selesai,2025-06-25T06:34:16Z
16d80eb9-c5b9-52ee-8a48-d3866a6edb79,c6e25064-cab8-5c4b-aaa3-07bc91acac99,d17c046c-52e5-5c8b-a069-172235bb457b,6fe7b986-2984-567c-a4cc-509a0769266a,14900000,1490000,selesai,2025-06-28T06:33:26Z
09febc6a-21e3-5fe9-a9fe-0afe5334fc51,7da29231-0e23-547b-92fb-57ec44cad395,45cbeb45-e7a8-5400-bd5f-3716602d0b11,5d9ef8fa-9d26-5e45-87a1-4a45f17d0980,25700000,2570000,selesai,2025-06-30T05:02:02Z
66124233-cb04-5a5e-b825-3ff546ac35bf,b63e2da2-c65b-5dce-ac9d-cc48db175fae,d5cb07d3-ef0b-5479-a684-223288de896d,a6782ff2-13ef-5b2b-a432-7d121a6ae6c4,13400000,1340000,selesai,2025-07-03T04:51:45Z
4797cedb-3e6e-53ea-b18b-725db62dd1c0,592e02ed-5ff9-562f-96b0-8ecc1cad460d,3227257d-7266-599b-b2b0-6dfa5ee81df5,1d876d41-bc7a-55ee-91cf-65ffb2a4048b,57600000,5760000,selesai,2025-07-06T09:58:52Z
008b5135-fcc1-5d6a-b8a8-6b76fb7d0223,2df25455-444d-51b6-9264-b2bf9def3bfd,c95ec7ea-92a7-513e-b0f2-1da5e321bded,3dbb220d-08c5-5e68-b9e9-4282c0cc891f,55500000,5550000,selesai,2025-07-09T16:37:15Z
6f423804-6c79-5ff1-bb59-ede3a1082975,8b57ea07-310c-52d7-8186-25c2ce501b03,d5cb07d3-ef0b-5479-a684-223288de896d,04432a0f-51e1-5293-a8dc-89755e574853,30800000,3080000,selesai,2025-07-11T03:37:40Z
55da3430-de89-561e-89ab-ea0672b19440,b4669955-1697-57b4-9784-c45a0a9bf9fb,18188d25-bf5b-53cd-9e1e-ae24e999923a,1d876d41-bc7a-55ee-91cf-65ffb2a4048b,35600000,3560000,selesai,2025-07-12T11:07:27Z
a7565641-1774-56b9-a371-c98c43e4fbe8,22d43759-bdbb-53a3-852b-ddc863c1c8fb,f4866536-8efc-5194-8660-f5dd0e4c35f1,04432a0f-51e1-5293-a8dc-89755e574853,49200000,4920000,selesai,2025-07-15T07:31:15Z
5e3457f5-c456-5e6e-965e-db58403061f1,68e98556-9d68-5878-b309-77087c8b0980,f625153e-a631-5477-afc5-ce1bf32872fe,64668e48-371b-5ffb-8837-9c4fd033feec,12900000,1290000,selesai,2025-07-15T08:44:49Z
15d1b777-07dd-55fa-b5b4-5a46823357d4,717240ae-586a-5bf5-bf73-48b565908236,c6259694-efa2-59da-af12-3baae1b19e5c,3ecb7039-f69e-55cd-869d-c7d7cf0962f6,39200000,3920000,selesai,2025-07-16T18:08:11Z
a5871a17-ee36-5643-8e77-480bf329dd00,ec96cfa3-347e-5658-acc8-68d7aa0e98d9,c8216a19-2bc6-52cf-9503-71618f90f5b4,3dbb220d-08c5-5e68-b9e9-4282c0cc891f,43800000,4380000,selesai,2025-07-17T10:30:47Z
c1ab3983-850f-5af7-9981-e790e879dce6,0450e416-f546-56e8-9341-3486e229dbac,0fb9478f-5318-5993-a4e3-03075a05174d,3ecb7039-f69e-55cd-869d-c7d7cf0962f6,42000000,4200000,selesai,2025-07-19T03:24:49Z
45132761-66e8-57e7-9e6e-34f9b199ef24,da8ce58c-d522-5aa2-9782-3b4a289c1fdf,1cb99939-551d-541a-beb7-94dd38e8e976,04432a0f-51e1-5293-a8dc-89755e574853,66400000,6640000,selesai,2025-07-19T09:53:54Z
60c60016-7c13-5779-b907-ea27310d93cc,3b6c3d30-6968-55c9-a1f2-ac3c5c649e32,5e836647-71e8-5142-aaab-f158e91ead18,951be198-4893-5acc-9f1d-ab202e87291b,264000000,26400000,selesai,2025-07-22T06:44:57Z
469e3601-ac12-590a-a120-f3ee19f96db7,717f4106-a14c-5a04-a16d-859385325856,3227257d-7266-599b-b2b0-6dfa5ee81df5,3dbb220d-08c5-5e68-b9e9-4282c0cc891f,98500000,9850000,selesai,2025-07-22T20:16:33Z
7f9d676b-a3e2-58c0-b6db-d8c44d801860,c8a20df2-fe6e-53bb-8e5e-6e4074ee8b5c,2018a5c1-d714-585e-bb52-6832118f2741,c868fe01-5c24-57bf-8ffb-fdc6d3ae09a2,20200000,2020000,selesai,2025-07-24T05:55:06Z
d41518fd-b176-5fc5-8f68-c3c23d040677,ca190fc2-8f0a-5472-8aaa-be2356c577e3,e0627b49-ed43-537c-b7b3-7f3d6c5c4ff3,23ba78b5-421a-5447-b022-5a66fe8d084d,19000000,1900000,selesai,2025-07-24T08:44:10Z
d012f67c-5e21-5a13-aa09-271a83a10300,36696902-bd18-502e-8041-3e8c33ca7d9e,1cb99939-551d-541a-beb7-94dd38e8e976,5efed142-8369-554d-9ba2-c2f081036319,37500000,3750000,selesai,2025-07-24T09:30:01Z
53f7b52e-6e48-5f5c-886b-4e17b995aa2a,bfa9959c-f1ab-544f-a446-d2153e33c968,8ea2fbac-fba1-546b-8c7e-d8ffacc66fa3,3ecb7039-f69e-55cd-869d-c7d7cf0962f6,31200000,3120000,selesai,2025-07-25T13:56:29Z
7b2b3925-593b-56da-8510-4886871a37e8,e654c5a3-7f2a-5404-a33f-dd3ae18c13b8,1adc9f82-4a01-59e0-8c98-354a24559f3e,3e92a01c-1f80-5c38-9903-fe409c3d5d61,23500000,2350000,selesai,2025-07-29T00:16:47Z
66e17e1c-45ea-5403-9d72-95275ea23a37,6194e459-6f9e-5c4e-bb21-001b8f20dcf6,12ee4118-a9de-5537-a1ec-80bcdd910cb7,dad52c43-2eab-5272-a61d-dca032e6b1db,10800000,1080000,selesai,2025-07-30T08:47:59Z
1806b4c9-962b-5052-853a-e703d62450cc,1b4814ff-52f6-50fb-a3f1-b80a90d1ff16,cb68b468-58e2-5344-9336-c3ea8f529a6d,1d25dbba-d1e1-5b79-bb67-3d22aced6cb8,3450000,345000,selesai,2025-07-30T13:46:37Z
faa2ea09-e729-5e8c-bb3d-ddc9dd75908a,b20a35cc-bb58-5d31-b844-f4808c4b7711,20c215f6-dead-53da-9e03-a4122e455668,1d25dbba-d1e1-5b79-bb67-3d22aced6cb8,8600000,860000,selesai,2025-08-03T04:58:17Z
8a2f5b50-57bf-54a0-8ff2-540a54c0e0e0,a35c968a-a51e-585d-8517-4c6153081d60,78313e7d-68ff-5703-9245-2cfaee6439ed,a6782ff2-13ef-5b2b-a432-7d121a6ae6c4,11900000,1190000,selesai,2025-08-04T03:16:16Z
aa6902e8-f80e-5b83-8311-c362aa79b194,a3bcf401-30a9-54d2-b8f4-0877abd631bb,d10b4e12-8728-5b1b-98cf-9eb8c29367c5,c868fe01-5c24-57bf-8ffb-fdc6d3ae09a2,40100000,4010000,selesai,2025-08-04T13:03:58Z
8c3eab05-31cd-59c2-a8f1-c8f2a865911c,4f552452-2189-5b42-a2bf-d61a584996c0,eb1d1455-54ab-59dd-b1a7-8bcffaffe2b4,a6782ff2-13ef-5b2b-a432-7d121a6ae6c4,5470000,547000,selesai,2025-08-05T09:42:51Z
ca41427b-14e3-5dce-8cab-8a7b376734b6,2a4d1886-29ae-5f7d-9b3e-3c664484437d,38acfa2d-85ab-5007-8e53-d7fbf0a35a8d,3dbb220d-08c5-5e68-b9e9-4282c0cc891f,30400000,3040000,selesai,2025-08-05T13:36:50Z
13cfd9c2-569c-52c7-8ea9-aad1fb52523a,73d91ad8-4a16-5506-aba7-a4b6c797391e,1cb99939-551d-541a-beb7-94dd38e8e976,3dbb220d-08c5-5e68-b9e9-4282c0cc891f,49900000,4990000,selesai,2025-08-06T09:58:21Z
7bd078e3-1eb9-51ca-ae0a-19fddab822c6,3909c7f5-452c-52d8-988f-40d727561cfb,a493392b-9bbc-58d0-8311-0ac95fc74fd0,5a27ac9a-1e04-52e2-8392-12edbe43c594,3560000,356000,selesai,2025-08-06T19:16:00Z
9ca9371e-4fca-5708-b1e2-16b45f948bea,c5aaf191-1bd1-519f-9530-5f0b978586b7,45fe3c4c-a4b2-522f-99e9-6dab132798c3,04432a0f-51e1-5293-a8dc-89755e574853,22900000,2290000,selesai,2025-08-07T09:58:10Z
55c24ffc-8b38-5ccf-bdc2-a00bcd7a8f47,d4bcebe4-08f4-5623-abbf-43cfdb6cb3de,a493392b-9bbc-58d0-8311-0ac95fc74fd0,23ba78b5-421a-5447-b022-5a66fe8d084d,2180000,218000,selesai,2025-08-08T01:57:04Z
8d744e3f-855b-5f00-ac1b-033e186f7b5d,87a4b51d-7a5c-533a-86fd-d5f60392691c,9c4af862-0b35-5bbf-aba9-928990d127fe,51c4d53d-91bb-5b40-bf86-1f46a9aa18a6,178000000,17800000,selesai,2025-08-09T21:55:49Z
bb0d2254-e5ed-5dac-9fbd-806fe619c25f,2d8fa84c-0236-5dd7-8a99-8fe42613deb3,27dd3660-106b-59e6-9c54-c48da27e9016,5d9ef8fa-9d26-5e45-87a1-4a45f17d0980,31600000,3160000,selesai,2025-08-10T08:35:18Z
1874e42d-e580-5be6-bf7b-283fe55c094a,a996ade9-5c24-5125-b077-98a33e01a807,d5cb07d3-ef0b-5479-a684-223288de896d,a6782ff2-13ef-5b2b-a432-7d121a6ae6c4,5250000,525000,selesai,2025-08-10T12:13:14Z
37bb268b-9f3e-59ee-83fb-60da92981e62,e4439a47-dcd6-5a83-bfce-600063e4fd90,d40d88e1-3c6a-5173-bc4f-f00512c8ae9e,3dbb220d-08c5-5e68-b9e9-4282c0cc891f,163000000,16300000,selesai,2025-08-11T02:23:48Z
99b339ef-33b7-5a77-bc0d-7f4375e41ac2,2f6a85a2-0115-5f8c-a1f1-da070cbcaf0a,93c33139-3007-5725-9eff-41db7823137a,a531998d-b66d-5191-a7da-a567327512a7,73900000,7390000,selesai,2025-08-12T03:54:48Z
b7914580-7f7a-56c9-8e69-68523bc5bad0,20653eaa-6d12-57ec-a914-c399c26d986e,9f9080b9-7195-5910-8532-44b6139f476e,3ecb7039-f69e-55cd-869d-c7d7cf0962f6,37000000,3700000,selesai,2025-08-13T04:03:55Z
7d678604-ec7f-598a-922d-18963627bfa2,b9917b96-6702-562d-819a-c0599cf03de6,9d360ee0-0088-5658-a8d1-0db5083b94f7,951be198-4893-5acc-9f1d-ab202e87291b,107000000,10700000,selesai,2025-08-13T06:29:46Z
04c10f5c-181b-5d1e-ac86-2702bfdedb4e,1f1edbc8-5a0b-5bd9-b618-45802f1167e3,4ed5288c-a104-5753-982d-16b46a560585,dd4aa9b5-3247-5ea3-9589-db5aa169c4e0,5240000,524000,selesai,2025-08-13T15:23:25Z
3abb3d2a-d77d-53ea-8f7b-55afbd25a799,d24055a5-6770-5fc0-8c20-1a1def6868f6,eb1d1455-54ab-59dd-b1a7-8bcffaffe2b4,6fe7b986-2984-567c-a4cc-509a0769266a,37900000,3790000,selesai,2025-08-16T00:06:12Z
e4f31bf4-4c95-568a-aeda-2ea4ec84303a,6fca4e93-7861-5e23-bd9e-60e8971a6ac0,282a5b11-5c97-5686-be7a-dafa471ce36c,3ecb7039-f69e-55cd-869d-c7d7cf0962f6,17500000,1750000,selesai,2025-08-16T22:50:35Z
c52d1eb2-a551-51fd-a611-a835ccdc4779,deb3d2cc-959a-5bce-8cbd-b1ac9faf31b8,e8dfeec7-59ec-5b0a-937d-9d32d5ce89e3,51c4d53d-91bb-5b40-bf86-1f46a9aa18a6,208000000,20800000,selesai,2025-08-17T02:41:05Z
2bc91361-d718-5b6a-b4e9-525a290d0d4f,a6b319cb-c553-5734-a581-1ee24b442361,0fcdaaab-0983-523a-8e1e-1c48f8e127cd,c868fe01-5c24-57bf-8ffb-fdc6d3ae09a2,15400000,1540000,selesai,2025-08-18T10:15:36Z
8e94c25d-5ba9-56df-afde-663f2c4913c0,7079c975-cc65-5892-b16e-901c4546594f,6f338842-5807-511a-8b0f-216469d03cb4,951be198-4893-5acc-9f1d-ab202e87291b,214000000,21400000,selesai,2025-08-19T12:19:58Z
8b1c1392-b140-52cd-b667-743f2388d881,e9a268d3-6c17-55da-89c5-edb619db9275,509ff7d1-c1b7-532b-b451-eb13d4d19087,dd4aa9b5-3247-5ea3-9589-db5aa169c4e0,5510000,551000,selesai,2025-08-21T23:54:24Z
a92090b1-fefe-541a-b23c-51c13c56aebb,a252e65f-f77c-525e-ac01-5b9892ce8b0a,d1b1fdfd-ace1-536a-9c51-d44a0896c9ca,3e92a01c-1f80-5c38-9903-fe409c3d5d61,27900000,2790000,selesai,2025-08-22T18:01:37Z
33883459-4c98-5750-b70b-a31aa979f7b7,5abb0261-5204-5ff8-8bb4-3f44dccb9c04,1ce43ec5-d4d8-5876-b70b-a8604b35b51c,3ecb7039-f69e-55cd-869d-c7d7cf0962f6,70000000,7000000,selesai,2025-08-23T13:42:57Z
5ab895c1-efee-5b76-8633-d2da2a7ab4cc,2679ba1f-4012-5ba3-bc17-84b22626cb96,cfcc9f80-a229-5abc-867d-47a8c6e6592e,3e92a01c-1f80-5c38-9903-fe409c3d5d61,26800000,2680000,selesai,2025-08-24T01:04:56Z
efac8fe2-5a59-5bf6-b6b0-b7d781e0523c,6da6f48b-af3c-5897-946c-964819d269d0,969ea2f4-2a3c-52ed-9972-6aff0a5d073e,51c4d53d-91bb-5b40-bf86-1f46a9aa18a6,181000000,18100000,selesai,2025-08-24T13:14:36Z
cfa4fece-7427-5042-b7e9-f187835fffb9,8a519905-bc90-5979-9b98-13df2d749496,2849d62d-d267-52f6-ae18-fa6e10b67d58,04432a0f-51e1-5293-a8dc-89755e574853,19800000,1980000,selesai,2025-08-25T01:04:01Z
6c7b59fa-bec8-56dd-bc5d-eecd74a79dfa,404192bf-cbbc-5278-9c4c-e2369be09ab5,9ac8c76a-dfc6-520e-a4a3-166478ef223e,51c4d53d-91bb-5b40-bf86-1f46a9aa18a6,140000000,14000000,selesai,2025-08-25T03:40:52Z
9ec5d45d-6869-5f33-894c-b41adb0b9f1c,a7a29909-040c-54ad-b608-bd3c962cf8ff,c95ec7ea-92a7-513e-b0f2-1da5e321bded,04432a0f-51e1-5293-a8dc-89755e574853,20800000,2080000,selesai,2025-08-27T03:54:57Z
e433b721-1076-5296-a51d-b74d44996366,c83e80b0-fd99-5c98-93d6-7114eb297d59,4afba102-2377-5929-b170-70f6cfa4bfea,3dbb220d-08c5-5e68-b9e9-4282c0cc891f,45700000,4570000,selesai,2025-08-27T12:29:13Z
da10e275-0ce6-5ecf-ae47-d768c6481dfe,cd99847e-dc59-5455-a4e8-042b501d96d4,509ff7d1-c1b7-532b-b451-eb13d4d19087,a6782ff2-13ef-5b2b-a432-7d121a6ae6c4,7330000,733000,selesai,2025-08-27T20:06:42Z
598070f4-dc40-5d9e-81b8-d47cd2aaaa68,08d86d66-5426-5c02-8ebd-69076ed83a38,45cbeb45-e7a8-5400-bd5f-3716602d0b11,5d9ef8fa-9d26-5e45-87a1-4a45f17d0980,32900000,3290000,selesai,2025-08-28T00:02:43Z
f6e43db7-9836-5173-bd02-3e3abb0bc26c,fcbf2c8f-fbf3-5dec-9682-ddc6cdebff0e,56106975-37fe-55fe-a6fd-24180e933953,d9c76b21-7320-5d80-9265-153dfdbc0c20,2770000,277000,selesai,2025-08-28T01:16:22Z
0b7ebe2f-193e-5e93-b836-611d6f2ded26,baf07bc3-a909-5e4e-97b4-d5f835c80146,2849d62d-d267-52f6-ae18-fa6e10b67d58,3e92a01c-1f80-5c38-9903-fe409c3d5d61,83800000,8380000,selesai,2025-08-29T04:19:00Z
6b11aee3-d9d9-5b54-8742-636501c50905,f95d0a28-8488-52a2-a1ac-a2a50652f905,f19f9cad-ffaf-5bd8-bd36-a8d5ee568767,1d25dbba-d1e1-5b79-bb67-3d22aced6cb8,6430000,643000,selesai,2025-08-29T13:32:22Z
5c810280-2aad-5d5b-aa7e-8e72f6058bc6,748e3bc2-3108-514f-95c7-10330f78f967,20c215f6-dead-53da-9e03-a4122e455668,951be198-4893-5acc-9f1d-ab202e87291b,44700000,4470000,selesai,2025-09-01T17:40:13Z
070dd004-5c38-516a-92c5-d040824ff9cc,6e23be7a-9515-5b04-99ce-889bf9155ae5,edd6e8e8-1db3-5862-adfd-5e605be7c828,a6782ff2-13ef-5b2b-a432-7d121a6ae6c4,20100000,2010000,selesai,2025-09-02T16:31:28Z
8941da2a-c01a-5df4-8400-47a7e786528b,faea0123-774b-55ed-aa60-8f66e7200d8a,9d360ee0-0088-5658-a8d1-0db5083b94f7,951be198-4893-5acc-9f1d-ab202e87291b,47600000,4760000,selesai,2025-09-04T00:11:13Z
aa157f28-2814-5a73-a1a4-9d49a0b522ff,91d38d62-bb12-5c5b-8b3e-24bcdd7e1248,7cb4d2fb-3679-51b5-8896-f934faf8254c,5d9ef8fa-9d26-5e45-87a1-4a45f17d0980,11300000,1130000,selesai,2025-09-05T22:16:37Z
b51c7761-d097-51bb-b93e-8615a151c826,525d118b-9149-5106-a9e0-703c025ff96f,ef0356dd-87e1-5984-b1be-132117550930,a531998d-b66d-5191-a7da-a567327512a7,97700000,9770000,selesai,2025-09-06T00:27:15Z
9e6b7976-debc-5caf-b988-8e2a781a0209,c0112079-5129-53d3-8569-316702bbbfd6,38acfa2d-85ab-5007-8e53-d7fbf0a35a8d,3ecb7039-f69e-55cd-869d-c7d7cf0962f6,28100000,2810000,selesai,2025-09-07T22:45:44Z
2833733f-9add-5603-8b78-e78df76d7817,93862ba8-27e5-5592-bcae-ac02dc24afcc,c20dda97-37cd-5f2d-9c16-970d5069464f,a6782ff2-13ef-5b2b-a432-7d121a6ae6c4,6440000,644000,selesai,2025-09-08T05:48:40Z
83fd641e-da39-5356-ba32-786ac90eb7e3,dd59e94b-e97a-5a68-bf30-8f3e28ab10ca,fb69b1d7-f311-5f7f-a460-2cfab849379f,951be198-4893-5acc-9f1d-ab202e87291b,53400000,5340000,selesai,2025-09-10T13:47:25Z
6b959316-844f-56fd-baa7-61aabb9ce8c7,e8c19273-5788-535b-b2db-2d85a04a56a0,f625153e-a631-5477-afc5-ce1bf32872fe,dad52c43-2eab-5272-a61d-dca032e6b1db,4690000,469000,selesai,2025-09-11T00:37:55Z
38d28a64-1c53-58f6-b752-68d5469f1dfc,64e3b2d1-205b-5b2e-b34f-22878e0d719b,68e8cbbb-da04-5541-862e-e1e28cf5c347,dd4aa9b5-3247-5ea3-9589-db5aa169c4e0,5980000,598000,selesai,2025-09-11T09:14:43Z
8f5aa082-b383-5c7e-909d-e4789f37247f,7eff75be-f687-5dfe-a9ab-76af3a93c237,d10b4e12-8728-5b1b-98cf-9eb8c29367c5,04432a0f-51e1-5293-a8dc-89755e574853,27200000,2720000,selesai,2025-09-11T11:33:40Z
3193b1a3-e6bf-5c0c-87d7-ded288c9a522,15fd78ca-85ac-54a9-ad05-cab13a5fbc79,c20dda97-37cd-5f2d-9c16-970d5069464f,a6782ff2-13ef-5b2b-a432-7d121a6ae6c4,8590000,859000,selesai,2025-09-12T08:08:56Z
f27fad64-506a-5677-a100-0dfd39d6e6af,b31d4d40-3522-5285-a755-d8ec4d896b02,08bfd8c9-9c9a-5fe7-9381-ba6e7679d814,51c4d53d-91bb-5b40-bf86-1f46a9aa18a6,78200000,7820000,selesai,2025-09-14T00:58:04Z
7ce5fb8f-f09a-5dc2-8e5d-5717e217304a,c23aa23e-ee14-54c6-854f-6600d4b21f3e,44172e1c-bd66-55ba-b447-447aada11fc6,1d876d41-bc7a-55ee-91cf-65ffb2a4048b,52400000,5240000,selesai,2025-09-14T02:41:04Z
297baaaa-dbd2-55ed-b3e4-e8b479da2ad0,c7017793-3cf6-5651-96fb-23ecaca6fd7c,12ee4118-a9de-5537-a1ec-80bcdd910cb7,dd4aa9b5-3247-5ea3-9589-db5aa169c4e0,3320000,332000,selesai,2025-09-14T06:43:18Z
1db6de89-ceb0-5d38-ac1e-f69bb1286ba4,4e6acde0-d4f5-5852-a3ac-3065704b0811,969ea2f4-2a3c-52ed-9972-6aff0a5d073e,a531998d-b66d-5191-a7da-a567327512a7,96900000,9690000,selesai,2025-09-14T11:37:26Z
32aaebf9-9397-5a1d-ba74-1f9b63a3cbc1,3fe4aaa6-6491-57f7-8458-66c112f37b81,2d5f7b0c-20e4-5e20-a6f3-9d40a681ccd9,a531998d-b66d-5191-a7da-a567327512a7,154000000,15400000,selesai,2025-09-15T10:31:06Z
73a05eb3-77d2-52c1-8747-b5505afce490,876db4b5-48ed-50ae-92ed-2b0571883386,3166d28b-1835-5ff7-b779-284ed64d43cb,a6782ff2-13ef-5b2b-a432-7d121a6ae6c4,5590000,559000,selesai,2025-09-15T12:36:40Z
cd62ceb5-485e-5366-904e-a8b972e0587a,9e12ab2b-2342-5a3e-9f21-3f6b6ea5f948,45cbeb45-e7a8-5400-bd5f-3716602d0b11,3dbb220d-08c5-5e68-b9e9-4282c0cc891f,53600000,5360000,selesai,2025-09-16T16:55:15Z
626806cb-7eb6-51b1-a587-6b84586d2666,06866dae-322f-547b-b596-663e8cb25cf7,dac1cb0f-4a65-597b-a984-9970dda3e70e,c868fe01-5c24-57bf-8ffb-fdc6d3ae09a2,23000000,2300000,selesai,2025-09-16T22:16:38Z
d394acef-3b85-566d-b9f2-455d62ae0d23,fc7d7289-9b4d-5864-84c9-bcd553efe1bc,f6c35744-f8c6-5fce-b0ed-c49ea35ae327,23ba78b5-421a-5447-b022-5a66fe8d084d,3200000,320000,selesai,2025-09-18T20:51:56Z
a582ba8c-dc6c-5a6b-b4ec-a5ca14757a1b,9d97a2ad-2aaa-5b67-8dd5-a26608d55c0c,4a0ab876-f5c1-5e6b-930d-5530936fa7d5,5efed142-8369-554d-9ba2-c2f081036319,28700000,2870000,selesai,2025-09-19T09:23:15Z
ccd7b0c8-bc8a-5c3b-85b1-6d855ecf3ef4,ef036748-5afc-5f02-8646-1dbc3242ef73,2426b20b-036f-5f04-b2c1-72ba60a63b7d,7cf14239-60d5-5ff0-9270-0d2dd0d62e05,8280000,828000,selesai,2025-09-19T13:42:39Z
5f636577-4c3c-548a-a2dc-531feaa3482e,88e9b260-6faf-5962-ade6-501fa4e40cce,9d8ddd11-a801-58bc-9aaa-664e027e1f0a,51c4d53d-91bb-5b40-bf86-1f46a9aa18a6,201000000,20100000,selesai,2025-09-19T18:49:46Z
60e972ec-1107-50ef-8b42-f9046e06d2ad,b1f3b633-8796-55ed-8f40-3aaa25dddc9d,7f25976e-29ea-5014-ba41-8f61f001af2d,951be198-4893-5acc-9f1d-ab202e87291b,47900000,4790000,selesai,2025-09-21T22:34:03Z
80c5755c-6785-56c0-896c-f3108c1cba99,bc2c75c9-263a-565c-be9d-195767becaeb,9d360ee0-0088-5658-a8d1-0db5083b94f7,a531998d-b66d-5191-a7da-a567327512a7,35800000,3580000,selesai,2025-09-21T23:25:44Z
88383054-9ab2-55cf-a602-2d744f122186,8b72dffd-2065-57b1-a892-fc9906385727,dac1cb0f-4a65-597b-a984-9970dda3e70e,64668e48-371b-5ffb-8837-9c4fd033feec,14700000,1470000,selesai,2025-09-22T22:21:04Z
9ce798c0-459b-5218-bd97-f47d4b582397,e7ea2ca5-f008-5448-936d-1c2cea65c8b4,bbf1bb4d-da5e-5b73-9d8f-a77f234626af,3dbb220d-08c5-5e68-b9e9-4282c0cc891f,18400000,1840000,selesai,2025-09-23T03:06:30Z
3f2322e8-effc-5863-9c3c-67406fa87aa2,96983239-5720-5a15-9a07-e1c72064a44a,3227257d-7266-599b-b2b0-6dfa5ee81df5,951be198-4893-5acc-9f1d-ab202e87291b,47600000,4760000,selesai,2025-09-23T23:50:17Z
1c0f1fb4-3548-512b-a1a6-cad19956129f,c6d2d3a0-05a5-5142-8e29-caf1d00938db,67a2d7e0-e408-5234-b2a7-fbc7a2fa188e,d9c76b21-7320-5d80-9265-153dfdbc0c20,8580000,858000,selesai,2025-09-24T12:09:49Z
02f8c0db-6bd5-5c3b-8435-bd8de186cc9b,cdc5951b-19f7-520a-86f7-3f0c1a11eb9b,c07dad9e-28c6-5d39-9bdc-f772ec3b500f,3ecb7039-f69e-55cd-869d-c7d7cf0962f6,32900000,3290000,selesai,2025-09-26T01:18:56Z
860ae26b-d486-500a-abca-66a4d07e0383,4621d652-42a0-5695-838a-ad958e317be3,45cbeb45-e7a8-5400-bd5f-3716602d0b11,5d9ef8fa-9d26-5e45-87a1-4a45f17d0980,46300000,4630000,selesai,2025-09-26T01:36:42Z
07f86bc2-7733-5529-a5cb-f842e7016ace,24c0d154-7603-5c3e-aaee-dc0a08d0a2d9,08bfd8c9-9c9a-5fe7-9381-ba6e7679d814,d9c76b21-7320-5d80-9265-153dfdbc0c20,11200000,1120000,selesai,2025-09-26T19:50:55Z
0db8eaaf-f348-57ee-9046-ba5a4f55a2e5,e18bc640-3aed-5880-8281-3c544907e566,345cb69c-015f-5520-bf83-ec8b1bf93812,5efed142-8369-554d-9ba2-c2f081036319,61100000,6110000,selesai,2025-09-27T00:05:16Z
e0576c66-7a2d-5b0f-9e1f-64e54b524d9c,c73b0a61-c27d-5987-b275-43de0f0b1f25,18188d25-bf5b-53cd-9e1e-ae24e999923a,3e92a01c-1f80-5c38-9903-fe409c3d5d61,31600000,3160000,selesai,2025-09-27T05:44:55Z
4e5199c9-6d62-5c6b-bb34-bf46af44aac0,8d919775-3855-5eb2-be44-7c1b2fbb90cb,4d92d705-4df8-5043-9e02-eb1038c10658,21a4ae7e-8f05-5294-9e2d-32d96779246e,8320000,832000,selesai,2025-09-27T14:56:33Z
40dab347-1311-581a-8330-0fdd2c5b7584,9752913e-bb5c-587b-b10f-51161f3eab60,d88c45a8-c22f-5fb8-92e0-7006c379775d,04432a0f-51e1-5293-a8dc-89755e574853,42300000,4230000,selesai,2025-09-28T12:12:11Z
9a65862f-c3aa-50c4-9e89-f229b4bdae05,7d1abbed-299c-5848-8652-f062aefe07b1,c6259694-efa2-59da-af12-3baae1b19e5c,5d9ef8fa-9d26-5e45-87a1-4a45f17d0980,31100000,3110000,selesai,2025-09-28T17:44:50Z
f204a589-80ae-550c-8649-68a9d7e275ef,934ace12-f96b-5087-a953-c33f66bf0a30,6f338842-5807-511a-8b0f-216469d03cb4,51c4d53d-91bb-5b40-bf86-1f46a9aa18a6,174000000,17400000,selesai,2025-09-28T20:30:05Z
de1d0c6f-42a1-5da7-bd9c-59c4cc3e10dc,43bae604-b9a5-5f3d-a501-6acd6cae33d1,c11f3e8a-99bb-5153-885e-7646661cf764,c868fe01-5c24-57bf-8ffb-fdc6d3ae09a2,8490000,849000,selesai,2025-09-29T04:54:53Z
abbee0ad-3521-57de-a385-0e09b95305d3,5dccf46d-20f9-585e-8397-46117f1f3930,d0f53cba-fee4-5de9-b2e9-86e357a6ef88,d9c76b21-7320-5d80-9265-153dfdbc0c20,3470000,347000,selesai,2025-09-29T12:57:24Z
5a9109ce-b050-5566-a48c-309c51fb00cd,3d3967e5-6101-55a9-a1a7-ba415758b761,4d92d705-4df8-5043-9e02-eb1038c10658,c868fe01-5c24-57bf-8ffb-fdc6d3ae09a2,6550000,655000,selesai,2025-09-29T22:12:46Z
3fddc375-9383-5a28-b086-d49b76b2b445,05a7882e-9c16-5431-b31c-1244aafcb493,31d4f930-e4c5-51da-9bed-84c4ed9e926a,5d9ef8fa-9d26-5e45-87a1-4a45f17d0980,20400000,2040000,selesai,2025-09-30T05:13:54Z
efb9f151-35b0-5896-b8d5-812e84d99875,c1c83e26-ed81-5d93-a922-b81cea23ab4a,e50a3997-254d-5fc5-b387-cab444d77739,5efed142-8369-554d-9ba2-c2f081036319,32500000,3250000,selesai,2025-10-01T09:54:39Z
19c27464-172e-5a90-9a25-cf5e000a03cc,123a7df8-0e55-55fe-8da3-f5efa3fecfe8,c07dad9e-28c6-5d39-9bdc-f772ec3b500f,3dbb220d-08c5-5e68-b9e9-4282c0cc891f,33000000,3300000,selesai,2025-10-01T12:54:24Z
486c3304-d813-5795-8b95-f53f013606ef,0c46f12d-35e2-5323-bcd1-6c722be674b5,8623984d-842f-570f-85ac-09bcb15b3953,04432a0f-51e1-5293-a8dc-89755e574853,31700000,3170000,selesai,2025-10-02T15:37:27Z
415ed02b-f8cd-5111-af32-b5df13044da2,7c78090f-5bd4-55c7-9f0d-3b3ebfb82f6f,08bfd8c9-9c9a-5fe7-9381-ba6e7679d814,3ecb7039-f69e-55cd-869d-c7d7cf0962f6,21900000,2190000,selesai,2025-10-03T06:11:19Z
9efb7cfb-511c-5251-b711-82fff3f83c90,82e8911d-d624-51bb-98f4-c051c75548cf,5aaedc22-3a57-56fe-afc2-35293cd5b01a,6fe7b986-2984-567c-a4cc-509a0769266a,13600000,1360000,selesai,2025-10-03T08:22:55Z
54867cda-7c0d-5ed4-b5c5-27305b7bd33e,800b388e-9a1f-5cfd-84b9-fbbd9eb43ff8,d10b4e12-8728-5b1b-98cf-9eb8c29367c5,5d9ef8fa-9d26-5e45-87a1-4a45f17d0980,38300000,3830000,selesai,2025-10-09T08:50:55Z
66578ce4-fe31-54c9-9623-2efb150bedd6,1061ecbd-35c5-5707-914e-f713cdd82314,5aaedc22-3a57-56fe-afc2-35293cd5b01a,951be198-4893-5acc-9f1d-ab202e87291b,67800000,6780000,selesai,2025-10-09T20:21:24Z
6a3d702a-bd27-5977-b4da-700cda8dbe40,9e030e2b-a2a8-5a7f-b897-317f44e8fd48,9c4af862-0b35-5bbf-aba9-928990d127fe,951be198-4893-5acc-9f1d-ab202e87291b,166000000,16600000,selesai,2025-10-10T11:20:00Z
65700c8a-5b66-56ae-b137-8c3f7f39f8ab,caf4862f-0876-5303-8dcc-6f985569be57,794a1ad7-3dcb-5e01-ab47-663d34cadb1c,3ecb7039-f69e-55cd-869d-c7d7cf0962f6,53700000,5370000,selesai,2025-10-10T19:54:47Z
c238af3a-00ec-5123-8a83-f7ed23166f66,0e444c7c-ce64-5f5f-8ed9-c552ea837e2c,6f2b0b05-c566-578e-9ecf-c28242dee719,6fe7b986-2984-567c-a4cc-509a0769266a,18700000,1870000,selesai,2025-10-10T22:19:25Z
58ba64c3-098b-5262-986f-b610a9d6423b,fd03bdff-df9d-5536-a01d-259522452415,58f42b9d-4015-51fe-8410-cefbda4f365f,951be198-4893-5acc-9f1d-ab202e87291b,82600000,8260000,selesai,2025-10-11T03:53:24Z
089a3470-b41b-5139-9800-b5ed84725c84,183d7889-9c78-59ef-b572-344648ed169f,75305bd7-d03a-5c27-9008-2b56dbe975bd,21a4ae7e-8f05-5294-9e2d-32d96779246e,9820000,982000,selesai,2025-10-13T23:57:45Z
cf6df525-0f1b-5e7a-b61d-fcbb87cfd0e7,d56dae88-d6d6-59ad-ab1b-7572c851ac58,9144077e-2a07-55b3-bcf2-4c054eb2d349,a531998d-b66d-5191-a7da-a567327512a7,120000000,12000000,selesai,2025-10-15T09:08:50Z
50404505-d0f3-5312-84a9-b6c233acd78a,7d2f5914-8c54-50ce-988d-d513a4311288,f4866536-8efc-5194-8660-f5dd0e4c35f1,951be198-4893-5acc-9f1d-ab202e87291b,163000000,16300000,selesai,2025-10-15T22:15:26Z
c287734c-3dae-57f7-81df-ca61dc6481cf,a74ab042-2587-59a8-a9c2-4491807aba9a,a2ee3505-1898-5fa4-a468-f5f9c6772028,a531998d-b66d-5191-a7da-a567327512a7,33100000,3310000,selesai,2025-10-16T20:00:40Z
31d07c70-6f38-5252-9d94-8e6ea50828ef,5bcc5d40-7aeb-5f99-80a7-1c3c38490e0b,6f2b0b05-c566-578e-9ecf-c28242dee719,c868fe01-5c24-57bf-8ffb-fdc6d3ae09a2,9480000,948000,selesai,2025-10-18T07:04:14Z
c4d575c0-8d39-578e-9f75-8863bf26f9d2,d34f8952-eccb-5162-92ba-c27ee05e6fc5,cfcc9f80-a229-5abc-867d-47a8c6e6592e,1d876d41-bc7a-55ee-91cf-65ffb2a4048b,29800000,2980000,selesai,2025-10-18T09:18:37Z
13f4bf19-5e25-5c4a-988e-9d04c021ac79,0d75531a-9af0-57c0-ab50-d584d6bafa67,93c33139-3007-5725-9eff-41db7823137a,a531998d-b66d-5191-a7da-a567327512a7,65600000,6560000,selesai,2025-10-18T10:50:49Z
1d1a90ab-e6f0-578c-bfb9-1d79245bf7c2,78effd3d-61b0-5e45-8100-f5abe56d958c,78313e7d-68ff-5703-9245-2cfaee6439ed,04432a0f-51e1-5293-a8dc-89755e574853,23500000,2350000,selesai,2025-10-19T10:44:54Z
88bbc0ab-0eb1-5d9b-93e4-b03da47cc582,1231bc11-3fec-5f95-9cb4-8586171fd184,75305bd7-d03a-5c27-9008-2b56dbe975bd,dbc6f383-447d-5f26-a2f4-86753b3c416a,17800000,1780000,selesai,2025-10-19T22:02:33Z
b2056c7f-0639-54ee-bc4c-689c53a46569,22317292-e4b4-52aa-92ac-76c9859758c1,8ff05a10-8614-5a15-9c42-86ff10200f89,3ecb7039-f69e-55cd-869d-c7d7cf0962f6,26800000,2680000,selesai,2025-10-20T10:11:40Z
0b4b6ef8-6821-5723-ad8e-d5762f1940a7,c12d33a0-df88-584c-9720-71a9bf3d3bca,68e8cbbb-da04-5541-862e-e1e28cf5c347,d9c76b21-7320-5d80-9265-153dfdbc0c20,6210000,621000,selesai,2025-10-20T16:48:23Z
6040a111-bc97-55ec-8cfe-777e989c0e07,c9a340a3-e8ba-538e-ae59-dfc1b132ed73,4afba102-2377-5929-b170-70f6cfa4bfea,3ecb7039-f69e-55cd-869d-c7d7cf0962f6,32000000,3200000,selesai,2025-10-20T22:44:02Z
2917c363-70db-5929-ac21-5a7df046a207,2dca6cf7-311b-58e0-a132-a69f0636d59d,18188d25-bf5b-53cd-9e1e-ae24e999923a,51c4d53d-91bb-5b40-bf86-1f46a9aa18a6,182000000,18200000,selesai,2025-10-21T06:29:29Z
043b12bf-4e63-546d-beca-f8bd38b60d86,33ee5a50-7570-591f-8ecd-c36e6464059a,a2ee3505-1898-5fa4-a468-f5f9c6772028,64668e48-371b-5ffb-8837-9c4fd033feec,6610000,661000,selesai,2025-10-21T17:19:07Z
57e41673-9d45-5c9e-b494-056cb18ef08e,9e03bff7-9fa0-59f1-b99d-13e491251de8,1300d8c2-f127-540c-9bf8-d3c4f74f741d,a531998d-b66d-5191-a7da-a567327512a7,145000000,14500000,selesai,2025-10-22T19:04:50Z
218054f7-8d70-5cb7-89ee-997f7eda6d6b,2d062570-b28d-5704-9176-30c95f2103db,1aae0750-4c8f-5879-8b25-ec14e411b5ed,951be198-4893-5acc-9f1d-ab202e87291b,92700000,9270000,selesai,2025-10-23T02:13:35Z
3b6310e9-b91c-58b4-85b1-85a8654c5a78,09ee3c57-beba-56a8-bb90-f7b8ffe7b529,edd6e8e8-1db3-5862-adfd-5e605be7c828,6fe7b986-2984-567c-a4cc-509a0769266a,26900000,2690000,selesai,2025-10-23T21:00:48Z
18869203-998a-5652-9c86-c80b28101418,f548ab3d-0d8f-58ed-812a-3a992e748d3f,7583df8a-98f3-56dd-a57a-0d891d4f929f,951be198-4893-5acc-9f1d-ab202e87291b,63000000,6300000,selesai,2025-10-24T00:36:41Z
c9406bd9-94af-55d0-ae2f-e1c679fc2246,10a01936-5ce9-51e1-a539-a79b7b1cb11d,794a1ad7-3dcb-5e01-ab47-663d34cadb1c,dd4aa9b5-3247-5ea3-9589-db5aa169c4e0,21800000,2180000,selesai,2025-10-24T10:57:02Z
e091d5f6-f956-5df7-ae0c-3b445e879cc3,4580f976-afda-5730-a1bc-f896779115d4,d5cb07d3-ef0b-5479-a684-223288de896d,5a27ac9a-1e04-52e2-8392-12edbe43c594,7520000,752000,selesai,2025-10-24T13:23:32Z
1b99351d-04af-5bcf-823c-6b7c7bfe4658,4bb5ac15-b831-527d-8603-5e2af5bf3368,282a5b11-5c97-5686-be7a-dafa471ce36c,3dbb220d-08c5-5e68-b9e9-4282c0cc891f,59900000,5990000,selesai,2025-10-24T17:43:04Z
29eff501-b46c-5704-a176-9f282b5f0879,b67e7617-1431-538a-915c-02870c0f96db,04192cbc-635a-5fd1-9d46-7902f07963b7,dad52c43-2eab-5272-a61d-dca032e6b1db,3450000,345000,selesai,2025-10-26T04:14:02Z
9803e6a7-80c7-5185-949e-226c5826ad11,13ba4e3e-84bb-5920-9208-6d7eb73cf0d3,45eeb1ae-c130-5872-b1d9-8041abc064f6,c868fe01-5c24-57bf-8ffb-fdc6d3ae09a2,9870000,987000,selesai,2025-10-26T11:34:10Z
deba3a85-3f5e-5f6a-b4da-8a6e4e352e52,255556cf-7ec7-5956-aa6d-ef1e1dfa5f69,1adc9f82-4a01-59e0-8c98-354a24559f3e,1d876d41-bc7a-55ee-91cf-65ffb2a4048b,38800000,3880000,selesai,2025-10-27T13:32:42Z
82ea0a86-f0f0-5639-802c-183d54103510,4b7af255-7c01-509f-a969-e51824e83480,a0e727f2-1e54-59ea-8659-39e42162df5c,5a27ac9a-1e04-52e2-8392-12edbe43c594,6090000,609000,selesai,2025-10-27T17:28:25Z
3f973e7f-2a21-555f-8f45-2d8d251c49fb,806c2c63-1e4c-5234-badd-85cf308bdd40,7583df8a-98f3-56dd-a57a-0d891d4f929f,1d25dbba-d1e1-5b79-bb67-3d22aced6cb8,14600000,1460000,selesai,2025-10-27T21:09:21Z
393aa9a9-75f8-50ea-a122-b5b01d89398c,0bdb5508-70ee-5f25-b0ea-5d086b31d10e,dac1cb0f-4a65-597b-a984-9970dda3e70e,1d876d41-bc7a-55ee-91cf-65ffb2a4048b,17800000,1780000,selesai,2025-10-29T23:20:01Z
8c6563c5-6f05-5908-bc05-69c72a60b968,15e020f9-7d06-5a27-ac4b-33c4fafca75f,75305bd7-d03a-5c27-9008-2b56dbe975bd,3ecb7039-f69e-55cd-869d-c7d7cf0962f6,23500000,2350000,selesai,2025-10-30T20:26:01Z
61e243ab-9bc4-5a1f-b16a-a7b015254b63,3735bad0-caf8-5880-aee8-c319def9c000,5e836647-71e8-5142-aaab-f158e91ead18,951be198-4893-5acc-9f1d-ab202e87291b,277000000,27700000,selesai,2025-10-31T04:45:20Z
063cb39a-1e9c-5a6c-a20a-dc57e23eae2f,23ea0dae-4fbd-5acb-9348-85f82d700f5b,3f72fc19-b9dc-5bb0-ad67-00f830f1402d,a531998d-b66d-5191-a7da-a567327512a7,89000000,8900000,selesai,2025-10-31T05:15:44Z
a5c39835-a697-55f3-b5f8-a7cec559efdf,7765fbdf-dd49-5f12-833e-33c7502e8fe3,f6c35744-f8c6-5fce-b0ed-c49ea35ae327,04432a0f-51e1-5293-a8dc-89755e574853,38300000,3830000,selesai,2025-10-31T16:14:08Z
a3e615cb-3dbf-5ee6-ae2c-110aef81cff1,cf0f40e0-037b-5dd3-b177-a7ebe2552d20,474eb440-5a37-5ffd-8f99-dfca5ca49d78,a531998d-b66d-5191-a7da-a567327512a7,82700000,8270000,selesai,2025-10-31T16:37:38Z
a21a4ee9-1f4d-57aa-9474-e50b57293216,c04815bb-eed8-5b98-a23d-bccc678c6b67,247281d2-7eb2-5256-af64-c4f7968da59d,64668e48-371b-5ffb-8837-9c4fd033feec,4570000,457000,selesai,2025-11-01T06:25:15Z
fc7f9c27-faae-5ce6-9b7c-92aae9b59124,5cb45ebb-f6bc-5cb6-afd8-f358e94cfcd6,c11f3e8a-99bb-5153-885e-7646661cf764,a6782ff2-13ef-5b2b-a432-7d121a6ae6c4,8380000,838000,selesai,2025-11-01T21:29:53Z
1d61ea14-a84c-5a22-8314-0ef444914c9d,2a3121e1-3514-59f6-8969-414ceb0cbb41,c8216a19-2bc6-52cf-9503-71618f90f5b4,dad52c43-2eab-5272-a61d-dca032e6b1db,9970000,997000,selesai,2025-11-02T08:14:46Z
8fa9f1f3-6d62-541c-8678-695792869eee,ca1ad1e4-6ce7-52b7-9de8-479dfd9d0b88,d1b1fdfd-ace1-536a-9c51-d44a0896c9ca,c868fe01-5c24-57bf-8ffb-fdc6d3ae09a2,5870000,587000,selesai,2025-11-04T16:59:31Z
9377639a-4b46-53c0-98dc-2a1cfa55a2d6,96ae09bb-4795-5ff1-80fa-fb203408e5eb,c6259694-efa2-59da-af12-3baae1b19e5c,3ecb7039-f69e-55cd-869d-c7d7cf0962f6,25800000,2580000,selesai,2025-11-04T20:08:11Z
cadbf237-7f3e-587f-a2cd-5dc8275eeec8,f4dec429-a556-5e2a-96ef-8265d2ac82ea,f4866536-8efc-5194-8660-f5dd0e4c35f1,3e92a01c-1f80-5c38-9903-fe409c3d5d61,15100000,1510000,selesai,2025-11-05T20:51:01Z
3651b323-9a73-5ecc-9a66-746cd082d96c,810105fa-95cb-562b-8e8d-fb6da2c81931,4a86e14c-2bce-553a-881e-a2576058b102,951be198-4893-5acc-9f1d-ab202e87291b,135000000,13500000,selesai,2025-11-05T20:54:09Z
a64df715-07a9-5b8c-b28e-8e14247819a5,431ff6e7-2b24-519e-8cdb-3b1c425577ba,3f72fc19-b9dc-5bb0-ad67-00f830f1402d,3dbb220d-08c5-5e68-b9e9-4282c0cc891f,76400000,7640000,selesai,2025-11-06T05:50:08Z
9323ea1c-ebed-5ea0-bb3a-419c47e03a3e,baa7814a-a52b-5ddc-aaf4-2dabe52b5cfb,7583df8a-98f3-56dd-a57a-0d891d4f929f,1d876d41-bc7a-55ee-91cf-65ffb2a4048b,85800000,8580000,selesai,2025-11-07T00:57:07Z
7fbf5ca0-e93c-5bb3-8d4e-a7f0065937aa,e9b095c5-2b4e-5348-a178-519adf7a89b1,04192cbc-635a-5fd1-9d46-7902f07963b7,21a4ae7e-8f05-5294-9e2d-32d96779246e,2850000,285000,selesai,2025-11-07T21:10:35Z
3464fd9f-da2e-540b-9cc0-17e0d98932c8,c25b4b18-13da-5750-85d2-b38344bc6e25,68e8cbbb-da04-5541-862e-e1e28cf5c347,d9c76b21-7320-5d80-9265-153dfdbc0c20,8480000,848000,selesai,2025-11-08T05:10:30Z
4793505e-b034-5712-8102-610bb124fbbc,bbed3442-2d22-5f39-bd17-37de9edbe82e,4afba102-2377-5929-b170-70f6cfa4bfea,6fe7b986-2984-567c-a4cc-509a0769266a,37900000,3790000,selesai,2025-11-08T17:34:41Z
6b1eaf93-c855-5bf6-9bf7-00546b2079ab,dac67686-43d3-51e6-aa31-0b98889319d8,7b4d85c8-868f-5ea4-8316-f36e9a7e06c4,c868fe01-5c24-57bf-8ffb-fdc6d3ae09a2,12100000,1210000,selesai,2025-11-09T01:25:03Z
a0e64be1-aad4-5608-a2bc-8fb7d7737f88,6d941209-1662-5c1d-b022-360874d1f8f0,ce7d11b4-b434-57d4-a507-54d40c8eb223,51c4d53d-91bb-5b40-bf86-1f46a9aa18a6,246000000,24600000,selesai,2025-11-09T08:15:17Z
0bd87cda-79f1-5ffe-a5d9-6d7950d8c8fe,529330f6-c181-52a8-8bb7-e947c4b89911,68e8cbbb-da04-5541-862e-e1e28cf5c347,7cf14239-60d5-5ff0-9270-0d2dd0d62e05,10500000,1050000,selesai,2025-11-09T13:24:02Z
8565e825-33ad-5f43-9e23-a8d4aec42349,5b9b3aa6-b6f0-5fd9-92b2-ece35887f4fa,0b0493f3-0689-5073-9e9d-268e7130874a,951be198-4893-5acc-9f1d-ab202e87291b,198000000,19800000,selesai,2025-11-10T02:15:19Z
20592066-5f49-546f-bb75-212b70e24175,73f97b60-9243-53cd-a8ec-92f1f7ddfd8b,b90a6efe-9834-540f-bbdd-1c6bab40f04a,c868fe01-5c24-57bf-8ffb-fdc6d3ae09a2,26000000,2600000,selesai,2025-11-10T05:50:21Z
e6bd3c9b-a776-5cab-a4a9-40a2c168d26a,ddc4e07b-11f4-5521-aaca-716619ad91a5,9ac8c76a-dfc6-520e-a4a3-166478ef223e,1d876d41-bc7a-55ee-91cf-65ffb2a4048b,165000000,16500000,selesai,2025-11-10T11:45:04Z
cd674aaf-1418-5b31-b57e-3d56ac8a22ea,69666fa2-79cd-55cb-9dba-4bda977cf186,e1b49a89-7c6d-56bf-a382-7777e54336b5,5a27ac9a-1e04-52e2-8392-12edbe43c594,3290000,329000,selesai,2025-11-12T04:47:03Z
585c02ec-e47e-58d5-9f29-ce26e3468f95,74e1a234-4d41-58d8-b20f-f8623ca11387,9d360ee0-0088-5658-a8d1-0db5083b94f7,3ecb7039-f69e-55cd-869d-c7d7cf0962f6,30500000,3050000,selesai,2025-11-13T05:33:13Z
9a5f0b7f-21e3-5caf-af0a-779c133772d6,4d413735-ad68-52b2-b57f-584ec8b26a39,dac1cb0f-4a65-597b-a984-9970dda3e70e,1d876d41-bc7a-55ee-91cf-65ffb2a4048b,57300000,5730000,selesai,2025-11-14T02:17:28Z
98bb3d41-1a1f-5a3c-9608-d7b094050d7e,b8682cd4-1750-5e49-9ac2-e22729f5a5da,dac1cb0f-4a65-597b-a984-9970dda3e70e,23ba78b5-421a-5447-b022-5a66fe8d084d,5190000,519000,selesai,2025-11-14T08:46:15Z
00b98dd3-a9c7-5e6c-8add-fd6c67aebec2,e7cacdca-6790-574f-bc9f-e92f3fce50cc,bbf1bb4d-da5e-5b73-9d8f-a77f234626af,dbc6f383-447d-5f26-a2f4-86753b3c416a,35400000,3540000,selesai,2025-11-15T05:19:27Z
37d9946a-17ec-566c-b47c-34fbb4dd1ce6,1818cf58-67f7-5c03-af8d-3071adfc5953,1796add4-4e28-52d8-8d47-236c91bfbb59,dad52c43-2eab-5272-a61d-dca032e6b1db,5560000,556000,selesai,2025-11-16T13:16:28Z
2a4224e0-ee7a-5296-8c8e-35dec0eee17b,0a12bf5b-324f-52bd-9440-5a343e331d5a,509ff7d1-c1b7-532b-b451-eb13d4d19087,dad52c43-2eab-5272-a61d-dca032e6b1db,4430000,443000,selesai,2025-11-17T06:55:49Z
6623d486-b52e-5903-9b8a-7777bbaeda22,098e87e5-d137-5c83-8adc-9e4f6c4cfb4b,9c4af862-0b35-5bbf-aba9-928990d127fe,51c4d53d-91bb-5b40-bf86-1f46a9aa18a6,211000000,21100000,selesai,2025-11-17T12:20:00Z
d702563b-23f5-5d65-9935-acdb9f18e38a,37b29b4d-8dd5-595a-9d3d-0e065eb5cc8b,d5cb07d3-ef0b-5479-a684-223288de896d,dd4aa9b5-3247-5ea3-9589-db5aa169c4e0,12100000,1210000,selesai,2025-11-17T21:30:19Z
f165ebe8-366e-5c28-903a-fd0dbb80b340,cebc0546-bbc7-5f4a-a66a-26a2662c7c99,c0ca208a-f711-5c22-95e7-6eaa871f2f38,7cf14239-60d5-5ff0-9270-0d2dd0d62e05,13000000,1300000,selesai,2025-11-19T00:25:21Z
f7361cc3-16bd-56b0-982c-7f0323fbdef5,10964f51-62e9-5a2f-87e7-2c93718a5ce2,ce7d11b4-b434-57d4-a507-54d40c8eb223,951be198-4893-5acc-9f1d-ab202e87291b,188000000,18800000,selesai,2025-11-19T02:36:26Z
6e060719-8e10-564f-97e4-4994473984a3,10571b33-5a30-5911-bc20-c322603dee41,edd6e8e8-1db3-5862-adfd-5e605be7c828,1d876d41-bc7a-55ee-91cf-65ffb2a4048b,57500000,5750000,selesai,2025-11-22T04:19:44Z
fc2e315e-71ec-5679-ad47-da0d9ad00f5d,bf32810e-9fe7-5962-8dbe-83a82bb0b6b8,9c6e09a0-2346-5608-ba26-22aa33f52834,1d25dbba-d1e1-5b79-bb67-3d22aced6cb8,14000000,1400000,selesai,2025-11-22T05:36:36Z
0eb77b1c-c33c-50ac-af33-305f3b66374c,fd8ce219-33d6-5b20-a3e0-d8f6ff076b0a,44a122eb-e50e-5601-bb59-90f5725f35c4,3ecb7039-f69e-55cd-869d-c7d7cf0962f6,25700000,2570000,selesai,2025-11-22T12:29:05Z
a906cd4f-45b2-5c90-b5d2-a10b01596eeb,01db5822-f650-5fa6-abea-845fc30368b0,fc4da2d0-8d87-5205-aaa9-4ebe75859f3d,951be198-4893-5acc-9f1d-ab202e87291b,109000000,10900000,selesai,2025-11-22T13:03:33Z
2a9c95f7-5fa0-56b8-b399-70e0e8c40a3e,2da1e034-ec1e-55a8-9e38-cf2d33c3f05b,f625153e-a631-5477-afc5-ce1bf32872fe,951be198-4893-5acc-9f1d-ab202e87291b,43500000,4350000,selesai,2025-11-24T06:03:36Z
d7c309ca-9ff7-5333-90a7-b9dc7daaf3f6,6c3e2ba9-2434-52f3-89a3-27056d094500,0fcdaaab-0983-523a-8e1e-1c48f8e127cd,dad52c43-2eab-5272-a61d-dca032e6b1db,5980000,598000,selesai,2025-11-24T09:55:37Z
c870554b-d3fb-589e-86f3-6d6d51acaa3b,3292362c-48ba-5171-9738-70a74110b6f8,1796add4-4e28-52d8-8d47-236c91bfbb59,5efed142-8369-554d-9ba2-c2f081036319,39800000,3980000,selesai,2025-11-25T00:23:39Z
43ff1405-5e19-5880-ba8d-74b6cb9f9b09,5c39c4ce-4e58-5ef5-829e-3dc42c06a65b,2018a5c1-d714-585e-bb52-6832118f2741,951be198-4893-5acc-9f1d-ab202e87291b,76200000,7620000,selesai,2025-11-25T15:51:21Z
c817b41d-3758-5972-ac1c-ca9e7f3487fb,0378fccf-fbfb-551d-91f2-1933d3c3e72c,4afba102-2377-5929-b170-70f6cfa4bfea,a6782ff2-13ef-5b2b-a432-7d121a6ae6c4,20600000,2060000,selesai,2025-11-25T20:16:38Z
3703b912-03a4-518f-a182-03a13a210875,0e4bc440-5acc-5311-a92d-e0d43fe93cdb,474eb440-5a37-5ffd-8f99-dfca5ca49d78,3dbb220d-08c5-5e68-b9e9-4282c0cc891f,55000000,5500000,selesai,2025-11-26T07:29:59Z
b878d60b-0d43-5608-9762-27359df7cf24,0f9ac93a-1995-5d86-9c6d-6a1a17dd8700,282a5b11-5c97-5686-be7a-dafa471ce36c,dbc6f383-447d-5f26-a2f4-86753b3c416a,34300000,3430000,selesai,2025-11-26T16:01:13Z
b075db82-1847-5d90-a6d1-453499537ac1,e5d85149-91ed-5633-b84e-b8c2714a4a7a,f6c35744-f8c6-5fce-b0ed-c49ea35ae327,951be198-4893-5acc-9f1d-ab202e87291b,41900000,4190000,selesai,2025-11-26T16:37:27Z
409bd16b-3184-5905-9a03-366c0e58e7e5,55dab57e-ca3c-511a-a6c6-c0b8b2270ec8,7cb4d2fb-3679-51b5-8896-f934faf8254c,951be198-4893-5acc-9f1d-ab202e87291b,33700000,3370000,selesai,2025-11-27T04:09:14Z
0daa7f87-98c8-5e78-902f-49c709e1c8fa,abdcda53-4a61-51c5-acd3-0841f5b1a8ef,4a0ab876-f5c1-5e6b-930d-5530936fa7d5,1d25dbba-d1e1-5b79-bb67-3d22aced6cb8,7730000,773000,selesai,2025-11-27T05:00:25Z
e8abe3de-d185-5e42-b347-38a0859eef00,32369688-f769-5f17-86d6-9071e3fb1542,aff844a9-441c-5139-8580-f9e7608f9e5c,3e92a01c-1f80-5c38-9903-fe409c3d5d61,89100000,8910000,selesai,2025-11-27T07:39:04Z
13ce0b2f-a64d-59b2-bac2-7ca0837a0b32,192c22c3-1941-55d2-8f3f-066d5297eaf9,4afba102-2377-5929-b170-70f6cfa4bfea,5d9ef8fa-9d26-5e45-87a1-4a45f17d0980,22100000,2210000,selesai,2025-11-27T15:19:11Z
14de52b4-8801-5947-9129-d18144495dc7,c65b29a7-c52c-5dcc-8375-6aaf91aacdb4,bb3ffa0f-14da-55eb-a57f-c2df04802686,1d876d41-bc7a-55ee-91cf-65ffb2a4048b,106000000,10600000,selesai,2025-11-28T02:07:18Z
a8428273-8ac6-5b97-b305-e45206e54681,07c04613-2dbf-53de-bee5-8820be857b58,0b0493f3-0689-5073-9e9d-268e7130874a,951be198-4893-5acc-9f1d-ab202e87291b,191000000,19100000,selesai,2025-11-28T07:21:51Z
b32fac9d-97a0-5b23-a2b2-5739ac1481b7,611fce8f-4966-5dd0-a678-3cdd185c7162,20c215f6-dead-53da-9e03-a4122e455668,dd4aa9b5-3247-5ea3-9589-db5aa169c4e0,4450000,445000,selesai,2025-11-28T22:29:48Z
e77cce64-4589-5638-9ff7-a98f636d5878,5d3319e3-b62d-5e72-8df0-768f1b92585c,707728ca-a796-5849-83ff-74af4dd9b3ff,3dbb220d-08c5-5e68-b9e9-4282c0cc891f,57000000,5700000,selesai,2025-11-29T01:37:49Z
d60f667a-c593-58c4-8eac-9277508905ed,c287eb19-5446-5f3f-a690-d94945dcee9b,e5e5eb9a-9860-5a17-a97b-9f9dfd82e386,951be198-4893-5acc-9f1d-ab202e87291b,55000000,5500000,selesai,2025-11-29T13:47:39Z
e77f9d55-ae7a-5db2-9e92-00a16dee97f2,74f52397-8a13-5bba-8b5e-a4e588e52acd,7cb4d2fb-3679-51b5-8896-f934faf8254c,04432a0f-51e1-5293-a8dc-89755e574853,16100000,1610000,selesai,2025-11-30T04:37:27Z
2441ec87-4453-576a-8f9c-8fb00bdd443a,dfc8b161-cab8-50fb-a1dc-aea017122cd3,ab0a5d93-6d62-5a71-8bed-671920b3abca,a531998d-b66d-5191-a7da-a567327512a7,150000000,15000000,selesai,2025-11-30T20:45:37Z
cc9507ec-8bf0-588b-8160-bb1d1ade0f8f,ede39de7-e03a-5630-8585-a599b39f0809,aff844a9-441c-5139-8580-f9e7608f9e5c,951be198-4893-5acc-9f1d-ab202e87291b,65900000,6590000,selesai,2025-11-30T22:32:37Z
543a41f9-4047-54b8-a0a7-c037f4478391,5947fe96-e952-5a58-b051-738ecd098bce,c11f3e8a-99bb-5153-885e-7646661cf764,5a27ac9a-1e04-52e2-8392-12edbe43c594,5900000,590000,selesai,2025-12-02T06:14:22Z
f3a21d92-8479-5784-887c-94b850930fec,38836abc-b644-5b81-b641-125abf78b9c5,7cb4d2fb-3679-51b5-8896-f934faf8254c,6fe7b986-2984-567c-a4cc-509a0769266a,16200000,1620000,selesai,2025-12-02T10:04:18Z
d3234e38-a7c1-5490-9ea5-e3af04373587,e3e75b09-ba72-5a75-a835-c9a1209bff7b,9c6e09a0-2346-5608-ba26-22aa33f52834,51c4d53d-91bb-5b40-bf86-1f46a9aa18a6,119000000,11900000,selesai,2025-12-02T21:57:53Z
2957c1ae-2f7e-52c3-b643-7a64fa70de39,6d45e673-783c-5215-83de-60cad027af0e,95158fe7-2d9c-5d33-bb80-597ad6f20eff,a6782ff2-13ef-5b2b-a432-7d121a6ae6c4,10700000,1070000,selesai,2025-12-03T05:29:52Z
892e99f9-ef3c-5294-aa5c-8d1490a797fb,44f3c71e-e99b-5abc-930e-aea7dc16bcaf,c0ca208a-f711-5c22-95e7-6eaa871f2f38,7cf14239-60d5-5ff0-9270-0d2dd0d62e05,2330000,233000,selesai,2025-12-03T07:22:57Z
c15be569-88de-5547-a51e-86736569f856,9b39271e-5350-55eb-9d8e-0c374015d1aa,028762f8-d024-5dc2-9c0d-7884b2807dc5,3ecb7039-f69e-55cd-869d-c7d7cf0962f6,20600000,2060000,selesai,2025-12-03T11:28:06Z
66fed160-463e-55f9-9405-d7e60b858e4d,93421847-db9f-5efc-93c9-5000994b5597,0f0b75b9-0a40-5393-8a6d-01dbe02c9029,23ba78b5-421a-5447-b022-5a66fe8d084d,9090000,909000,selesai,2025-12-03T13:08:47Z
47507a62-9900-5a4a-9d66-a312317f3153,8cf5541a-7f59-5689-b6f9-5f1ad7c4af44,a0e727f2-1e54-59ea-8659-39e42162df5c,3ecb7039-f69e-55cd-869d-c7d7cf0962f6,19700000,1970000,selesai,2025-12-06T05:15:39Z
42ee9e5c-421e-5abd-b908-053e1fecf61a,46e7a342-1404-57ec-8eea-da4fc0d299d3,4a0ab876-f5c1-5e6b-930d-5530936fa7d5,23ba78b5-421a-5447-b022-5a66fe8d084d,5860000,586000,selesai,2025-12-06T08:57:38Z
e8d45ef6-f2e7-57e4-b4c5-d175f14e8f4b,eeb6370f-4fcf-5efe-a762-df55feb21681,dac1cb0f-4a65-597b-a984-9970dda3e70e,3dbb220d-08c5-5e68-b9e9-4282c0cc891f,73900000,7390000,selesai,2025-12-06T13:01:49Z
a9c009bf-21a4-5903-829c-44b1387a644d,0555b637-9674-5797-ba98-bfdd601947de,b90a6efe-9834-540f-bbdd-1c6bab40f04a,a531998d-b66d-5191-a7da-a567327512a7,64900000,6490000,selesai,2025-12-07T08:03:40Z
4bcaeb08-238f-5b37-9a23-5ab095accce8,c51fc701-aa4f-55b4-9f9f-a4bedb49db6e,d087854d-40ba-50b7-8077-65bf58aaecfc,a531998d-b66d-5191-a7da-a567327512a7,123000000,12300000,selesai,2025-12-07T17:30:57Z
17e627aa-9bad-51b4-bfcf-f30fda5f7197,ffa4a5be-4f10-5dd1-aabb-6d29555b687b,c95ec7ea-92a7-513e-b0f2-1da5e321bded,a6782ff2-13ef-5b2b-a432-7d121a6ae6c4,10900000,1090000,selesai,2025-12-09T06:14:43Z
66f8557c-3228-54af-9ac2-73332c4cc048,5d56242c-52a1-5e3f-bf72-681e7e5befc3,345cb69c-015f-5520-bf83-ec8b1bf93812,a531998d-b66d-5191-a7da-a567327512a7,172000000,17200000,selesai,2025-12-09T09:54:24Z
02b782ff-3e2c-5bc3-abee-d90171bb6a5e,07593c54-9b98-5cd8-8e6b-161bd7dcf6cd,31d4f930-e4c5-51da-9bed-84c4ed9e926a,04432a0f-51e1-5293-a8dc-89755e574853,43400000,4340000,selesai,2025-12-10T06:32:16Z
6e47a38e-3f9e-5883-b448-2784180b83bc,e8b2284d-a7ad-5d33-a915-89ef7a96ab29,95158fe7-2d9c-5d33-bb80-597ad6f20eff,951be198-4893-5acc-9f1d-ab202e87291b,108000000,10800000,selesai,2025-12-10T16:28:04Z
5de41889-111b-5fd5-be99-03d6093d2c31,28f5f0c0-25c0-58d3-95fe-37a1caf90d44,d10b4e12-8728-5b1b-98cf-9eb8c29367c5,5a27ac9a-1e04-52e2-8392-12edbe43c594,8240000,824000,selesai,2025-12-10T22:50:11Z
5e31884b-fd0b-52da-b7df-a020e5540a12,0b44391b-003e-5044-80c2-ab4d08ff8805,83333cf0-523d-5361-94bd-c5d79ea72d30,951be198-4893-5acc-9f1d-ab202e87291b,311000000,31100000,selesai,2025-12-11T13:46:36Z
6f4e6fc3-1fb7-583f-a106-03b4dc7b8672,9f494da4-9707-53ef-a62d-e0c5cc9111cb,1796add4-4e28-52d8-8d47-236c91bfbb59,3ecb7039-f69e-55cd-869d-c7d7cf0962f6,37400000,3740000,selesai,2025-12-12T02:59:23Z
956fb0c2-fd09-5857-b25a-75d208fb6ce4,6eb60c2c-146b-5415-acd3-b07dc2fdbcfc,2ef7761d-6de4-5de7-b1c2-3d05a921b80b,3e92a01c-1f80-5c38-9903-fe409c3d5d61,34200000,3420000,selesai,2025-12-14T10:34:52Z
b3b300e9-7028-53f1-a0d1-2145597e5fbd,cd29c342-8ee2-5d85-bb7f-3ade059e3da8,dac1cb0f-4a65-597b-a984-9970dda3e70e,6fe7b986-2984-567c-a4cc-509a0769266a,22000000,2200000,selesai,2025-12-15T02:06:42Z
196b618e-c8ee-50f4-84c8-10e5f06626b4,d0f85a0d-cae5-5a1a-8543-76483d47d25c,130ec63c-8ce6-5e6d-9a74-9ac7ba68756a,c868fe01-5c24-57bf-8ffb-fdc6d3ae09a2,13700000,1370000,selesai,2025-12-15T06:40:03Z
7788334a-9194-5e8e-942f-2dedd2421617,a8f46b55-f4e7-5f6f-983e-fb9f4a325630,9144077e-2a07-55b3-bcf2-4c054eb2d349,a531998d-b66d-5191-a7da-a567327512a7,92800000,9280000,selesai,2025-12-15T12:50:44Z
bf68d037-30ed-57c3-82e4-77f26b24500a,52f0f04b-349a-5e78-985c-f1c0af2d5718,fb013d36-9c41-5e52-bdc0-e73dd7fc107c,21a4ae7e-8f05-5294-9e2d-32d96779246e,7070000,707000,selesai,2025-12-18T00:41:43Z
110ec81b-699e-5c35-9cec-7191e6ac54de,dc5da910-0ec4-5e63-9543-4ebe1685b712,474eb440-5a37-5ffd-8f99-dfca5ca49d78,a531998d-b66d-5191-a7da-a567327512a7,90400000,9040000,selesai,2025-12-18T00:52:23Z
502a17fa-4a85-5538-926b-eae9c099b1ef,2eb8d9e8-10cd-51e6-b25e-beaa88dc27b9,45fe3c4c-a4b2-522f-99e9-6dab132798c3,5efed142-8369-554d-9ba2-c2f081036319,36600000,3660000,selesai,2025-12-18T13:51:58Z
b52bcbd3-435b-5149-83f9-804b640b2bf4,c90917a9-1165-58ec-826d-1a5353683fe3,d17c046c-52e5-5c8b-a069-172235bb457b,951be198-4893-5acc-9f1d-ab202e87291b,43200000,4320000,selesai,2025-12-20T15:08:33Z
aed2e81b-91d1-5a14-8d8b-2b7f6e576cba,8c94914b-fb9c-55c3-bf7c-fd9375976b1d,dac1cb0f-4a65-597b-a984-9970dda3e70e,a6782ff2-13ef-5b2b-a432-7d121a6ae6c4,15800000,1580000,selesai,2025-12-20T23:10:17Z
66a4e103-c45a-53a4-9162-f67fc7427735,baad9605-c3cb-534d-ac70-11b5d0c3deee,7f25976e-29ea-5014-ba41-8f61f001af2d,951be198-4893-5acc-9f1d-ab202e87291b,109000000,10900000,selesai,2025-12-21T04:31:30Z
9f6466ff-6abf-53ea-8aa4-1db7b1b90497,9b9667a7-a729-5084-8a36-3220f89789c9,2849d62d-d267-52f6-ae18-fa6e10b67d58,3dbb220d-08c5-5e68-b9e9-4282c0cc891f,30300000,3030000,selesai,2025-12-21T13:00:24Z
a89d9300-2370-57b7-bccc-57115181a551,2cbb5ecf-9ff6-51ef-b4d8-de20d08ee0f1,b90a6efe-9834-540f-bbdd-1c6bab40f04a,c868fe01-5c24-57bf-8ffb-fdc6d3ae09a2,30700000,3070000,selesai,2025-12-21T19:46:31Z
92596265-b872-522f-ace1-f17c1ade7dcc,05d11928-5c63-54dd-8064-4907b6a5519b,ce7d11b4-b434-57d4-a507-54d40c8eb223,51c4d53d-91bb-5b40-bf86-1f46a9aa18a6,170000000,17000000,selesai,2025-12-21T23:47:29Z
ad44978e-ad84-53fd-a97e-2445f7359a11,9f3137cf-b5dc-55d5-a879-5ad004ad1cd9,8623984d-842f-570f-85ac-09bcb15b3953,3ecb7039-f69e-55cd-869d-c7d7cf0962f6,20900000,2090000,selesai,2025-12-22T01:44:01Z
6e8b91aa-881c-501c-9e2f-839461402c36,f329a405-8f03-5633-b8a7-4799ac9389f2,509ff7d1-c1b7-532b-b451-eb13d4d19087,5a27ac9a-1e04-52e2-8392-12edbe43c594,2870000,287000,selesai,2025-12-22T11:24:53Z
7e06838d-340e-5e5b-bc9b-ee79d36e2c7c,7add733f-4428-5d23-902a-940748580b80,9aa3bd69-c459-515c-ba8f-b408ef95a728,dad52c43-2eab-5272-a61d-dca032e6b1db,5020000,502000,selesai,2025-12-23T11:45:37Z
d57e1752-e4fc-50cc-9071-be71654808f6,7e29290c-d877-59e3-a22e-5ff2d8387ac2,d0f53cba-fee4-5de9-b2e9-86e357a6ef88,c868fe01-5c24-57bf-8ffb-fdc6d3ae09a2,6970000,697000,selesai,2025-12-23T18:42:32Z
4e9df30c-0299-5919-a962-ff035a63e665,d0d50344-8c65-5af2-8928-9526719b04f4,cab8359d-bf2b-5fd5-ae41-0788100e71b5,951be198-4893-5acc-9f1d-ab202e87291b,109000000,10900000,selesai,2025-12-24T02:36:08Z
aba521e9-93da-5e86-80ac-6d64a223f803,116efeb9-94e5-5419-a2c1-0a6824b13a59,e5e5eb9a-9860-5a17-a97b-9f9dfd82e386,3dbb220d-08c5-5e68-b9e9-4282c0cc891f,57900000,5790000,selesai,2025-12-24T15:22:24Z
dc1bc571-7773-544e-815b-edd490144901,c402901f-bcd5-50f1-9b7b-6bd690b8639f,6f2b0b05-c566-578e-9ecf-c28242dee719,c868fe01-5c24-57bf-8ffb-fdc6d3ae09a2,17000000,1700000,selesai,2025-12-25T01:28:05Z
88894888-b21d-50c3-afe2-9e9b4080ddb3,5296ba8a-c4d1-50f1-9e6e-714aa3fe0859,9c6e09a0-2346-5608-ba26-22aa33f52834,6fe7b986-2984-567c-a4cc-509a0769266a,24600000,2460000,selesai,2025-12-25T23:57:47Z
60b2a16b-0c19-5b34-b11b-fac7affc515e,ed8c1262-de24-5c43-a6c1-52d5978e6fa4,1d816192-26de-5c28-99a7-793dfd023ff8,3ecb7039-f69e-55cd-869d-c7d7cf0962f6,19400000,1940000,selesai,2025-12-27T17:12:46Z
8d992d36-ed79-514e-a2fd-6ac4d646ddd6,6c8c527c-11f1-5cf9-ae90-93894e3c2ccc,4a86e14c-2bce-553a-881e-a2576058b102,1d25dbba-d1e1-5b79-bb67-3d22aced6cb8,11200000,1120000,selesai,2025-12-28T03:07:34Z
dfa0d9d4-0fbe-569d-8ec1-4736c658ac6d,553c9695-c634-5f35-9523-860952dc0e59,58f42b9d-4015-51fe-8410-cefbda4f365f,3e92a01c-1f80-5c38-9903-fe409c3d5d61,55200000,5520000,selesai,2025-12-28T05:17:16Z
83595044-df33-54e4-afea-5aa8f03e882d,144fefed-9999-5559-99c4-c0c12dd73fa6,83333cf0-523d-5361-94bd-c5d79ea72d30,1d876d41-bc7a-55ee-91cf-65ffb2a4048b,38300000,3830000,selesai,2025-12-29T13:59:49Z
7af1a708-9b74-5739-a7b4-737d0bb453ab,bb02a2b6-7563-559c-aa4b-8e3412c8c74f,f4866536-8efc-5194-8660-f5dd0e4c35f1,3e92a01c-1f80-5c38-9903-fe409c3d5d61,49600000,4960000,selesai,2025-12-29T16:44:32Z
538d0121-88ae-5d22-aa11-957fcd89d32a,b3c0fd50-3842-559a-8a39-d5fbdfe0eaf5,d5cb07d3-ef0b-5479-a684-223288de896d,3dbb220d-08c5-5e68-b9e9-4282c0cc891f,67400000,6740000,selesai,2025-12-30T04:10:33Z
6dd363c6-2600-591d-ab6e-7539d982bf6e,93166838-cb28-5c0b-87d7-2da901862d19,1796add4-4e28-52d8-8d47-236c91bfbb59,951be198-4893-5acc-9f1d-ab202e87291b,81800000,8180000,selesai,2025-12-30T12:44:31Z
54e46dec-5625-5722-b47c-3d95cdcc6766,fffc8a4b-96df-5c30-89c1-e96170be447b,8027957b-7b93-5032-915c-3cbd4142f8a8,5d9ef8fa-9d26-5e45-87a1-4a45f17d0980,25600000,2560000,selesai,2025-12-30T13:10:55Z
362adc02-8752-5404-acbf-afae140f2356,904dbc9b-ba86-5204-b507-9d9c6e43e242,eb1d1455-54ab-59dd-b1a7-8bcffaffe2b4,3ecb7039-f69e-55cd-869d-c7d7cf0962f6,12900000,1290000,selesai,2025-12-30T22:35:13Z
e2624890-3829-5941-8aeb-7e8869e445a2,5b481815-d499-5089-a16f-8180b252f113,9d8ddd11-a801-58bc-9aaa-664e027e1f0a,3e92a01c-1f80-5c38-9903-fe409c3d5d61,32700000,3270000,selesai,2025-12-31T02:03:20Z
706d1317-05a6-51fd-b378-5c7437f17388,7c5a2e1e-bc14-5415-a8c2-9c27c2cadb83,f19f9cad-ffaf-5bd8-bd36-a8d5ee568767,3e92a01c-1f80-5c38-9903-fe409c3d5d61,33300000,3330000,selesai,2025-12-31T03:56:43Z
19628ef0-4754-5e8b-a0d4-13f599a4e65f,0c059e1f-e17d-5e1c-8a5e-b98244e37d69,f625153e-a631-5477-afc5-ce1bf32872fe,3ecb7039-f69e-55cd-869d-c7d7cf0962f6,20400000,2040000,selesai,2025-12-31T19:36:09Z
76e277cb-e7c2-5a20-b0d2-97aa0d9fb243,b4957eff-334c-5456-9865-662bb934b246,8ad954bc-1b99-5407-973d-73554444435a,951be198-4893-5acc-9f1d-ab202e87291b,159000000,15900000,selesai,2025-12-31T23:32:57Z
87750687-e3a6-5a81-b61c-3d3c10de4261,ba6198c5-6bbb-50f1-9625-44571944b209,d10b4e12-8728-5b1b-98cf-9eb8c29367c5,1d876d41-bc7a-55ee-91cf-65ffb2a4048b,67500000,6750000,selesai,2026-01-01T08:32:44Z
b27dfcc4-3a8d-57fa-bfd2-277471aafffa,e1e5b92b-e019-52fd-a5ac-0baa6cae6280,c6259694-efa2-59da-af12-3baae1b19e5c,3dbb220d-08c5-5e68-b9e9-4282c0cc891f,67400000,6740000,selesai,2026-01-01T17:07:30Z
a2823bdc-30e8-5a6b-b052-a3fba0f527af,3b6e3b2e-d504-59dd-aed4-3435eee00d05,58f42b9d-4015-51fe-8410-cefbda4f365f,dbc6f383-447d-5f26-a2f4-86753b3c416a,13800000,1380000,selesai,2026-01-01T21:48:08Z
1f8f4527-0432-55b7-998e-535c8bccc5fa,9dd8b7d3-9cf1-50d4-b387-8cad312a618c,8ff05a10-8614-5a15-9c42-86ff10200f89,a6782ff2-13ef-5b2b-a432-7d121a6ae6c4,5200000,520000,selesai,2026-01-02T12:45:50Z
12af6c3b-be05-5de3-8ae1-a63a02c2a724,9e3ca7a4-3603-51c1-afc2-8383f7d5b650,c6259694-efa2-59da-af12-3baae1b19e5c,3dbb220d-08c5-5e68-b9e9-4282c0cc891f,55500000,5550000,selesai,2026-01-02T19:51:50Z
e99e9c64-c7e3-535a-b75d-3176ef391e1e,24d392d5-ac8b-555f-b279-cfc82a6a9654,474eb440-5a37-5ffd-8f99-dfca5ca49d78,a531998d-b66d-5191-a7da-a567327512a7,108000000,10800000,selesai,2026-01-02T22:19:17Z
9e848f98-772b-565b-b393-c09f795fb660,88b9caba-0a1b-53bd-a7e8-80104ac401eb,95158fe7-2d9c-5d33-bb80-597ad6f20eff,5d9ef8fa-9d26-5e45-87a1-4a45f17d0980,42400000,4240000,selesai,2026-01-02T23:42:47Z
ba02c723-31b7-5af5-a38c-8b7544b323bd,86063089-84b4-5123-b031-a5f5575840b4,00e89bde-5798-59e7-81bb-02b0f7987743,51c4d53d-91bb-5b40-bf86-1f46a9aa18a6,133000000,13300000,selesai,2026-01-03T01:17:21Z
0303cc6c-4dc7-5b25-a558-fe86655f1a36,0fdbbafd-b620-567a-a513-34880329efe8,45fe3c4c-a4b2-522f-99e9-6dab132798c3,3e92a01c-1f80-5c38-9903-fe409c3d5d61,16800000,1680000,selesai,2026-01-04T01:22:15Z
12f4e3c8-a3fc-538f-a4fa-71c34eb19a08,db1cf5fd-80f7-5340-a90d-605071187122,5aaedc22-3a57-56fe-afc2-35293cd5b01a,6fe7b986-2984-567c-a4cc-509a0769266a,23100000,2310000,selesai,2026-01-04T05:38:02Z
e226e3a0-f8b3-5832-91ae-6c06b9f5e830,fa9a283c-c098-5abe-81dd-23aec880b2b8,b90a6efe-9834-540f-bbdd-1c6bab40f04a,951be198-4893-5acc-9f1d-ab202e87291b,107000000,10700000,selesai,2026-01-04T12:48:15Z
d904b149-23af-5c93-b7ce-16a0fbe31e34,131104e4-8844-5d09-b9a1-bd7ad56f64f0,179a2581-11cb-5dd1-af30-697a9f725e91,951be198-4893-5acc-9f1d-ab202e87291b,173000000,17300000,selesai,2026-01-04T19:00:30Z
5a10aab8-c73c-5bd8-99e9-62798b717a6c,9738d093-6198-5816-b237-41f4c394d3ac,914cb54d-8dc4-55e6-9bba-447bf30c7df3,951be198-4893-5acc-9f1d-ab202e87291b,91400000,9140000,selesai,2026-01-04T23:01:03Z
67c28139-7f33-5c98-9985-f9d8aec26160,aa756f8f-7fa9-524f-9858-75107a4240ed,3be1e571-daec-5866-82bf-9bb952bce71b,3ecb7039-f69e-55cd-869d-c7d7cf0962f6,14800000,1480000,selesai,2026-01-05T09:53:47Z
91138b65-7ef9-52e9-a468-081d96e27f37,5c0be3f9-be01-5c70-9a54-0b755d9e8170,1cb99939-551d-541a-beb7-94dd38e8e976,1d876d41-bc7a-55ee-91cf-65ffb2a4048b,37600000,3760000,selesai,2026-01-05T13:27:58Z
a4ef178f-fb97-5637-81b6-6bc02630db36,b6f46f74-53c3-5583-b127-2a86c7c93e84,1ae98ad4-8b69-57ac-8937-47e2a8df176f,3ecb7039-f69e-55cd-869d-c7d7cf0962f6,27400000,2740000,selesai,2026-01-05T22:46:34Z
ef39f57a-5b03-56c1-9ed7-84c72114583f,1f480169-3171-5023-8104-bd043c0f8f43,75305bd7-d03a-5c27-9008-2b56dbe975bd,1d25dbba-d1e1-5b79-bb67-3d22aced6cb8,6690000,669000,selesai,2026-01-05T23:59:02Z
41a18323-dc27-555a-a7bb-c5e5e2c35df5,e598ae61-f5cc-52b6-9806-7d72e81916f8,c6259694-efa2-59da-af12-3baae1b19e5c,3e92a01c-1f80-5c38-9903-fe409c3d5d61,15100000,1510000,selesai,2026-01-06T08:19:29Z
9a899403-0c68-55b3-b98c-6834a0d0d004,f5e1561b-918d-5563-8836-b7b78c99b5d8,f6c35744-f8c6-5fce-b0ed-c49ea35ae327,951be198-4893-5acc-9f1d-ab202e87291b,97300000,9730000,selesai,2026-01-07T02:25:56Z
46578617-2832-5fb0-8e13-833eb15dc8e4,43fc5e7c-58a7-5ba9-8e74-bbc7e301f317,8ea2fbac-fba1-546b-8c7e-d8ffacc66fa3,1d876d41-bc7a-55ee-91cf-65ffb2a4048b,78000000,7800000,selesai,2026-01-07T10:10:08Z
a062f1de-12bc-5a69-a442-2abb6dfacdfc,73c529bb-0ace-5e43-ad2f-95b2b58db49c,58f42b9d-4015-51fe-8410-cefbda4f365f,3dbb220d-08c5-5e68-b9e9-4282c0cc891f,86000000,8600000,selesai,2026-01-07T15:08:50Z
0bfc5f01-e0e7-5996-b8d8-6b06ac9a6032,bcb7bba0-9ad9-5ed5-85a3-bac042afde2b,2ef7761d-6de4-5de7-b1c2-3d05a921b80b,3e92a01c-1f80-5c38-9903-fe409c3d5d61,36400000,3640000,selesai,2026-01-07T19:32:59Z
e9e4f47f-78aa-53b3-bde4-716e70c09353,ceacacf1-25dd-5424-948b-26b2957f82e2,3166d28b-1835-5ff7-b779-284ed64d43cb,c868fe01-5c24-57bf-8ffb-fdc6d3ae09a2,8930000,893000,selesai,2026-01-08T11:01:23Z
778871e0-3cf9-5167-9ac5-072d380a3031,3f8b1a17-e844-58c4-8a7f-67163c25b2fd,03397d72-03b1-59c3-865b-c50062422b90,7cf14239-60d5-5ff0-9270-0d2dd0d62e05,17300000,1730000,selesai,2026-01-09T01:16:02Z
51e40673-8849-57a1-95a9-e03da753a592,31ae85b9-f0d4-585f-9c93-e98efaf38380,794a1ad7-3dcb-5e01-ab47-663d34cadb1c,951be198-4893-5acc-9f1d-ab202e87291b,149000000,14900000,selesai,2026-01-09T05:36:04Z
5237853b-9bb9-515a-897d-7227d7158ab3,b0c37bd2-cfd9-536b-bf4c-8a5010bbd60d,cfcc9f80-a229-5abc-867d-47a8c6e6592e,3dbb220d-08c5-5e68-b9e9-4282c0cc891f,111000000,11100000,selesai,2026-01-09T16:26:41Z
3775b755-ff5b-5f33-96a8-947b95e3c6fb,c6f0e64e-2656-5532-97c2-795064977544,c95ec7ea-92a7-513e-b0f2-1da5e321bded,04432a0f-51e1-5293-a8dc-89755e574853,61100000,6110000,selesai,2026-01-09T18:45:45Z
abe958ff-9c5c-5fe1-b113-b2da8b448093,22df2eb8-459e-59a0-823d-002082493d0f,5c3826f0-492a-5274-a17f-b749a6e3ac8a,3ecb7039-f69e-55cd-869d-c7d7cf0962f6,39900000,3990000,selesai,2026-01-10T05:38:07Z
0cd19fbb-6d98-5f0b-88a7-190d9fcfeafc,63e9b860-7740-507a-97c7-d8a02397b8aa,03397d72-03b1-59c3-865b-c50062422b90,5d9ef8fa-9d26-5e45-87a1-4a45f17d0980,29700000,2970000,selesai,2026-01-10T18:52:33Z
3df006f1-3b4f-53a9-a789-51ef7bb24499,807d4e8a-f4e0-5e28-8e80-b7ce2f3c43d1,c6259694-efa2-59da-af12-3baae1b19e5c,3ecb7039-f69e-55cd-869d-c7d7cf0962f6,20800000,2080000,selesai,2026-01-10T21:59:39Z
c60e8dd6-7867-5b6a-a41b-dc1b8c879e43,82252fb4-894c-5cb2-af57-41989f288f55,c8216a19-2bc6-52cf-9503-71618f90f5b4,c868fe01-5c24-57bf-8ffb-fdc6d3ae09a2,13700000,1370000,selesai,2026-01-11T03:14:52Z
1833c7d1-5800-50a1-8d74-a41934935070,b97f318e-1804-59ef-9e26-688569654a14,4a0ab876-f5c1-5e6b-930d-5530936fa7d5,51c4d53d-91bb-5b40-bf86-1f46a9aa18a6,69600000,6960000,selesai,2026-01-11T12:28:51Z
56c60fce-3721-5c0a-a4d2-612e38698985,f6273e43-c4d2-5f8f-b2cb-941302bf03b0,c6259694-efa2-59da-af12-3baae1b19e5c,21a4ae7e-8f05-5294-9e2d-32d96779246e,9630000,963000,selesai,2026-01-12T00:52:39Z
1865f9e5-1a21-5a60-b9a2-c9355f046bbd,950386d2-eca9-58f1-bda9-cfc3cb82720a,181d5eaa-4366-5aee-8dec-bd0fccfb583a,51c4d53d-91bb-5b40-bf86-1f46a9aa18a6,125000000,12500000,selesai,2026-01-12T13:45:03Z
ac626864-071d-54da-ba19-78559a3dab0a,f086a0f7-ec88-5b4e-8de5-589f8d33aee2,4a86e14c-2bce-553a-881e-a2576058b102,dbc6f383-447d-5f26-a2f4-86753b3c416a,25300000,2530000,selesai,2026-01-12T22:56:12Z
9d8c5de1-93b3-5cf1-92f3-2ae537531a1a,5b4d7cee-02c8-52d9-b089-f4960fc51927,f625153e-a631-5477-afc5-ce1bf32872fe,5d9ef8fa-9d26-5e45-87a1-4a45f17d0980,36100000,3610000,selesai,2026-01-13T11:42:47Z
cb65f24d-7139-50bb-a45d-cef63efb6ca0,13e7b60e-7444-5133-86b0-ca2147ca37f1,d087854d-40ba-50b7-8077-65bf58aaecfc,951be198-4893-5acc-9f1d-ab202e87291b,127000000,12700000,selesai,2026-01-13T20:49:21Z
30712683-d022-5f2b-a4bb-8187c8437021,fe32697d-e986-5f7d-a06c-e838a29a9700,179a2581-11cb-5dd1-af30-697a9f725e91,951be198-4893-5acc-9f1d-ab202e87291b,97900000,9790000,selesai,2026-01-14T16:44:47Z
3b1d952f-713e-55c1-b855-0ee6116ee056,af1a7a79-a25d-56c6-a820-069eadfc29e3,c95ec7ea-92a7-513e-b0f2-1da5e321bded,6fe7b986-2984-567c-a4cc-509a0769266a,19000000,1900000,selesai,2026-01-14T22:55:35Z
36ea11d8-df47-5cc0-8dd2-7fa0970c5489,96f82e9e-5131-5e09-b745-eb89c74d6e5a,5e998efc-04c6-5544-914b-bfe322536fbc,23ba78b5-421a-5447-b022-5a66fe8d084d,15200000,1520000,selesai,2026-01-15T04:55:43Z
24786a5c-3003-53b3-ae88-539b027840a2,89563d82-66d6-512f-a104-b6358f2c6053,95158fe7-2d9c-5d33-bb80-597ad6f20eff,3ecb7039-f69e-55cd-869d-c7d7cf0962f6,18600000,1860000,selesai,2026-01-15T13:05:09Z
1c12fa84-3029-560a-93dc-b421ecba9769,3f381c5f-4624-5e35-be4e-cfa19964c5ed,0b0493f3-0689-5073-9e9d-268e7130874a,a531998d-b66d-5191-a7da-a567327512a7,119000000,11900000,selesai,2026-01-17T11:05:54Z
3caca722-1cae-5bea-9f97-2afae506347e,80c5e2d4-d490-5e01-ad6b-855e865bacd8,d087854d-40ba-50b7-8077-65bf58aaecfc,51c4d53d-91bb-5b40-bf86-1f46a9aa18a6,139000000,13900000,selesai,2026-01-18T04:22:57Z
b79d6473-088c-5758-977d-e966db0ce0b9,8ab2db09-469a-53a2-8de8-77e28eeeb08c,87bf1596-15f4-52d5-95c9-43647331c2f3,21a4ae7e-8f05-5294-9e2d-32d96779246e,4300000,430000,selesai,2026-01-18T19:30:32Z
21db8bb9-9385-5d72-a13c-f14fbabd0a71,8306d6cb-7fc8-506d-b94c-017043264faf,83333cf0-523d-5361-94bd-c5d79ea72d30,5d9ef8fa-9d26-5e45-87a1-4a45f17d0980,10300000,1030000,selesai,2026-01-19T10:59:41Z
064724a6-e92a-5695-94e9-4f59171d2b85,d1e944cb-293f-5ca4-9936-0144f7af0595,7826a75f-b01b-5b15-8090-950a730170ee,d9c76b21-7320-5d80-9265-153dfdbc0c20,5660000,566000,selesai,2026-01-19T15:12:46Z
cf342430-b980-59f3-ade3-ee0a6fea9f57,433f59b2-023f-5d1d-b945-c4df1bb9ae7b,d88c45a8-c22f-5fb8-92e0-7006c379775d,23ba78b5-421a-5447-b022-5a66fe8d084d,6480000,648000,selesai,2026-01-20T08:04:09Z
5b1c5149-423d-5a21-964f-7bcc4041dbc0,76161b72-23af-5225-bd88-29421b8ce5cc,9f9080b9-7195-5910-8532-44b6139f476e,5efed142-8369-554d-9ba2-c2f081036319,36100000,3610000,selesai,2026-01-20T11:49:38Z
ce14eac0-1222-5904-80e9-ad4e8b9ddc9b,687742d1-3cd9-56c5-8676-48626ee4719b,4afba102-2377-5929-b170-70f6cfa4bfea,951be198-4893-5acc-9f1d-ab202e87291b,66300000,6630000,selesai,2026-01-20T12:00:36Z
a0c15603-8b0e-566a-9c90-9dceb2a5113d,fda62ab8-63d8-5386-acd3-7e0ad96e1e8b,3227257d-7266-599b-b2b0-6dfa5ee81df5,3ecb7039-f69e-55cd-869d-c7d7cf0962f6,32900000,3290000,selesai,2026-01-20T20:50:48Z
6d5929cd-1cc1-5653-9543-2c6ba9f9266f,0d243f3d-7aec-503a-a6d6-d7b2ef48ee81,8027957b-7b93-5032-915c-3cbd4142f8a8,1d876d41-bc7a-55ee-91cf-65ffb2a4048b,40000000,4000000,selesai,2026-01-21T02:43:10Z
cbd1a5a8-4919-5268-8c17-4f8e445f8965,564a515a-a65d-5cc9-90bc-09626cb47d60,8027957b-7b93-5032-915c-3cbd4142f8a8,951be198-4893-5acc-9f1d-ab202e87291b,64800000,6480000,selesai,2026-01-21T05:07:46Z
9f50aa35-3d46-5659-bc74-091535991b98,58702a38-961e-5010-b2e7-0af6bf05a1ec,9977cbaa-9155-5efa-8f3c-e787d7dddc25,3ecb7039-f69e-55cd-869d-c7d7cf0962f6,106000000,10600000,selesai,2026-01-21T06:38:39Z
4d674795-cd64-5c60-9664-75e99c9d2729,bf97c61c-fe5c-52be-a1b3-bdd60cb114ec,dac1cb0f-4a65-597b-a984-9970dda3e70e,3e92a01c-1f80-5c38-9903-fe409c3d5d61,84200000,8420000,selesai,2026-01-21T06:42:43Z
e9a50dbe-7873-527e-85aa-66ff7afa9a87,f6ba5b7a-6963-5c07-92cb-dc3eac372660,bb3ffa0f-14da-55eb-a57f-c2df04802686,51c4d53d-91bb-5b40-bf86-1f46a9aa18a6,89900000,8990000,selesai,2026-01-21T11:34:32Z
81f63c88-14c2-5596-8bcd-c332dd225565,4a45ba86-0993-51ff-a28c-a142364a303e,18188d25-bf5b-53cd-9e1e-ae24e999923a,51c4d53d-91bb-5b40-bf86-1f46a9aa18a6,92800000,9280000,selesai,2026-01-21T19:56:28Z
4fe506fe-d8f2-5348-bb49-5848c033c07d,b8e45ee8-aa9d-5c1e-afbf-4c85bad980be,fb013d36-9c41-5e52-bdc0-e73dd7fc107c,a6782ff2-13ef-5b2b-a432-7d121a6ae6c4,6700000,670000,selesai,2026-01-21T21:02:27Z
b007e0a9-4a9e-5258-a404-3deed4684720,203db5d8-b59b-5b1f-bf01-d2857f272592,1d816192-26de-5c28-99a7-793dfd023ff8,c868fe01-5c24-57bf-8ffb-fdc6d3ae09a2,22200000,2220000,selesai,2026-01-21T21:52:59Z
fc1f44c8-1af2-57b6-a98e-9aa935fb8383,bad2689a-6efb-5ee8-bbd2-4a16bb32c4bb,04192cbc-635a-5fd1-9d46-7902f07963b7,21a4ae7e-8f05-5294-9e2d-32d96779246e,4180000,418000,selesai,2026-01-22T13:43:30Z
33d3653c-c584-5f05-9831-dfaf7e2406e2,ca90b706-44e3-5ed9-a6ac-d7d3cadaa43b,181d5eaa-4366-5aee-8dec-bd0fccfb583a,951be198-4893-5acc-9f1d-ab202e87291b,59100000,5910000,selesai,2026-01-23T05:14:05Z
8229e914-e2e5-5f70-b491-0ef8dc4225b7,a576aeb7-96a8-5d98-9496-551089f24f1e,fb502761-5596-5e07-ba87-efe51a13fbb9,1d876d41-bc7a-55ee-91cf-65ffb2a4048b,61300000,6130000,selesai,2026-01-24T01:18:36Z
50fd96b7-553e-5860-97c5-ae861b5fff5a,be2fca56-fb7d-5435-943a-3f9e180cf74e,bb3ffa0f-14da-55eb-a57f-c2df04802686,1d876d41-bc7a-55ee-91cf-65ffb2a4048b,69700000,6970000,selesai,2026-01-24T19:01:54Z
19c6c780-0734-5ae1-a469-bc9a15e80423,d96d9542-caa7-5853-beb2-083744d68cbe,181d5eaa-4366-5aee-8dec-bd0fccfb583a,5d9ef8fa-9d26-5e45-87a1-4a45f17d0980,46300000,4630000,selesai,2026-01-25T07:43:22Z
4a160a51-b389-5e6a-b2d0-8c8d5a677d30,5d059565-cacc-504a-9da8-119bb2cff934,18188d25-bf5b-53cd-9e1e-ae24e999923a,5efed142-8369-554d-9ba2-c2f081036319,25400000,2540000,selesai,2026-01-25T07:53:46Z
5c91bb4f-a036-52f7-95dc-9cc65ee1a3c4,2ccdc4d4-db6d-566f-a85b-a2100bdaf3fd,f0f5f5df-392d-5d84-b371-fe82af30c664,5d9ef8fa-9d26-5e45-87a1-4a45f17d0980,86900000,8690000,selesai,2026-01-25T08:32:22Z
3981be44-9482-51ab-b771-3e75921fa15d,52dcc3fc-55ee-5da2-abd2-dea247cac675,8ffa5b86-7270-5fc0-bf1c-5b43800acac3,6fe7b986-2984-567c-a4cc-509a0769266a,18700000,1870000,selesai,2026-01-25T18:51:01Z
5560ba85-1162-5ace-8e98-7b2a61199a61,3c71ed83-489e-56cd-bc14-26e48497d4b5,cfcc9f80-a229-5abc-867d-47a8c6e6592e,3e92a01c-1f80-5c38-9903-fe409c3d5d61,22700000,2270000,selesai,2026-01-25T23:15:52Z
020147e3-01f7-5580-8690-4ca6621d6785,44df9df1-d5c9-5256-95e4-623ca233d399,8ea2fbac-fba1-546b-8c7e-d8ffacc66fa3,04432a0f-51e1-5293-a8dc-89755e574853,58400000,5840000,selesai,2026-01-27T01:04:34Z
b060eb61-f3d0-59c7-8240-3a89669ae46d,9adcd7b8-930b-5931-9343-8492b5cb662c,707728ca-a796-5849-83ff-74af4dd9b3ff,3e92a01c-1f80-5c38-9903-fe409c3d5d61,47300000,4730000,selesai,2026-01-27T07:15:21Z
d03bdeb5-b31d-5afd-b5da-f9c271e57cb6,57524ae8-e380-57cb-90e8-ce598eff8681,75305bd7-d03a-5c27-9008-2b56dbe975bd,1d876d41-bc7a-55ee-91cf-65ffb2a4048b,57500000,5750000,selesai,2026-01-27T09:18:20Z
ab5b0aa5-d8b8-59ec-bf31-f7b2193e661b,408225fd-f178-5247-9d4f-60e72024efee,9d360ee0-0088-5658-a8d1-0db5083b94f7,951be198-4893-5acc-9f1d-ab202e87291b,46700000,4670000,selesai,2026-01-27T14:20:18Z
d4b2fb53-3468-5490-be4b-1075fc6420b1,eec236ca-fb93-56e9-923d-8f0229067862,914cb54d-8dc4-55e6-9bba-447bf30c7df3,a531998d-b66d-5191-a7da-a567327512a7,53600000,5360000,selesai,2026-01-30T08:11:11Z
1c13d1b0-3c85-5e88-97e7-639efbd0f10e,53b52d22-680e-58f9-8996-53c37d0e5a70,e0627b49-ed43-537c-b7b3-7f3d6c5c4ff3,3dbb220d-08c5-5e68-b9e9-4282c0cc891f,61800000,6180000,selesai,2026-01-30T08:21:16Z
191f1d8e-335a-5033-a426-d191df6a17c4,658c7846-4ecd-5c58-9760-d13e181fa670,2ef7761d-6de4-5de7-b1c2-3d05a921b80b,3ecb7039-f69e-55cd-869d-c7d7cf0962f6,19900000,1990000,selesai,2026-01-31T01:53:31Z
1a4420c6-b99e-57bc-ac11-6eb0d33ffaf2,54b000f4-6bfb-5daa-aa26-d0f066ece438,5aaedc22-3a57-56fe-afc2-35293cd5b01a,6fe7b986-2984-567c-a4cc-509a0769266a,26100000,2610000,selesai,2026-01-31T07:50:52Z
026635bf-9ddb-5428-93c9-121b15741590,5c7e996f-73ec-5c0a-afd3-abb16281d9d6,0b0493f3-0689-5073-9e9d-268e7130874a,51c4d53d-91bb-5b40-bf86-1f46a9aa18a6,257000000,25700000,selesai,2026-02-01T18:27:11Z
4483da80-6ec2-581e-8c48-508011ed0f1c,81a58ab9-899c-5f79-a413-2a1afc501de0,c6259694-efa2-59da-af12-3baae1b19e5c,3ecb7039-f69e-55cd-869d-c7d7cf0962f6,45900000,4590000,selesai,2026-02-02T17:37:50Z
7ae7470d-a21f-58c2-835b-16b48d7096ad,b1b22482-3c3c-5c49-a2ba-12e8121a4280,8027957b-7b93-5032-915c-3cbd4142f8a8,951be198-4893-5acc-9f1d-ab202e87291b,69700000,6970000,selesai,2026-02-03T07:10:36Z
e1b413d6-40cf-5d17-8904-651434f28d62,74b16442-c3f0-570c-9877-27f02fa09ee9,b5db4183-0a3f-5b2a-be82-4d84565595b8,1d876d41-bc7a-55ee-91cf-65ffb2a4048b,32200000,3220000,selesai,2026-02-04T00:43:54Z
68b8c603-5f8a-5ead-b57b-9806ecfc940b,b8dc6fa1-70b2-532e-b773-a729a741a037,f4866536-8efc-5194-8660-f5dd0e4c35f1,5efed142-8369-554d-9ba2-c2f081036319,30100000,3010000,selesai,2026-02-04T03:48:03Z
d9021649-ff3d-57d4-850f-ceeca3ad1f3a,fc9a7663-d80c-56aa-9ec3-788308b650e7,0fb9478f-5318-5993-a4e3-03075a05174d,3dbb220d-08c5-5e68-b9e9-4282c0cc891f,15900000,1590000,selesai,2026-02-04T14:34:11Z
d3b8be91-a09c-5b2d-88af-9c106cacd8ce,f31f67b4-cd09-57b8-9ee8-02b265695788,8f2d1c90-b967-5b2f-95ac-e3ad4ba706a3,1d876d41-bc7a-55ee-91cf-65ffb2a4048b,69500000,6950000,selesai,2026-02-04T14:57:39Z
35f271ae-9323-5e73-a479-fd73f55e56a5,a1f49312-b48e-5e76-992d-aeb4c4e36a40,ef0356dd-87e1-5984-b1be-132117550930,1d876d41-bc7a-55ee-91cf-65ffb2a4048b,98600000,9860000,selesai,2026-02-05T22:05:54Z
279ec391-ed8c-5fd8-b136-458ff0208235,cbf668e7-af03-5523-b2a4-1d639a89766e,7b4d85c8-868f-5ea4-8316-f36e9a7e06c4,3ecb7039-f69e-55cd-869d-c7d7cf0962f6,31600000,3160000,selesai,2026-02-06T06:47:22Z
ac615a9b-74af-5f12-8332-91dab7fc15f8,dbe0eb6c-5447-58fa-9fc3-1dfd786a0957,c6259694-efa2-59da-af12-3baae1b19e5c,23ba78b5-421a-5447-b022-5a66fe8d084d,7570000,757000,selesai,2026-02-06T15:23:04Z
04c764a3-9f8d-54a7-ab50-e1b37cd6fc1c,512306a3-8625-56e8-bc04-bcef745f93dc,b90a6efe-9834-540f-bbdd-1c6bab40f04a,3ecb7039-f69e-55cd-869d-c7d7cf0962f6,69600000,6960000,selesai,2026-02-08T01:03:54Z
9eb29e0b-1eed-55ea-b28f-bf8761b396d8,4267d58f-994f-571c-a735-d80559cc12de,9977cbaa-9155-5efa-8f3c-e787d7dddc25,951be198-4893-5acc-9f1d-ab202e87291b,150000000,15000000,selesai,2026-02-08T04:45:43Z
39726936-54a7-5cd7-ac5d-13d3fd77fa1f,ed9e51a3-ed06-51d5-92d3-9bd37e6dc1dc,8ffa5b86-7270-5fc0-bf1c-5b43800acac3,5d9ef8fa-9d26-5e45-87a1-4a45f17d0980,16600000,1660000,selesai,2026-02-09T05:28:04Z
19978969-2091-5c4f-adb6-9b1850428601,9c6cd603-e172-509d-aa7d-27784ef9d453,2018a5c1-d714-585e-bb52-6832118f2741,3ecb7039-f69e-55cd-869d-c7d7cf0962f6,16600000,1660000,selesai,2026-02-09T05:59:41Z
b1a54efd-0845-51e6-83e5-4f1c9893d927,c8999e2c-7252-5e8c-ad19-eb47848570c4,2ef7761d-6de4-5de7-b1c2-3d05a921b80b,3ecb7039-f69e-55cd-869d-c7d7cf0962f6,26900000,2690000,selesai,2026-02-09T08:36:50Z
d27c2b3f-ce29-51f7-8940-456a2d7f458e,9dcb3ba1-553e-5749-aa47-90d2a3804917,8f2d1c90-b967-5b2f-95ac-e3ad4ba706a3,1d876d41-bc7a-55ee-91cf-65ffb2a4048b,46700000,4670000,selesai,2026-02-09T14:59:13Z
06f7f42c-7055-5ac7-8b96-781d9f7a48d2,508e0b55-461a-5cce-8f11-9acedb4a0017,aff844a9-441c-5139-8580-f9e7608f9e5c,1d876d41-bc7a-55ee-91cf-65ffb2a4048b,86700000,8670000,selesai,2026-02-09T17:34:37Z
49eb9257-b327-5d1a-8d12-795eea859f73,8bdb3652-c449-5159-a883-855792d565cb,06774145-5f78-5cfa-93ec-719bb9cce7d4,3e92a01c-1f80-5c38-9903-fe409c3d5d61,16400000,1640000,selesai,2026-02-09T17:46:14Z
a130eb1a-6c35-5c5e-9ca4-3a96d1c3185a,e3f72324-f52e-5fb2-9b83-be6f28c832fd,d5cb07d3-ef0b-5479-a684-223288de896d,1d876d41-bc7a-55ee-91cf-65ffb2a4048b,47700000,4770000,selesai,2026-02-10T00:44:32Z
c6159dfc-3ac2-5a6c-88f4-e2b97e264583,1f53a83d-b539-524a-8ca9-a7e598337388,abe2101b-194e-5e3b-baaf-08e8968b9850,dad52c43-2eab-5272-a61d-dca032e6b1db,2340000,234000,selesai,2026-02-10T06:04:31Z
d8e2ae7f-ee30-56e4-af94-4869a0697449,dfdffb41-064b-5afe-bea5-b49e0f5c71e7,7b4d85c8-868f-5ea4-8316-f36e9a7e06c4,3ecb7039-f69e-55cd-869d-c7d7cf0962f6,21600000,2160000,selesai,2026-02-10T12:11:41Z
cb823be7-776d-5636-9290-87b7ffc62e33,1acc4567-e03f-5327-8cc2-db276006a54a,4d585877-2c17-5012-8f6e-09593a947064,951be198-4893-5acc-9f1d-ab202e87291b,98400000,9840000,selesai,2026-02-10T13:13:41Z
bff23389-14e5-5996-8005-4857abd3d4e8,29f40e94-dc6c-5749-aa74-850ac9f8ff91,b4e13e44-297b-50b1-9462-4de4a9df9d7c,3ecb7039-f69e-55cd-869d-c7d7cf0962f6,11000000,1100000,selesai,2026-02-11T09:31:59Z
f786d3e4-318a-57a2-986e-848412ca266b,fa260ab8-fe45-5827-a004-9aa106dba12c,0f0b75b9-0a40-5393-8a6d-01dbe02c9029,a6782ff2-13ef-5b2b-a432-7d121a6ae6c4,8760000,876000,selesai,2026-02-11T15:49:04Z
ff7a96f1-558d-5e0b-958d-2b6fdc00de9a,2e85624d-eada-5d79-9915-9cd47c63c9b8,fb502761-5596-5e07-ba87-efe51a13fbb9,951be198-4893-5acc-9f1d-ab202e87291b,64900000,6490000,selesai,2026-02-13T04:12:11Z
965597cd-1273-5339-b669-f98dbb0c0b65,3abdf6ea-b0ef-5f00-bc6c-55ea01f04a37,1abd8d19-9a49-5833-aba9-6f3a70b537f2,a6782ff2-13ef-5b2b-a432-7d121a6ae6c4,7240000,724000,selesai,2026-02-14T00:41:32Z
e5dbd3e1-ed28-5dac-a6e6-a6a0485ee6f9,5c73b1db-57b0-56a2-a8d9-f9c98c6a22dd,aff844a9-441c-5139-8580-f9e7608f9e5c,51c4d53d-91bb-5b40-bf86-1f46a9aa18a6,72500000,7250000,selesai,2026-02-14T08:32:16Z
c65dd1f3-5fa1-5ec1-94b2-8a3ae4c51672,f710b540-71f1-5f2d-ad7a-e2d1800f9192,0d183f9b-5c2d-50cd-a21b-7a4ff5175951,dbc6f383-447d-5f26-a2f4-86753b3c416a,13700000,1370000,selesai,2026-02-14T14:15:17Z
e43e68e1-1493-50ab-b7aa-8d779f291cdd,65a46f86-47c3-5fe2-8a60-cb7dc1614ffc,1adc9f82-4a01-59e0-8c98-354a24559f3e,04432a0f-51e1-5293-a8dc-89755e574853,61200000,6120000,selesai,2026-02-14T17:44:31Z
777cce19-84b5-53e0-a034-ce2cd4a45ba6,cb3ce525-b762-5298-8f22-fadb9276bfe3,ae9a0e88-72e5-5523-b081-7fbc68880af7,a6782ff2-13ef-5b2b-a432-7d121a6ae6c4,4630000,463000,selesai,2026-02-15T02:15:19Z
2c44e795-3eb3-5599-9841-abae2400082b,aad9f4ec-f9ef-50cb-a14d-0e35218bdf48,5bd8431b-e2d7-592a-8a4b-dcaa250cc2cd,d9c76b21-7320-5d80-9265-153dfdbc0c20,6870000,687000,selesai,2026-02-16T09:38:45Z
2a63c63e-d9b6-55bd-a95d-17b750626941,f1cebf43-93b8-5ecc-8b5d-29a58e7856cd,45fe3c4c-a4b2-522f-99e9-6dab132798c3,c868fe01-5c24-57bf-8ffb-fdc6d3ae09a2,8150000,815000,selesai,2026-02-16T19:02:11Z
bdf4f1ea-7adb-5cf7-a039-a6def367f769,bc2d1e65-5f72-5728-9a60-c778c7386aa6,9f9080b9-7195-5910-8532-44b6139f476e,951be198-4893-5acc-9f1d-ab202e87291b,60800000,6080000,selesai,2026-02-17T03:48:22Z
f91d499e-3637-5626-bcd3-f7407ef4e60e,81cc450f-f628-5a7c-be7e-5f782b3e9505,5c3826f0-492a-5274-a17f-b749a6e3ac8a,1d876d41-bc7a-55ee-91cf-65ffb2a4048b,41100000,4110000,selesai,2026-02-17T17:09:15Z
ddb6d86c-0e31-53c9-aadb-9242afbffce4,64dfacaa-6ae6-5a56-83de-3d06d3bd65ed,7583df8a-98f3-56dd-a57a-0d891d4f929f,1d876d41-bc7a-55ee-91cf-65ffb2a4048b,37000000,3700000,selesai,2026-02-18T06:48:49Z
43501cb4-a86b-54dd-8bed-f5b131b6ac0b,b91d7a69-0629-5fe0-8aa5-a8f024a70667,aff844a9-441c-5139-8580-f9e7608f9e5c,3ecb7039-f69e-55cd-869d-c7d7cf0962f6,59700000,5970000,selesai,2026-02-18T09:38:28Z
d50fc313-7301-5bc6-9a59-5fc0f30a2ec1,7ad4a08a-fbf1-5865-8103-81c2c6d0839f,7f25976e-29ea-5014-ba41-8f61f001af2d,5efed142-8369-554d-9ba2-c2f081036319,31800000,3180000,selesai,2026-02-18T16:00:12Z
1046fd46-d4c4-56fa-b5ae-3080ecb9d423,1cdf94c3-4836-5f97-aadd-2a991fa186d1,e69f25d4-db0e-5769-abb3-02218d82888c,3e92a01c-1f80-5c38-9903-fe409c3d5d61,25200000,2520000,selesai,2026-02-19T07:32:24Z
828ea820-f6e5-5fab-be9d-35c632a008d7,aca5bb71-3e60-5ed8-870b-574360f22e07,d5cb07d3-ef0b-5479-a684-223288de896d,951be198-4893-5acc-9f1d-ab202e87291b,128000000,12800000,selesai,2026-02-19T08:47:40Z
3c2f99c0-c552-5f27-a6dd-32c0f3818e1a,7aaa3391-8534-5554-8bd3-dd25aad13780,fb013d36-9c41-5e52-bdc0-e73dd7fc107c,5a27ac9a-1e04-52e2-8392-12edbe43c594,8720000,872000,selesai,2026-02-19T18:58:00Z
c42cf5cf-f09b-5cd2-9b4e-614e88ff76b2,4951b3f3-ce55-58f1-9612-3e8eda51e53a,45fe3c4c-a4b2-522f-99e9-6dab132798c3,3e92a01c-1f80-5c38-9903-fe409c3d5d61,22600000,2260000,selesai,2026-02-20T01:35:50Z
26337bc8-a892-50ac-8950-0104b2a51f26,2e6f1df8-2489-5932-869f-e8b89ef3c907,914cb54d-8dc4-55e6-9bba-447bf30c7df3,951be198-4893-5acc-9f1d-ab202e87291b,113000000,11300000,selesai,2026-02-20T13:35:14Z
16c2aa37-00e1-51cc-9917-ccd864cb1f7e,fd379a10-f498-53ba-9546-e66c54191965,08bfd8c9-9c9a-5fe7-9381-ba6e7679d814,3e92a01c-1f80-5c38-9903-fe409c3d5d61,40900000,4090000,selesai,2026-02-20T20:35:45Z
5c8e7d87-fac7-51d2-be4a-6911fca3510b,25dd2d21-eb4f-5b09-a012-e921b77a1abe,1d816192-26de-5c28-99a7-793dfd023ff8,951be198-4893-5acc-9f1d-ab202e87291b,47200000,4720000,selesai,2026-02-21T20:50:57Z
7f3a7d36-298f-568a-82c3-02297acaf2d6,2d4cd953-1ef3-50c1-b716-6aae70e41df9,83333cf0-523d-5361-94bd-c5d79ea72d30,c868fe01-5c24-57bf-8ffb-fdc6d3ae09a2,7940000,794000,selesai,2026-02-22T15:51:42Z
2f0822f1-4ce6-5df4-9dc9-d6e3eb3b899d,b6a59797-e54c-54ab-a990-e670aa6396ed,cfcc9f80-a229-5abc-867d-47a8c6e6592e,3e92a01c-1f80-5c38-9903-fe409c3d5d61,49800000,4980000,selesai,2026-02-23T00:44:39Z
dc363a72-a2ec-5184-9700-b1cd43706fd0,01467318-e19c-57d9-b0e8-12afecd212f1,8ffa5b86-7270-5fc0-bf1c-5b43800acac3,3ecb7039-f69e-55cd-869d-c7d7cf0962f6,32600000,3260000,selesai,2026-02-23T04:51:03Z
1e0b24ab-595a-50b0-be79-dc41e54fc56c,e125bff0-0b7f-5104-b336-c520561ff5a3,011feb48-c737-5110-960a-1bf912d84b37,04432a0f-51e1-5293-a8dc-89755e574853,23300000,2330000,selesai,2026-02-23T23:10:20Z
5a2d439a-15df-5f5c-8531-449555ba6308,a76f86b4-ceb6-590a-95ff-cd47999a7e3c,bb3ffa0f-14da-55eb-a57f-c2df04802686,a531998d-b66d-5191-a7da-a567327512a7,45100000,4510000,selesai,2026-02-24T00:34:04Z
7ba7736a-17f1-53ab-a4b6-41b3c08df5a0,edc65a4d-a85a-5d3b-9581-6b12582b031c,e5e5eb9a-9860-5a17-a97b-9f9dfd82e386,a531998d-b66d-5191-a7da-a567327512a7,113000000,11300000,selesai,2026-02-24T05:11:32Z
42e23076-ed65-5698-b5b7-5d4994c08b1c,ef0c80c0-ed0d-5025-94e3-8b75a09c27ce,e202f1c8-c8f5-564c-9c97-af7d4d524141,1d876d41-bc7a-55ee-91cf-65ffb2a4048b,70000000,7000000,selesai,2026-02-24T14:43:40Z
311453a6-c182-5972-9e6b-a3a27810d1ad,24b52896-2f8b-5961-a1b1-6800156e0eeb,acf13e93-9c02-5953-af7b-9e0867f09454,a531998d-b66d-5191-a7da-a567327512a7,119000000,11900000,selesai,2026-02-24T20:54:26Z
421c46ee-e2cf-509e-9888-984d3353a02b,3d568bfa-2d0e-56b4-aa1b-913b8c2fd999,75305bd7-d03a-5c27-9008-2b56dbe975bd,3e92a01c-1f80-5c38-9903-fe409c3d5d61,49400000,4940000,selesai,2026-02-25T07:14:08Z
cff76cc4-c45d-5462-9b6b-ec74f7f83ad2,54550301-2a75-5dcf-a86b-b20031867c11,95158fe7-2d9c-5d33-bb80-597ad6f20eff,951be198-4893-5acc-9f1d-ab202e87291b,70600000,7060000,selesai,2026-02-25T11:18:41Z
5c19065a-1f8c-5e40-bb2d-f870d2e53d30,84d44eca-e210-5f90-aa20-3e422445688b,93c33139-3007-5725-9eff-41db7823137a,a531998d-b66d-5191-a7da-a567327512a7,119000000,11900000,selesai,2026-02-25T19:34:06Z
39f552d7-04ff-55ea-b55e-23054aad4483,36609883-cb9f-597c-85ca-3c6a4930ca5d,0fcdaaab-0983-523a-8e1e-1c48f8e127cd,5a27ac9a-1e04-52e2-8392-12edbe43c594,2980000,298000,selesai,2026-02-26T19:24:07Z
7e0e233c-54fa-5049-bf1f-df01ddbcb675,5c2c2ba5-2c33-5f01-976f-e43471bd63ea,58f42b9d-4015-51fe-8410-cefbda4f365f,951be198-4893-5acc-9f1d-ab202e87291b,41000000,4100000,selesai,2026-02-26T20:21:36Z
bf2d6efd-ee1b-5bcb-aa39-51a0edd9308d,5b445246-4e6d-5245-9e57-c30538706aea,1adc9f82-4a01-59e0-8c98-354a24559f3e,5efed142-8369-554d-9ba2-c2f081036319,52900000,5290000,selesai,2026-02-26T21:39:01Z
9a43a028-6365-58bb-af17-9cd5676d253d,ff3ef7f1-ee75-5ecc-a5a9-1f3038911fde,c6259694-efa2-59da-af12-3baae1b19e5c,a6782ff2-13ef-5b2b-a432-7d121a6ae6c4,12500000,1250000,selesai,2026-02-27T00:23:05Z
cd21b83a-0c89-5adf-9fed-35d1be09144c,ee785ce8-4344-53cf-8b33-0506c7507dc5,a493392b-9bbc-58d0-8311-0ac95fc74fd0,64668e48-371b-5ffb-8837-9c4fd033feec,4190000,419000,selesai,2026-02-27T01:33:16Z
84074e11-c210-5ac6-b64a-fdbbe4d3bf2e,159fd74c-d1e3-553b-ab5d-3c7b6b73f133,4d585877-2c17-5012-8f6e-09593a947064,3ecb7039-f69e-55cd-869d-c7d7cf0962f6,62200000,6220000,selesai,2026-02-27T06:39:28Z
c191714f-4be4-56b1-8515-e3e950804e41,6807ce59-f1b4-5259-be8d-87a35a6eace8,9d8ddd11-a801-58bc-9aaa-664e027e1f0a,6fe7b986-2984-567c-a4cc-509a0769266a,16900000,1690000,selesai,2026-02-28T04:37:15Z
15325988-3a6b-5392-bb81-70b6608d3ba4,a6478e47-26e0-55db-a2c2-2ac2067f43d2,fb502761-5596-5e07-ba87-efe51a13fbb9,a531998d-b66d-5191-a7da-a567327512a7,113000000,11300000,selesai,2026-02-28T08:06:23Z
c3393437-8785-51ce-a5c0-0946a2c17e9f,3656bf12-961c-535b-9b4f-a7286e197e4b,83333cf0-523d-5361-94bd-c5d79ea72d30,3e92a01c-1f80-5c38-9903-fe409c3d5d61,35200000,3520000,selesai,2026-02-28T16:19:57Z
3fbeb95a-dac1-5711-b35e-14e475e883ec,3a50c9c7-e95c-5fcc-883e-78b40622b524,aff844a9-441c-5139-8580-f9e7608f9e5c,51c4d53d-91bb-5b40-bf86-1f46a9aa18a6,171000000,17100000,selesai,2026-03-01T19:28:38Z
0158d983-97bb-5126-b8c1-537dd2de226b,040e6119-8c85-5413-b860-8014d56b2d45,18188d25-bf5b-53cd-9e1e-ae24e999923a,1d876d41-bc7a-55ee-91cf-65ffb2a4048b,62700000,6270000,selesai,2026-03-02T07:27:26Z
c311e919-7871-5798-beac-f323da0df375,af6f44cd-7940-5cbb-9bcd-03bcdec00316,bb3ffa0f-14da-55eb-a57f-c2df04802686,1d876d41-bc7a-55ee-91cf-65ffb2a4048b,140000000,14000000,selesai,2026-03-02T14:38:54Z
c8b7ded4-a6cd-5fdd-a2e9-987bdfed23a0,fa3132b4-aedc-59c0-b38b-b708591a43fa,598cdc17-1229-5d55-8f09-5780909cb63f,3ecb7039-f69e-55cd-869d-c7d7cf0962f6,43400000,4340000,selesai,2026-03-02T15:18:53Z
86f41553-0fba-5649-89d5-462be041f66d,46c0e3ef-5680-5983-b651-ba46ba8b7eb2,632614bc-8273-554c-b000-ee62113bcda6,5d9ef8fa-9d26-5e45-87a1-4a45f17d0980,27100000,2710000,selesai,2026-03-02T17:51:06Z
18070851-b90d-54cc-a232-8069549151b1,634eb8cb-6e34-595e-a821-58ce65bdf7b5,82c2f17c-35d3-54f1-aebf-a42481a257ca,a531998d-b66d-5191-a7da-a567327512a7,146000000,14600000,selesai,2026-03-02T18:46:51Z
5e2b2fe7-07b5-59fb-82dc-45908f78479d,ac7833f8-79a4-580c-aa2c-7b79ab347e9a,7cb4d2fb-3679-51b5-8896-f934faf8254c,64668e48-371b-5ffb-8837-9c4fd033feec,8770000,877000,selesai,2026-03-03T01:56:50Z
9848ae18-03b0-5235-9ada-fd36174df298,7d4be150-30e9-5514-a4dd-d4ce633fc18a,3166d28b-1835-5ff7-b779-284ed64d43cb,21a4ae7e-8f05-5294-9e2d-32d96779246e,6530000,653000,selesai,2026-03-03T11:09:11Z
36031fab-63e2-58e8-b9b6-f46c20eed559,4e4337d2-a610-541e-acb1-d59ac57773e2,011feb48-c737-5110-960a-1bf912d84b37,3dbb220d-08c5-5e68-b9e9-4282c0cc891f,84500000,8450000,selesai,2026-03-03T15:49:29Z
64a0a6d4-625a-5b0c-8658-1cb0232bc8b1,6bb8129f-5b01-5cf3-9fae-b8a8640bf6ab,4ed5288c-a104-5753-982d-16b46a560585,21a4ae7e-8f05-5294-9e2d-32d96779246e,3620000,362000,selesai,2026-03-03T18:39:47Z
bf1c39b2-48ba-51ba-b2e8-dff64f8e2ebc,81eb027f-b93a-5642-8d4b-c031bb56d2c3,e69f25d4-db0e-5769-abb3-02218d82888c,5d9ef8fa-9d26-5e45-87a1-4a45f17d0980,62800000,6280000,selesai,2026-03-04T05:47:32Z
bd9000d7-6079-5d9a-9a31-9a6095cfdf8c,4249e92b-eda9-5ec3-81a4-42364c55948d,fb013d36-9c41-5e52-bdc0-e73dd7fc107c,dbc6f383-447d-5f26-a2f4-86753b3c416a,8910000,891000,selesai,2026-03-04T08:09:06Z
0e7c6201-f8f9-5fd7-9b0b-0b4a7078412f,883f6281-e8ca-546f-ae35-4b17655e0dfd,27dd3660-106b-59e6-9c54-c48da27e9016,3ecb7039-f69e-55cd-869d-c7d7cf0962f6,19400000,1940000,selesai,2026-03-04T13:34:44Z
58a8cfa9-4d12-57a4-a2d3-c0156a4585ba,8d4ed82c-7fec-57b7-8ccf-97bc7cd2e5b6,969ea2f4-2a3c-52ed-9972-6aff0a5d073e,951be198-4893-5acc-9f1d-ab202e87291b,39200000,3920000,selesai,2026-03-04T19:50:05Z
0baa2f7c-c2e6-51d7-9e29-73ea8d810211,8ddfba28-8789-56b3-86fe-8af96739fab3,4afba102-2377-5929-b170-70f6cfa4bfea,23ba78b5-421a-5447-b022-5a66fe8d084d,13700000,1370000,selesai,2026-03-04T22:19:01Z
ddb2cc21-e97f-53a1-9961-26c5c72bf3ef,a829a0ac-c712-51a5-969e-1b3822ccee45,9d360ee0-0088-5658-a8d1-0db5083b94f7,3dbb220d-08c5-5e68-b9e9-4282c0cc891f,22200000,2220000,selesai,2026-03-04T23:04:00Z
b42a3979-da58-5215-97c6-175055ca858c,077fec2d-b320-54bd-a5bb-2d4a3fb5d0b6,38acfa2d-85ab-5007-8e53-d7fbf0a35a8d,951be198-4893-5acc-9f1d-ab202e87291b,79300000,7930000,selesai,2026-03-05T02:28:59Z
4a9dde72-eb3e-5e82-b677-b89b04708f73,102237ca-93be-559b-98f2-01b735bada86,8ad954bc-1b99-5407-973d-73554444435a,a531998d-b66d-5191-a7da-a567327512a7,64700000,6470000,selesai,2026-03-05T15:04:04Z
f1dcee1f-c898-57b9-9552-c19f8ed1ea6f,edb5362c-a43d-54dd-b270-45e42f6e2871,e3718b03-db4a-553e-b46c-45f57caa0061,51c4d53d-91bb-5b40-bf86-1f46a9aa18a6,186000000,18600000,selesai,2026-03-05T17:17:28Z
2c90f24e-d86c-57f7-9369-6d053050d6f9,1fca1627-4bea-56ca-a1b0-19237b2f97f3,87c5ecb9-dcb5-5270-9095-84661e8899cd,951be198-4893-5acc-9f1d-ab202e87291b,97500000,9750000,selesai,2026-03-05T23:38:05Z
8509b2d0-e0db-59f1-b6d7-f72d3b7590cc,cf2f6883-da57-5692-af1f-ef846389f075,38acfa2d-85ab-5007-8e53-d7fbf0a35a8d,04432a0f-51e1-5293-a8dc-89755e574853,44000000,4400000,selesai,2026-03-06T01:37:37Z
1b4c4db6-a0b0-5ad5-9d60-cdd6a245e50d,bd926e98-2bc3-56e8-8b44-65301f6ab972,be4b0a7a-9024-5d01-9efd-04a32d568f07,d9c76b21-7320-5d80-9265-153dfdbc0c20,5770000,577000,selesai,2026-03-06T09:34:31Z
2c42952a-181b-5706-9cd0-91827bba59f4,b814d7e4-ba92-51a2-b25f-124389918d0c,474eb440-5a37-5ffd-8f99-dfca5ca49d78,a531998d-b66d-5191-a7da-a567327512a7,44200000,4420000,selesai,2026-03-06T12:34:09Z
1e8c3da8-d0df-5f25-8395-3b5b50f4c2b6,77bb628a-60f8-5fb9-a727-5bc13cedde37,c07dad9e-28c6-5d39-9bdc-f772ec3b500f,a531998d-b66d-5191-a7da-a567327512a7,68200000,6820000,selesai,2026-03-06T13:17:53Z
e64d555e-5b8c-51bb-b63e-3481b316836a,d0860103-ebb2-565a-bd24-d44139bcab23,b5db4183-0a3f-5b2a-be82-4d84565595b8,04432a0f-51e1-5293-a8dc-89755e574853,70800000,7080000,selesai,2026-03-06T15:53:32Z
bdf71441-a06c-557c-a587-3cb3f415976c,39007f1f-db8b-558a-9e83-f1638fbc4701,e3718b03-db4a-553e-b46c-45f57caa0061,1d876d41-bc7a-55ee-91cf-65ffb2a4048b,97700000,9770000,selesai,2026-03-06T18:11:31Z
b2c0826b-fa4c-518f-924f-b9b206de194e,e8c60713-734e-54d6-a789-a65e59b6c4fa,4d585877-2c17-5012-8f6e-09593a947064,951be198-4893-5acc-9f1d-ab202e87291b,177000000,17700000,selesai,2026-03-06T22:50:06Z
a612b3ec-d819-55d9-902b-e1e6b362ab98,2a4db821-fbdf-5678-95f9-494294cd254f,7cb4d2fb-3679-51b5-8896-f934faf8254c,dd4aa9b5-3247-5ea3-9589-db5aa169c4e0,8700000,870000,selesai,2026-03-06T23:31:41Z
453ca41c-ef39-5bdd-bcfd-7872dcadde78,e999105d-9ef4-5f4b-9523-67c01750c1cc,b90a6efe-9834-540f-bbdd-1c6bab40f04a,951be198-4893-5acc-9f1d-ab202e87291b,74200000,7420000,selesai,2026-03-06T23:46:24Z
6452b9fa-a851-5511-a1aa-5dcadd7f1ae8,cfd4f8cc-44f9-5953-bf4c-d58675f0d465,d40d88e1-3c6a-5173-bc4f-f00512c8ae9e,951be198-4893-5acc-9f1d-ab202e87291b,480000000,48000000,selesai,2026-03-07T03:02:39Z
468c195b-67c9-59bf-a67c-29bca8894af4,7dd6885c-74e4-5058-9920-8172ff8c2885,8027957b-7b93-5032-915c-3cbd4142f8a8,6fe7b986-2984-567c-a4cc-509a0769266a,25800000,2580000,selesai,2026-03-08T04:28:51Z
3da109a0-36c5-52bd-8d69-775371908368,02b5cb10-1b42-5802-983c-e288175a1c72,0d183f9b-5c2d-50cd-a21b-7a4ff5175951,951be198-4893-5acc-9f1d-ab202e87291b,64800000,6480000,selesai,2026-03-08T06:57:15Z
32d32fbf-6403-5a0b-b114-b6ebfc87dbd1,4bff2887-4d5c-59cb-9ff2-86b4c67ae0ce,969ea2f4-2a3c-52ed-9972-6aff0a5d073e,3dbb220d-08c5-5e68-b9e9-4282c0cc891f,10600000,1060000,selesai,2026-03-08T09:56:15Z
ef3f6491-069c-5cfc-97cb-af45e9b6b2ed,8ad3d7a4-f416-5d72-a5ef-3dc0c6fe9895,5cb7773c-211a-5d9c-819a-e30bc06bc3ee,04432a0f-51e1-5293-a8dc-89755e574853,32300000,3230000,selesai,2026-03-08T19:34:43Z
dca78776-5ef9-5a09-b88c-247e1ca8b296,996de3f2-b3ae-5236-933b-445cde899be4,d8b7f6a9-5f67-5988-b332-33ccb2dc98d8,3e92a01c-1f80-5c38-9903-fe409c3d5d61,24700000,2470000,selesai,2026-03-09T00:04:19Z
b8853b96-9e64-5806-baf6-bfa11a1b6d50,5a255fd3-23e3-5dca-81ce-c6154a05c6f7,8ffa5b86-7270-5fc0-bf1c-5b43800acac3,951be198-4893-5acc-9f1d-ab202e87291b,110000000,11000000,selesai,2026-03-09T09:06:52Z
47a2d072-478d-50a8-8e81-f51cbc49e97e,9bd099e4-d7a3-5225-80fe-8680afbf5281,43e43bc7-da18-5ea2-8732-6d0f1a2ceff3,951be198-4893-5acc-9f1d-ab202e87291b,119000000,11900000,selesai,2026-03-09T12:43:52Z
4094963c-16af-58dc-92a2-f56d056680c2,8463be5b-1e61-5e64-a11c-d1e1d46690d9,eb1d1455-54ab-59dd-b1a7-8bcffaffe2b4,04432a0f-51e1-5293-a8dc-89755e574853,33600000,3360000,selesai,2026-03-09T16:52:28Z
10e5fd76-c068-5973-8225-0e54c0e62b53,f275f368-a586-50e4-87f7-f730d9867025,31d4f930-e4c5-51da-9bed-84c4ed9e926a,1d876d41-bc7a-55ee-91cf-65ffb2a4048b,37000000,3700000,selesai,2026-03-10T00:21:39Z
3f8c3a86-5bdc-5ead-bb8c-d1fab91f89dd,1879737f-d682-5821-8f80-4f1465eef09e,d5cb07d3-ef0b-5479-a684-223288de896d,7cf14239-60d5-5ff0-9270-0d2dd0d62e05,21500000,2150000,selesai,2026-03-10T02:46:02Z
4450b4ee-76e3-5972-8de3-c65d87239891,c0c8a95f-c623-589c-8bbc-d5fc63d48260,e202f1c8-c8f5-564c-9c97-af7d4d524141,1d876d41-bc7a-55ee-91cf-65ffb2a4048b,39900000,3990000,selesai,2026-03-10T08:32:34Z
9c963c33-e06c-5467-a4fc-cc3775dacdea,76fb9b78-d44b-5ae2-8f87-5e55efbcf279,45fe3c4c-a4b2-522f-99e9-6dab132798c3,951be198-4893-5acc-9f1d-ab202e87291b,59000000,5900000,selesai,2026-03-10T13:12:19Z
567c7213-bc85-5790-87af-8d25d29653df,17a05cd4-dc4c-557e-a7f5-404c12003519,1abd8d19-9a49-5833-aba9-6f3a70b537f2,21a4ae7e-8f05-5294-9e2d-32d96779246e,2790000,279000,selesai,2026-03-10T18:08:37Z
996255e1-5d79-5c0c-b620-f0db95ffae87,45d0ae5c-c6e5-5c1e-895b-20205ab6e8b7,5c3826f0-492a-5274-a17f-b749a6e3ac8a,dad52c43-2eab-5272-a61d-dca032e6b1db,7180000,718000,selesai,2026-03-10T18:29:51Z
22133bfb-0d84-5fae-952d-f07b42e4681d,7407431d-ea86-5b83-bb0b-5dbe82ef1d63,c8e879de-ae8a-5281-9175-608f3e2f7300,951be198-4893-5acc-9f1d-ab202e87291b,67400000,6740000,selesai,2026-03-12T00:18:35Z
f2fbb8c9-e03d-579e-8fff-e29bb95dec6d,ec2ffcda-88f8-58cf-8363-e5947f4362a4,0fb9478f-5318-5993-a4e3-03075a05174d,6fe7b986-2984-567c-a4cc-509a0769266a,10700000,1070000,selesai,2026-03-12T00:45:18Z
798203fe-4370-5cf8-8b78-d07d73f564d3,9f731e1a-de15-54ee-9914-30ae459604ac,43e43bc7-da18-5ea2-8732-6d0f1a2ceff3,3dbb220d-08c5-5e68-b9e9-4282c0cc891f,34200000,3420000,selesai,2026-03-12T06:09:40Z
bb924ce4-983a-5d40-935c-210fa5b54ab1,695a5e00-fc93-5c57-b164-70177750c406,fc4da2d0-8d87-5205-aaa9-4ebe75859f3d,951be198-4893-5acc-9f1d-ab202e87291b,119000000,11900000,selesai,2026-03-12T15:52:05Z
1651d399-73d0-5920-9422-b3a9660b1730,f1b13a18-036b-5da6-b163-d1d54ca3458c,68e8cbbb-da04-5541-862e-e1e28cf5c347,1d25dbba-d1e1-5b79-bb67-3d22aced6cb8,11500000,1150000,selesai,2026-03-12T16:04:12Z
c62471ee-6fe7-5eac-b714-454925c7221b,ed047ada-bc0a-52a8-8477-30269831936b,7cb4d2fb-3679-51b5-8896-f934faf8254c,23ba78b5-421a-5447-b022-5a66fe8d084d,8700000,870000,selesai,2026-03-13T08:08:58Z
c794178a-5753-5903-96fe-54853b3e6aee,46b95e5f-a750-55da-9042-4fdd16cd54bf,6f2b0b05-c566-578e-9ecf-c28242dee719,5d9ef8fa-9d26-5e45-87a1-4a45f17d0980,18400000,1840000,selesai,2026-03-14T04:41:30Z
ad9a87ad-5d24-5086-991b-52466c02b329,c08d04d7-bfb4-58e4-b1ed-1063f8aac584,e3718b03-db4a-553e-b46c-45f57caa0061,3e92a01c-1f80-5c38-9903-fe409c3d5d61,194000000,19400000,selesai,2026-03-14T07:00:01Z
5eca6510-580a-5235-a495-38498ba5d956,1af67378-2634-5039-8ca8-1ff6f826fa41,130ec63c-8ce6-5e6d-9a74-9ac7ba68756a,c868fe01-5c24-57bf-8ffb-fdc6d3ae09a2,13200000,1320000,selesai,2026-03-15T01:45:08Z
e83a47a2-d3ee-5f21-8b6b-b83efe667968,87578d65-ca79-5381-bf52-9c23722acb06,1ce43ec5-d4d8-5876-b70b-a8604b35b51c,51c4d53d-91bb-5b40-bf86-1f46a9aa18a6,92200000,9220000,selesai,2026-03-15T04:27:10Z
2741f931-252a-515d-90f7-86402f5906f9,a97906b4-8d08-533f-b652-ddc244af7dd9,d0f53cba-fee4-5de9-b2e9-86e357a6ef88,1d25dbba-d1e1-5b79-bb67-3d22aced6cb8,7190000,719000,selesai,2026-03-15T08:51:13Z
d5899dac-1b1e-5706-a438-2a3c0f7c1fa3,66585e1a-43aa-5205-a241-dcb78d04ba95,1adc9f82-4a01-59e0-8c98-354a24559f3e,5efed142-8369-554d-9ba2-c2f081036319,25600000,2560000,selesai,2026-03-15T09:50:11Z
af90cff4-fdac-51f1-b59d-9036d7af9a87,5a0b72a9-7325-5fe0-89bc-3afc8a519945,0d183f9b-5c2d-50cd-a21b-7a4ff5175951,3dbb220d-08c5-5e68-b9e9-4282c0cc891f,14100000,1410000,selesai,2026-03-15T17:27:45Z
b9271c20-82e3-5415-9527-f6b40a7c2b7f,06062aab-4d80-5fc4-a236-d72dc5663778,32db13d2-219b-51ce-9f01-b6e1be1702ce,a531998d-b66d-5191-a7da-a567327512a7,50500000,5050000,selesai,2026-03-16T00:57:22Z
53d235af-5577-5f49-bbf3-1f14f66d63cd,40937b32-647f-5668-ba38-cebe2ea4de54,acf13e93-9c02-5953-af7b-9e0867f09454,a531998d-b66d-5191-a7da-a567327512a7,87500000,8750000,selesai,2026-03-16T16:08:20Z
9041f9a0-e455-5d9a-b04d-6d636e609a67,2c28526e-be2b-5f2e-aa81-b9d9c7213f1b,062a4862-1aa8-5f83-a05d-cb5691e47676,a6782ff2-13ef-5b2b-a432-7d121a6ae6c4,11300000,1130000,selesai,2026-03-16T16:19:48Z
342bd283-920e-5de6-bbd3-b6aba016f6a5,dad83e2b-ffd8-5e9a-a7cf-a1d706cdd25a,9977cbaa-9155-5efa-8f3c-e787d7dddc25,951be198-4893-5acc-9f1d-ab202e87291b,221000000,22100000,selesai,2026-03-17T08:50:28Z
adc27894-d6e2-5ca9-b0d2-7259a82af94d,6324f3f7-90fe-5599-9006-eaf3bfab8796,68e8cbbb-da04-5541-862e-e1e28cf5c347,5a27ac9a-1e04-52e2-8392-12edbe43c594,7600000,760000,selesai,2026-03-17T13:41:01Z
acc62e72-be82-57ec-8f37-7b1611a955d1,415c20ee-32b7-5345-bb37-2333603748df,474eb440-5a37-5ffd-8f99-dfca5ca49d78,3dbb220d-08c5-5e68-b9e9-4282c0cc891f,71900000,7190000,selesai,2026-03-17T18:47:49Z
fccc658a-2d9c-57a0-95c2-77f6c10abed7,7ad0e106-a106-5491-b6bf-f0195e2ccc46,20c215f6-dead-53da-9e03-a4122e455668,951be198-4893-5acc-9f1d-ab202e87291b,45600000,4560000,selesai,2026-03-17T21:44:30Z
5799034d-89e0-5146-a298-bf657f04d7c8,9b6298a4-91ad-5434-a010-6cceb690aed3,d0f53cba-fee4-5de9-b2e9-86e357a6ef88,c868fe01-5c24-57bf-8ffb-fdc6d3ae09a2,8070000,807000,selesai,2026-03-18T15:31:57Z
45fc6bd0-43fe-5f1d-bdff-e3d529bf8fd5,763b18d7-0fb1-5f3e-9277-112f06180e4e,8027957b-7b93-5032-915c-3cbd4142f8a8,6fe7b986-2984-567c-a4cc-509a0769266a,24000000,2400000,selesai,2026-03-19T04:26:48Z
c2e273a3-0287-59dd-8b64-19857734a308,fa6b414b-74d9-5c1f-85e3-2a4dcbd6daa5,43e43bc7-da18-5ea2-8732-6d0f1a2ceff3,3ecb7039-f69e-55cd-869d-c7d7cf0962f6,19400000,1940000,selesai,2026-03-19T07:35:12Z
c31338e6-4572-5283-9d66-ed3fa4bb4eab,23fc2fcd-d62b-5137-9d49-54232b28047a,e69f25d4-db0e-5769-abb3-02218d82888c,04432a0f-51e1-5293-a8dc-89755e574853,37400000,3740000,selesai,2026-03-19T09:23:44Z
0d816713-1f26-5a0b-b6ab-5e7ce844bfdd,e8ca8b00-2c27-5f0c-b585-038d937a8334,45cbeb45-e7a8-5400-bd5f-3716602d0b11,5d9ef8fa-9d26-5e45-87a1-4a45f17d0980,20700000,2070000,selesai,2026-03-19T14:38:21Z
9a17a2f6-0884-5017-91ec-acea25b6f76c,4c4b56b4-32d7-593a-ab6e-a050c363e0f7,9144077e-2a07-55b3-bcf2-4c054eb2d349,3e92a01c-1f80-5c38-9903-fe409c3d5d61,24100000,2410000,selesai,2026-03-19T15:03:44Z
5cabb7fe-b481-5627-af7e-36a9b9899888,c4f7aa40-4569-56fb-b8d6-6f046453ddf1,e202f1c8-c8f5-564c-9c97-af7d4d524141,1d876d41-bc7a-55ee-91cf-65ffb2a4048b,102000000,10200000,selesai,2026-03-19T15:27:13Z
9b7a892e-58ed-5afa-b594-602c551f96df,da14aaec-7a1b-557f-89ce-b7754787304f,474eb440-5a37-5ffd-8f99-dfca5ca49d78,3dbb220d-08c5-5e68-b9e9-4282c0cc891f,74500000,7450000,selesai,2026-03-20T09:59:49Z
81919f33-8e80-54ff-9570-16d6ca51bfde,f2907336-dfea-5f10-80cd-dec51602b660,5e998efc-04c6-5544-914b-bfe322536fbc,d9c76b21-7320-5d80-9265-153dfdbc0c20,6400000,640000,selesai,2026-03-20T12:06:25Z
5d0e7d55-ef7b-5859-85f7-662afa2e7025,9bd22b57-2f66-5824-811b-a021ba545ce7,a493392b-9bbc-58d0-8311-0ac95fc74fd0,dd4aa9b5-3247-5ea3-9589-db5aa169c4e0,3290000,329000,selesai,2026-03-20T15:21:25Z
c6a9bdc8-fc6e-5766-906f-4d38e98e964e,d61486f7-8132-5e21-b021-f1a48c16984b,8ad954bc-1b99-5407-973d-73554444435a,a531998d-b66d-5191-a7da-a567327512a7,92100000,9210000,selesai,2026-03-21T11:13:32Z
ec12d1fd-2b37-5b23-a9d7-154dade1b0e8,abd1c5f6-8683-5c97-8517-3c09b98ff0fa,b1c9bddf-2355-539f-b671-0d3f392cab36,c868fe01-5c24-57bf-8ffb-fdc6d3ae09a2,10700000,1070000,selesai,2026-03-22T00:46:00Z
9622b84d-77c9-53c7-bb5e-ab1abfae2fe6,6b8ee94a-34af-58d4-8853-d8dc223fcfa4,7cb4d2fb-3679-51b5-8896-f934faf8254c,3ecb7039-f69e-55cd-869d-c7d7cf0962f6,48600000,4860000,selesai,2026-03-22T01:12:25Z
6e1a4039-3651-5c74-84e2-826cae217f8f,10e6e69c-aa3c-55ce-a067-5195fa553c71,dac1cb0f-4a65-597b-a984-9970dda3e70e,3dbb220d-08c5-5e68-b9e9-4282c0cc891f,29100000,2910000,selesai,2026-03-22T06:01:09Z
a20927ef-2975-54b8-953e-c3c8f3c682e8,9b4df758-ffa7-5835-86ec-c43778513341,4e10f433-6104-54e3-bdda-547a8530d03b,1d876d41-bc7a-55ee-91cf-65ffb2a4048b,68100000,6810000,selesai,2026-03-22T07:19:11Z
046cddec-b964-5665-822b-b0c4b64fa5e6,4999cbde-be23-55e5-8ef5-97d320c0559c,8ff05a10-8614-5a15-9c42-86ff10200f89,dbc6f383-447d-5f26-a2f4-86753b3c416a,8110000,811000,selesai,2026-03-22T07:24:46Z
f920ec4b-53a2-5d2b-9f6f-286d06155360,ee504d75-d774-5139-a274-a2e0db23695b,275fa008-4c0a-5ffd-a05f-04d3a2e036ae,c868fe01-5c24-57bf-8ffb-fdc6d3ae09a2,9240000,924000,selesai,2026-03-22T07:52:05Z
a28310fe-8d00-545f-91fe-712c81d7f76c,35b3bf18-0d95-57b5-b4db-e5bd5633534f,f19f9cad-ffaf-5bd8-bd36-a8d5ee568767,c868fe01-5c24-57bf-8ffb-fdc6d3ae09a2,18900000,1890000,selesai,2026-03-22T15:04:17Z
4b655e34-79de-5c2d-aba3-ae77b1fce871,a1709b48-6d1a-584f-9823-2358351d703f,43e43bc7-da18-5ea2-8732-6d0f1a2ceff3,5d9ef8fa-9d26-5e45-87a1-4a45f17d0980,14400000,1440000,selesai,2026-03-22T16:48:16Z
377c3cb7-df6d-57f4-aebd-e0cedc21bd9c,31902914-6a69-57b0-abbc-5b7514b69d94,4d585877-2c17-5012-8f6e-09593a947064,3dbb220d-08c5-5e68-b9e9-4282c0cc891f,44700000,4470000,selesai,2026-03-22T18:35:55Z
30722a82-d22c-529f-90b2-62d309390f05,33fde367-3c21-51dc-a4e4-82785c885567,f371b0b4-0b9c-573f-9846-46858beb720a,a531998d-b66d-5191-a7da-a567327512a7,135000000,13500000,selesai,2026-03-22T21:59:17Z
d1a064e1-e2af-5a72-b342-f291b92f6d1f,cf6c3a05-e817-57fc-acc0-5f41dffdd514,20c215f6-dead-53da-9e03-a4122e455668,3e92a01c-1f80-5c38-9903-fe409c3d5d61,61500000,6150000,selesai,2026-03-22T22:21:04Z
fb2b3703-6b72-5249-a475-4a5caa68f5f9,42301566-586f-5b06-8408-abdab1d63e90,e202f1c8-c8f5-564c-9c97-af7d4d524141,51c4d53d-91bb-5b40-bf86-1f46a9aa18a6,113000000,11300000,selesai,2026-03-23T03:57:38Z
7caf1bd3-3be8-504a-ac6c-cc6e5cf63328,7123467c-d689-57b8-a53b-c976cd4a4b69,67a2d7e0-e408-5234-b2a7-fbc7a2fa188e,6fe7b986-2984-567c-a4cc-509a0769266a,8340000,834000,selesai,2026-03-23T05:52:37Z
06782d7f-6659-5380-b329-93626eed3847,336d9ad1-9254-5a7d-b191-b832c7d58de1,0f0b75b9-0a40-5393-8a6d-01dbe02c9029,dd4aa9b5-3247-5ea3-9589-db5aa169c4e0,5610000,561000,selesai,2026-03-23T09:25:42Z
d310b5d6-3e18-5385-b22f-f4b9d3eb5ca8,6325fcb7-38ae-5162-a0c7-b7b614fc1f87,43e43bc7-da18-5ea2-8732-6d0f1a2ceff3,dd4aa9b5-3247-5ea3-9589-db5aa169c4e0,11500000,1150000,selesai,2026-03-23T10:42:38Z
ce9e0b39-5085-51e7-841f-2d52e5cfef6c,2a5c985c-f954-5edc-9821-480113a4911d,d0f53cba-fee4-5de9-b2e9-86e357a6ef88,dd4aa9b5-3247-5ea3-9589-db5aa169c4e0,7020000,702000,selesai,2026-03-24T07:08:35Z
f95ca32d-7c20-50f2-a38d-93ef24b1cef5,d36ffb52-edea-55df-ad44-d8fe65c44e01,7cb4d2fb-3679-51b5-8896-f934faf8254c,23ba78b5-421a-5447-b022-5a66fe8d084d,13700000,1370000,selesai,2026-03-24T07:32:39Z
8b5c763a-21ad-5464-b7d8-1419b779d262,cc93e3f0-b86c-55c2-b0cb-4d198c38015e,e85971e4-3225-5d5a-a717-ec6494f3ea35,c868fe01-5c24-57bf-8ffb-fdc6d3ae09a2,8860000,886000,selesai,2026-03-24T10:54:36Z
fd1ac1d8-7431-5af8-b8f8-4d92305a0f1e,6b5133b1-36ee-54a1-8b5c-3884113c553e,66a4e198-2582-5bd6-888f-e2530da725b8,c868fe01-5c24-57bf-8ffb-fdc6d3ae09a2,15600000,1560000,selesai,2026-03-24T20:44:06Z
8ca7dbfd-6f98-5bac-a483-e12b2d8d197a,c09ec80c-9dea-53d3-a433-b391d17f4aa8,75305bd7-d03a-5c27-9008-2b56dbe975bd,951be198-4893-5acc-9f1d-ab202e87291b,80100000,8010000,selesai,2026-03-25T02:12:22Z
df777fde-edda-5065-90e1-d7ff7da9150a,2d4d6a67-866f-5b66-9ad3-16019b7383e2,43e43bc7-da18-5ea2-8732-6d0f1a2ceff3,951be198-4893-5acc-9f1d-ab202e87291b,71100000,7110000,selesai,2026-03-25T04:32:40Z
5cc429f4-72a7-5787-8355-5dd5abdd268d,7be5367c-9cac-5175-a3de-4cea1464f8d4,45fe3c4c-a4b2-522f-99e9-6dab132798c3,04432a0f-51e1-5293-a8dc-89755e574853,25100000,2510000,selesai,2026-03-25T13:09:58Z
5f025aef-27a1-5b79-a750-7886a4d3d65d,498c72d4-3fc5-5527-81a5-da7c9ede578f,e0627b49-ed43-537c-b7b3-7f3d6c5c4ff3,951be198-4893-5acc-9f1d-ab202e87291b,153000000,15300000,selesai,2026-03-25T15:47:02Z
261c4db2-5ed3-56b1-9d4e-f832c3a60fd6,ef92a7cb-55a9-57c7-8c92-82a445933250,48180fc1-da24-5b0e-8a7a-53d33df05326,a6782ff2-13ef-5b2b-a432-7d121a6ae6c4,3170000,317000,selesai,2026-03-25T23:00:47Z
dfe01729-5f5b-5eb3-a09b-4fc52697a497,279da85a-f5f2-5689-9812-7939fa512122,b90a6efe-9834-540f-bbdd-1c6bab40f04a,3ecb7039-f69e-55cd-869d-c7d7cf0962f6,56900000,5690000,selesai,2026-03-26T02:36:44Z
96cd49c7-d530-5dfb-9251-d3b7a182490d,3e80e9dd-4e2e-5947-8f9c-96a3963b2fb3,1796add4-4e28-52d8-8d47-236c91bfbb59,c868fe01-5c24-57bf-8ffb-fdc6d3ae09a2,10300000,1030000,selesai,2026-03-26T03:27:45Z
b6268f40-69c4-564f-b3e6-e7caf335203c,4c8d7273-05c0-5fa7-bd07-7ef17f9c0036,f19f9cad-ffaf-5bd8-bd36-a8d5ee568767,21a4ae7e-8f05-5294-9e2d-32d96779246e,8200000,820000,selesai,2026-03-27T07:21:55Z
20150086-f1b9-50fd-9784-40f25cde3733,4d4d5c71-d1a5-51c0-9b96-fff46456802f,47912d25-6df1-5389-996c-63b4a12b0891,5a27ac9a-1e04-52e2-8392-12edbe43c594,11600000,1160000,selesai,2026-03-27T17:39:15Z
8ecb1587-b96d-55aa-b5fe-f94aadba6d5c,529fe549-9cf2-54b8-931c-474b5a4fd141,9a779412-e497-579b-8d83-f9ab37185061,5d9ef8fa-9d26-5e45-87a1-4a45f17d0980,19600000,1960000,selesai,2026-03-27T22:46:32Z
4cd905f8-4078-580e-8c6b-2ba4e8dc0031,e2bd780c-8368-5b84-b4bd-a3b3346d9143,ce7d11b4-b434-57d4-a507-54d40c8eb223,951be198-4893-5acc-9f1d-ab202e87291b,167000000,16700000,selesai,2026-03-28T10:52:19Z
9f2e7d97-ad9f-5406-bf59-f09a15b234d5,0d7810fb-9295-51f5-a460-ea79b3069ad5,1aae0750-4c8f-5879-8b25-ec14e411b5ed,951be198-4893-5acc-9f1d-ab202e87291b,209000000,20900000,selesai,2026-03-28T16:45:42Z
c18c2d32-8f61-5fb6-941d-39e793e7156d,45448b11-1bde-5df1-8b6a-407b7e4eae4c,9e09a6df-081c-5378-9fe5-48b677ed79d0,6fe7b986-2984-567c-a4cc-509a0769266a,38100000,3810000,selesai,2026-03-29T21:28:04Z
dd6f7a03-db08-5c69-a4b5-23a00b0f84fb,3e048a22-f452-54db-8f08-c85b1c4bde86,adf570fb-d074-553c-b198-c922b7051759,a531998d-b66d-5191-a7da-a567327512a7,168000000,16800000,selesai,2026-03-30T02:03:59Z
aa196fb5-5f9c-5ad8-b7e8-cda53f8c8c15,02940383-62a7-5292-b330-a04fd98f0087,31d4f930-e4c5-51da-9bed-84c4ed9e926a,3dbb220d-08c5-5e68-b9e9-4282c0cc891f,46100000,4610000,selesai,2026-03-30T03:51:45Z
ef812167-7987-5f5b-91f3-96a5b58a3638,67f46f6c-0bef-5045-8780-350af8808dd4,5c3826f0-492a-5274-a17f-b749a6e3ac8a,951be198-4893-5acc-9f1d-ab202e87291b,150000000,15000000,selesai,2026-03-30T04:55:19Z
21ddc7e3-4e0f-5213-80f3-65908badb092,618652ce-e2df-5735-a3b7-1c2820f9d17b,45fe3c4c-a4b2-522f-99e9-6dab132798c3,5a27ac9a-1e04-52e2-8392-12edbe43c594,8250000,825000,selesai,2026-03-30T09:20:51Z
f4483c5d-2278-5ebd-ba7c-4c2d5284a6c6,21599506-308e-57ef-b606-b1ea5103f1e4,0f0b75b9-0a40-5393-8a6d-01dbe02c9029,23ba78b5-421a-5447-b022-5a66fe8d084d,17700000,1770000,selesai,2026-03-31T02:26:22Z
7bdde96b-dc94-5f55-adf7-db9c976aec48,93b99186-d716-5d87-8adf-ec9d8090a741,d0f53cba-fee4-5de9-b2e9-86e357a6ef88,c868fe01-5c24-57bf-8ffb-fdc6d3ae09a2,7120000,712000,selesai,2026-03-31T03:07:45Z
9f2dacdc-b7e0-53d4-9017-14fa8a9701b6,f09d71b7-20d7-570d-84c0-10cf940c3e50,2ef7761d-6de4-5de7-b1c2-3d05a921b80b,51c4d53d-91bb-5b40-bf86-1f46a9aa18a6,96800000,9680000,selesai,2026-03-31T07:24:03Z
7d9ffe3e-9d74-5900-a31b-99811fd637b9,cc523a64-1322-5dbb-bfc8-927fc2f7cb2e,f1527868-08c6-59b1-b743-9e223ef23330,1d25dbba-d1e1-5b79-bb67-3d22aced6cb8,6980000,698000,selesai,2026-03-31T13:55:06Z
d6638164-c931-5e3c-89c2-fd06bb405e8d,0fd5da19-5bcf-5da5-b61b-ab1c5815ada3,7583df8a-98f3-56dd-a57a-0d891d4f929f,951be198-4893-5acc-9f1d-ab202e87291b,46400000,4640000,selesai,2026-03-31T16:19:06Z
32124578-82d1-5d16-9887-bbf8e3f1b961,e6ec7075-6873-5bca-9fc5-0acf80fbf5e0,43e43bc7-da18-5ea2-8732-6d0f1a2ceff3,51c4d53d-91bb-5b40-bf86-1f46a9aa18a6,116000000,11600000,selesai,2026-03-31T18:46:06Z
6f17dcce-1316-5d3c-8083-d507e1c5dd74,1721ceb5-e9ad-5f17-99a9-e3d11aef66ae,7b4d85c8-868f-5ea4-8316-f36e9a7e06c4,3ecb7039-f69e-55cd-869d-c7d7cf0962f6,15400000,1540000,selesai,2026-04-01T04:24:09Z
9e398a99-d040-54ca-ac58-04325a031c4b,4ce32144-982e-5a0f-ab84-e65a0afb6a9b,9977cbaa-9155-5efa-8f3c-e787d7dddc25,951be198-4893-5acc-9f1d-ab202e87291b,88500000,8850000,selesai,2026-04-01T04:51:06Z
64c405e2-cbf2-55cb-aef7-6cce051e4c31,16f8c8e8-4464-55db-be91-7fc8526870f5,0f0b75b9-0a40-5393-8a6d-01dbe02c9029,d9c76b21-7320-5d80-9265-153dfdbc0c20,11600000,1160000,selesai,2026-04-01T13:32:14Z
0f875654-60e2-5e0c-88de-c7cdf4db0836,53ea82ed-5658-5899-86a4-16c90010a7c7,8027957b-7b93-5032-915c-3cbd4142f8a8,a531998d-b66d-5191-a7da-a567327512a7,54400000,5440000,selesai,2026-04-01T13:34:39Z
aebf3829-fcfd-560c-b9c5-d207dbd8cee8,70f3811b-d2a7-559f-b2e1-96b310cf2cef,e202f1c8-c8f5-564c-9c97-af7d4d524141,3ecb7039-f69e-55cd-869d-c7d7cf0962f6,23200000,2320000,selesai,2026-04-02T00:08:25Z
05326791-df75-5056-a700-27ee78660c4d,7c89a757-41fa-547b-8d1c-b4eb9f31fa15,96d805da-4016-5aad-9187-6ce1aba206b1,a531998d-b66d-5191-a7da-a567327512a7,96000000,9600000,selesai,2026-04-02T01:22:23Z
9e97371c-4042-53a8-8af0-eef8e614e4df,0cd926df-5187-5bb6-964d-d254065470d9,8ff05a10-8614-5a15-9c42-86ff10200f89,951be198-4893-5acc-9f1d-ab202e87291b,51400000,5140000,selesai,2026-04-02T04:18:56Z
2ccc32d2-e292-5e7c-affa-c09aa2ff2c61,5d75306a-88a8-5914-895c-1c6360cf4b7d,f0f5f5df-392d-5d84-b371-fe82af30c664,a531998d-b66d-5191-a7da-a567327512a7,49700000,4970000,selesai,2026-04-02T08:07:49Z
6bef665b-c2f2-50d4-b4be-abe99b14b94c,27fede82-1bb7-5ecf-88b3-fd6cdf017c84,4ed5288c-a104-5753-982d-16b46a560585,dbc6f383-447d-5f26-a2f4-86753b3c416a,8210000,821000,selesai,2026-04-02T14:38:56Z
317c5701-0907-5514-a42f-685960539b37,66014a7c-577b-5597-9ef2-626c2e128d3d,5c3826f0-492a-5274-a17f-b749a6e3ac8a,3ecb7039-f69e-55cd-869d-c7d7cf0962f6,14200000,1420000,selesai,2026-04-03T01:43:28Z
84a60134-f6c8-5396-a7f8-4dee6aa15466,7f39597c-806f-57ca-82cc-93a394993629,be4b0a7a-9024-5d01-9efd-04a32d568f07,3ecb7039-f69e-55cd-869d-c7d7cf0962f6,22100000,2210000,selesai,2026-04-03T05:38:37Z
a2d4cfa1-658d-5b17-99b2-509db84bdb05,584073cb-1976-58f5-9462-9b3376d5710d,87c5ecb9-dcb5-5270-9095-84661e8899cd,951be198-4893-5acc-9f1d-ab202e87291b,77000000,7700000,selesai,2026-04-03T17:42:45Z
6c705289-3c27-53b7-9d3f-0a53d51faf65,830e342a-217e-5fd0-ba7e-49e308ed632b,e69f25d4-db0e-5769-abb3-02218d82888c,64668e48-371b-5ffb-8837-9c4fd033feec,5680000,568000,selesai,2026-04-03T20:38:53Z
b9538df7-0154-5f74-b148-de52c359857f,387dc43f-de71-5224-a872-d2267104008f,6f338842-5807-511a-8b0f-216469d03cb4,951be198-4893-5acc-9f1d-ab202e87291b,184000000,18400000,selesai,2026-04-03T22:41:40Z
f12fcff5-0c14-57c6-b2ea-6006fe3c0beb,964eba70-93b9-503d-a8cf-220f11abda4c,c6259694-efa2-59da-af12-3baae1b19e5c,a531998d-b66d-5191-a7da-a567327512a7,63900000,6390000,selesai,2026-04-04T00:13:05Z
a77e6a61-3217-5c94-897b-f364074e6c09,ad894a2b-c12d-5676-8f10-3b063b61c6b9,45fe3c4c-a4b2-522f-99e9-6dab132798c3,dbc6f383-447d-5f26-a2f4-86753b3c416a,14800000,1480000,selesai,2026-04-04T09:51:19Z
4f07ac52-eaf7-5af6-9e35-a47e3de962a8,a3cd8007-c6c2-537b-a473-dd322091d121,4d585877-2c17-5012-8f6e-09593a947064,c868fe01-5c24-57bf-8ffb-fdc6d3ae09a2,26100000,2610000,selesai,2026-04-04T14:07:56Z
e3986eb1-3e83-5f3f-937e-a63d5c0ac648,62beab9a-e4d7-596b-bb42-16bff3adb908,7b4d85c8-868f-5ea4-8316-f36e9a7e06c4,3ecb7039-f69e-55cd-869d-c7d7cf0962f6,26200000,2620000,selesai,2026-04-04T16:31:07Z
2acd3c1f-a96e-5d6c-82d7-86b5b28dc382,9f57ee77-663a-5f84-b065-f3f4b14af2cf,2d5f7b0c-20e4-5e20-a6f3-9d40a681ccd9,a531998d-b66d-5191-a7da-a567327512a7,79700000,7970000,selesai,2026-04-04T16:37:01Z
264573b8-eece-5bed-b913-18fc61afcccc,505811dc-37f0-59f7-bb46-ddcc8ebfaeb5,3227257d-7266-599b-b2b0-6dfa5ee81df5,dbc6f383-447d-5f26-a2f4-86753b3c416a,25000000,2500000,selesai,2026-04-05T17:14:18Z
66464347-9993-5c84-91c4-19b8ad38f4e2,083ecbca-01b7-5356-a0d7-0a09b2513d50,914cb54d-8dc4-55e6-9bba-447bf30c7df3,951be198-4893-5acc-9f1d-ab202e87291b,61500000,6150000,selesai,2026-04-05T17:43:01Z
acb9bcee-7e61-5daf-9b00-2974f3b544fe,1dca383c-06ac-5402-8ae4-e5aa6152a86b,474eb440-5a37-5ffd-8f99-dfca5ca49d78,a531998d-b66d-5191-a7da-a567327512a7,115000000,11500000,selesai,2026-04-05T20:47:50Z
40ac390e-fa94-591d-9af7-db8c647c3991,95902fa4-adab-5e7a-84e0-17f51f8dfa68,794a1ad7-3dcb-5e01-ab47-663d34cadb1c,951be198-4893-5acc-9f1d-ab202e87291b,105000000,10500000,selesai,2026-04-06T03:27:38Z
b50f14fb-efff-5225-9c34-a2fa5e1d1b31,262557d4-17d2-5d30-a9d4-f99e54f9d205,9f622511-dc95-5f40-932f-4084d772d648,3e92a01c-1f80-5c38-9903-fe409c3d5d61,39200000,3920000,selesai,2026-04-06T12:13:49Z
8c1adf78-3909-579d-a63f-d98316a63a33,6e9eba6c-c2ac-5214-bfc9-dfb80f7c2425,914cb54d-8dc4-55e6-9bba-447bf30c7df3,3dbb220d-08c5-5e68-b9e9-4282c0cc891f,41800000,4180000,selesai,2026-04-06T13:33:38Z
fbe7c5cc-f3e3-54cc-961c-5d97b95e5b7a,b88aeb6c-2755-5419-a534-a4ad82ff79c6,c6259694-efa2-59da-af12-3baae1b19e5c,951be198-4893-5acc-9f1d-ab202e87291b,153000000,15300000,selesai,2026-04-06T13:50:08Z
c14e8556-2f23-5003-b759-b23b296a2927,09a36a38-52e3-5f88-9d61-1da4c8605753,9e09a6df-081c-5378-9fe5-48b677ed79d0,3ecb7039-f69e-55cd-869d-c7d7cf0962f6,16500000,1650000,selesai,2026-04-06T15:21:42Z
30ad8353-c8be-5205-9913-bfb4bcde6a72,2980f9bd-a8f6-5cd4-85f4-bdc8dcd1d041,c1701bf2-a325-587f-9e7b-7fe7e0351aec,dad52c43-2eab-5272-a61d-dca032e6b1db,2740000,274000,selesai,2026-04-07T18:06:43Z
a073377e-411d-5d0c-a00a-8940181e2b24,9da7f2be-057f-5685-a8ea-4e82f3061fb7,9c6e09a0-2346-5608-ba26-22aa33f52834,951be198-4893-5acc-9f1d-ab202e87291b,87600000,8760000,selesai,2026-04-07T22:22:41Z
8d899342-17cc-5ba3-9352-d5bcf7bf191a,c0db7936-457f-56a3-b850-51687300767f,47912d25-6df1-5389-996c-63b4a12b0891,3ecb7039-f69e-55cd-869d-c7d7cf0962f6,30400000,3040000,selesai,2026-04-08T06:13:00Z
ae1e86b1-4cee-5365-bd54-182a40600196,078beff1-ac0c-5628-a280-4cb6ec2ecc94,9f622511-dc95-5f40-932f-4084d772d648,c868fe01-5c24-57bf-8ffb-fdc6d3ae09a2,16800000,1680000,selesai,2026-04-08T09:45:29Z
7eca5389-ad3b-5f71-9e89-3819418f0253,a5ecd071-0bfd-5acd-b6c2-5d8769ce2d3a,f625153e-a631-5477-afc5-ce1bf32872fe,3ecb7039-f69e-55cd-869d-c7d7cf0962f6,37800000,3780000,selesai,2026-04-08T14:13:48Z
b492bdee-113e-5438-a3e3-3668db56fc80,576e19b6-1389-55ab-adb5-a0e3ddf360f3,0d183f9b-5c2d-50cd-a21b-7a4ff5175951,951be198-4893-5acc-9f1d-ab202e87291b,158000000,15800000,selesai,2026-04-08T15:06:14Z
d879a2bf-0100-5875-b6de-b18c8fc33435,02d8daa3-cff2-5d6b-9a7b-c0dd6def154f,bfedcb39-8cfe-5eea-91f2-43a30581ac27,a531998d-b66d-5191-a7da-a567327512a7,43400000,4340000,selesai,2026-04-08T17:51:07Z
d103577a-4a7e-56c9-86e9-c3163302ecaf,a470e5ee-a639-5209-97fa-b0118d600571,20c215f6-dead-53da-9e03-a4122e455668,a6782ff2-13ef-5b2b-a432-7d121a6ae6c4,8690000,869000,selesai,2026-04-08T18:31:09Z
0b32791d-17bd-54dd-a89f-9fab673f2231,d1966a48-59d9-5533-a4f1-d3c0d3c0395e,31d4f930-e4c5-51da-9bed-84c4ed9e926a,5efed142-8369-554d-9ba2-c2f081036319,41600000,4160000,selesai,2026-04-09T04:16:24Z
922ecb51-31bf-56c7-970c-42ca88c7ba3d,28ec0c9a-bd7d-5e7d-8617-5da55af38dad,d1b1fdfd-ace1-536a-9c51-d44a0896c9ca,23ba78b5-421a-5447-b022-5a66fe8d084d,4700000,470000,selesai,2026-04-09T11:57:18Z
d05efd94-4a7b-59f0-8c14-68b06ef7a078,464b9503-e58e-524f-9f95-cfbb33a03a76,6f338842-5807-511a-8b0f-216469d03cb4,951be198-4893-5acc-9f1d-ab202e87291b,82300000,8230000,selesai,2026-04-09T21:44:37Z
de3ed518-19c6-5aef-a12a-442c7f6548d1,348325a9-8043-5e63-a152-96cdbda87612,44172e1c-bd66-55ba-b447-447aada11fc6,04432a0f-51e1-5293-a8dc-89755e574853,44700000,4470000,selesai,2026-04-10T00:01:14Z
a990e722-ba5b-5b23-8994-5bc9db92ff39,a43c2581-23e1-5c86-9739-ae460fc44df6,8ea2fbac-fba1-546b-8c7e-d8ffacc66fa3,5efed142-8369-554d-9ba2-c2f081036319,23000000,2300000,selesai,2026-04-10T05:54:55Z
be3b7e26-5be1-5328-87ad-7cd4ffb54b56,71d4624b-3204-5329-b6f8-36cb188f9f2f,31d4f930-e4c5-51da-9bed-84c4ed9e926a,3dbb220d-08c5-5e68-b9e9-4282c0cc891f,34000000,3400000,selesai,2026-04-10T20:49:37Z
3904e94e-2245-5e34-8661-670032817140,f4bfcd7d-92b8-5b37-9128-33966ed6f7e0,20c215f6-dead-53da-9e03-a4122e455668,3dbb220d-08c5-5e68-b9e9-4282c0cc891f,92700000,9270000,selesai,2026-04-11T14:06:43Z
a75602f8-4036-559d-871c-f90e4c097515,2271b720-0b6b-560e-b99c-20369108618e,181d5eaa-4366-5aee-8dec-bd0fccfb583a,5efed142-8369-554d-9ba2-c2f081036319,39400000,3940000,selesai,2026-04-11T20:09:52Z
ef72dc72-7e76-5f5f-b605-b3a889630b02,42e8f054-46e7-58d6-8759-0136e14b50cf,282a5b11-5c97-5686-be7a-dafa471ce36c,3ecb7039-f69e-55cd-869d-c7d7cf0962f6,51600000,5160000,selesai,2026-04-11T21:00:50Z
0ca04700-a01f-56e2-b058-c662725044c4,e4abe9ba-438d-551d-9efc-23e83b4c642a,474eb440-5a37-5ffd-8f99-dfca5ca49d78,3ecb7039-f69e-55cd-869d-c7d7cf0962f6,186000000,18600000,selesai,2026-04-12T06:26:11Z
c8174c4d-444a-5b5b-93f3-e1cd16f54630,ed16eb3b-3779-5f06-99c1-5cc3aba96be1,4d585877-2c17-5012-8f6e-09593a947064,a531998d-b66d-5191-a7da-a567327512a7,109000000,10900000,selesai,2026-04-12T07:28:40Z
4e058add-0eeb-588a-a272-3fba643b93dd,c8ee6dab-7d4f-5d8c-8ac5-8844fe24b125,5bd8431b-e2d7-592a-8a4b-dcaa250cc2cd,c868fe01-5c24-57bf-8ffb-fdc6d3ae09a2,7500000,750000,selesai,2026-04-12T21:24:42Z
9e172cf2-78d3-5f2a-8bdb-c3e9eb5bb138,96360c52-342a-5e9f-b9d5-7fd2f2e1cdb5,7b4d85c8-868f-5ea4-8316-f36e9a7e06c4,23ba78b5-421a-5447-b022-5a66fe8d084d,19100000,1910000,selesai,2026-04-12T21:35:47Z
843374f6-2707-597a-9806-d845a19e0625,379b6d39-9679-5670-8941-9752fe5e8611,282a5b11-5c97-5686-be7a-dafa471ce36c,23ba78b5-421a-5447-b022-5a66fe8d084d,21600000,2160000,selesai,2026-04-12T21:36:50Z
7635f00d-350c-5b12-8007-b3ce033cb509,8d520218-342d-5b89-8eca-ea2fd40184f9,83333cf0-523d-5361-94bd-c5d79ea72d30,5efed142-8369-554d-9ba2-c2f081036319,26000000,2600000,selesai,2026-04-13T12:15:07Z
4997cbc7-3fc3-5bec-8ab1-cd7c0c9cc475,7a2367aa-226f-5960-a0d6-8a3d4dbfd221,4d585877-2c17-5012-8f6e-09593a947064,951be198-4893-5acc-9f1d-ab202e87291b,197000000,19700000,selesai,2026-04-13T20:49:10Z
4df4f040-a561-5a25-91eb-adb17624f11b,3145ce44-7320-5e94-88ba-6312b1d903bf,8027957b-7b93-5032-915c-3cbd4142f8a8,3dbb220d-08c5-5e68-b9e9-4282c0cc891f,31400000,3140000,selesai,2026-04-13T22:33:34Z
f4779304-9584-54a2-9f33-5a8fedafbf95,515e5eb0-2190-538b-ac8f-fdee6044c517,0fb9478f-5318-5993-a4e3-03075a05174d,3ecb7039-f69e-55cd-869d-c7d7cf0962f6,13400000,1340000,selesai,2026-04-14T01:14:37Z
f281cdb8-2d2a-5282-9e48-8576486517d5,535c9625-1504-565b-a907-e28029ee57fa,9c6e09a0-2346-5608-ba26-22aa33f52834,951be198-4893-5acc-9f1d-ab202e87291b,110000000,11000000,selesai,2026-04-14T03:08:54Z
17c29445-632e-5345-812a-7e5557a0d83c,b1b4b3ae-c98a-57ea-a71d-3a83b76e6d10,c95ec7ea-92a7-513e-b0f2-1da5e321bded,951be198-4893-5acc-9f1d-ab202e87291b,46800000,4680000,selesai,2026-04-14T15:36:35Z
f8089e04-b290-5427-bfeb-8bc7a8d168ab,87cfef89-6573-54b3-bc32-6603621a50c5,9e09a6df-081c-5378-9fe5-48b677ed79d0,6fe7b986-2984-567c-a4cc-509a0769266a,19500000,1950000,selesai,2026-04-14T22:52:17Z
30caae25-f74c-5f00-909d-659a6222662d,ba6a9c3a-da31-56bb-9261-40c472d80aa6,2ef7761d-6de4-5de7-b1c2-3d05a921b80b,951be198-4893-5acc-9f1d-ab202e87291b,116000000,11600000,selesai,2026-04-15T13:35:28Z
7f606d6f-1671-57b9-a207-3323ca653632,21b110a9-176d-5123-ae0c-1537ab4b26fe,f19f9cad-ffaf-5bd8-bd36-a8d5ee568767,7cf14239-60d5-5ff0-9270-0d2dd0d62e05,8170000,817000,selesai,2026-04-15T18:42:46Z
8ca59176-ece1-5e57-9337-237e1c813379,61332c4e-ccfe-527d-892f-51ec584ab16e,e202f1c8-c8f5-564c-9c97-af7d4d524141,3ecb7039-f69e-55cd-869d-c7d7cf0962f6,30200000,3020000,selesai,2026-04-16T05:40:57Z
a6d8da87-d861-5af4-a1c7-46824a7f4243,ce29a1f6-b7d7-58f9-8481-9c54a7692c32,d1b1fdfd-ace1-536a-9c51-d44a0896c9ca,3ecb7039-f69e-55cd-869d-c7d7cf0962f6,15700000,1570000,selesai,2026-04-16T11:55:23Z
3bce3a43-2b74-53ff-bf48-3015a6429df0,0652f7df-a43f-5c7d-b9ba-c89330540862,2426b20b-036f-5f04-b2c1-72ba60a63b7d,dbc6f383-447d-5f26-a2f4-86753b3c416a,9830000,983000,selesai,2026-04-16T14:38:22Z
59dd469d-a271-5a49-90c6-8d2aca042f2c,cfc1be33-0e34-5c5d-a2d4-52ec6c7ec6f6,9d360ee0-0088-5658-a8d1-0db5083b94f7,3ecb7039-f69e-55cd-869d-c7d7cf0962f6,42400000,4240000,selesai,2026-04-16T15:12:36Z
5b3c754c-04af-5957-b4b3-a07b17c756fe,a77a4286-f129-545f-87cc-7f0570ccdb0b,247281d2-7eb2-5256-af64-c4f7968da59d,7cf14239-60d5-5ff0-9270-0d2dd0d62e05,7110000,711000,selesai,2026-04-16T20:44:31Z
d604d1ad-e279-5798-9fde-0242cfae2428,3d3e0baa-1544-576f-a83e-c52afb45c61a,95158fe7-2d9c-5d33-bb80-597ad6f20eff,51c4d53d-91bb-5b40-bf86-1f46a9aa18a6,175000000,17500000,selesai,2026-04-17T13:15:42Z
c78ced3f-ef7f-5f3a-b6ff-f8bb30db14d7,a47f564c-11bf-5057-bd19-c59fb19a201c,2426b20b-036f-5f04-b2c1-72ba60a63b7d,c868fe01-5c24-57bf-8ffb-fdc6d3ae09a2,16900000,1690000,selesai,2026-04-17T15:19:55Z
225c767e-6c37-5f56-ad0c-b02a4c58e5bd,145b8c3c-234c-5b5d-9576-296bf905f234,d1b1fdfd-ace1-536a-9c51-d44a0896c9ca,3ecb7039-f69e-55cd-869d-c7d7cf0962f6,12900000,1290000,selesai,2026-04-17T22:37:09Z
d421431e-6773-598e-a417-45d526ccf267,0b4de676-db54-5228-92b4-7ba57e464579,44172e1c-bd66-55ba-b447-447aada11fc6,04432a0f-51e1-5293-a8dc-89755e574853,34200000,3420000,selesai,2026-04-18T12:52:57Z
40bc38ff-da18-56c0-9bf8-ac4174126a6d,9204b27b-6865-5a83-8e03-ed1b06877479,9a779412-e497-579b-8d83-f9ab37185061,3ecb7039-f69e-55cd-869d-c7d7cf0962f6,42900000,4290000,selesai,2026-04-19T04:25:34Z
42d873a2-a222-5897-82ab-2836290ad9b7,845bdd97-bf2b-5d60-afb0-890dfaa6dcf6,5bd8431b-e2d7-592a-8a4b-dcaa250cc2cd,a6782ff2-13ef-5b2b-a432-7d121a6ae6c4,3300000,330000,selesai,2026-04-19T05:03:45Z
ef56f483-8082-5866-8936-5c8d47b2bf4d,ca430658-7a6a-514f-8e2d-3d136ba78036,9a779412-e497-579b-8d83-f9ab37185061,3ecb7039-f69e-55cd-869d-c7d7cf0962f6,57400000,5740000,selesai,2026-04-19T09:43:18Z
5ef665f3-4673-5bb0-921a-165d447f77ba,9f8a9e6c-b24d-52c8-9f4f-52b4d5f65176,179a2581-11cb-5dd1-af30-697a9f725e91,951be198-4893-5acc-9f1d-ab202e87291b,317000000,31700000,selesai,2026-04-19T12:31:26Z
82a692c5-19ca-57a9-937d-1a46aaf0d5dd,d3e44800-2065-55c9-89e7-f90807ac4f1b,aff844a9-441c-5139-8580-f9e7608f9e5c,3ecb7039-f69e-55cd-869d-c7d7cf0962f6,17000000,1700000,selesai,2026-04-19T13:36:27Z
59313195-d28b-554c-b9a6-3ef7cc1869cb,eecf491a-609c-5d1b-a28a-571a03982a46,4e5749fa-1d58-58e8-b68a-db3089c84b49,c868fe01-5c24-57bf-8ffb-fdc6d3ae09a2,24800000,2480000,selesai,2026-04-20T11:47:34Z
f3b7d447-0f9e-5a8f-847b-6877e0e1acd2,8cf18162-364e-56fc-ae2d-8d68bee3a0aa,474eb440-5a37-5ffd-8f99-dfca5ca49d78,3dbb220d-08c5-5e68-b9e9-4282c0cc891f,39700000,3970000,selesai,2026-04-20T19:03:04Z
e34e2cc9-7ec4-5c38-8327-ac3f8e5c88bc,548f20bc-37ca-5542-a94e-0672559ae8bd,9d8ddd11-a801-58bc-9aaa-664e027e1f0a,3ecb7039-f69e-55cd-869d-c7d7cf0962f6,21300000,2130000,selesai,2026-04-20T20:28:52Z
74178865-7543-589e-9942-4a1696ec4aeb,b0b93c39-9ccb-57f2-8db4-7057bdfc40cd,a493392b-9bbc-58d0-8311-0ac95fc74fd0,21a4ae7e-8f05-5294-9e2d-32d96779246e,5270000,527000,selesai,2026-04-20T21:22:47Z
e8b3bf02-15e2-5c54-8055-c5b57b5f0cca,eb8407e6-f565-5fe2-8af3-d45826d3fe32,c8216a19-2bc6-52cf-9503-71618f90f5b4,951be198-4893-5acc-9f1d-ab202e87291b,47800000,4780000,selesai,2026-04-21T00:49:54Z
44aeab11-ccc5-5c0f-9327-be42188f3fd3,1ff6a307-42b3-5982-980d-024c1c007b50,47912d25-6df1-5389-996c-63b4a12b0891,5efed142-8369-554d-9ba2-c2f081036319,37100000,3710000,selesai,2026-04-21T01:48:42Z
e42cc9c8-78a9-53c6-a67e-fcf106f05cf3,5fae20d8-5b13-5024-8df0-e808532d99ce,fdf6aa1c-ef4c-51c5-80c3-15a6df7ea57c,951be198-4893-5acc-9f1d-ab202e87291b,95300000,9530000,selesai,2026-04-21T02:07:52Z
b108bde0-3018-5e30-b550-5ce930053d60,c8f101a5-43c4-533a-9a95-b11cfaba6d9d,c07dad9e-28c6-5d39-9bdc-f772ec3b500f,c868fe01-5c24-57bf-8ffb-fdc6d3ae09a2,22700000,2270000,selesai,2026-04-21T10:21:21Z
2269b138-eee0-5268-880c-bc027f346c40,5a55f7e3-2610-57bc-8510-d76bbf89f189,5c3826f0-492a-5274-a17f-b749a6e3ac8a,1d876d41-bc7a-55ee-91cf-65ffb2a4048b,70300000,7030000,selesai,2026-04-21T19:51:31Z
97903fae-4591-5627-8dbc-40907a60ec55,6c5c201d-6792-5908-9ded-a3ebed11f1be,43e43bc7-da18-5ea2-8732-6d0f1a2ceff3,951be198-4893-5acc-9f1d-ab202e87291b,92100000,9210000,selesai,2026-04-22T06:09:55Z
39de9762-3767-5294-96fe-32ed953f12e7,f49ae3cf-8a8a-5173-854f-024a9733a474,d0f53cba-fee4-5de9-b2e9-86e357a6ef88,21a4ae7e-8f05-5294-9e2d-32d96779246e,7370000,737000,selesai,2026-04-22T15:57:48Z
f0913746-a5b9-5ed7-b016-192bed398422,96a9af8d-b015-58fb-a0e9-a3d5670054e4,18188d25-bf5b-53cd-9e1e-ae24e999923a,a531998d-b66d-5191-a7da-a567327512a7,63600000,6360000,selesai,2026-04-23T01:31:07Z
b499ec26-1a00-5700-bb2c-c4310da6c20c,4b3d5c7e-72ae-5a85-85ef-2ba72ee13f63,474eb440-5a37-5ffd-8f99-dfca5ca49d78,a531998d-b66d-5191-a7da-a567327512a7,85500000,8550000,selesai,2026-04-23T15:23:02Z
248cfc28-2e28-53a8-b8db-ad9662a0b512,540a48d5-6f4e-5054-9064-32f33a7cd920,4ed5288c-a104-5753-982d-16b46a560585,1d25dbba-d1e1-5b79-bb67-3d22aced6cb8,7570000,757000,selesai,2026-04-23T18:58:52Z
f7a150f6-4cd7-504e-99bf-46832a56ac5e,cc685b87-4ec3-5407-b4d6-aafa4d494d36,914cb54d-8dc4-55e6-9bba-447bf30c7df3,951be198-4893-5acc-9f1d-ab202e87291b,89700000,8970000,selesai,2026-04-24T00:11:53Z
2d41f96e-971a-53c1-99ca-659dfb3b92a4,5d97de0d-f1b9-5cc3-b297-8bf522c602ab,f1527868-08c6-59b1-b743-9e223ef23330,dbc6f383-447d-5f26-a2f4-86753b3c416a,16700000,1670000,selesai,2026-04-24T02:33:37Z
6a64244c-ed5e-5404-8fda-5b7b3d99b6c8,1fc10683-bb77-50ca-9538-a20b41393aa1,9e764bb8-a7de-565b-b008-4ab804012d64,951be198-4893-5acc-9f1d-ab202e87291b,175000000,17500000,selesai,2026-04-24T05:46:20Z
3bec0b05-4d58-5785-aef0-6d3ed4dbf297,496f5eff-f57d-517c-ab85-a359b74fe0b3,179a2581-11cb-5dd1-af30-697a9f725e91,951be198-4893-5acc-9f1d-ab202e87291b,918000000,91800000,selesai,2026-04-24T07:33:58Z
4fc78ef2-0347-5241-975d-f1d2994fbfef,94438845-3faa-553a-9266-d7e233fa5646,ea2dd656-db8e-51fd-80d2-89b29fa3e2e6,7cf14239-60d5-5ff0-9270-0d2dd0d62e05,11000000,1100000,selesai,2026-04-24T12:11:23Z
1a5c04be-78b6-57c5-b7b8-b161bb35c2cb,a3beef7d-e160-576e-b177-5e39ca0798ba,4e10f433-6104-54e3-bdda-547a8530d03b,51c4d53d-91bb-5b40-bf86-1f46a9aa18a6,157000000,15700000,selesai,2026-04-24T17:28:58Z
86ff3306-9c85-548e-87ef-1ab60f9a97f3,2a6117ba-c394-517d-b66b-083e044da23c,179a2581-11cb-5dd1-af30-697a9f725e91,951be198-4893-5acc-9f1d-ab202e87291b,252000000,25200000,selesai,2026-04-26T02:40:29Z
23abc497-8c3d-505f-9a8a-11994b867524,3f92ef4d-a0f7-53b1-a60f-66a2049b73f2,1300d8c2-f127-540c-9bf8-d3c4f74f741d,951be198-4893-5acc-9f1d-ab202e87291b,116000000,11600000,selesai,2026-04-26T09:53:20Z
03a4ce9e-66bd-5a06-9d5b-1ba41c0294ec,e13dc826-0e86-5185-8d2d-d08f03166bbf,a2ee3505-1898-5fa4-a468-f5f9c6772028,5a27ac9a-1e04-52e2-8392-12edbe43c594,5980000,598000,selesai,2026-04-26T10:09:55Z
6c0f2c1b-acc7-50e0-9647-f4d2d78cebe7,617a43d5-66b1-55fd-81d3-26932af6d238,cb68b468-58e2-5344-9336-c3ea8f529a6d,dd4aa9b5-3247-5ea3-9589-db5aa169c4e0,4290000,429000,selesai,2026-04-26T12:05:59Z
c0c41ac8-0e94-5d05-b633-8144f75851a9,2d15fdae-f779-5da9-a8c5-1909050438c7,95158fe7-2d9c-5d33-bb80-597ad6f20eff,5d9ef8fa-9d26-5e45-87a1-4a45f17d0980,16300000,1630000,selesai,2026-04-26T13:43:50Z
b1fe053d-f228-52bf-81b9-5f70b1f85750,7bf3b5b8-8c4d-5395-9c70-e1f06d52efe8,27dd3660-106b-59e6-9c54-c48da27e9016,951be198-4893-5acc-9f1d-ab202e87291b,76500000,7650000,selesai,2026-04-27T11:37:29Z
53424008-78f5-54cb-99b4-d557879eb945,71befdba-cd2f-5d6a-be36-ca84674c9a9f,011feb48-c737-5110-960a-1bf912d84b37,3e92a01c-1f80-5c38-9903-fe409c3d5d61,30600000,3060000,selesai,2026-04-27T17:47:12Z
962bc435-d165-567d-9b39-2f629f1b242c,9cd17ea9-7fbd-5e6c-877b-d5b40c2f4505,67a2d7e0-e408-5234-b2a7-fbc7a2fa188e,1d25dbba-d1e1-5b79-bb67-3d22aced6cb8,10400000,1040000,selesai,2026-04-27T20:11:02Z
8d974594-c262-5ac7-975e-bfa0833f5ec4,230030fb-2a99-552c-b71d-46f4bb3da700,fb502761-5596-5e07-ba87-efe51a13fbb9,3e92a01c-1f80-5c38-9903-fe409c3d5d61,46900000,4690000,selesai,2026-04-27T20:59:22Z
4df31b40-8076-548f-81b9-acf9f439dbdb,52474cb8-1553-59fe-a75a-0ac769b09244,011feb48-c737-5110-960a-1bf912d84b37,51c4d53d-91bb-5b40-bf86-1f46a9aa18a6,126000000,12600000,selesai,2026-04-28T08:46:24Z
3abe56b8-dbf6-5a8f-88c2-9929c784a591,d6df0ae6-668d-544f-8c04-0a93049d3fbd,130ec63c-8ce6-5e6d-9a74-9ac7ba68756a,d9c76b21-7320-5d80-9265-153dfdbc0c20,6600000,660000,selesai,2026-04-28T22:44:56Z
c42cc295-3519-5732-9f14-4e00e943e5ac,e97fd142-17e4-5d85-b3b3-0c2bc30c02c5,474eb440-5a37-5ffd-8f99-dfca5ca49d78,3dbb220d-08c5-5e68-b9e9-4282c0cc891f,65600000,6560000,selesai,2026-04-29T02:57:38Z
461b7ed2-1682-502e-b4f5-a72a7e9d38e0,1174d39b-ea18-5f36-91cb-ac5aa5c28c7d,2ef7761d-6de4-5de7-b1c2-3d05a921b80b,3ecb7039-f69e-55cd-869d-c7d7cf0962f6,21400000,2140000,selesai,2026-04-29T05:07:48Z
2991bf5d-eecd-549e-9c6d-c01a3fc6a985,7d432cba-10df-50ab-bc4c-dc0bac8b0a1d,1ce43ec5-d4d8-5876-b70b-a8604b35b51c,3e92a01c-1f80-5c38-9903-fe409c3d5d61,20400000,2040000,selesai,2026-04-29T08:16:55Z
3bd3d53c-0f2a-5215-82e7-3a1892c93bcc,48098d4d-53c0-5f53-a0be-c3ab631faa28,4a0ab876-f5c1-5e6b-930d-5530936fa7d5,a531998d-b66d-5191-a7da-a567327512a7,68200000,6820000,selesai,2026-04-29T09:30:02Z
5e29628f-9a14-516b-914e-9d83d1bf5803,ae8320c0-23cf-5732-963b-100450d9ccf0,2d5f7b0c-20e4-5e20-a6f3-9d40a681ccd9,a531998d-b66d-5191-a7da-a567327512a7,105000000,10500000,selesai,2026-04-29T10:05:06Z
96e8852d-421d-56f1-b1ff-73656fb7cecb,3ea4eb98-250f-5a24-a5a4-9a632453e7fa,48180fc1-da24-5b0e-8a7a-53d33df05326,7cf14239-60d5-5ff0-9270-0d2dd0d62e05,6150000,615000,selesai,2026-04-29T11:54:31Z
917b3b5c-bea9-580a-a68a-8ced18856acb,2211c1f2-8016-518f-a87d-4a093ded0390,4e10f433-6104-54e3-bdda-547a8530d03b,951be198-4893-5acc-9f1d-ab202e87291b,193000000,19300000,selesai,2026-04-29T14:34:51Z
676e5550-a307-5603-a3d1-30520eea7c9d,0f0e8100-2fb2-535c-ba21-cae762e4d1ef,bfedcb39-8cfe-5eea-91f2-43a30581ac27,a531998d-b66d-5191-a7da-a567327512a7,158000000,15800000,selesai,2026-04-29T18:43:17Z
fa65be21-03d2-5a5a-9993-34448257d47b,7a90bee0-79cc-57b6-888e-6a5284dad972,598cdc17-1229-5d55-8f09-5780909cb63f,3ecb7039-f69e-55cd-869d-c7d7cf0962f6,27900000,2790000,selesai,2026-04-30T00:34:58Z
68d677d6-ba1e-5825-985d-3bb26a260b0f,3cb337a3-482d-557b-9da1-00525e05271b,4a86e14c-2bce-553a-881e-a2576058b102,a531998d-b66d-5191-a7da-a567327512a7,58700000,5870000,selesai,2026-04-30T06:59:56Z
99b73f5a-0384-56fe-a691-4e5ce9d405e7,4f58da3f-05a6-543c-9289-f73df9eed27b,1ce43ec5-d4d8-5876-b70b-a8604b35b51c,23ba78b5-421a-5447-b022-5a66fe8d084d,11700000,1170000,selesai,2026-04-30T08:06:49Z
1ac63986-6880-5627-ad8f-cb56f90e2557,8bb52409-2f5e-5597-aede-42785608d6e1,130ec63c-8ce6-5e6d-9a74-9ac7ba68756a,3ecb7039-f69e-55cd-869d-c7d7cf0962f6,34600000,3460000,selesai,2026-04-30T12:49:07Z
5c025bc9-f1bb-5951-bd82-24e117a784d6,a155c59e-5b42-56c0-a2e3-e606147fc036,58f42b9d-4015-51fe-8410-cefbda4f365f,5d9ef8fa-9d26-5e45-87a1-4a45f17d0980,40100000,4010000,selesai,2026-04-30T20:06:26Z
fcb271fd-90eb-53fd-b2b9-043d529f13d0,30b8b47c-1b37-521e-a8e4-478f4515eea1,0fb9478f-5318-5993-a4e3-03075a05174d,3dbb220d-08c5-5e68-b9e9-4282c0cc891f,40300000,4030000,selesai,2026-05-01T10:17:12Z
46ca44d6-65f0-5fb5-90ca-5a3405d162fb,acf4e4ee-9088-58e6-9cf3-4486b5029d94,707728ca-a796-5849-83ff-74af4dd9b3ff,3e92a01c-1f80-5c38-9903-fe409c3d5d61,88200000,8820000,selesai,2026-05-01T11:38:50Z
0b8d41f1-458b-528e-81ae-34f6d1b3301f,6464a202-813a-517a-97c5-a76028d1707c,0f0b75b9-0a40-5393-8a6d-01dbe02c9029,04432a0f-51e1-5293-a8dc-89755e574853,12400000,1240000,selesai,2026-05-01T13:42:05Z
bbb0abe6-79ae-5ca2-a54a-2ac08bd50c76,d54f2604-a144-5f32-98b8-f4f55ec8836c,9f622511-dc95-5f40-932f-4084d772d648,a6782ff2-13ef-5b2b-a432-7d121a6ae6c4,9910000,991000,selesai,2026-05-01T14:07:08Z
c1d8b97a-a08e-5524-bb5f-d1b427ce3bae,eb21a888-c89f-5fac-bac2-3119e33abc40,43e43bc7-da18-5ea2-8732-6d0f1a2ceff3,6fe7b986-2984-567c-a4cc-509a0769266a,17500000,1750000,selesai,2026-05-01T19:09:15Z
f52e1943-ddbe-5b06-99fe-55dede8a7774,7cb9ea5b-711b-50dc-bafb-f161ae1428f5,6f2b0b05-c566-578e-9ecf-c28242dee719,c868fe01-5c24-57bf-8ffb-fdc6d3ae09a2,12600000,1260000,selesai,2026-05-02T13:52:23Z
067e955f-2fd0-506c-872a-dd5ada697f83,5e2c6d2b-5a98-50c4-ace4-7c8b213cd044,9a779412-e497-579b-8d83-f9ab37185061,51c4d53d-91bb-5b40-bf86-1f46a9aa18a6,90100000,9010000,selesai,2026-05-02T18:19:39Z
7a34ddb5-8dce-5df5-88a0-db9867c62239,f12dba2a-a6ad-590d-8404-deeb2dd5736d,598cdc17-1229-5d55-8f09-5780909cb63f,3dbb220d-08c5-5e68-b9e9-4282c0cc891f,47900000,4790000,selesai,2026-05-02T22:14:16Z
92a35b94-f549-58b9-b7ca-f0db680353ca,3c7bad3d-127c-552d-a0b6-1a09d977db1e,0f0b75b9-0a40-5393-8a6d-01dbe02c9029,3ecb7039-f69e-55cd-869d-c7d7cf0962f6,29600000,2960000,selesai,2026-05-03T09:40:56Z
4dd99a94-ae9a-550e-a305-45bc8c7ab5b1,62d0307d-4c1a-5737-9f5a-0caef8296557,2ef7761d-6de4-5de7-b1c2-3d05a921b80b,04432a0f-51e1-5293-a8dc-89755e574853,98300000,9830000,selesai,2026-05-03T18:20:49Z
9776824d-08e4-50d6-a816-b0d898591d72,eaccfbf1-0875-5335-b72d-339b3509108c,9977cbaa-9155-5efa-8f3c-e787d7dddc25,951be198-4893-5acc-9f1d-ab202e87291b,256000000,25600000,selesai,2026-05-04T15:37:05Z
a4775c93-a269-5d09-b6f6-3f90e1130e41,3e84883e-14fe-5054-b7e3-c1c131cdea3b,707728ca-a796-5849-83ff-74af4dd9b3ff,1d876d41-bc7a-55ee-91cf-65ffb2a4048b,65400000,6540000,selesai,2026-05-04T15:41:58Z
f46cc5a8-679d-5ced-b0b6-bdf6868547c3,16bdc82e-b095-5aae-8db7-df4abfa16964,130ec63c-8ce6-5e6d-9a74-9ac7ba68756a,5a27ac9a-1e04-52e2-8392-12edbe43c594,5600000,560000,selesai,2026-05-04T18:42:00Z
d253234b-acca-52ac-9ef7-2184d8d2758e,ad374859-61bb-5182-9263-bc0c1dcbafe7,9e09a6df-081c-5378-9fe5-48b677ed79d0,6fe7b986-2984-567c-a4cc-509a0769266a,15400000,1540000,selesai,2026-05-04T18:42:58Z
99ef36ef-bb9e-53b4-853c-fb887e9b8c15,2c6ce642-d0b1-58e5-bd6b-fcb197d7bbae,47912d25-6df1-5389-996c-63b4a12b0891,3e92a01c-1f80-5c38-9903-fe409c3d5d61,17800000,1780000,selesai,2026-05-04T20:14:48Z
10709c3b-b848-5d19-99ba-3ebf6e240299,83fed87f-aa47-5802-b88a-96e3a0e5d9cf,2018a5c1-d714-585e-bb52-6832118f2741,951be198-4893-5acc-9f1d-ab202e87291b,132000000,13200000,selesai,2026-05-04T21:31:29Z
2fae7957-12ea-51c2-a052-b0f6d29be935,3fdedd75-4f12-5e72-b010-422da8a59139,9c6e09a0-2346-5608-ba26-22aa33f52834,951be198-4893-5acc-9f1d-ab202e87291b,69700000,6970000,selesai,2026-05-05T08:15:02Z
77636775-179b-5232-b71a-4f131c60583a,32fd487d-56ab-5fc4-aa5d-07cc878f8616,d8b7f6a9-5f67-5988-b332-33ccb2dc98d8,951be198-4893-5acc-9f1d-ab202e87291b,92400000,9240000,selesai,2026-05-05T09:58:27Z
95ec9729-63a9-5b7e-9b9f-b6795cfe8eef,33943636-fd56-575f-87d4-db71268f6e23,062a4862-1aa8-5f83-a05d-cb5691e47676,3e92a01c-1f80-5c38-9903-fe409c3d5d61,9170000,917000,selesai,2026-05-05T14:03:56Z
61ade3b3-9335-5485-a0bc-846e652fbd27,903334f4-ec4c-5aea-a908-231d981c452f,0d183f9b-5c2d-50cd-a21b-7a4ff5175951,3dbb220d-08c5-5e68-b9e9-4282c0cc891f,17800000,1780000,selesai,2026-05-05T17:42:57Z
a569faa0-189a-5d36-8cfb-ee10edbc605b,b680b90f-8124-5a43-83ac-48cbd58ab966,c1701bf2-a325-587f-9e7b-7fe7e0351aec,dd4aa9b5-3247-5ea3-9589-db5aa169c4e0,2700000,270000,selesai,2026-05-06T03:10:10Z
b79c9eb7-12e6-57cc-9783-102bb3dc87a1,bc236c49-b005-50fc-ac2b-70089d21b5a5,788677ac-73c2-5563-a331-b3e7bdad68a9,c868fe01-5c24-57bf-8ffb-fdc6d3ae09a2,10300000,1030000,selesai,2026-05-06T07:06:10Z
6cfb741e-d44f-5845-877b-ec36654e1a8c,18e1e36f-de30-56c4-80bc-ff0094a7fe97,48515244-c393-5b36-a148-4688976b9626,7cf14239-60d5-5ff0-9270-0d2dd0d62e05,6700000,670000,selesai,2026-05-06T07:13:14Z
e5e02ff0-0fe0-5390-8f70-c926cd54b07d,f2c960bc-44d6-5e39-beec-feb13714b619,9f9080b9-7195-5910-8532-44b6139f476e,951be198-4893-5acc-9f1d-ab202e87291b,135000000,13500000,selesai,2026-05-06T15:05:55Z
829eb5bd-3f7d-53fc-a388-8bcd58ed062b,983fdf97-3874-5a7d-b6f7-5200e91acfcf,7f25976e-29ea-5014-ba41-8f61f001af2d,5efed142-8369-554d-9ba2-c2f081036319,25700000,2570000,selesai,2026-05-07T21:02:06Z
0debae61-dd5a-586b-af2c-5c7fe5573dac,9177f312-8532-5dae-8f64-3ed6763156cd,9e764bb8-a7de-565b-b008-4ab804012d64,951be198-4893-5acc-9f1d-ab202e87291b,64600000,6460000,selesai,2026-05-07T23:05:47Z
d2b725a3-8405-5ef8-941a-6faa174e3f47,241a3097-f8c7-5aeb-8aa2-ba3d46a18783,2ef7761d-6de4-5de7-b1c2-3d05a921b80b,5efed142-8369-554d-9ba2-c2f081036319,28500000,2850000,selesai,2026-05-08T07:10:29Z
c0023128-eef0-52fa-a208-efd364254c42,bbd594ed-c48d-56a5-8e3c-a24b9706e5c8,aff844a9-441c-5139-8580-f9e7608f9e5c,951be198-4893-5acc-9f1d-ab202e87291b,144000000,14400000,selesai,2026-05-08T15:07:46Z
1f3e99a6-9b20-5069-9921-3be23c9ea0c9,eb95b88b-a180-577d-a595-cd44a3ac56cf,062a4862-1aa8-5f83-a05d-cb5691e47676,3ecb7039-f69e-55cd-869d-c7d7cf0962f6,21900000,2190000,selesai,2026-05-09T05:32:12Z
7fe64a70-ab93-502d-9feb-afda8f9d26bd,8f882d28-56db-5dda-b31d-ad6bfcd8ca5b,e69f25d4-db0e-5769-abb3-02218d82888c,dbc6f383-447d-5f26-a2f4-86753b3c416a,11600000,1160000,selesai,2026-05-09T08:13:52Z
bdbc521a-d2fe-5a75-bae5-b85eee63d7ce,0fc1d208-e459-5606-b3f9-a6d4bedd9cb5,43e43bc7-da18-5ea2-8732-6d0f1a2ceff3,6fe7b986-2984-567c-a4cc-509a0769266a,14500000,1450000,selesai,2026-05-09T08:24:54Z
de4d9de2-5238-5559-a813-863a1f8f396d,38b65340-2f6a-5925-a5cb-364326e5734b,c1701bf2-a325-587f-9e7b-7fe7e0351aec,dad52c43-2eab-5272-a61d-dca032e6b1db,3360000,336000,selesai,2026-05-09T10:01:36Z
734593b6-e43e-52a0-8945-e51d75d434cb,48a8e408-34ab-5998-820d-d1121188b319,fc4da2d0-8d87-5205-aaa9-4ebe75859f3d,951be198-4893-5acc-9f1d-ab202e87291b,128000000,12800000,selesai,2026-05-09T14:34:27Z
0d54a3f3-80d2-56e9-bdf3-2e5c26626dbc,2a377e88-7250-5861-abcb-6b79cfec173c,ea2dd656-db8e-51fd-80d2-89b29fa3e2e6,951be198-4893-5acc-9f1d-ab202e87291b,151000000,15100000,selesai,2026-05-10T04:43:50Z
eb6acad6-95c3-53e5-b23d-f6837fc2f379,8a1761c6-8fdc-55fc-bebd-447ff29d35fc,130ec63c-8ce6-5e6d-9a74-9ac7ba68756a,d9c76b21-7320-5d80-9265-153dfdbc0c20,7150000,715000,selesai,2026-05-10T07:15:25Z
8fdde9c1-c1e0-5099-a7bb-5b08b3714912,87109ffb-524a-5eb7-aaca-ae63eb4eb609,1abd8d19-9a49-5833-aba9-6f3a70b537f2,23ba78b5-421a-5447-b022-5a66fe8d084d,16800000,1680000,selesai,2026-05-10T08:56:39Z
488f64fb-6d33-54f9-8b23-27d9227c603a,0d0eacf2-39dc-527a-ad8d-75b617a1086e,adf570fb-d074-553c-b198-c922b7051759,951be198-4893-5acc-9f1d-ab202e87291b,147000000,14700000,selesai,2026-05-10T10:50:45Z
4e7c4ecb-8151-562a-af54-52f5bf30f97f,820a3349-5a97-5e2e-8676-02e962befdcb,edd6e8e8-1db3-5862-adfd-5e605be7c828,3dbb220d-08c5-5e68-b9e9-4282c0cc891f,25200000,2520000,selesai,2026-05-10T11:19:45Z
6d37182b-facd-5ff8-bbf9-afde37f348f5,6bb84c6a-6193-5c23-aa06-8825c849eb3b,9f622511-dc95-5f40-932f-4084d772d648,23ba78b5-421a-5447-b022-5a66fe8d084d,8580000,858000,selesai,2026-05-10T19:35:52Z
656c6309-6277-58a5-b920-b7ea256f50e9,91554518-3138-5040-9922-21ae379577c8,0d183f9b-5c2d-50cd-a21b-7a4ff5175951,3ecb7039-f69e-55cd-869d-c7d7cf0962f6,30800000,3080000,selesai,2026-05-11T13:02:16Z
73c1dae9-07f7-5587-a65a-de6171533f82,a11193ef-378b-5dc8-b866-1a3afe1dc880,48180fc1-da24-5b0e-8a7a-53d33df05326,23ba78b5-421a-5447-b022-5a66fe8d084d,7810000,781000,selesai,2026-05-11T14:40:55Z
9973baa5-3931-520f-8c5f-5b06d4239b7b,7c57d223-ffca-5718-b975-864f0e228203,e69f25d4-db0e-5769-abb3-02218d82888c,5efed142-8369-554d-9ba2-c2f081036319,26900000,2690000,selesai,2026-05-11T16:28:34Z
48730dcb-92b7-5834-89ef-fe029cbe3834,23d6b679-1452-5ec7-9138-05e899f5a97a,474eb440-5a37-5ffd-8f99-dfca5ca49d78,1d876d41-bc7a-55ee-91cf-65ffb2a4048b,92900000,9290000,selesai,2026-05-11T22:35:18Z
0a89386f-bfe2-5f52-bb7a-f5f2ad69c6ee,ef8306e1-67bc-5dc9-9f15-6b0c14a0e8c9,43e43bc7-da18-5ea2-8732-6d0f1a2ceff3,3dbb220d-08c5-5e68-b9e9-4282c0cc891f,26000000,2600000,selesai,2026-05-11T23:08:31Z
023ae78a-3d88-5c00-9155-3715d198c90d,1bf89249-ead6-5bd6-97a0-cef231a27b99,c8216a19-2bc6-52cf-9503-71618f90f5b4,c868fe01-5c24-57bf-8ffb-fdc6d3ae09a2,20400000,2040000,selesai,2026-05-12T03:30:35Z
810e44a1-c2f3-5bfa-965e-41c39e181f03,443c4440-8d2a-5939-b191-90004ae3bad3,4e5749fa-1d58-58e8-b68a-db3089c84b49,dad52c43-2eab-5272-a61d-dca032e6b1db,3050000,305000,selesai,2026-05-12T09:40:11Z
bee49ff5-ee38-52cb-933b-3f548e6e70ca,102be1f3-4abf-5401-8253-c6463ee65f55,1300d8c2-f127-540c-9bf8-d3c4f74f741d,951be198-4893-5acc-9f1d-ab202e87291b,219000000,21900000,selesai,2026-05-12T14:45:33Z
3b60807c-ef18-59b4-aadc-6409c9bb2187,582750a4-54a3-5907-a5dc-923f2c2e65dd,cab8359d-bf2b-5fd5-ae41-0788100e71b5,a531998d-b66d-5191-a7da-a567327512a7,110000000,11000000,selesai,2026-05-13T03:50:27Z
05cd7fb0-d84f-52db-b78f-4cfd8a647709,609b29f2-ac40-5c34-99fa-a19053ad8d07,43e43bc7-da18-5ea2-8732-6d0f1a2ceff3,3ecb7039-f69e-55cd-869d-c7d7cf0962f6,26300000,2630000,selesai,2026-05-13T06:14:22Z
031e3d79-8954-58cd-80ba-f9c41229d1f8,6bd23a56-7655-581d-9b37-cd63bf72065b,1d816192-26de-5c28-99a7-793dfd023ff8,dbc6f383-447d-5f26-a2f4-86753b3c416a,7800000,780000,selesai,2026-05-13T06:35:37Z
4a21c3e8-8697-5c15-87ac-fa3a22b44bc9,158675a8-888c-5686-8071-084b8232d2fe,c6259694-efa2-59da-af12-3baae1b19e5c,951be198-4893-5acc-9f1d-ab202e87291b,159000000,15900000,selesai,2026-05-13T12:51:57Z
07df559b-c640-5da3-8fda-abdb67e31078,1dae6471-d36d-5694-89c0-4a0ca8515a22,18188d25-bf5b-53cd-9e1e-ae24e999923a,3e92a01c-1f80-5c38-9903-fe409c3d5d61,85400000,8540000,selesai,2026-05-13T23:45:33Z
9c6ab0ce-a4b4-5345-b856-187fab10dbe8,b123085e-5f7b-5440-8bab-14d8ba7e5b7e,0cb0537b-f5e1-5f33-9483-09c1975d23fc,5efed142-8369-554d-9ba2-c2f081036319,21700000,2170000,selesai,2026-05-14T00:56:43Z
37d2184c-c9c9-5f81-8039-2e16d75b07e4,b98e23c4-d7e3-5ecf-9903-2ca333e3bb04,5cb7773c-211a-5d9c-819a-e30bc06bc3ee,dbc6f383-447d-5f26-a2f4-86753b3c416a,30700000,3070000,selesai,2026-05-14T07:28:24Z
becd3d88-79dc-5fee-b559-4810a951a531,2eb30561-3754-5f6d-b9aa-9b662477ad24,9e764bb8-a7de-565b-b008-4ab804012d64,a6782ff2-13ef-5b2b-a432-7d121a6ae6c4,5080000,508000,selesai,2026-05-14T07:41:12Z
2154d41a-63e8-5db5-8a96-161163cbf14b,7e8a9b3f-ff1b-5e7f-a228-1483cf544a1b,edd6e8e8-1db3-5862-adfd-5e605be7c828,dbc6f383-447d-5f26-a2f4-86753b3c416a,25400000,2540000,selesai,2026-05-14T10:06:19Z
d99a8249-ec6f-5306-bd01-9c9bb199ae0a,4e7ed898-f86e-5613-b192-8c5fab0aa00d,32db13d2-219b-51ce-9f01-b6e1be1702ce,951be198-4893-5acc-9f1d-ab202e87291b,67000000,6700000,selesai,2026-05-14T21:02:52Z
d064b54f-42cc-5ad0-806d-d8b843630763,03be068d-3956-5be3-bde7-0f3b5398ca2c,d10b4e12-8728-5b1b-98cf-9eb8c29367c5,3dbb220d-08c5-5e68-b9e9-4282c0cc891f,27000000,2700000,selesai,2026-05-14T21:57:38Z
6d6b0029-d8ea-5e20-a268-afdc778dcdb6,35f00583-6b8a-5727-bd37-fa25d72e101d,c6259694-efa2-59da-af12-3baae1b19e5c,3ecb7039-f69e-55cd-869d-c7d7cf0962f6,43400000,4340000,selesai,2026-05-15T02:32:59Z
3c6440f4-6c70-5ab4-8bbc-2fa1baca5b26,87232a9d-2906-5584-b223-af11d79237bf,43e43bc7-da18-5ea2-8732-6d0f1a2ceff3,951be198-4893-5acc-9f1d-ab202e87291b,104000000,10400000,selesai,2026-05-15T13:13:14Z
3709df6e-e9f7-5c58-a8bc-65ee1335c5ff,7747a480-16a3-5171-846d-ab444aa4386d,c6259694-efa2-59da-af12-3baae1b19e5c,3dbb220d-08c5-5e68-b9e9-4282c0cc891f,61200000,6120000,selesai,2026-05-15T19:12:07Z
ca14c9a5-13fa-5b30-85e7-3407d442dcf2,e678e3de-5c7d-5a1b-871b-b4219d3b6fce,8ea2fbac-fba1-546b-8c7e-d8ffacc66fa3,c868fe01-5c24-57bf-8ffb-fdc6d3ae09a2,31900000,3190000,selesai,2026-05-15T19:22:42Z
6fa89232-0ce8-5a7a-8aa2-c69c66671581,57f50632-d92d-5605-a16e-1927d316b72e,5e836647-71e8-5142-aaab-f158e91ead18,51c4d53d-91bb-5b40-bf86-1f46a9aa18a6,288000000,28800000,selesai,2026-05-15T23:05:18Z
01d1678a-a723-501d-bd8f-139c1c6a3569,a3a177b3-fc9f-53ee-a318-3db14acefb8f,028762f8-d024-5dc2-9c0d-7884b2807dc5,d9c76b21-7320-5d80-9265-153dfdbc0c20,16800000,1680000,selesai,2026-05-16T10:40:24Z
37bbf9cf-d107-5bba-ac0e-48d65797860f,d69ff71b-b541-589d-b393-d4824ec3186b,fdf6aa1c-ef4c-51c5-80c3-15a6df7ea57c,5efed142-8369-554d-9ba2-c2f081036319,19000000,1900000,selesai,2026-05-16T12:45:41Z
77a1b8c0-8bdd-5efb-a676-aa6bcf5658a4,ba476faf-1474-5d79-b390-2c14a4b201c9,0fcdaaab-0983-523a-8e1e-1c48f8e127cd,a6782ff2-13ef-5b2b-a432-7d121a6ae6c4,13300000,1330000,selesai,2026-05-16T15:03:58Z
35ad943f-d89b-5970-8ebb-73a3b1bf6904,bc5d91bd-893d-5707-9cc5-833274218bfc,48180fc1-da24-5b0e-8a7a-53d33df05326,dad52c43-2eab-5272-a61d-dca032e6b1db,4370000,437000,selesai,2026-05-16T19:40:33Z
b49d2377-7ccd-5885-bdc8-24198c9c406f,1d374c1b-2d8d-5140-8427-d95e92c22174,5bd8431b-e2d7-592a-8a4b-dcaa250cc2cd,dbc6f383-447d-5f26-a2f4-86753b3c416a,12500000,1250000,selesai,2026-05-16T20:28:34Z
1fa02006-e5df-569b-9347-889ba1da6753,81038369-681e-54cf-a45e-81731dc5407e,ea2dd656-db8e-51fd-80d2-89b29fa3e2e6,6fe7b986-2984-567c-a4cc-509a0769266a,31800000,3180000,selesai,2026-05-17T01:25:48Z
ea12ef24-92a3-5822-a887-980bb1961576,37c76b77-8a94-588a-9dab-ddb7cb6d257f,474eb440-5a37-5ffd-8f99-dfca5ca49d78,a531998d-b66d-5191-a7da-a567327512a7,55400000,5540000,selesai,2026-05-17T03:08:27Z
8594d33b-23b2-5062-878f-6558822d9991,47790443-8a76-5503-a9ee-d0b45c00b7c0,66a4e198-2582-5bd6-888f-e2530da725b8,c868fe01-5c24-57bf-8ffb-fdc6d3ae09a2,18500000,1850000,selesai,2026-05-17T05:38:38Z
0f4d1553-eefe-5947-9957-f7f6f2574ca2,472aec9a-106f-5dc9-bbfd-fe250d106b64,4c651658-1bd6-5988-bfa3-b4edb56a667a,51c4d53d-91bb-5b40-bf86-1f46a9aa18a6,337000000,33700000,selesai,2026-05-17T10:15:59Z
4cc60eae-eecd-5b4b-887b-b247e781ea18,56277124-4cec-5781-bf5b-bc93d4786fe0,c8e879de-ae8a-5281-9175-608f3e2f7300,3e92a01c-1f80-5c38-9903-fe409c3d5d61,51100000,5110000,selesai,2026-05-18T03:20:37Z
32ee16bb-8d7d-5ea1-99eb-e48f135b825c,d1519532-d8be-5f32-9773-7fca2c074a45,9c4af862-0b35-5bbf-aba9-928990d127fe,951be198-4893-5acc-9f1d-ab202e87291b,109000000,10900000,selesai,2026-05-18T04:23:57Z
f78bfb1e-fda6-5c37-adc9-7f32d723d07c,33bb4e65-cceb-5e80-b4fa-de8d5d6666a0,c07dad9e-28c6-5d39-9bdc-f772ec3b500f,951be198-4893-5acc-9f1d-ab202e87291b,99800000,9980000,selesai,2026-05-18T04:52:18Z
03358d4f-e49e-5cc3-9673-925186956298,8c6fe714-c8db-57e8-ba2c-a57dc41fa3cf,275fa008-4c0a-5ffd-a05f-04d3a2e036ae,d9c76b21-7320-5d80-9265-153dfdbc0c20,3850000,385000,selesai,2026-05-18T09:01:47Z
fe54631a-4ddd-526a-8204-e5fd16fda397,b0587655-1fb8-5d64-be8c-807e0f5000a6,8027957b-7b93-5032-915c-3cbd4142f8a8,51c4d53d-91bb-5b40-bf86-1f46a9aa18a6,165000000,16500000,selesai,2026-05-18T22:32:23Z
46632706-afaf-53e8-8592-c13b01837818,b220e65c-eeb9-5a8f-8abf-1a55dd1af020,f4866536-8efc-5194-8660-f5dd0e4c35f1,04432a0f-51e1-5293-a8dc-89755e574853,38000000,3800000,selesai,2026-05-19T00:09:08Z
b2d5b366-5576-5c32-8467-6d1c38e2aebf,82478f4a-4441-5f6e-9cde-be37564630bf,9e09a6df-081c-5378-9fe5-48b677ed79d0,c868fe01-5c24-57bf-8ffb-fdc6d3ae09a2,12000000,1200000,selesai,2026-05-19T05:55:39Z
5b4c02bb-430e-5f6b-b40c-b3e4b753ac90,8a86151a-d3a2-5132-b61f-ac00c644fc58,b4e13e44-297b-50b1-9462-4de4a9df9d7c,d9c76b21-7320-5d80-9265-153dfdbc0c20,7620000,762000,selesai,2026-05-19T07:24:54Z
2b2fe5ee-d351-516b-82c4-920105498273,c2a00148-a049-5d49-b58c-90f1c311940b,8ffa5b86-7270-5fc0-bf1c-5b43800acac3,3ecb7039-f69e-55cd-869d-c7d7cf0962f6,48700000,4870000,selesai,2026-05-19T13:01:35Z
beb50407-f475-5c91-b3bd-b942cda5a592,7b5d6f78-59b3-5224-b2c3-9bb336b76c2f,4d585877-2c17-5012-8f6e-09593a947064,a531998d-b66d-5191-a7da-a567327512a7,104000000,10400000,selesai,2026-05-20T05:00:18Z
f833c00e-032f-541c-8141-1717265a5d33,a598e84b-9308-5cd7-9cf2-986b3ed56fcb,1abd8d19-9a49-5833-aba9-6f3a70b537f2,c868fe01-5c24-57bf-8ffb-fdc6d3ae09a2,8260000,826000,selesai,2026-05-20T21:48:38Z
e31c7627-0cc8-57f7-bd2e-f313fbb7f4fc,8942d8d6-d56d-5844-89fb-30ea2ca5bbe2,0cb0537b-f5e1-5f33-9483-09c1975d23fc,3dbb220d-08c5-5e68-b9e9-4282c0cc891f,23800000,2380000,selesai,2026-05-21T02:07:33Z
a70bdc07-2a80-5b90-97cd-0b03a29e09a6,0eff59a6-da12-5681-9dee-863a8ff2b591,794a1ad7-3dcb-5e01-ab47-663d34cadb1c,951be198-4893-5acc-9f1d-ab202e87291b,92700000,9270000,selesai,2026-05-21T02:14:23Z
d550c707-7d0c-5bcd-8b0e-294e6d3b960c,5c94995b-70f0-5104-8a50-d9cd30ef02b0,d1b1fdfd-ace1-536a-9c51-d44a0896c9ca,dd4aa9b5-3247-5ea3-9589-db5aa169c4e0,6540000,654000,selesai,2026-05-21T07:11:07Z
aeaf260c-bd27-507a-86bd-ddbc613acccf,4e3ad731-1d23-556d-93f9-4bd81f2c0e3c,5c3826f0-492a-5274-a17f-b749a6e3ac8a,51c4d53d-91bb-5b40-bf86-1f46a9aa18a6,52300000,5230000,selesai,2026-05-21T08:18:28Z
daa1c050-2226-5ad4-97f1-1c3db4e2c027,33e007df-4cf8-5f43-b9f0-4b7caaf1c64b,c6259694-efa2-59da-af12-3baae1b19e5c,3dbb220d-08c5-5e68-b9e9-4282c0cc891f,33900000,3390000,selesai,2026-05-21T08:55:12Z
7441698c-7894-51b0-820b-cc8cd88cee6b,edd87964-b2ba-5658-ab83-3862f575d827,1ce43ec5-d4d8-5876-b70b-a8604b35b51c,5d9ef8fa-9d26-5e45-87a1-4a45f17d0980,22700000,2270000,selesai,2026-05-22T01:30:41Z
caa9835b-1bd5-5e4f-a5a9-5a13e36d5c0a,a41f8512-e9b0-518c-b992-0652b4e99b73,7cb4d2fb-3679-51b5-8896-f934faf8254c,5d9ef8fa-9d26-5e45-87a1-4a45f17d0980,24400000,2440000,selesai,2026-05-22T22:23:17Z
779aff5f-1929-513e-836e-a7bf20fdc3e3,0755fe7e-828e-5025-b635-45e8facec221,43e43bc7-da18-5ea2-8732-6d0f1a2ceff3,3e92a01c-1f80-5c38-9903-fe409c3d5d61,31000000,3100000,selesai,2026-05-23T04:39:54Z
122138c1-9f84-5506-8192-5f4827911ea1,1b5396da-f72e-53e8-a286-c38973517f66,27dd3660-106b-59e6-9c54-c48da27e9016,3ecb7039-f69e-55cd-869d-c7d7cf0962f6,16900000,1690000,selesai,2026-05-23T08:55:21Z
68fcdb50-ada4-5fe1-ba77-79574fdd128a,7d616bfc-869f-5643-a61f-fdc16b6f8b2d,e69f25d4-db0e-5769-abb3-02218d82888c,3e92a01c-1f80-5c38-9903-fe409c3d5d61,52100000,5210000,selesai,2026-05-23T12:13:56Z
629b57f6-c21c-54b5-830e-50b967cd6d6f,6b04baad-9d17-54ad-9547-38a8c244dfd5,b4e13e44-297b-50b1-9462-4de4a9df9d7c,23ba78b5-421a-5447-b022-5a66fe8d084d,2150000,215000,selesai,2026-05-23T19:45:08Z
8c22443b-3c5e-541c-b743-86fb4ec2aef9,77706cdc-273c-5dd1-97ae-dbbbeaa8c99c,474eb440-5a37-5ffd-8f99-dfca5ca49d78,3dbb220d-08c5-5e68-b9e9-4282c0cc891f,47000000,4700000,selesai,2026-05-24T00:19:33Z
5b742a34-7a74-5303-88a9-a0ed57fab136,4c419b53-0ba2-5a6d-8302-75a529668377,f0f5f5df-392d-5d84-b371-fe82af30c664,5d9ef8fa-9d26-5e45-87a1-4a45f17d0980,18500000,1850000,selesai,2026-05-24T04:49:07Z
b9207bfc-07da-51ea-952a-36e00fa36f6b,7956258a-f287-5ee9-aa0f-aa62a0f615e0,aff844a9-441c-5139-8580-f9e7608f9e5c,5d9ef8fa-9d26-5e45-87a1-4a45f17d0980,40300000,4030000,selesai,2026-05-24T04:50:11Z
124881b2-7878-5c61-9bd8-5b4a66700932,36e87f46-5152-5f46-af3f-85edfdeabd57,fdf6aa1c-ef4c-51c5-80c3-15a6df7ea57c,951be198-4893-5acc-9f1d-ab202e87291b,193000000,19300000,selesai,2026-05-24T09:47:27Z
7b7e4b8d-c2c2-5f3e-8970-293c637e5ca8,51fca9f9-e735-59a5-8a2b-2a4af9e6e142,47912d25-6df1-5389-996c-63b4a12b0891,3ecb7039-f69e-55cd-869d-c7d7cf0962f6,31500000,3150000,selesai,2026-05-24T11:10:38Z
7b45103e-4583-5183-88f3-7871da98b18a,855c3a70-4a2f-501d-a71c-a9f531d9e243,e85971e4-3225-5d5a-a717-ec6494f3ea35,1d876d41-bc7a-55ee-91cf-65ffb2a4048b,59800000,5980000,selesai,2026-05-24T14:18:55Z
9e821931-614e-5f5f-823e-c0221a2d9b78,6346c3c6-fbaa-5a47-b572-9bbb0504b2e4,dac1cb0f-4a65-597b-a984-9970dda3e70e,04432a0f-51e1-5293-a8dc-89755e574853,26600000,2660000,selesai,2026-05-24T14:34:59Z
da440fbe-2856-5e3e-af0a-a43d72f68d3e,0215ee2a-f2cd-56d5-8596-742057b6decb,1796add4-4e28-52d8-8d47-236c91bfbb59,64668e48-371b-5ffb-8837-9c4fd033feec,7870000,787000,selesai,2026-05-24T21:39:47Z
ddbfc48c-c3ef-530e-88fc-ee3ee4a15694,a88ea5ee-54de-5b2d-94d5-b066f002f1b6,1abd8d19-9a49-5833-aba9-6f3a70b537f2,5efed142-8369-554d-9ba2-c2f081036319,15000000,1500000,selesai,2026-05-24T23:58:50Z
1d7d39d5-076f-5629-b7a9-3273eb5e6b64,4221bc69-bafb-5d99-965e-87dadfbf54a1,fb502761-5596-5e07-ba87-efe51a13fbb9,5d9ef8fa-9d26-5e45-87a1-4a45f17d0980,33100000,3310000,selesai,2026-05-25T11:42:16Z
1eb70a3b-be2a-51a7-a595-2f18310017ee,4fb4dc3a-6eb9-5501-8756-9d48ead1d637,f625153e-a631-5477-afc5-ce1bf32872fe,dbc6f383-447d-5f26-a2f4-86753b3c416a,13400000,1340000,selesai,2026-05-25T12:36:21Z
625bda44-5925-52b1-860a-f822f699b754,4d0fba81-c979-54cd-9748-92bb10b93d18,18188d25-bf5b-53cd-9e1e-ae24e999923a,1d876d41-bc7a-55ee-91cf-65ffb2a4048b,38000000,3800000,selesai,2026-05-25T17:05:46Z
afebe916-7799-5efa-8cbd-30cf44432ce7,3a71e981-3520-50e7-8340-8bde172d4db4,9a779412-e497-579b-8d83-f9ab37185061,dbc6f383-447d-5f26-a2f4-86753b3c416a,14500000,1450000,selesai,2026-05-26T00:35:24Z
961e9d46-5c86-59fb-8197-d45c65f49e7d,e398d797-3eee-54ec-abc2-6ec1de81b904,d40d88e1-3c6a-5173-bc4f-f00512c8ae9e,951be198-4893-5acc-9f1d-ab202e87291b,236000000,23600000,selesai,2026-05-26T02:24:31Z
cd27f58a-916c-5396-865e-c4af9e8da7ad,a7bf3149-e0ae-5498-b879-ca8f281e2ad6,47912d25-6df1-5389-996c-63b4a12b0891,dbc6f383-447d-5f26-a2f4-86753b3c416a,15800000,1580000,selesai,2026-05-26T15:11:33Z
afd8f050-f767-51da-82d1-23361018f92e,428581f1-5f81-54d2-98bb-378dde316e75,43e43bc7-da18-5ea2-8732-6d0f1a2ceff3,951be198-4893-5acc-9f1d-ab202e87291b,77000000,7700000,selesai,2026-05-26T19:54:09Z
fb35375d-6712-55cd-bc46-dd98e18a685a,437de011-3912-5fac-9b2a-1c79eaf017f0,7dd9860e-b390-50c5-899d-08c943295c11,04432a0f-51e1-5293-a8dc-89755e574853,52300000,5230000,selesai,2026-05-26T21:26:06Z
1d8f8030-1ca7-5fc6-96eb-2564eefaef17,5ecc8767-8a5a-5125-833b-f2592fa44828,e202f1c8-c8f5-564c-9c97-af7d4d524141,951be198-4893-5acc-9f1d-ab202e87291b,190000000,19000000,selesai,2026-05-27T01:22:20Z
56341879-80bb-5327-a7c6-e27b0a8b261a,55ed7fc0-9af1-5bf8-9529-9745f6dd44e1,aff844a9-441c-5139-8580-f9e7608f9e5c,04432a0f-51e1-5293-a8dc-89755e574853,19200000,1920000,selesai,2026-05-27T14:28:21Z
150a2c30-d34a-5d32-9669-387dcac70a11,d675407b-53bf-5fc5-a493-c041a9752b04,179a2581-11cb-5dd1-af30-697a9f725e91,951be198-4893-5acc-9f1d-ab202e87291b,310000000,31000000,selesai,2026-05-27T15:35:30Z
11693959-4407-5a05-9031-6ad1510bef46,3dd83a69-7ed6-5db3-94fa-055301f7cb83,f95934b7-8c9e-541e-aff7-bfe0cd54a817,51c4d53d-91bb-5b40-bf86-1f46a9aa18a6,107000000,10700000,selesai,2026-05-27T20:40:41Z
1fc2c03a-7197-5fef-9dd9-1550285133ce,c539b9aa-d5e9-5d78-a587-b2a31a0c0473,1aae0750-4c8f-5879-8b25-ec14e411b5ed,951be198-4893-5acc-9f1d-ab202e87291b,233000000,23300000,selesai,2026-05-27T21:33:32Z
04576e9a-e3ec-55d8-ace7-9b8311422760,588f161b-67f7-5576-8e46-f83dc2249a3e,028762f8-d024-5dc2-9c0d-7884b2807dc5,dbc6f383-447d-5f26-a2f4-86753b3c416a,8190000,819000,selesai,2026-05-27T22:38:54Z
18a1b611-a971-5e3c-9b1b-fc105f328ee9,b20d10ca-8acb-53f9-b1d0-67303816104c,5c3826f0-492a-5274-a17f-b749a6e3ac8a,5d9ef8fa-9d26-5e45-87a1-4a45f17d0980,51500000,5150000,selesai,2026-05-28T08:00:29Z
d3e77344-0456-5b3a-b1f1-6872ff924ff4,81052aee-57be-57a2-9139-20c4a286220b,91208491-af2c-5360-b7a5-93ffd255697d,3ecb7039-f69e-55cd-869d-c7d7cf0962f6,42500000,4250000,selesai,2026-05-28T10:47:55Z
54b1af3c-557e-5345-a538-6b8c49dbcb92,5f418a0d-3b3c-5c45-aaf2-2f07d09dd30c,9f9080b9-7195-5910-8532-44b6139f476e,dbc6f383-447d-5f26-a2f4-86753b3c416a,38800000,3880000,selesai,2026-05-28T22:26:57Z
ce5c93dd-31c5-57ae-b169-1723898a6567,c1ddef5f-eda3-520e-aaa2-a980ce39a6d5,7cb4d2fb-3679-51b5-8896-f934faf8254c,1d876d41-bc7a-55ee-91cf-65ffb2a4048b,97500000,9750000,selesai,2026-05-29T04:43:28Z
7c75692d-a962-5988-a715-67862c809b2d,0aee3a91-59ce-531d-9b49-89b1b7f1d9e9,e69f25d4-db0e-5769-abb3-02218d82888c,dbc6f383-447d-5f26-a2f4-86753b3c416a,15800000,1580000,selesai,2026-05-29T08:15:09Z
b80d2932-dd4f-5efd-89b5-cd47ce755855,c4a0aaf5-f751-53d3-862a-81368b8784c4,d7d6515e-c8fe-5b6c-b7ed-2369dee8a109,a531998d-b66d-5191-a7da-a567327512a7,154000000,15400000,selesai,2026-05-29T09:10:17Z
d58a679d-c9e4-5ba3-832d-756420188d07,11e5b14d-1962-56b9-b033-71ab10cd7968,b90a6efe-9834-540f-bbdd-1c6bab40f04a,6fe7b986-2984-567c-a4cc-509a0769266a,18500000,1850000,selesai,2026-05-29T13:02:57Z
52957ca8-c2ed-5ba0-a5d9-6d69398b2c12,63ba1220-779c-5732-a9e8-f7d5cd164f34,43e43bc7-da18-5ea2-8732-6d0f1a2ceff3,6fe7b986-2984-567c-a4cc-509a0769266a,11800000,1180000,selesai,2026-05-29T14:19:36Z
95bca2cc-fec4-5733-8346-09f2c91b3a6d,9ac1a8f1-7693-5812-8984-63f3947df2ab,e85971e4-3225-5d5a-a717-ec6494f3ea35,3ecb7039-f69e-55cd-869d-c7d7cf0962f6,20400000,2040000,selesai,2026-05-29T15:00:28Z
637b3205-3067-5150-9021-0671dec4e30d,0381d017-a005-5772-ad2f-3b39108b8140,d7b3f6b5-4f95-5afa-9ddf-d6eec94ce96d,64668e48-371b-5ffb-8837-9c4fd033feec,10800000,1080000,selesai,2026-05-29T17:17:21Z
f8755726-638d-5042-ae93-b5d025cb7601,65555fb5-3694-5e6b-a6fd-e4715b2ac572,225ce8d4-bb94-5860-a0a7-05d0601ad6cf,04432a0f-51e1-5293-a8dc-89755e574853,64600000,6460000,selesai,2026-05-29T17:36:10Z
2c1c071a-bda8-5412-8334-57791ab1ae8f,2078711b-ab04-5c35-b905-a708f7d77fac,e85971e4-3225-5d5a-a717-ec6494f3ea35,3e92a01c-1f80-5c38-9903-fe409c3d5d61,33200000,3320000,selesai,2026-05-30T02:27:46Z
ec9462e1-36c1-50ed-83da-83e6915319d7,973b4a10-e2cb-57c4-9dfa-6e98ad00e911,0cb0537b-f5e1-5f33-9483-09c1975d23fc,21a4ae7e-8f05-5294-9e2d-32d96779246e,6240000,624000,selesai,2026-05-30T10:03:03Z
5acabb9d-9966-5204-96e8-31b68b3efddd,1ce780c6-f989-51fd-b94a-64908e710198,fb013d36-9c41-5e52-bdc0-e73dd7fc107c,21a4ae7e-8f05-5294-9e2d-32d96779246e,11000000,1100000,selesai,2026-05-30T13:31:16Z
82192b5e-dd9b-5c5a-9c2f-2f8b599249d0,22761eb7-7f50-5457-ae4f-c48492971d39,bb3ffa0f-14da-55eb-a57f-c2df04802686,1d876d41-bc7a-55ee-91cf-65ffb2a4048b,69500000,6950000,selesai,2026-05-30T18:27:27Z
ddff8f4c-4769-5ab8-9ccb-152f01f87052,90875d24-fb9e-52d8-9a82-f04f61188823,b1c9bddf-2355-539f-b671-0d3f392cab36,a6782ff2-13ef-5b2b-a432-7d121a6ae6c4,8730000,873000,selesai,2026-05-30T18:46:34Z
e7cf4648-5c48-5db5-89a1-8bf9046e16f1,11145a51-c01e-57b6-800a-485fde35a544,7583df8a-98f3-56dd-a57a-0d891d4f929f,dd4aa9b5-3247-5ea3-9589-db5aa169c4e0,10900000,1090000,selesai,2026-05-30T19:39:02Z
1a9b3df6-6cf4-5d6c-ab13-e73657e7cef8,c6026df6-d3d8-518e-a05e-0e1c3355f073,1796add4-4e28-52d8-8d47-236c91bfbb59,951be198-4893-5acc-9f1d-ab202e87291b,48300000,4830000,selesai,2026-05-30T21:38:58Z
46012e17-7c8c-565b-8b59-f4c0cff448c5,5eba8a28-192d-564d-b508-f96a995dbea4,9d360ee0-0088-5658-a8d1-0db5083b94f7,a531998d-b66d-5191-a7da-a567327512a7,54100000,5410000,selesai,2026-05-31T11:34:51Z
c611c210-8215-59bb-a7d8-71ee8d05b997,5eb43068-653f-5a1b-a20a-3a19bdf70ba9,9d360ee0-0088-5658-a8d1-0db5083b94f7,7cf14239-60d5-5ff0-9270-0d2dd0d62e05,14300000,1430000,selesai,2026-05-31T13:53:28Z
047a6d4c-30d4-526e-848d-0a160c06cc31,3272441a-6509-5ea4-83ef-7f50053b4b01,ea2dd656-db8e-51fd-80d2-89b29fa3e2e6,6fe7b986-2984-567c-a4cc-509a0769266a,7400000,740000,selesai,2026-05-31T21:26:37Z
8949e8b4-ae23-5784-b555-ff9fab88cb49,d5963f18-2381-5b08-965a-f245391c6457,9d360ee0-0088-5658-a8d1-0db5083b94f7,a531998d-b66d-5191-a7da-a567327512a7,50000000,5000000,selesai,2026-06-01T09:37:26Z
62ccbdb7-e98e-5d59-bd89-326e8a0dd119,3d411cc7-4174-5baa-8a97-6171db50621f,0fcdaaab-0983-523a-8e1e-1c48f8e127cd,c868fe01-5c24-57bf-8ffb-fdc6d3ae09a2,14800000,1480000,selesai,2026-06-01T10:22:33Z
b7fa7bdc-45c8-5365-9048-2c037626f950,fb5f253a-3285-5761-940b-c6a35e6d95ee,6f338842-5807-511a-8b0f-216469d03cb4,3dbb220d-08c5-5e68-b9e9-4282c0cc891f,47100000,4710000,selesai,2026-06-01T15:07:27Z
a9c19e18-682e-525f-ad0b-c75624503290,a8bc25dc-4563-50c4-94a9-6f32bc4bf3c3,4afba102-2377-5929-b170-70f6cfa4bfea,3ecb7039-f69e-55cd-869d-c7d7cf0962f6,45300000,4530000,selesai,2026-06-01T21:43:47Z
457ec299-5a70-5930-a060-54a4b6ba08a4,726a732a-d9e7-5a05-b466-c05c312e61f1,acf13e93-9c02-5953-af7b-9e0867f09454,951be198-4893-5acc-9f1d-ab202e87291b,106000000,10600000,selesai,2026-06-02T02:06:11Z
3f994744-cf94-5043-a7f2-ff6835058676,95f0d832-55f1-5eb1-9283-4d3b140576f9,7b4d85c8-868f-5ea4-8316-f36e9a7e06c4,dbc6f383-447d-5f26-a2f4-86753b3c416a,15300000,1530000,selesai,2026-06-02T05:37:21Z
6b105775-d5ec-5437-ad75-c67f206d6e58,f9db750f-761f-529a-a61c-d54e318abd49,3227257d-7266-599b-b2b0-6dfa5ee81df5,3e92a01c-1f80-5c38-9903-fe409c3d5d61,75800000,7580000,selesai,2026-06-02T10:25:21Z
107ecc66-2748-5422-aa44-ccb1ee697f7a,27614b9a-d1fa-5551-9b5f-13054ba311f1,43e43bc7-da18-5ea2-8732-6d0f1a2ceff3,5d9ef8fa-9d26-5e45-87a1-4a45f17d0980,45100000,4510000,selesai,2026-06-03T11:25:32Z
4c036eed-0d95-542d-adef-c3361fd72822,885597f1-18e1-56e6-b0f2-7c884b7012f5,181d5eaa-4366-5aee-8dec-bd0fccfb583a,1d876d41-bc7a-55ee-91cf-65ffb2a4048b,62300000,6230000,selesai,2026-06-03T13:29:37Z
3e96e562-349c-598a-b62d-7a021fa828eb,3c6e7326-cf90-5581-a7e7-63d8f6cd3bc1,9a779412-e497-579b-8d83-f9ab37185061,951be198-4893-5acc-9f1d-ab202e87291b,58000000,5800000,selesai,2026-06-03T15:50:40Z
b78a2674-dc29-5325-baa1-65be1de49253,85fea555-a3c5-52f2-b7df-9651fd846b7b,31d4f930-e4c5-51da-9bed-84c4ed9e926a,21a4ae7e-8f05-5294-9e2d-32d96779246e,7450000,745000,selesai,2026-06-03T18:01:02Z
8068d327-1dbf-5004-bec3-1789615ddb35,a526b503-1398-50bd-b977-4c53d9a16d9c,8ffa5b86-7270-5fc0-bf1c-5b43800acac3,951be198-4893-5acc-9f1d-ab202e87291b,122000000,12200000,selesai,2026-06-03T20:24:15Z
7614a841-79a1-58c2-97fb-dea29a8b4028,e5b5770a-7d42-5298-bb2f-6d33904a707a,45fe3c4c-a4b2-522f-99e9-6dab132798c3,1d876d41-bc7a-55ee-91cf-65ffb2a4048b,37300000,3730000,selesai,2026-06-04T01:25:03Z
ac555034-086a-5daf-922a-875646d61863,c30f4a75-21ca-58b7-bfd4-3aa237f8dff5,d0f53cba-fee4-5de9-b2e9-86e357a6ef88,23ba78b5-421a-5447-b022-5a66fe8d084d,6140000,614000,selesai,2026-06-04T02:17:19Z
8ecae7d6-562a-58ba-9c4e-cc986c775216,9943cd82-96cc-5e37-89a1-678436a3ed2f,95158fe7-2d9c-5d33-bb80-597ad6f20eff,3dbb220d-08c5-5e68-b9e9-4282c0cc891f,38900000,3890000,selesai,2026-06-04T03:17:03Z
81d8e951-0753-5ff5-bea3-9dba5e9f08cd,c2a04411-b3f9-5208-bd24-42e515b199af,028762f8-d024-5dc2-9c0d-7884b2807dc5,dad52c43-2eab-5272-a61d-dca032e6b1db,2420000,242000,selesai,2026-06-04T04:40:51Z
ed6340d7-fcb2-5c4c-8b97-23002c18e697,74629c02-e75a-5dbc-989f-506d5b069dd1,68e8cbbb-da04-5541-862e-e1e28cf5c347,5a27ac9a-1e04-52e2-8392-12edbe43c594,7940000,794000,selesai,2026-06-04T04:56:47Z
e69507ba-fe01-5ea4-a0af-dc4f3efef6c1,e1a3fd0c-925b-5aff-bc4f-b6fbcfd0632a,7b4d85c8-868f-5ea4-8316-f36e9a7e06c4,951be198-4893-5acc-9f1d-ab202e87291b,66300000,6630000,selesai,2026-06-05T02:25:01Z
5f69e6d3-539e-5cf6-a2e3-f721b6b466f9,42d06562-6ab8-581c-be3f-fd7ebd02bd87,c6259694-efa2-59da-af12-3baae1b19e5c,951be198-4893-5acc-9f1d-ab202e87291b,49800000,4980000,selesai,2026-06-05T10:37:03Z
993c2621-a1c0-57dc-9935-12c80e6acbc6,37aacc99-549f-568a-ac73-2529afce66e3,4e10f433-6104-54e3-bdda-547a8530d03b,951be198-4893-5acc-9f1d-ab202e87291b,88500000,8850000,selesai,2026-06-05T14:00:20Z
701374d9-c27e-544d-94b9-a1c37edf2b3d,f3d3c6de-8dc0-5bc4-83ed-48b236625c4e,8ffa5b86-7270-5fc0-bf1c-5b43800acac3,951be198-4893-5acc-9f1d-ab202e87291b,56500000,5650000,selesai,2026-06-05T16:21:38Z
2fe1095b-7d2b-50c6-9670-d4ee57ebd23d,eada5ede-79a4-5a44-afff-b8d04ad2cc2d,896ebace-7864-5a80-a32d-10a7f036dbcc,3ecb7039-f69e-55cd-869d-c7d7cf0962f6,23700000,2370000,selesai,2026-06-06T08:56:42Z
2f602be1-7d62-571f-b1c4-49d97ef2d4d9,aee2181f-c772-581e-a9d1-927da462211c,b90a6efe-9834-540f-bbdd-1c6bab40f04a,951be198-4893-5acc-9f1d-ab202e87291b,114000000,11400000,selesai,2026-06-06T11:36:16Z
49a16768-9df1-5d84-9596-cdbc17ab7139,32302877-116c-531e-82ed-03854d57425c,028762f8-d024-5dc2-9c0d-7884b2807dc5,c868fe01-5c24-57bf-8ffb-fdc6d3ae09a2,12900000,1290000,selesai,2026-06-06T16:15:01Z
8496bcda-02f4-57ae-b0a9-e3233a10fbec,c4962a1a-d35d-54ca-b9ab-c03b777dd43b,4d585877-2c17-5012-8f6e-09593a947064,a531998d-b66d-5191-a7da-a567327512a7,109000000,10900000,selesai,2026-06-07T10:10:05Z
f1e23c35-3183-52a4-be60-83f400c65ea8,8b6ed7b4-67d9-52f1-9626-93bfc1e639eb,03397d72-03b1-59c3-865b-c50062422b90,3ecb7039-f69e-55cd-869d-c7d7cf0962f6,20500000,2050000,selesai,2026-06-07T22:41:55Z
447cae5f-c49c-5c98-b9be-58555f022d25,74a83a20-7bbb-5921-bb61-8d108654dff5,c6259694-efa2-59da-af12-3baae1b19e5c,04432a0f-51e1-5293-a8dc-89755e574853,49000000,4900000,selesai,2026-06-07T23:07:57Z
d3889f98-afde-579c-aa5c-dcaa5ab9807a,84dd2521-ed89-5cbb-b3e4-e13f42d29097,dac1cb0f-4a65-597b-a984-9970dda3e70e,1d876d41-bc7a-55ee-91cf-65ffb2a4048b,65300000,6530000,selesai,2026-06-07T23:15:33Z
a8fffad2-0793-57cf-b8fa-75860d0e632d,acb107c4-2b5c-58be-ba3a-5211d03cfdf8,9f622511-dc95-5f40-932f-4084d772d648,6fe7b986-2984-567c-a4cc-509a0769266a,19600000,1960000,selesai,2026-06-08T04:25:59Z
38a7be78-d15d-552a-8fec-bf6b43bf4363,225463c8-baa0-5d47-a320-d8eba4b4c535,0f0b75b9-0a40-5393-8a6d-01dbe02c9029,a6782ff2-13ef-5b2b-a432-7d121a6ae6c4,11500000,1150000,selesai,2026-06-08T13:51:22Z
935ded9c-1502-578e-9238-4261599f3271,0192f042-0460-5670-ad3d-614b39d47405,e3718b03-db4a-553e-b46c-45f57caa0061,51c4d53d-91bb-5b40-bf86-1f46a9aa18a6,146000000,14600000,selesai,2026-06-08T22:59:29Z
11881e7b-b006-5f27-b6f3-cc1416adaab2,51aaf6ee-15de-50aa-9b6d-94943c158351,4d585877-2c17-5012-8f6e-09593a947064,951be198-4893-5acc-9f1d-ab202e87291b,228000000,22800000,selesai,2026-06-08T23:06:44Z
0822e8bf-a87e-5ffa-81ac-73afda02344d,2f88bce7-77ad-518e-ae8e-c54031a92f93,2ef7761d-6de4-5de7-b1c2-3d05a921b80b,a531998d-b66d-5191-a7da-a567327512a7,146000000,14600000,selesai,2026-06-09T04:33:50Z
ef0154d5-91eb-5a5f-a893-306247cf7721,947129a2-1e31-5b5a-bd88-71e59d438c09,e5e5eb9a-9860-5a17-a97b-9f9dfd82e386,951be198-4893-5acc-9f1d-ab202e87291b,108000000,10800000,selesai,2026-06-09T08:56:09Z
55041119-a51f-5e74-a87d-e0150f062bff,30683664-b450-5986-8920-cce917d1fa8e,b4e13e44-297b-50b1-9462-4de4a9df9d7c,04432a0f-51e1-5293-a8dc-89755e574853,24900000,2490000,selesai,2026-06-09T18:31:47Z
e57a5e61-e2a9-5d89-876e-be5159006d2b,57b9f18a-6950-5644-8cbc-66fc30446072,bb3ffa0f-14da-55eb-a57f-c2df04802686,1d876d41-bc7a-55ee-91cf-65ffb2a4048b,94500000,9450000,selesai,2026-06-09T23:43:19Z
049a3554-c6ba-51ec-8adb-fa0f42e44825,f508fd2b-8b8d-565a-aa1d-c0ca0c17f51f,38acfa2d-85ab-5007-8e53-d7fbf0a35a8d,51c4d53d-91bb-5b40-bf86-1f46a9aa18a6,233000000,23300000,selesai,2026-06-09T23:45:55Z
61b080b7-e24c-5471-a952-a36c9df76fda,22da5c2c-9a13-5836-ab44-7fa96fc15c14,794a1ad7-3dcb-5e01-ab47-663d34cadb1c,951be198-4893-5acc-9f1d-ab202e87291b,82800000,8280000,selesai,2026-06-10T01:29:59Z
95a7eb66-2724-553c-af5e-4ab89602e2f7,2d103cfb-32f9-5291-aeac-ea34061c88e0,f0f5f5df-392d-5d84-b371-fe82af30c664,5d9ef8fa-9d26-5e45-87a1-4a45f17d0980,17600000,1760000,selesai,2026-06-10T12:39:40Z
d05b03fe-79ed-5ed7-94ff-f26dafcbf4d2,9ac4f332-8e1d-58c8-8c19-0c4f4b888ccd,179a2581-11cb-5dd1-af30-697a9f725e91,951be198-4893-5acc-9f1d-ab202e87291b,149000000,14900000,selesai,2026-06-10T17:51:24Z
3a3ae847-b342-5e4c-b27b-d7965403584b,595a02a4-7fe6-51f4-9963-66421edd9f46,32db13d2-219b-51ce-9f01-b6e1be1702ce,951be198-4893-5acc-9f1d-ab202e87291b,58100000,5810000,selesai,2026-06-10T19:12:37Z
c64fd1b7-0292-55c3-80ec-0e08ca644e3a,86262572-4407-5dda-be1c-dacbe552abec,914cb54d-8dc4-55e6-9bba-447bf30c7df3,3ecb7039-f69e-55cd-869d-c7d7cf0962f6,56200000,5620000,selesai,2026-06-10T22:16:37Z
b043a37d-20f4-531a-b357-115ff6d23d29,ef696526-870e-533a-947c-b5e2d628f597,e69f25d4-db0e-5769-abb3-02218d82888c,5d9ef8fa-9d26-5e45-87a1-4a45f17d0980,59000000,5900000,selesai,2026-06-10T22:23:55Z
9be70ef0-21e5-56c6-b8ca-5b2d7a148036,ed855eed-691b-5cd2-9907-5518023ac942,9a779412-e497-579b-8d83-f9ab37185061,a531998d-b66d-5191-a7da-a567327512a7,74600000,7460000,selesai,2026-06-11T10:09:51Z
2e82b925-a24a-5053-a841-a2d569abcce8,49779664-6c52-5eae-a965-ecf203dcc099,e69f25d4-db0e-5769-abb3-02218d82888c,3ecb7039-f69e-55cd-869d-c7d7cf0962f6,18500000,1850000,selesai,2026-06-12T18:20:24Z
731b4bc1-de04-5061-97e2-873b401b88c4,ee9d5138-806e-5b07-8128-b3761b95d569,1ce43ec5-d4d8-5876-b70b-a8604b35b51c,5d9ef8fa-9d26-5e45-87a1-4a45f17d0980,28500000,2850000,selesai,2026-06-12T19:11:32Z
943cc8c7-5abf-501f-b82f-25463802da0c,1abe6ee9-790f-5fce-bf3c-c77fff55100b,d8e33127-de32-56d5-9c99-ec0a8c5c5614,1d876d41-bc7a-55ee-91cf-65ffb2a4048b,110000000,11000000,selesai,2026-06-13T15:58:22Z
9890676b-042e-5c63-ad70-543081c3cba7,0275d0b8-2865-5a39-9c5a-efbd33d7f472,87bf1596-15f4-52d5-95c9-43647331c2f3,3ecb7039-f69e-55cd-869d-c7d7cf0962f6,24800000,2480000,selesai,2026-06-13T20:23:54Z
793b5743-a1f1-56df-a758-465f33f405c7,bcb9c53b-4c3c-5d2d-9a64-e13b9c38abc5,adf570fb-d074-553c-b198-c922b7051759,a531998d-b66d-5191-a7da-a567327512a7,133000000,13300000,selesai,2026-06-14T00:46:03Z
c21297de-e90e-5558-8784-bf8d3b3d0b72,c7746932-c343-5c90-9282-b6c651203e4c,1adc9f82-4a01-59e0-8c98-354a24559f3e,1d876d41-bc7a-55ee-91cf-65ffb2a4048b,73000000,7300000,selesai,2026-06-14T03:59:11Z
b4c30d66-514f-56ad-a9c1-a1644c332462,5e5e5a86-e1f8-55de-b205-93b7408a1eaf,7b4d85c8-868f-5ea4-8316-f36e9a7e06c4,3dbb220d-08c5-5e68-b9e9-4282c0cc891f,124000000,12400000,selesai,2026-06-14T06:45:48Z
e87225c7-0a62-5268-821e-8ed836de0c20,ae5493b2-8f23-5f31-b14b-5e648fae6cc7,0cb0537b-f5e1-5f33-9483-09c1975d23fc,21a4ae7e-8f05-5294-9e2d-32d96779246e,7500000,750000,selesai,2026-06-14T08:41:14Z
c586e8ec-5224-5308-bccf-0371568a79f4,5d48f5cc-6c07-56f9-827b-beec87a39988,7b4d85c8-868f-5ea4-8316-f36e9a7e06c4,1d876d41-bc7a-55ee-91cf-65ffb2a4048b,24400000,2440000,selesai,2026-06-14T09:06:08Z
30fc4899-01e0-53dc-962e-7fa28639d8bb,cc0d413d-9850-5038-b77c-89985aa7f22c,44a122eb-e50e-5601-bb59-90f5725f35c4,dd4aa9b5-3247-5ea3-9589-db5aa169c4e0,6190000,619000,selesai,2026-06-14T11:51:45Z
c508b194-8f37-5dfb-9310-5b3f9779f90f,0739a8c4-a9c2-56df-ab4d-eb550e610802,e85971e4-3225-5d5a-a717-ec6494f3ea35,c868fe01-5c24-57bf-8ffb-fdc6d3ae09a2,14700000,1470000,selesai,2026-06-14T18:03:27Z
a6f3e611-1771-50aa-b991-db3fa198c5f2,2c7f1a9c-417c-5b42-a1cd-271c082c56fb,d5cb07d3-ef0b-5479-a684-223288de896d,5a27ac9a-1e04-52e2-8392-12edbe43c594,4240000,424000,selesai,2026-06-15T01:43:15Z
471c21f6-b151-536a-aba1-bde253754948,1254b9da-121b-57d2-8e2c-252dfa75af93,95158fe7-2d9c-5d33-bb80-597ad6f20eff,04432a0f-51e1-5293-a8dc-89755e574853,74300000,7430000,selesai,2026-06-15T03:28:53Z
7bcfc775-08b1-54d6-9dad-1e0c99704405,90f73edd-7acc-58a2-9d26-8a202697ebeb,43e43bc7-da18-5ea2-8732-6d0f1a2ceff3,3ecb7039-f69e-55cd-869d-c7d7cf0962f6,41200000,4120000,selesai,2026-06-16T01:59:37Z
f76db789-1099-5ebd-815f-c2c2073f3a43,76771575-9169-5282-80d8-a9b11d77ee7d,7cb4d2fb-3679-51b5-8896-f934faf8254c,3dbb220d-08c5-5e68-b9e9-4282c0cc891f,23900000,2390000,selesai,2026-06-16T05:56:29Z
c75407cf-ed60-5cb7-a4cd-e8c2c8e726c3,a4176405-c59a-59f6-9e0f-fdbae3e29e24,4a86e14c-2bce-553a-881e-a2576058b102,6fe7b986-2984-567c-a4cc-509a0769266a,22000000,2200000,selesai,2026-06-16T07:42:20Z
dd2d365a-50d5-5229-a8a0-d961a4b9aab2,a0d97dfd-1f79-565d-8700-73f1c7f5d1bd,43e43bc7-da18-5ea2-8732-6d0f1a2ceff3,951be198-4893-5acc-9f1d-ab202e87291b,171000000,17100000,selesai,2026-06-16T08:36:28Z
4eb94452-b4b7-5999-a27b-5522f5ced8b7,0c390bb0-a14d-5d4e-b620-9da485676dd0,8027957b-7b93-5032-915c-3cbd4142f8a8,51c4d53d-91bb-5b40-bf86-1f46a9aa18a6,71700000,7170000,selesai,2026-06-17T02:36:14Z
c54d6a9e-371d-56e2-a70e-2c0d79ffa457,e44fcae6-8465-53a9-bc6a-2a1e35742c73,9aa3bd69-c459-515c-ba8f-b408ef95a728,a6782ff2-13ef-5b2b-a432-7d121a6ae6c4,4230000,423000,selesai,2026-06-17T03:03:11Z
f6763d62-8763-5a35-9d04-9925bb98d555,d7e85eab-5212-5a6d-a37e-7c4229f8247b,18188d25-bf5b-53cd-9e1e-ae24e999923a,3e92a01c-1f80-5c38-9903-fe409c3d5d61,30000000,3000000,selesai,2026-06-17T05:05:34Z
e4deda47-ea46-5754-b24e-199f1572692f,30093c6a-d44c-5789-8e9a-aac78f9fe436,9a779412-e497-579b-8d83-f9ab37185061,64668e48-371b-5ffb-8837-9c4fd033feec,15500000,1550000,selesai,2026-06-17T10:11:10Z
d15d06d8-023f-5bc5-b695-d6ea466bd753,925433f4-0416-5998-bb11-9ec77ea5d607,43e43bc7-da18-5ea2-8732-6d0f1a2ceff3,3dbb220d-08c5-5e68-b9e9-4282c0cc891f,35900000,3590000,selesai,2026-06-17T10:41:28Z
58b91fd2-935d-59e1-a35d-affd1e0c78fa,4c5f8a29-0a57-5c59-9863-71018e9bb668,fb013d36-9c41-5e52-bdc0-e73dd7fc107c,dd4aa9b5-3247-5ea3-9589-db5aa169c4e0,7330000,733000,selesai,2026-06-17T12:34:34Z
22cc6336-6f29-59ad-99ba-c80790ee14de,2226ba5b-d483-5e5a-80ab-7bc93bc17186,598cdc17-1229-5d55-8f09-5780909cb63f,5d9ef8fa-9d26-5e45-87a1-4a45f17d0980,32900000,3290000,selesai,2026-06-17T14:08:52Z
bf80cb71-bc1c-56c7-bbfd-fad5daab2052,4fafea0e-823a-5e11-86a0-bcfeb85f54d3,47912d25-6df1-5389-996c-63b4a12b0891,3e92a01c-1f80-5c38-9903-fe409c3d5d61,53200000,5320000,selesai,2026-06-17T16:50:36Z
401d614e-f854-563b-9b60-3f8eb4460263,5d73edeb-a466-55d7-8d79-f423a2241ce8,fdf6aa1c-ef4c-51c5-80c3-15a6df7ea57c,3ecb7039-f69e-55cd-869d-c7d7cf0962f6,52500000,5250000,selesai,2026-06-17T19:05:29Z
ff5f4114-0b70-5f6c-b04f-3cdd2363f6d5,b96b748a-5ac7-5045-9393-d8e921f4e4bc,c88e7fc5-2c1f-5020-b5a7-880431b07355,64668e48-371b-5ffb-8837-9c4fd033feec,4750000,475000,selesai,2026-06-17T19:46:23Z
5d45ea8a-55e4-5549-860b-9da02ab5faa1,cf5034a3-a27b-565f-9f80-375739d3d25e,914cb54d-8dc4-55e6-9bba-447bf30c7df3,04432a0f-51e1-5293-a8dc-89755e574853,55800000,5580000,selesai,2026-06-18T06:18:09Z
691aae60-3fe1-5c3a-8f36-ad51f07f7794,adf2e51c-831b-5274-8783-e6b3e27d8357,4e10f433-6104-54e3-bdda-547a8530d03b,51c4d53d-91bb-5b40-bf86-1f46a9aa18a6,234000000,23400000,selesai,2026-06-18T08:26:40Z
cf85bd33-0d7c-5773-acbd-87a35ee112ae,7a081d1f-27f0-50e3-9e37-b1e96ef0a5f6,d8e33127-de32-56d5-9c99-ec0a8c5c5614,3dbb220d-08c5-5e68-b9e9-4282c0cc891f,76100000,7610000,selesai,2026-06-18T09:08:50Z
61c00ad2-59fc-57d1-a29a-5e4cc4517794,499c8ad1-c680-584e-8d79-9e8f019636ba,9e09a6df-081c-5378-9fe5-48b677ed79d0,3dbb220d-08c5-5e68-b9e9-4282c0cc891f,39300000,3930000,selesai,2026-06-18T18:00:06Z
6c550cf9-eb74-5967-bae3-a661932093ed,dcea5196-ee11-5b81-b2f1-ae0ecb928dd3,3166d28b-1835-5ff7-b779-284ed64d43cb,5a27ac9a-1e04-52e2-8392-12edbe43c594,4190000,419000,selesai,2026-06-18T21:46:46Z
37788318-a7d2-5ce3-87e9-67af122e874f,2f5dee28-ebf8-5e44-9f53-0c86b0cc3f68,8027957b-7b93-5032-915c-3cbd4142f8a8,951be198-4893-5acc-9f1d-ab202e87291b,73900000,7390000,selesai,2026-06-19T01:22:30Z
fb019bcd-0a1a-5ec4-ae70-eabfc4ae5314,8a408215-23a9-597a-b630-c8918524d3a5,181d5eaa-4366-5aee-8dec-bd0fccfb583a,5efed142-8369-554d-9ba2-c2f081036319,44400000,4440000,selesai,2026-06-19T11:28:28Z
c47e3388-fbb3-599c-a356-55cf70840bd4,bb67bdd5-967c-5dcc-9328-7f353e9e24f8,f625153e-a631-5477-afc5-ce1bf32872fe,951be198-4893-5acc-9f1d-ab202e87291b,87500000,8750000,selesai,2026-06-19T18:55:21Z
15c78738-26a3-5c97-912f-396b1f6c7590,7220a4af-246d-5233-9877-e4270d49b78f,ea2dd656-db8e-51fd-80d2-89b29fa3e2e6,3ecb7039-f69e-55cd-869d-c7d7cf0962f6,29000000,2900000,selesai,2026-06-19T19:58:26Z
f193f0db-e37e-55d2-9ff5-a76243afa5b4,93b14ea2-1cab-5764-a2b6-feb6cd5ebc91,7583df8a-98f3-56dd-a57a-0d891d4f929f,3e92a01c-1f80-5c38-9903-fe409c3d5d61,36900000,3690000,selesai,2026-06-20T00:44:30Z
779b5beb-2111-591c-a46e-a099b35dd739,5220c356-272b-500b-beee-ab57a7963f8b,c95ec7ea-92a7-513e-b0f2-1da5e321bded,04432a0f-51e1-5293-a8dc-89755e574853,26500000,2650000,selesai,2026-06-20T09:11:59Z
904c64aa-07cb-5f72-82e0-127d1edbaa85,224a5eac-43f5-592e-af37-58a677d47fb3,e69f25d4-db0e-5769-abb3-02218d82888c,3ecb7039-f69e-55cd-869d-c7d7cf0962f6,18200000,1820000,selesai,2026-06-20T19:50:03Z
8f20ba99-2c2d-56c4-b88a-4c760c146df3,aadea01f-cfc2-58f5-855e-c54883bbfd5d,e5e5eb9a-9860-5a17-a97b-9f9dfd82e386,04432a0f-51e1-5293-a8dc-89755e574853,46900000,4690000,selesai,2026-06-21T01:06:16Z
0fccfe28-a874-5169-b399-2b93551c7dbe,798be472-2daa-5864-8bd0-5b958987afe2,969ea2f4-2a3c-52ed-9972-6aff0a5d073e,a531998d-b66d-5191-a7da-a567327512a7,29900000,2990000,selesai,2026-06-21T03:36:29Z
fb67038d-7ff7-5116-9225-fd7ed48e7e36,451a9fd3-3291-582f-aae3-63a3c897913d,4e10f433-6104-54e3-bdda-547a8530d03b,23ba78b5-421a-5447-b022-5a66fe8d084d,7460000,746000,selesai,2026-06-21T05:06:42Z
b30598bd-0119-5aba-a566-9c17eb6c913d,10eb88c2-8303-5596-a1d5-43454092f6d4,48180fc1-da24-5b0e-8a7a-53d33df05326,dad52c43-2eab-5272-a61d-dca032e6b1db,4550000,455000,selesai,2026-06-21T16:26:01Z
c197a2f3-425f-55cb-b204-116239b18c5a,16c3b448-fe02-53d9-8c7a-72bb3be2bc8c,9a779412-e497-579b-8d83-f9ab37185061,5d9ef8fa-9d26-5e45-87a1-4a45f17d0980,86900000,8690000,selesai,2026-06-21T17:34:48Z
eb393f46-df57-522e-b3c3-fcd356401fef,ddba0732-40ae-5406-bb4a-25f358ba9626,247281d2-7eb2-5256-af64-c4f7968da59d,dad52c43-2eab-5272-a61d-dca032e6b1db,4850000,485000,selesai,2026-06-21T20:25:55Z
b4625f86-f3aa-5458-a8ad-86f354126d18,33613d53-a0a1-5134-9fdb-0aa7f0d27bb1,179a2581-11cb-5dd1-af30-697a9f725e91,1d876d41-bc7a-55ee-91cf-65ffb2a4048b,94500000,9450000,selesai,2026-06-21T23:56:46Z
c3c2642b-1df0-5558-bcfc-8f06746a38b2,18e10ab6-a530-5aaa-aad5-d64c3d515080,9977cbaa-9155-5efa-8f3c-e787d7dddc25,951be198-4893-5acc-9f1d-ab202e87291b,128000000,12800000,selesai,2026-06-23T02:41:52Z
02b4a98d-0b7b-59b1-b513-2d59d1458ba1,8589e23f-2f7a-5139-9d96-8ad3c1ed46cd,bb3ffa0f-14da-55eb-a57f-c2df04802686,3e92a01c-1f80-5c38-9903-fe409c3d5d61,33300000,3330000,selesai,2026-06-23T03:15:34Z
ade97c17-bb98-56e4-a08b-916d13bbe9f4,0a6d8db2-444f-5b5e-8d20-1e7cb5f17bf5,e5e5eb9a-9860-5a17-a97b-9f9dfd82e386,951be198-4893-5acc-9f1d-ab202e87291b,97600000,9760000,selesai,2026-06-23T17:04:52Z
847a3bb5-7ec4-5bf2-8e25-a2cf75a5dc4f,10995941-2b9e-5990-b49d-9d8bd12f682f,18188d25-bf5b-53cd-9e1e-ae24e999923a,3e92a01c-1f80-5c38-9903-fe409c3d5d61,101000000,10100000,selesai,2026-06-23T18:24:11Z
1475d5f0-1d3e-5d2a-86ae-bf379d9b8dbb,6c3e8020-6955-5592-82a8-3df3002cbdac,d7d6515e-c8fe-5b6c-b7ed-2369dee8a109,951be198-4893-5acc-9f1d-ab202e87291b,388000000,38800000,selesai,2026-06-24T03:42:23Z
a7811100-cf91-500d-bb17-5b44d141897f,1aff1369-15f9-5332-b569-a57570648be5,896ebace-7864-5a80-a32d-10a7f036dbcc,1d876d41-bc7a-55ee-91cf-65ffb2a4048b,120000000,12000000,selesai,2026-06-24T08:48:19Z
b06f653c-fd59-55c5-89b2-ed3e96529655,85b78ceb-dbea-54dc-89ea-a64020db32fa,45cbeb45-e7a8-5400-bd5f-3716602d0b11,1d876d41-bc7a-55ee-91cf-65ffb2a4048b,49700000,4970000,selesai,2026-06-24T09:27:27Z
17edc733-0f0c-5216-a143-09a25682f3bd,a3665b83-72da-5ac0-bf1e-5ae37088a1bf,96d805da-4016-5aad-9187-6ce1aba206b1,951be198-4893-5acc-9f1d-ab202e87291b,223000000,22300000,selesai,2026-06-24T23:56:46Z
06ecadb7-9fdc-55a8-b0f4-a6c2a66f071a,c6d41c30-8022-5ce3-a86b-3e66bf616b27,3227257d-7266-599b-b2b0-6dfa5ee81df5,3e92a01c-1f80-5c38-9903-fe409c3d5d61,92700000,9270000,selesai,2026-06-25T06:04:33Z
23284dfc-2455-5f11-aa3f-ce476c8b6622,d053f14d-ef52-5e79-a472-b68a078bef0f,43e43bc7-da18-5ea2-8732-6d0f1a2ceff3,951be198-4893-5acc-9f1d-ab202e87291b,176000000,17600000,selesai,2026-06-25T06:09:35Z
4460ff77-99fa-5faf-871c-cd1726c21754,0ee2ac59-94b8-586c-b73d-e4555d86d53f,3227257d-7266-599b-b2b0-6dfa5ee81df5,51c4d53d-91bb-5b40-bf86-1f46a9aa18a6,89400000,8940000,selesai,2026-06-25T10:50:19Z
514a600f-f806-5e5f-a9e0-5dc505cac39a,1f983416-70f1-59b1-b8be-0d02be975d4d,acf13e93-9c02-5953-af7b-9e0867f09454,23ba78b5-421a-5447-b022-5a66fe8d084d,27900000,2790000,selesai,2026-06-25T18:09:05Z
169f5bb4-78d8-55c7-855a-7938fa704d93,3f09d4ff-ee59-5810-8921-2fd815c9211a,2d5f7b0c-20e4-5e20-a6f3-9d40a681ccd9,3dbb220d-08c5-5e68-b9e9-4282c0cc891f,66900000,6690000,selesai,2026-06-25T20:00:04Z
ebbab536-528d-580a-99f5-0e0ed28a9e2b,99c40b4b-47ff-5002-a6c9-2bba9ef12253,794a1ad7-3dcb-5e01-ab47-663d34cadb1c,1d876d41-bc7a-55ee-91cf-65ffb2a4048b,34100000,3410000,selesai,2026-06-26T01:28:25Z
6b1c34d2-8786-5804-a81b-2698c25f4375,72f2906b-8628-5d14-953b-aa229821a4f0,0f0b75b9-0a40-5393-8a6d-01dbe02c9029,1d876d41-bc7a-55ee-91cf-65ffb2a4048b,31500000,3150000,selesai,2026-06-26T03:39:37Z
e49e5fc5-26b8-5791-a669-ef875d4e5a1f,b8d107e5-9797-50bf-8abc-b9eca04ee82c,1aae0750-4c8f-5879-8b25-ec14e411b5ed,a531998d-b66d-5191-a7da-a567327512a7,81400000,8140000,selesai,2026-06-26T06:14:57Z
55a7c901-14c2-51ce-b774-ecb4c0d485a5,99655c5e-edf9-5d87-8b2f-84b29a343235,aff844a9-441c-5139-8580-f9e7608f9e5c,3ecb7039-f69e-55cd-869d-c7d7cf0962f6,47000000,4700000,selesai,2026-06-26T09:34:55Z
b7947f66-cf2b-50cd-8be2-8037ab1b15d0,23d271b9-1b88-5f71-8125-606886a065a4,47912d25-6df1-5389-996c-63b4a12b0891,a531998d-b66d-5191-a7da-a567327512a7,66000000,6600000,selesai,2026-06-26T14:51:49Z
5939a648-debf-59e2-b09e-1877d05e2b3f,2b7291a1-ab44-578e-9341-dbc664a54152,5aaedc22-3a57-56fe-afc2-35293cd5b01a,04432a0f-51e1-5293-a8dc-89755e574853,80600000,8060000,selesai,2026-06-26T18:05:22Z
60bb9105-43b0-56e4-823b-b6bf606268ac,53854d13-0318-5c7f-9175-77dd53a05d9c,f0f5f5df-392d-5d84-b371-fe82af30c664,5d9ef8fa-9d26-5e45-87a1-4a45f17d0980,52300000,5230000,selesai,2026-06-27T03:05:33Z
c162bede-e913-5d52-b5f2-48ecad8a50de,3c53f39a-0eff-5ba4-bb7a-08d4288455d6,47912d25-6df1-5389-996c-63b4a12b0891,5a27ac9a-1e04-52e2-8392-12edbe43c594,7840000,784000,selesai,2026-06-27T13:42:51Z
ef7b2e22-12f7-5b0c-88b6-c5fc5205d108,7f300331-b4bb-5e52-9b69-27cbcc62d251,43e43bc7-da18-5ea2-8732-6d0f1a2ceff3,951be198-4893-5acc-9f1d-ab202e87291b,149000000,14900000,selesai,2026-06-27T14:34:57Z
be6b856c-5de5-576e-b4f3-6cf3ce79a133,24f8249f-ea76-58bd-9b7b-7d86f6b552df,acf13e93-9c02-5953-af7b-9e0867f09454,a531998d-b66d-5191-a7da-a567327512a7,119000000,11900000,selesai,2026-06-28T04:59:09Z
38ed903a-d4b9-58e3-944e-2d08fd6d83f6,c5fade4a-3ff7-565a-82a4-d2127965af35,27dd3660-106b-59e6-9c54-c48da27e9016,951be198-4893-5acc-9f1d-ab202e87291b,100000000,10000000,selesai,2026-06-28T08:43:51Z
6ffd72a2-c5e2-5c54-abf4-194b7426b309,642c6a66-0dd9-598a-9c7c-4ac035fdfbff,c8216a19-2bc6-52cf-9503-71618f90f5b4,5efed142-8369-554d-9ba2-c2f081036319,27500000,2750000,selesai,2026-06-28T13:58:32Z
bffbe580-febb-5141-82ef-aada5b7478f7,927109e8-1db2-554c-9a4d-950181b27ac0,68e8cbbb-da04-5541-862e-e1e28cf5c347,21a4ae7e-8f05-5294-9e2d-32d96779246e,13500000,1350000,selesai,2026-06-28T17:03:56Z
20bd7b27-f88f-53d4-a7e9-b90bfe7a154f,e90beafe-45ad-5bb6-9b56-660644646714,ae9a0e88-72e5-5523-b081-7fbc68880af7,5a27ac9a-1e04-52e2-8392-12edbe43c594,3530000,353000,selesai,2026-06-29T06:19:31Z
cceec8b5-ad79-51e9-aac7-f7b512c18276,cb24e6d9-06cb-5142-af2f-f7fa71e13f1e,d88c45a8-c22f-5fb8-92e0-7006c379775d,dd4aa9b5-3247-5ea3-9589-db5aa169c4e0,8540000,854000,selesai,2026-06-29T07:05:05Z
691921de-30b3-5e82-b400-db0bf6d0c726,99735417-9e3f-5027-b5c8-1960f8aeb017,1cb99939-551d-541a-beb7-94dd38e8e976,6fe7b986-2984-567c-a4cc-509a0769266a,15300000,1530000,selesai,2026-06-29T22:02:25Z
9a19d015-16d6-57e3-a334-eccd1ecadfc1,e1daca6d-4272-5987-9a47-182839abf6c2,914cb54d-8dc4-55e6-9bba-447bf30c7df3,3dbb220d-08c5-5e68-b9e9-4282c0cc891f,42100000,4210000,selesai,2026-06-30T01:01:14Z
e9407f05-13a3-5091-8ce8-06e64255d07c,c7d84c3b-4f34-5d14-80e0-0482943f5453,9a779412-e497-579b-8d83-f9ab37185061,951be198-4893-5acc-9f1d-ab202e87291b,81300000,8130000,selesai,2026-06-30T07:26:26Z
86caffe0-5676-5bd8-9e1c-28f2dcc012a1,9a4bf06b-8472-51ec-b7b3-3ba095eeeb71,9144077e-2a07-55b3-bcf2-4c054eb2d349,3e92a01c-1f80-5c38-9903-fe409c3d5d61,53500000,5350000,selesai,2026-06-30T07:50:43Z
f7b4fd6f-dc5c-5396-98e3-b62550837ca7,1d1dfe5c-865d-56c9-9298-86fbf19a0ada,9a779412-e497-579b-8d83-f9ab37185061,951be198-4893-5acc-9f1d-ab202e87291b,82200000,8220000,selesai,2026-06-30T13:02:22Z
03fde5a3-717f-5913-ac90-943a7858d271,2abf47f1-4de7-56a0-91e6-b9b6fb400eff,c88e7fc5-2c1f-5020-b5a7-880431b07355,64668e48-371b-5ffb-8837-9c4fd033feec,5710000,571000,selesai,2026-06-30T15:26:40Z
93d2653a-e35a-50f4-8ac7-2583114c7095,40294d27-ea4b-5d5f-a8e5-ddb7490fcc7a,9e764bb8-a7de-565b-b008-4ab804012d64,1d25dbba-d1e1-5b79-bb67-3d22aced6cb8,21700000,2170000,selesai,2026-06-30T17:05:51Z
aa178f9d-8d44-5d29-90e4-178040081545,fd1896f1-1ca8-52d3-8454-d4430d99cddb,0f0b75b9-0a40-5393-8a6d-01dbe02c9029,3ecb7039-f69e-55cd-869d-c7d7cf0962f6,40000000,4000000,selesai,2026-06-30T18:40:33Z
101e7e94-7c10-5960-b39b-d9df7cfe9846,ed0f26d2-5de9-5a32-bcad-b005d39dfbf5,3227257d-7266-599b-b2b0-6dfa5ee81df5,5efed142-8369-554d-9ba2-c2f081036319,46500000,4650000,selesai,2026-07-01T05:11:52Z
8d30fe6b-9940-55e1-809b-1c9943369071,4cc604f8-1c42-5be8-a621-ff45f1202616,c88e7fc5-2c1f-5020-b5a7-880431b07355,1d25dbba-d1e1-5b79-bb67-3d22aced6cb8,5650000,565000,selesai,2026-07-01T07:03:51Z
48e7f56f-cb3c-5202-97a9-fab35fa0eaef,f602c091-b056-5bad-a8f0-c9e84563362f,707728ca-a796-5849-83ff-74af4dd9b3ff,3e92a01c-1f80-5c38-9903-fe409c3d5d61,45100000,4510000,selesai,2026-07-01T23:46:20Z
6304ce51-bdb6-5f96-8468-009432dc5eb2,b88644e0-82ad-5afe-af9a-7af01c99562a,aff844a9-441c-5139-8580-f9e7608f9e5c,c868fe01-5c24-57bf-8ffb-fdc6d3ae09a2,17400000,1740000,selesai,2026-07-02T00:03:26Z
2f95e528-5468-5332-8501-8824bf16b084,a535eab5-edf3-536b-8b8b-bdb924cf44e4,38acfa2d-85ab-5007-8e53-d7fbf0a35a8d,6fe7b986-2984-567c-a4cc-509a0769266a,42600000,4260000,selesai,2026-07-02T01:26:15Z
b43dfb60-557c-5145-9ad3-62628ad148d4,6afa014b-14c3-5ac5-833d-347b7c36a116,1d816192-26de-5c28-99a7-793dfd023ff8,dbc6f383-447d-5f26-a2f4-86753b3c416a,17900000,1790000,selesai,2026-07-02T04:11:50Z
6cb7496f-f5d9-552f-9419-89d4b2f5ddda,b0bdeed2-d071-52b3-a4db-999ef6444582,ab0a5d93-6d62-5a71-8bed-671920b3abca,a531998d-b66d-5191-a7da-a567327512a7,88600000,8860000,selesai,2026-07-02T09:25:41Z
de06f729-3f35-5fd8-b84c-69fdaa8ce76a,d4c0b788-5e83-5ea7-8145-011c35a51433,c6259694-efa2-59da-af12-3baae1b19e5c,5d9ef8fa-9d26-5e45-87a1-4a45f17d0980,11700000,1170000,selesai,2026-07-02T09:27:48Z
b27a9456-2555-54f9-8f15-a9ee4202491f,1fb088a2-f1e5-507f-bfb6-ae0ff0e46108,0d183f9b-5c2d-50cd-a21b-7a4ff5175951,dbc6f383-447d-5f26-a2f4-86753b3c416a,17500000,1750000,selesai,2026-07-02T11:16:12Z
91305262-f0d4-5752-861a-df7d0ea446e9,dcacad1e-df1c-5a45-b3eb-32dd9f6a319f,82c2f17c-35d3-54f1-aebf-a42481a257ca,1d25dbba-d1e1-5b79-bb67-3d22aced6cb8,21600000,2160000,selesai,2026-07-02T13:14:36Z
c5f0c253-e2f8-5149-a4cc-9c79f498066e,46d1f815-ad5c-542c-a7a4-eb1035288a49,e69f25d4-db0e-5769-abb3-02218d82888c,64668e48-371b-5ffb-8837-9c4fd033feec,6080000,608000,selesai,2026-07-02T13:27:22Z
7849b476-bf58-555f-aa0f-3f9a0db4d8ad,e393757b-7645-5d3a-aa74-b47ec9208b98,632614bc-8273-554c-b000-ee62113bcda6,dbc6f383-447d-5f26-a2f4-86753b3c416a,16500000,1650000,selesai,2026-07-02T15:37:43Z
0185c105-59a3-5b35-bd1c-15f84d48174a,fa618ca3-2334-5051-85e4-af31064aa272,b4e13e44-297b-50b1-9462-4de4a9df9d7c,21a4ae7e-8f05-5294-9e2d-32d96779246e,4380000,438000,selesai,2026-07-03T04:06:46Z
334351c0-0ead-5864-8978-b9f1eeb97bc7,d20602a1-593a-5a7a-b586-67e84b22da0e,06774145-5f78-5cfa-93ec-719bb9cce7d4,c868fe01-5c24-57bf-8ffb-fdc6d3ae09a2,16200000,1620000,selesai,2026-07-03T06:10:55Z
d324cd57-1ff5-578b-9491-78cd7957d94b,83845a70-73ee-5ea6-a660-db325668fe6e,ef0356dd-87e1-5984-b1be-132117550930,5d9ef8fa-9d26-5e45-87a1-4a45f17d0980,13400000,1340000,selesai,2026-07-04T10:43:12Z
d140ad80-e6b9-5cb7-9488-2421f3c8f010,0d3635aa-834e-5c0c-8e5f-7acff31c2bde,9a779412-e497-579b-8d83-f9ab37185061,951be198-4893-5acc-9f1d-ab202e87291b,225000000,22500000,selesai,2026-07-04T12:38:02Z
6e59c25b-ebc3-57a5-9a67-ed6846535c52,f0c9585a-029a-5336-aa73-20a2632494ab,d7d6515e-c8fe-5b6c-b7ed-2369dee8a109,951be198-4893-5acc-9f1d-ab202e87291b,158000000,15800000,selesai,2026-07-04T14:42:45Z
ac8a9b52-c616-5953-8f5f-a6bb1edd5bef,80eee172-1244-5579-977f-d31cc8503005,4e10f433-6104-54e3-bdda-547a8530d03b,3dbb220d-08c5-5e68-b9e9-4282c0cc891f,53900000,5390000,selesai,2026-07-04T19:16:11Z
71e0c1ec-ce82-5c5b-b520-d8b880b0243c,e108472d-032c-5a6d-9418-8d378ccd1045,52eb5e38-9a88-5ab0-b251-16ec53ce59fa,1d25dbba-d1e1-5b79-bb67-3d22aced6cb8,4820000,482000,selesai,2026-07-04T20:08:23Z
ebda747d-e2ce-5b74-bbef-9f50a60b3c2b,5c4c09dc-12be-578d-bc66-e86bbfb26783,8ad954bc-1b99-5407-973d-73554444435a,04432a0f-51e1-5293-a8dc-89755e574853,61400000,6140000,selesai,2026-07-04T21:52:59Z
af8a26a4-c26c-5857-bd38-fcf2e08c69b2,ce4b7c4f-738f-52e9-9094-9e997d2de7f7,4e3ced83-fd56-55fd-abd7-47be78725639,dd4aa9b5-3247-5ea3-9589-db5aa169c4e0,6810000,681000,selesai,2026-07-05T14:01:18Z
f992202f-c040-54ee-b314-7b95f508a1f5,866c4895-2413-53dc-9986-54c0144bf184,c8e879de-ae8a-5281-9175-608f3e2f7300,951be198-4893-5acc-9f1d-ab202e87291b,51300000,5130000,selesai,2026-07-05T21:12:41Z
82fc0ff7-66f7-575d-8f10-717f5a29fbdc,6c20bb7b-fc3b-54be-aade-f384a2c8c817,1abd8d19-9a49-5833-aba9-6f3a70b537f2,d9c76b21-7320-5d80-9265-153dfdbc0c20,3980000,398000,selesai,2026-07-06T00:02:20Z
f326bcad-3965-5538-a154-447c090ccf9d,e2aaeea9-455c-5f23-9f84-2c28fffe8b0b,081b5dc5-350a-5404-a193-831d12d55219,dbc6f383-447d-5f26-a2f4-86753b3c416a,10300000,1030000,selesai,2026-07-06T00:12:15Z
cdfd4eaf-6e5c-5ed4-bdfb-39c071c4ff5b,93049467-bc36-5f39-a885-1ec6ea59389d,8f2d1c90-b967-5b2f-95ac-e3ad4ba706a3,951be198-4893-5acc-9f1d-ab202e87291b,68400000,6840000,selesai,2026-07-06T01:18:41Z
75ac259a-0842-5922-8de2-187fd8756541,a3af653b-7e1b-5fcd-b3ed-454c98ca654b,48515244-c393-5b36-a148-4688976b9626,23ba78b5-421a-5447-b022-5a66fe8d084d,7840000,784000,selesai,2026-07-06T02:48:09Z
626d817e-3cee-5cce-a800-5b4e8118c945,c927d082-7241-5f9f-8bd0-d41d81f3980b,1ae98ad4-8b69-57ac-8937-47e2a8df176f,3ecb7039-f69e-55cd-869d-c7d7cf0962f6,50100000,5010000,selesai,2026-07-06T10:31:16Z
2de55d67-18b5-52fb-8956-f751cf507184,9b408461-ded6-52df-adbb-e3f98a774b73,91208491-af2c-5360-b7a5-93ffd255697d,a531998d-b66d-5191-a7da-a567327512a7,149000000,14900000,selesai,2026-07-06T12:02:43Z
d0652d5c-492c-5a97-b24e-31ba0686789c,e9a1c2bb-f846-553a-bb21-9f3bc1a471e5,20c215f6-dead-53da-9e03-a4122e455668,a531998d-b66d-5191-a7da-a567327512a7,39100000,3910000,selesai,2026-07-06T12:28:28Z
f2a4d9ec-5d4c-5e02-bde2-0cfd64307a54,1b980b2b-af91-582d-b349-29645737d82a,d5cb07d3-ef0b-5479-a684-223288de896d,a531998d-b66d-5191-a7da-a567327512a7,108000000,10800000,selesai,2026-07-06T15:13:03Z
4c3ca84b-876d-504d-a584-1159180a7a2e,2af98596-59e3-5c73-bb3c-0ab2790db838,4afba102-2377-5929-b170-70f6cfa4bfea,c868fe01-5c24-57bf-8ffb-fdc6d3ae09a2,37100000,3710000,selesai,2026-07-06T18:11:53Z
22d56bab-06cf-5133-a616-ddd38e46e1df,e54047c6-8e16-5026-b1b5-03c45d37f2f0,56106975-37fe-55fe-a6fd-24180e933953,5a27ac9a-1e04-52e2-8392-12edbe43c594,7360000,736000,selesai,2026-07-07T03:30:20Z
6c94c375-4f4b-53ba-ac3a-9a0cc99c7541,0ff02fff-199a-5412-b5e4-6a0fb8cc1bb7,028762f8-d024-5dc2-9c0d-7884b2807dc5,7cf14239-60d5-5ff0-9270-0d2dd0d62e05,8500000,850000,selesai,2026-07-07T07:30:50Z
b8474841-a5a4-5800-83f8-1c12dd4d0166,af3e08dc-71d5-51ca-9518-c469024b70e9,56106975-37fe-55fe-a6fd-24180e933953,dd4aa9b5-3247-5ea3-9589-db5aa169c4e0,8550000,855000,selesai,2026-07-07T09:51:10Z
31649a55-6e73-5a68-b6d6-c1a28030d171,cafad34a-809e-5445-8f98-a622c8c9c3c4,75305bd7-d03a-5c27-9008-2b56dbe975bd,dbc6f383-447d-5f26-a2f4-86753b3c416a,13700000,1370000,selesai,2026-07-07T16:18:47Z
3738080c-4ff3-5e39-9321-bedf34f680f2,1852a608-aa97-5043-a116-f32e4c564d2c,9e09a6df-081c-5378-9fe5-48b677ed79d0,3e92a01c-1f80-5c38-9903-fe409c3d5d61,23800000,2380000,selesai,2026-07-07T17:11:05Z
f238005a-d96a-5791-9c10-7cf61c1126b2,7e51e53f-e824-5fcd-8826-f1a6740351d8,45fe3c4c-a4b2-522f-99e9-6dab132798c3,04432a0f-51e1-5293-a8dc-89755e574853,37100000,3710000,selesai,2026-07-08T01:11:57Z
0d2a016d-2ff6-5685-a34a-bcca262ff376,da47457b-f202-51cb-a057-2748907fc662,52eb5e38-9a88-5ab0-b251-16ec53ce59fa,21a4ae7e-8f05-5294-9e2d-32d96779246e,2620000,262000,selesai,2026-07-08T11:31:58Z
1fff8edb-9551-5f6f-9e50-a5d079d03099,9ab7c080-f69c-5ba6-9e06-9bb58f95b231,08bfd8c9-9c9a-5fe7-9381-ba6e7679d814,64668e48-371b-5ffb-8837-9c4fd033feec,7480000,748000,selesai,2026-07-08T13:41:33Z
82e0dead-215c-51d2-83a2-0a1f662e57c5,12a55080-62e6-5961-bc84-2efca3d069a4,d40d88e1-3c6a-5173-bc4f-f00512c8ae9e,951be198-4893-5acc-9f1d-ab202e87291b,162000000,16200000,selesai,2026-07-08T19:02:48Z
e0c6ad60-dbcd-5db9-9a24-f05f3267a28e,36575ddd-d475-583c-ac75-568d70f5d259,9aa3bd69-c459-515c-ba8f-b408ef95a728,a6782ff2-13ef-5b2b-a432-7d121a6ae6c4,4330000,433000,selesai,2026-07-08T22:17:21Z
00a943b9-eb2b-5b13-bcd5-aed6fce88efc,98565e7a-f9a6-5d3a-85c2-87f6b470fa27,8ea2fbac-fba1-546b-8c7e-d8ffacc66fa3,51c4d53d-91bb-5b40-bf86-1f46a9aa18a6,153000000,15300000,selesai,2026-07-08T23:28:25Z
e2a83a44-c45d-5372-bbb1-77e5226d45d3,651e7a61-34c8-5aef-ac20-f9a8f6492cf8,8623984d-842f-570f-85ac-09bcb15b3953,51c4d53d-91bb-5b40-bf86-1f46a9aa18a6,108000000,10800000,selesai,2026-07-09T02:39:37Z
48306f0a-b612-5b58-b77a-fc955d6cd6e2,67ad781c-94fe-5171-985b-ec584cfab08c,011feb48-c737-5110-960a-1bf912d84b37,1d876d41-bc7a-55ee-91cf-65ffb2a4048b,56200000,5620000,selesai,2026-07-09T20:42:58Z
b6aefbed-8fdd-53e8-ac26-7d43efa52e79,a149a507-cf06-55a8-8cbf-b732cba201d5,a0c9e075-3c1c-5be0-aa5c-9c55c32e3b33,51c4d53d-91bb-5b40-bf86-1f46a9aa18a6,201000000,20100000,selesai,2026-07-10T00:38:56Z
0d32ee14-4b53-5438-97c5-4e601b52ca3b,c33aacdb-6e12-5194-8b2a-ffb242231178,9a779412-e497-579b-8d83-f9ab37185061,5d9ef8fa-9d26-5e45-87a1-4a45f17d0980,25200000,2520000,selesai,2026-07-10T01:48:57Z
6517aa75-07b6-5e7b-9215-cf2a07e1c720,8593cdbc-d23b-5476-9af9-1494dd097488,0cb0537b-f5e1-5f33-9483-09c1975d23fc,a6782ff2-13ef-5b2b-a432-7d121a6ae6c4,9920000,992000,selesai,2026-07-10T10:36:32Z
a2fc9c37-35de-5ec0-b942-18d734070137,1b1643a3-45bc-550a-a731-c35a570fc2d2,7cb4d2fb-3679-51b5-8896-f934faf8254c,21a4ae7e-8f05-5294-9e2d-32d96779246e,7820000,782000,selesai,2026-07-10T15:37:47Z
b2e76e9b-65ac-5867-b3b6-be2f6bb269b1,cb0e2c12-dd5a-53d2-b86b-016c0d3c6263,0f0b75b9-0a40-5393-8a6d-01dbe02c9029,5d9ef8fa-9d26-5e45-87a1-4a45f17d0980,42200000,4220000,selesai,2026-07-10T16:13:02Z
74bd818d-7f59-52f9-b969-b7e07f64c44c,61d5d1b7-ead9-500b-ae36-4181c8267cf4,ef0356dd-87e1-5984-b1be-132117550930,1d876d41-bc7a-55ee-91cf-65ffb2a4048b,54000000,5400000,selesai,2026-07-10T19:33:32Z
f6100f12-d8ab-5792-8ef4-2dc8d92d0e51,5fd49bae-36f3-5588-b1be-34e577fbe2ee,e85971e4-3225-5d5a-a717-ec6494f3ea35,3ecb7039-f69e-55cd-869d-c7d7cf0962f6,19700000,1970000,selesai,2026-07-10T21:05:30Z
6655b41d-fee3-5e11-a8cb-9b757a359a26,274fb068-0b52-5635-ad53-56eeaf5bb0a9,d40d88e1-3c6a-5173-bc4f-f00512c8ae9e,951be198-4893-5acc-9f1d-ab202e87291b,510000000,51000000,selesai,2026-07-11T14:33:52Z
11578157-1776-5c70-b95a-6fb5e8369da7,f96b527c-5e35-58cc-8e96-9a3e1bf830c0,e3718b03-db4a-553e-b46c-45f57caa0061,51c4d53d-91bb-5b40-bf86-1f46a9aa18a6,173000000,17300000,selesai,2026-07-11T15:19:04Z
9bb8d075-1d8d-5a9f-983a-a8c1456c2376,47206600-1b41-51af-bc39-a87d5b6b8805,06774145-5f78-5cfa-93ec-719bb9cce7d4,1d25dbba-d1e1-5b79-bb67-3d22aced6cb8,7160000,716000,selesai,2026-07-11T23:44:12Z
4475d652-5b50-5b0c-bc32-49b7e846377c,01896085-3196-5b2f-b7d9-afb0dbc80bb9,179a2581-11cb-5dd1-af30-697a9f725e91,51c4d53d-91bb-5b40-bf86-1f46a9aa18a6,197000000,19700000,selesai,2026-07-12T01:10:15Z
29ff00e0-69b4-5cc1-84a9-43bf513414d9,f1c1fd43-6ea8-5b1a-b4a7-edfc184eb6a5,45fe3c4c-a4b2-522f-99e9-6dab132798c3,dad52c43-2eab-5272-a61d-dca032e6b1db,2180000,218000,selesai,2026-07-12T04:10:29Z
a179c9a5-aa9d-50b9-99ac-89abbc49f34c,fa91442d-154c-5c26-8040-f01fea3619f9,3227257d-7266-599b-b2b0-6dfa5ee81df5,a531998d-b66d-5191-a7da-a567327512a7,112000000,11200000,selesai,2026-07-12T18:09:16Z
c36d9730-c9ab-58cb-8a77-12feb3b78636,73fa3129-5f99-54fe-8cb5-16c1eb50621a,acf13e93-9c02-5953-af7b-9e0867f09454,a531998d-b66d-5191-a7da-a567327512a7,310000000,31000000,selesai,2026-07-12T23:03:04Z
554cfa20-5714-551b-92d4-4de889e414e3,b6a9aa43-efbc-566a-aec6-73ac6a02e844,ae9a0e88-72e5-5523-b081-7fbc68880af7,5a27ac9a-1e04-52e2-8392-12edbe43c594,3830000,383000,selesai,2026-07-13T05:42:53Z
cb8ded78-d41c-57f1-af86-8df692e853c7,607ff3e1-e956-514a-a98e-ee70e0b7a042,96d805da-4016-5aad-9187-6ce1aba206b1,51c4d53d-91bb-5b40-bf86-1f46a9aa18a6,197000000,19700000,selesai,2026-07-13T11:52:21Z
914dc9e5-3584-5291-85f1-44e96a9681e7,aa8e8271-edf2-52f9-9f59-f5006ae20a0c,08bfd8c9-9c9a-5fe7-9381-ba6e7679d814,a531998d-b66d-5191-a7da-a567327512a7,81600000,8160000,selesai,2026-07-13T14:04:35Z
6412a466-f626-5588-a7a8-4eb25847f335,b0074af3-8cc6-5b47-97be-1c0378dea5ae,7b4d85c8-868f-5ea4-8316-f36e9a7e06c4,3ecb7039-f69e-55cd-869d-c7d7cf0962f6,60800000,6080000,selesai,2026-07-13T14:49:48Z
24ee466c-7474-55ae-9d5a-a957338e4582,3f974ce7-6aa0-5fb8-a643-e6a0ad0f94d4,44172e1c-bd66-55ba-b447-447aada11fc6,04432a0f-51e1-5293-a8dc-89755e574853,52700000,5270000,selesai,2026-07-13T19:56:55Z
2863fa74-84f4-5976-a0ae-225711b60d7d,3c5a6fcb-4433-59e3-a5b2-ba2815266e71,ae9a0e88-72e5-5523-b081-7fbc68880af7,dd4aa9b5-3247-5ea3-9589-db5aa169c4e0,2700000,270000,selesai,2026-07-13T23:05:12Z
40194dd5-e4f4-5a90-afd9-9679bbb23694,ea8ab748-54db-5bab-8f51-11fe024a6e65,9a779412-e497-579b-8d83-f9ab37185061,3ecb7039-f69e-55cd-869d-c7d7cf0962f6,24900000,2490000,selesai,2026-07-14T10:17:43Z
6e453714-6dfa-5442-98f6-35ef39709391,6694f4e3-de92-58c6-9f7d-5d1b2a2cd5d2,3f72fc19-b9dc-5bb0-ad67-00f830f1402d,a531998d-b66d-5191-a7da-a567327512a7,32000000,3200000,selesai,2026-07-14T11:00:40Z
da1b205c-79ef-534a-b832-abc64e5d0513,d71573a5-0a33-5b33-a69d-77fc7f4b3584,d8b7f6a9-5f67-5988-b332-33ccb2dc98d8,04432a0f-51e1-5293-a8dc-89755e574853,33000000,3300000,selesai,2026-07-14T20:13:08Z
34d76964-84d4-50a5-a723-6dc620cf82b1,4808cbd7-dd65-5f45-b66e-305e53d225a1,9a779412-e497-579b-8d83-f9ab37185061,5d9ef8fa-9d26-5e45-87a1-4a45f17d0980,13700000,1370000,selesai,2026-07-15T04:54:53Z
a1e1bb96-b4d9-58e6-813c-e5b4dbb994f5,b518470a-8016-57d4-a0bd-1cc7adf6e897,c07dad9e-28c6-5d39-9bdc-f772ec3b500f,951be198-4893-5acc-9f1d-ab202e87291b,57200000,5720000,selesai,2026-07-15T05:11:26Z
f1b2a727-44ea-5173-b183-1e032fd35a34,ed2d568f-7ccb-5b05-bf1b-3f6a5d220e84,e69f25d4-db0e-5769-abb3-02218d82888c,5efed142-8369-554d-9ba2-c2f081036319,17400000,1740000,selesai,2026-07-15T05:41:03Z
0db784d2-ead1-5afc-a745-2caf42fe1ea9,5d48e2d8-3d4b-5579-8b32-d8471609894a,4d585877-2c17-5012-8f6e-09593a947064,951be198-4893-5acc-9f1d-ab202e87291b,144000000,14400000,selesai,2026-07-15T13:36:18Z
348745b8-e748-5290-82cd-1b03a4861fff,075d5eef-811e-5c01-8fb7-483c9abab21c,d10b4e12-8728-5b1b-98cf-9eb8c29367c5,5efed142-8369-554d-9ba2-c2f081036319,42400000,4240000,selesai,2026-07-15T16:55:05Z
026c6bfd-35b3-58b5-8ace-00fddae25145,4796adc5-efdd-526e-9ebe-edda534b3e00,1300d8c2-f127-540c-9bf8-d3c4f74f741d,951be198-4893-5acc-9f1d-ab202e87291b,98500000,9850000,selesai,2026-07-15T20:00:37Z
d18d6e08-cbae-5bbd-9eda-ff3a0bd9607f,29f33f4f-ee68-53ff-b9b3-7796ec7dd0d5,e69f25d4-db0e-5769-abb3-02218d82888c,dbc6f383-447d-5f26-a2f4-86753b3c416a,47800000,4780000,selesai,2026-07-15T23:13:11Z
b1bea2a9-444d-53d1-af8a-40a6edebbf3b,7634008c-e034-5317-9058-ab453e185e29,d7d6515e-c8fe-5b6c-b7ed-2369dee8a109,951be198-4893-5acc-9f1d-ab202e87291b,260000000,26000000,selesai,2026-07-16T08:04:37Z
222aacc4-16b0-55cc-a1bd-37f55ac0a738,ddf8f12f-d504-54cc-9132-88f78014b9e5,9e09a6df-081c-5378-9fe5-48b677ed79d0,3dbb220d-08c5-5e68-b9e9-4282c0cc891f,109000000,10900000,selesai,2026-07-16T11:34:41Z
10dd5924-e29e-53cb-81da-f47b5fbc2bb0,3d5a3056-5e67-5cdb-9c6c-af1b68e91512,5e998efc-04c6-5544-914b-bfe322536fbc,64668e48-371b-5ffb-8837-9c4fd033feec,4840000,484000,selesai,2026-07-17T12:43:06Z
f13de727-45fd-5a0a-b139-2251d8929093,27149eb6-760c-5455-b318-6b3dd8555c08,e69f25d4-db0e-5769-abb3-02218d82888c,a531998d-b66d-5191-a7da-a567327512a7,48000000,4800000,selesai,2026-07-17T18:24:16Z
6c5989f3-87e2-5008-80bc-afc35b6481e1,60e4bdde-c051-51e8-96c2-df538bd16d72,00e89bde-5798-59e7-81bb-02b0f7987743,951be198-4893-5acc-9f1d-ab202e87291b,157000000,15700000,selesai,2026-07-18T07:47:54Z
9983eb15-0ac0-5fc8-9cc8-2118bcfc9750,649df00b-aec8-5a95-8c22-bdcf6b0d18e5,aff844a9-441c-5139-8580-f9e7608f9e5c,c868fe01-5c24-57bf-8ffb-fdc6d3ae09a2,14200000,1420000,selesai,2026-07-19T01:48:16Z
e3e1cf60-f878-5697-b946-c37073a852a8,78a2326f-d5e0-5e97-a72e-7424030f9b4c,f1527868-08c6-59b1-b743-9e223ef23330,d9c76b21-7320-5d80-9265-153dfdbc0c20,6860000,686000,selesai,2026-07-19T03:01:32Z
05ac7154-3f3b-5dee-a338-b2b8bc708097,021f4e59-d4d9-5f11-8b05-0325ca09ea68,345cb69c-015f-5520-bf83-ec8b1bf93812,951be198-4893-5acc-9f1d-ab202e87291b,204000000,20400000,selesai,2026-07-19T03:48:45Z
470a5154-3333-5b54-a6a8-f226af823a0a,aafd7233-6453-5feb-bdaa-00e2197349ef,43e43bc7-da18-5ea2-8732-6d0f1a2ceff3,3ecb7039-f69e-55cd-869d-c7d7cf0962f6,37000000,3700000,selesai,2026-07-19T04:02:50Z
fa823906-5c26-5ed4-a32d-abca7b13b77c,4f8e72ce-0c1c-5af6-a3ba-74f193cb58ae,1abd8d19-9a49-5833-aba9-6f3a70b537f2,7cf14239-60d5-5ff0-9270-0d2dd0d62e05,4540000,454000,selesai,2026-07-19T10:16:05Z
3fb9a6e2-750e-50a1-ab9d-5d6566896984,0e613acc-feb5-5767-b646-8749db0e2e26,fb69b1d7-f311-5f7f-a460-2cfab849379f,3e92a01c-1f80-5c38-9903-fe409c3d5d61,132000000,13200000,selesai,2026-07-19T11:18:35Z
787ac638-1cad-5005-b714-069be66811d0,e33186bc-553f-5cec-9c26-28a18a813e68,7f25976e-29ea-5014-ba41-8f61f001af2d,3dbb220d-08c5-5e68-b9e9-4282c0cc891f,40200000,4020000,selesai,2026-07-19T12:01:37Z
7a1f2cb2-cd22-54a9-9af4-ffd8de2eee05,50730ae4-77ef-52a8-87bb-44d514d10715,b90a6efe-9834-540f-bbdd-1c6bab40f04a,51c4d53d-91bb-5b40-bf86-1f46a9aa18a6,118000000,11800000,selesai,2026-07-19T14:15:18Z
5dfc3334-bdf0-587b-8f65-dcbb14fb9af3,a34b464a-e0ed-50c4-bf30-eb007c95be9f,9e764bb8-a7de-565b-b008-4ab804012d64,5efed142-8369-554d-9ba2-c2f081036319,51000000,5100000,selesai,2026-07-19T20:16:28Z
94fe7527-4141-57b4-ab69-0d46f6901756,68c75be9-b70c-5f56-8592-fa2cdaa0e47c,0fb9478f-5318-5993-a4e3-03075a05174d,3dbb220d-08c5-5e68-b9e9-4282c0cc891f,40000000,4000000,selesai,2026-07-19T20:44:17Z
c7d4c9ed-fc6e-5da2-88a8-ecca20c092c2,f8b7fbb2-03a4-5381-ba79-f564ac1ad922,aff844a9-441c-5139-8580-f9e7608f9e5c,c868fe01-5c24-57bf-8ffb-fdc6d3ae09a2,23500000,2350000,selesai,2026-07-19T23:22:34Z
36666ff7-5822-5090-827b-2ab948a0587e,4c8d4482-78e8-564a-a808-f97ad0348728,43e43bc7-da18-5ea2-8732-6d0f1a2ceff3,5d9ef8fa-9d26-5e45-87a1-4a45f17d0980,35500000,3550000,selesai,2026-07-20T01:28:15Z
f52f5be1-8d7e-5927-9806-edb335297ac8,87fb1800-fe55-5801-8caf-929437d5fafd,794a1ad7-3dcb-5e01-ab47-663d34cadb1c,3ecb7039-f69e-55cd-869d-c7d7cf0962f6,64200000,6420000,selesai,2026-07-20T08:40:54Z
ed5b0501-8717-51be-aabe-dc28d4ef170c,5aaf520a-b4e7-5645-8e22-41405b4e3e04,9e09a6df-081c-5378-9fe5-48b677ed79d0,1d876d41-bc7a-55ee-91cf-65ffb2a4048b,276000000,27600000,selesai,2026-07-20T10:20:54Z
86b73cd1-6d23-5606-9b55-19507117cf17,25c2066a-13dd-5476-988c-f0fcc8901e7a,9a779412-e497-579b-8d83-f9ab37185061,21a4ae7e-8f05-5294-9e2d-32d96779246e,8210000,821000,selesai,2026-07-20T12:05:45Z
f49e1f6f-1a17-5327-b85b-48883e5de621,c63d5b36-4d65-52fc-b6d6-50ed30303ddd,9aa3bd69-c459-515c-ba8f-b408ef95a728,dd4aa9b5-3247-5ea3-9589-db5aa169c4e0,3500000,350000,selesai,2026-07-20T19:48:08Z
ca15f9d7-e82a-59e4-8368-2e31d66542c4,bce24ab6-fce4-511b-8a22-366223be126e,632614bc-8273-554c-b000-ee62113bcda6,5a27ac9a-1e04-52e2-8392-12edbe43c594,9470000,947000,selesai,2026-07-20T21:38:15Z
db0c325f-e14e-54da-b871-3b99975e48b4,c2376dcf-22eb-56d6-9169-734e09752a1d,5c3826f0-492a-5274-a17f-b749a6e3ac8a,5efed142-8369-554d-9ba2-c2f081036319,18700000,1870000,selesai,2026-07-21T04:19:14Z
f95c8371-6cac-54e5-ac9c-bf21d83a4c9d,e89795c9-0e00-57e2-9c6c-682b60230374,43e43bc7-da18-5ea2-8732-6d0f1a2ceff3,3ecb7039-f69e-55cd-869d-c7d7cf0962f6,70500000,7050000,selesai,2026-07-21T04:52:21Z
554855ac-cf9a-5a18-a7e0-11c9a5186c34,26775572-6863-55f1-8927-d3450d0ffe9b,fb502761-5596-5e07-ba87-efe51a13fbb9,6fe7b986-2984-567c-a4cc-509a0769266a,17600000,1760000,selesai,2026-07-21T08:35:03Z
faecca29-f885-5cc2-84ff-859a8b8c7740,bdc559eb-03be-53b9-9569-973f87d2853b,062a4862-1aa8-5f83-a05d-cb5691e47676,d9c76b21-7320-5d80-9265-153dfdbc0c20,2810000,281000,selesai,2026-07-21T10:34:26Z
6e677570-771e-5188-b36c-51757b8db057,4af91278-def1-56b1-be0b-dfcc146a315c,011feb48-c737-5110-960a-1bf912d84b37,3e92a01c-1f80-5c38-9903-fe409c3d5d61,39100000,3910000,selesai,2026-07-21T13:47:40Z
8bd712bc-2a3a-52a4-8305-5e932269157b,404ee447-be73-5820-98bb-ad8846ff5594,43e43bc7-da18-5ea2-8732-6d0f1a2ceff3,5efed142-8369-554d-9ba2-c2f081036319,28000000,2800000,selesai,2026-07-21T15:48:39Z
cc7c44c7-f025-53cc-bdf0-1279f34299eb,2d89785d-0f21-5cbf-ac75-4453d3cba99d,9e09a6df-081c-5378-9fe5-48b677ed79d0,6fe7b986-2984-567c-a4cc-509a0769266a,22500000,2250000,selesai,2026-07-22T03:43:06Z
012bc34a-2c92-5554-ad57-382ba289de1b,f80e862e-38ff-5be1-aa4d-93588aab7400,bb3ffa0f-14da-55eb-a57f-c2df04802686,04432a0f-51e1-5293-a8dc-89755e574853,28000000,2800000,selesai,2026-07-22T05:04:57Z
17b5955c-0f9b-5969-8860-a163f733b89d,4c40f175-06d6-51af-af31-213d94b9b23d,9a779412-e497-579b-8d83-f9ab37185061,951be198-4893-5acc-9f1d-ab202e87291b,98400000,9840000,selesai,2026-07-22T11:04:08Z
cfa675b6-b2bc-5360-baa6-2130d44f95c7,fde7e18a-af1f-5b59-9969-20a57f8fb7fe,9d8ddd11-a801-58bc-9aaa-664e027e1f0a,21a4ae7e-8f05-5294-9e2d-32d96779246e,8920000,892000,selesai,2026-07-22T15:14:24Z
875ca6f2-e62e-5c10-8463-5105460f60dc,f507c970-ce76-573b-90f1-fc34ad3fa48d,c95ec7ea-92a7-513e-b0f2-1da5e321bded,a531998d-b66d-5191-a7da-a567327512a7,102000000,10200000,selesai,2026-07-22T19:45:28Z
74e4e339-490b-5c06-99a6-f4bd59128277,833558bf-9102-5bb3-8712-e650d9e76899,5c3826f0-492a-5274-a17f-b749a6e3ac8a,a531998d-b66d-5191-a7da-a567327512a7,71400000,7140000,selesai,2026-07-23T06:14:43Z
62537d8b-a60a-5cfb-8a21-479fa8c84466,57859472-2494-579b-95b8-d73a09da0a21,1ae98ad4-8b69-57ac-8937-47e2a8df176f,951be198-4893-5acc-9f1d-ab202e87291b,160000000,16000000,selesai,2026-07-23T15:35:09Z
85f2e1d3-a2c8-5bc4-af4a-ba5418e2d630,9828967a-e238-5051-a57f-d391b4d4a359,914cb54d-8dc4-55e6-9bba-447bf30c7df3,3e92a01c-1f80-5c38-9903-fe409c3d5d61,25100000,2510000,selesai,2026-07-23T16:38:53Z
743e90df-7d39-5bcd-8ee6-e7ce22bab6b7,b5fc28de-68a5-5861-8bc0-6f85c135b10b,1d816192-26de-5c28-99a7-793dfd023ff8,dbc6f383-447d-5f26-a2f4-86753b3c416a,11700000,1170000,selesai,2026-07-23T21:20:33Z
fa8cd235-9fd8-5970-906a-1ca170dab490,2b66ee72-3273-59ad-97b3-8cd22a3625bd,be4b0a7a-9024-5d01-9efd-04a32d568f07,64668e48-371b-5ffb-8837-9c4fd033feec,1950000,195000,selesai,2026-07-24T01:06:26Z
3a570fc5-003e-5cec-b116-c9756e610d33,cd9efc66-2555-5862-9a88-06189c53e369,a2ee3505-1898-5fa4-a468-f5f9c6772028,5efed142-8369-554d-9ba2-c2f081036319,11500000,1150000,selesai,2026-07-24T04:30:36Z
fb1fed22-af4b-52a3-bdeb-89d89de8e303,43806b5c-6262-5c46-be80-8d5384512c03,1adc9f82-4a01-59e0-8c98-354a24559f3e,1d876d41-bc7a-55ee-91cf-65ffb2a4048b,70900000,7090000,selesai,2026-07-24T15:56:36Z
7c6f52b7-1f60-5d7e-9f32-a4a677422b90,a421ced8-3f87-5ccd-ae65-0530f7aae51d,f0f5f5df-392d-5d84-b371-fe82af30c664,5d9ef8fa-9d26-5e45-87a1-4a45f17d0980,50300000,5030000,selesai,2026-07-25T06:56:46Z
7ac5636f-af06-534e-9de1-c33229187be6,d6d44aea-6adb-5ce3-9c95-6df24d0ddad9,0f0b75b9-0a40-5393-8a6d-01dbe02c9029,5a27ac9a-1e04-52e2-8392-12edbe43c594,4010000,401000,selesai,2026-07-26T00:17:54Z
26ca6565-1565-50e2-a1dc-d9cfdd82ebdb,0dd5f49e-f0bd-520a-923e-fe60a205a356,9a779412-e497-579b-8d83-f9ab37185061,951be198-4893-5acc-9f1d-ab202e87291b,109000000,10900000,selesai,2026-07-26T01:42:40Z
1ef5ac09-878b-5bd0-977b-35a3931092fa,9bd443d5-6f2f-545d-9700-3dcb31bd9381,4e5749fa-1d58-58e8-b68a-db3089c84b49,dd4aa9b5-3247-5ea3-9589-db5aa169c4e0,8580000,858000,selesai,2026-07-26T07:11:16Z
c7a08494-ff88-58d5-bbe9-496af629f462,522fa5e8-749a-5fa2-91de-835fc236fd06,179a2581-11cb-5dd1-af30-697a9f725e91,51c4d53d-91bb-5b40-bf86-1f46a9aa18a6,567000000,56700000,selesai,2026-07-26T08:48:57Z
02f244f7-0c00-5d0d-aa9e-489180cbc6ae,58a434e9-0bb6-53c8-a4ef-e3d2e1e7b18f,d10b4e12-8728-5b1b-98cf-9eb8c29367c5,04432a0f-51e1-5293-a8dc-89755e574853,25200000,2520000,selesai,2026-07-26T13:36:05Z
51dc5373-1552-55e7-aa21-0cbada7b168b,5c9d6cf6-8571-5fc0-8fb4-3a270d5d190a,179a2581-11cb-5dd1-af30-697a9f725e91,951be198-4893-5acc-9f1d-ab202e87291b,257000000,25700000,selesai,2026-07-26T17:49:17Z
8061fa9e-3187-5c6b-a5d9-79c958d31f2b,d6f366e5-fbf2-5601-9007-dc32d02b19af,aff844a9-441c-5139-8580-f9e7608f9e5c,3e92a01c-1f80-5c38-9903-fe409c3d5d61,32600000,3260000,selesai,2026-07-26T22:07:17Z
e8e32cf4-f96b-5213-bf64-9fdbd60195e2,41051a3b-f60b-5c0b-b2d6-d38493550006,fdf6aa1c-ef4c-51c5-80c3-15a6df7ea57c,951be198-4893-5acc-9f1d-ab202e87291b,111000000,11100000,selesai,2026-07-27T03:46:33Z
b2e1147c-0210-5780-bec0-7ba6f8a79dd9,4ec82f87-588e-5a35-9c95-55b4008321cb,96d805da-4016-5aad-9187-6ce1aba206b1,1d876d41-bc7a-55ee-91cf-65ffb2a4048b,147000000,14700000,selesai,2026-07-27T13:25:17Z
4549a141-e003-5c88-9356-36359f46d519,bd6f2675-f5e5-5585-98e9-6f9c67181da8,c6259694-efa2-59da-af12-3baae1b19e5c,04432a0f-51e1-5293-a8dc-89755e574853,80800000,8080000,selesai,2026-07-27T13:28:29Z
205227a4-32c1-5c17-b631-d9daad9564e7,21fbb25f-4032-5f0c-a3ce-82788acce7c8,130ec63c-8ce6-5e6d-9a74-9ac7ba68756a,dd4aa9b5-3247-5ea3-9589-db5aa169c4e0,2670000,267000,selesai,2026-07-28T10:30:30Z
801e5792-9ab7-5356-9a6b-5d6c81520c2e,bd9ce901-ef53-5cb2-8a11-a8a8da1a443b,dac1cb0f-4a65-597b-a984-9970dda3e70e,3e92a01c-1f80-5c38-9903-fe409c3d5d61,47700000,4770000,selesai,2026-07-28T12:07:36Z
672557b8-a01b-54b9-a02c-e26d5114ce8d,5fe84947-1ae9-5666-9764-d4af2bffb0c6,66a4e198-2582-5bd6-888f-e2530da725b8,c868fe01-5c24-57bf-8ffb-fdc6d3ae09a2,9100000,910000,selesai,2026-07-28T15:26:26Z
e3b4c8f8-b333-5126-9e29-39e9c3ca2ce5,a433b2a1-7f1f-5530-ad42-2556c2d4b2b1,adf570fb-d074-553c-b198-c922b7051759,a531998d-b66d-5191-a7da-a567327512a7,119000000,11900000,selesai,2026-07-29T03:26:45Z
ee623752-f88b-5b84-81a8-dfd9c02741a1,f5b3953f-5202-5516-8e6b-b6bcbd89f6d2,e50a3997-254d-5fc5-b387-cab444d77739,1d25dbba-d1e1-5b79-bb67-3d22aced6cb8,10700000,1070000,selesai,2026-07-29T03:58:44Z
b5ad97cc-efea-5fda-b684-dc5d879d45e3,17cdd1ff-cab5-5ab0-88ba-89fe87dfb238,4d92d705-4df8-5043-9e02-eb1038c10658,21a4ae7e-8f05-5294-9e2d-32d96779246e,3210000,321000,selesai,2026-07-29T04:50:41Z
df3dfb5d-95d7-5ce5-953f-acf50e408d2f,2246f466-29e5-595a-aea1-20b6989fe8f2,ef0356dd-87e1-5984-b1be-132117550930,5d9ef8fa-9d26-5e45-87a1-4a45f17d0980,29800000,2980000,selesai,2026-07-29T10:14:05Z
506294f0-5b29-51f3-8e75-5806cc5c56f7,8affbedf-d501-5d2a-9bf3-08fd8d0b5f1b,7b4d85c8-868f-5ea4-8316-f36e9a7e06c4,6fe7b986-2984-567c-a4cc-509a0769266a,38200000,3820000,selesai,2026-07-29T18:14:34Z
8f57b232-5355-59b7-a705-1cd3c90ae42e,a8800f6d-b7d9-56be-9cf3-24d0d6ea0e79,e1b49a89-7c6d-56bf-a382-7777e54336b5,5a27ac9a-1e04-52e2-8392-12edbe43c594,2770000,277000,selesai,2026-07-29T23:10:43Z
fb2b49f2-da77-50c8-9059-fb45de83a2b0,15c3998b-e4bb-5098-8555-19a97fa63ea1,5c3826f0-492a-5274-a17f-b749a6e3ac8a,1d876d41-bc7a-55ee-91cf-65ffb2a4048b,42400000,4240000,selesai,2026-07-29T23:26:06Z
5b2a762b-2556-53a1-a4ad-3a242c1444f1,86a55df2-4008-5069-9592-96a1687c5eb9,91208491-af2c-5360-b7a5-93ffd255697d,951be198-4893-5acc-9f1d-ab202e87291b,107000000,10700000,selesai,2026-07-30T01:44:22Z
1e528d8a-127a-5e81-a7ba-0240ab32b4ef,15fdc8da-2d9c-5421-ad45-f7eac3dd1ae9,ae9a0e88-72e5-5523-b081-7fbc68880af7,a6782ff2-13ef-5b2b-a432-7d121a6ae6c4,3050000,305000,selesai,2026-07-30T03:11:10Z
9a633a31-06ee-5562-ba36-29b7476bd1a2,1ce8d2dd-9725-5ca9-b998-e427e689cfca,e50a3997-254d-5fc5-b387-cab444d77739,6fe7b986-2984-567c-a4cc-509a0769266a,15300000,1530000,selesai,2026-07-30T04:18:44Z
3794e343-9976-576e-a124-91e3551f6edc,6f2dad7c-a30a-56ec-bcd8-4afba2686fce,27dd3660-106b-59e6-9c54-c48da27e9016,a6782ff2-13ef-5b2b-a432-7d121a6ae6c4,9190000,919000,selesai,2026-07-30T08:14:12Z
5b1df527-b20c-5a9b-9148-3a4122546b14,8586f503-be28-58fe-b645-3bc68ebd6e8a,47912d25-6df1-5389-996c-63b4a12b0891,3e92a01c-1f80-5c38-9903-fe409c3d5d61,52000000,5200000,selesai,2026-07-30T09:15:45Z
5cac3675-b15d-5d98-ad7e-8f5a7290056b,f3d03b04-a285-55cd-83b3-a571d326c1bf,d8e33127-de32-56d5-9c99-ec0a8c5c5614,7cf14239-60d5-5ff0-9270-0d2dd0d62e05,7580000,758000,selesai,2026-07-30T14:03:13Z
864b9d26-0c9f-5c6a-82dc-407cbdbf9c1e,0c7248b1-9299-5292-946f-127480347e49,95158fe7-2d9c-5d33-bb80-597ad6f20eff,3ecb7039-f69e-55cd-869d-c7d7cf0962f6,12500000,1250000,selesai,2026-07-31T00:18:05Z
7659e01e-09c6-5539-9c69-65b5645cf1a6,272b1b57-ebc0-571c-9641-ff8c7f4d0f5c,1ae98ad4-8b69-57ac-8937-47e2a8df176f,1d876d41-bc7a-55ee-91cf-65ffb2a4048b,40600000,4060000,selesai,2026-07-31T01:00:35Z
5449e417-eeec-5e7e-8661-da6bc9f0e2bd,0f07eaa9-4f40-5e94-89b2-2da20a8d1144,43e43bc7-da18-5ea2-8732-6d0f1a2ceff3,a531998d-b66d-5191-a7da-a567327512a7,88100000,8810000,selesai,2026-07-31T03:59:10Z
2594c1d3-30c6-5e85-b898-b42901e10832,97a69979-e8e5-5b38-adc7-e9ffbba99aca,e69f25d4-db0e-5769-abb3-02218d82888c,dbc6f383-447d-5f26-a2f4-86753b3c416a,41500000,4150000,selesai,2026-07-31T07:16:05Z
1a535375-a3fd-5b7b-bbed-28a6fccbec70,ebee2d3a-2604-56ac-8e29-6060ea97c095,bbf1bb4d-da5e-5b73-9d8f-a77f234626af,a531998d-b66d-5191-a7da-a567327512a7,32900000,3290000,selesai,2026-07-31T10:39:15Z
f964fe8c-82f1-5b0d-9bdc-82cd3c330764,2c211dd7-3931-5a87-a0fc-7c10b89fc1bf,f0f5f5df-392d-5d84-b371-fe82af30c664,5d9ef8fa-9d26-5e45-87a1-4a45f17d0980,60700000,6070000,selesai,2026-07-31T11:24:51Z
217ccd31-f9de-581c-bc33-e088acc9a92e,3ac96cbc-d881-5de7-a7e5-ad893a97b46f,4e3ced83-fd56-55fd-abd7-47be78725639,3ecb7039-f69e-55cd-869d-c7d7cf0962f6,11600000,1160000,selesai,2026-07-31T16:03:42Z
713c47c3-a5ac-5e91-b6e7-5bcaeab2743a,4e8f31a7-943c-5288-9b81-171f2d897517,8027957b-7b93-5032-915c-3cbd4142f8a8,951be198-4893-5acc-9f1d-ab202e87291b,107000000,10700000,selesai,2026-08-01T17:28:23Z
23608e05-6a4b-5118-ba9b-e41caa63637c,b664fb7d-f0a8-5b1f-a2e1-7c5fd7100d63,707728ca-a796-5849-83ff-74af4dd9b3ff,51c4d53d-91bb-5b40-bf86-1f46a9aa18a6,159000000,15900000,selesai,2026-08-01T21:39:25Z
b20fe5ab-5a78-5670-ad4a-5b2a5aad5a66,161ee945-c7e7-5ca5-bcad-9b5041878967,ea2dd656-db8e-51fd-80d2-89b29fa3e2e6,5a27ac9a-1e04-52e2-8392-12edbe43c594,17200000,1720000,selesai,2026-08-02T01:11:11Z
874b581f-f82e-5ffa-b161-2f7b61fe3742,95bd28ca-44cb-5059-8c82-f0732f5903be,9a779412-e497-579b-8d83-f9ab37185061,951be198-4893-5acc-9f1d-ab202e87291b,72300000,7230000,selesai,2026-08-02T05:25:22Z
3daba55f-31ab-5399-a1dd-b99ce61b3a4e,45109d7d-5175-5630-b2fe-37d520f0c67d,96d805da-4016-5aad-9187-6ce1aba206b1,04432a0f-51e1-5293-a8dc-89755e574853,55600000,5560000,selesai,2026-08-02T15:15:53Z
afb7c104-95fc-5d97-9997-01b821431c2c,e2623f3e-26ca-5734-a441-1c705b0f44da,adf570fb-d074-553c-b198-c922b7051759,3dbb220d-08c5-5e68-b9e9-4282c0cc891f,98500000,9850000,selesai,2026-08-02T15:26:03Z
c4993cf6-0124-5f86-9edd-547a12c02f4e,7da1b4e8-5b40-5336-a454-16f6c2e3ea30,9f9080b9-7195-5910-8532-44b6139f476e,1d25dbba-d1e1-5b79-bb67-3d22aced6cb8,20400000,2040000,selesai,2026-08-03T01:38:51Z
459ff997-a528-5ffc-990f-63a54ca91215,b1ae39b3-f7b9-5c19-8b7e-e5edc207d28e,0cb0537b-f5e1-5f33-9483-09c1975d23fc,1d25dbba-d1e1-5b79-bb67-3d22aced6cb8,5610000,561000,selesai,2026-08-03T10:04:53Z
2375f234-1959-55f7-84d3-cadb2e2e2a2c,260414d3-0bca-58aa-8eb8-dde134b91ab1,8027957b-7b93-5032-915c-3cbd4142f8a8,1d876d41-bc7a-55ee-91cf-65ffb2a4048b,73300000,7330000,selesai,2026-08-03T11:05:50Z
8ad9ca18-b976-5d7e-9cf9-096540da3f1b,a37f55d2-e927-54d8-988e-5df4a2a7c1c5,4d585877-2c17-5012-8f6e-09593a947064,951be198-4893-5acc-9f1d-ab202e87291b,86400000,8640000,selesai,2026-08-04T00:00:59Z
fc594a17-00ca-5bbb-a776-c31afa931e93,69b51a2b-0c8e-5463-b03c-c27d0fb1283a,9a779412-e497-579b-8d83-f9ab37185061,a531998d-b66d-5191-a7da-a567327512a7,105000000,10500000,selesai,2026-08-04T11:58:48Z
b3ec7a6b-e971-585b-940f-e0a987c9e916,216613fa-71b9-540e-8a52-d1bf3e2f072f,2d5f7b0c-20e4-5e20-a6f3-9d40a681ccd9,3dbb220d-08c5-5e68-b9e9-4282c0cc891f,51600000,5160000,selesai,2026-08-04T23:23:34Z
42a6bdef-4cb2-57ab-a1d7-f60c0473605c,4a6d2c1b-b6c2-5548-abe6-6b9162211e1a,9a779412-e497-579b-8d83-f9ab37185061,3e92a01c-1f80-5c38-9903-fe409c3d5d61,51100000,5110000,selesai,2026-08-05T07:05:32Z
99ed74a1-cd4c-5adc-b19b-bede8c0280eb,92848263-9c6e-50cd-bf2b-1ef7b1b14d5f,0b0493f3-0689-5073-9e9d-268e7130874a,951be198-4893-5acc-9f1d-ab202e87291b,160000000,16000000,selesai,2026-08-06T12:48:34Z
db2fe605-7ebb-5e78-ba84-9fe5b2a07a06,8c05b2f8-ac51-5f62-aea4-6f4ee4f1776b,68e8cbbb-da04-5541-862e-e1e28cf5c347,a6782ff2-13ef-5b2b-a432-7d121a6ae6c4,7460000,746000,selesai,2026-08-06T13:47:16Z
9f651c9b-b8a1-5763-a13f-72822fd1a73f,f71a926d-26eb-584a-bbae-44fc5362f90c,43e43bc7-da18-5ea2-8732-6d0f1a2ceff3,5efed142-8369-554d-9ba2-c2f081036319,21600000,2160000,selesai,2026-08-06T14:24:24Z
d8aec97a-1b96-509e-8e25-dce029c529ec,6e519a76-c380-57b5-9dd8-df4051b9dfd0,4afba102-2377-5929-b170-70f6cfa4bfea,a531998d-b66d-5191-a7da-a567327512a7,79000000,7900000,selesai,2026-08-06T15:05:25Z
bc0ca014-f957-538b-ae8d-fef62e37bc96,74373488-611c-50bf-9c4a-ad9015737ed3,4e3ced83-fd56-55fd-abd7-47be78725639,1d25dbba-d1e1-5b79-bb67-3d22aced6cb8,5160000,516000,selesai,2026-08-06T23:29:31Z
d01e48d6-82b9-5420-9bc4-51279cd6d96d,0a084db6-3a45-5d14-bdef-55d3a01e4ec4,3227257d-7266-599b-b2b0-6dfa5ee81df5,3e92a01c-1f80-5c38-9903-fe409c3d5d61,26800000,2680000,selesai,2026-08-07T01:28:55Z
462d654f-9226-502b-8ba2-897daa590fc6,f4c03c69-cfa9-54d9-ad3a-66adb88879dc,9a779412-e497-579b-8d83-f9ab37185061,5efed142-8369-554d-9ba2-c2f081036319,38400000,3840000,selesai,2026-08-07T18:56:19Z
09bd607a-0c19-5a0c-8351-8dfb8eccee9f,b86671c3-c35f-5129-ba2f-a3332431bb2f,130ec63c-8ce6-5e6d-9a74-9ac7ba68756a,23ba78b5-421a-5447-b022-5a66fe8d084d,8980000,898000,selesai,2026-08-07T20:54:58Z
0fb8c0b4-d434-563a-b6bc-4ed66d0d840e,75975096-a706-5bea-a103-b2bb651d8885,44172e1c-bd66-55ba-b447-447aada11fc6,3e92a01c-1f80-5c38-9903-fe409c3d5d61,63500000,6350000,selesai,2026-08-08T07:27:52Z
6a9d48c3-b0eb-50b1-84e4-870f97b21f03,048beac7-bfc2-5d0c-9ee7-d8affda79d5b,dac1cb0f-4a65-597b-a984-9970dda3e70e,04432a0f-51e1-5293-a8dc-89755e574853,47600000,4760000,selesai,2026-08-08T09:03:47Z
5a79ae86-9c91-5061-8882-beb3db8ecf8b,bf18aa41-72e8-5062-bf93-3f7e607303e0,66a4e198-2582-5bd6-888f-e2530da725b8,dad52c43-2eab-5272-a61d-dca032e6b1db,6170000,617000,selesai,2026-08-08T12:58:44Z
302e2967-cc7d-5062-b6cb-cc27ff710a9c,c7fa3637-182c-5ddf-96d3-08d829014351,1ae98ad4-8b69-57ac-8937-47e2a8df176f,a531998d-b66d-5191-a7da-a567327512a7,64700000,6470000,selesai,2026-08-08T16:29:02Z
6dcbe849-2437-53f1-bb40-42c5869c6819,d1b3a05e-afc4-59fa-8dcb-c075f2508fe0,87c5ecb9-dcb5-5270-9095-84661e8899cd,a531998d-b66d-5191-a7da-a567327512a7,108000000,10800000,selesai,2026-08-08T18:24:04Z
781b64dd-f0eb-5bc3-abc4-185ff63a5051,a308d176-c01d-5539-a283-368548184396,47912d25-6df1-5389-996c-63b4a12b0891,a6782ff2-13ef-5b2b-a432-7d121a6ae6c4,13100000,1310000,selesai,2026-08-08T21:16:38Z
42f6360b-bc60-5f52-97d6-952b9d94619f,2aa2b46a-bc93-5a40-ac96-027ba8d57765,38acfa2d-85ab-5007-8e53-d7fbf0a35a8d,dad52c43-2eab-5272-a61d-dca032e6b1db,6610000,661000,selesai,2026-08-08T21:46:09Z
b0402e35-0d1e-5099-9f4e-fcb0b1d3647b,fa582238-d520-5f79-b240-38deb649afe3,474eb440-5a37-5ffd-8f99-dfca5ca49d78,3dbb220d-08c5-5e68-b9e9-4282c0cc891f,29200000,2920000,selesai,2026-08-09T00:23:01Z
62df5318-ac7d-5e5d-9e8a-0292f1404293,d5b428a0-1852-590b-810b-26e5f31adc94,43e43bc7-da18-5ea2-8732-6d0f1a2ceff3,51c4d53d-91bb-5b40-bf86-1f46a9aa18a6,119000000,11900000,selesai,2026-08-09T00:49:04Z
eaf1e7da-c121-5edd-93aa-747e12dd5b81,e6474bf9-54f9-551d-9f6a-3f0d715243ea,44172e1c-bd66-55ba-b447-447aada11fc6,3e92a01c-1f80-5c38-9903-fe409c3d5d61,76900000,7690000,selesai,2026-08-09T01:46:29Z
748f2b85-c75d-52cc-a468-e4b7de3a4e36,15bfd5e9-1db7-5878-a941-ea6758bd4aed,9e09a6df-081c-5378-9fe5-48b677ed79d0,3e92a01c-1f80-5c38-9903-fe409c3d5d61,33700000,3370000,selesai,2026-08-09T05:04:17Z
84ea06d5-da53-53b3-9c90-254666ef94e5,64074180-2558-521b-b077-b5c6135645bf,5cb7773c-211a-5d9c-819a-e30bc06bc3ee,dad52c43-2eab-5272-a61d-dca032e6b1db,6260000,626000,selesai,2026-08-09T05:26:49Z
d459f985-cf1f-5595-8ade-b409b69c3df0,348f33c8-4490-580e-9b73-d814b91d104a,e202f1c8-c8f5-564c-9c97-af7d4d524141,3ecb7039-f69e-55cd-869d-c7d7cf0962f6,34100000,3410000,selesai,2026-08-09T12:05:42Z
4b151598-26dd-5abd-8060-f878787f4b1f,f45a748f-0a5d-5cff-923d-055c627d0a09,2ef7761d-6de4-5de7-b1c2-3d05a921b80b,dad52c43-2eab-5272-a61d-dca032e6b1db,8630000,863000,selesai,2026-08-09T12:08:02Z
2c4377af-c60e-5566-abb0-eea514060ffe,5607636c-2cde-5de7-bae6-af8adb51c655,4c651658-1bd6-5988-bfa3-b4edb56a667a,51c4d53d-91bb-5b40-bf86-1f46a9aa18a6,815000000,81500000,selesai,2026-08-09T15:07:58Z
8e313b7b-c8e6-5d7f-9bc7-12f43019c024,15617e2b-297d-5d57-9869-06005c3f976d,b90a6efe-9834-540f-bbdd-1c6bab40f04a,5efed142-8369-554d-9ba2-c2f081036319,20900000,2090000,selesai,2026-08-09T20:08:03Z
aaa71830-0a45-5a79-a25a-0c6b11f2d35e,018b9f28-def9-5d27-bd0c-30146a4498c1,c6259694-efa2-59da-af12-3baae1b19e5c,dbc6f383-447d-5f26-a2f4-86753b3c416a,12800000,1280000,selesai,2026-08-09T23:45:24Z
689ef745-b706-5907-95ed-888c6da92659,51de8ce8-27a5-5bf6-ac48-d5f3449f076f,7b4d85c8-868f-5ea4-8316-f36e9a7e06c4,c868fe01-5c24-57bf-8ffb-fdc6d3ae09a2,17700000,1770000,selesai,2026-08-10T00:09:38Z
7fd27d11-7bab-579c-9187-fe33e4ce0bdb,6535cabe-eb7c-5ddc-ab83-c4964322e6e8,130ec63c-8ce6-5e6d-9a74-9ac7ba68756a,1d25dbba-d1e1-5b79-bb67-3d22aced6cb8,7980000,798000,selesai,2026-08-10T09:49:10Z
cbee8721-273c-5e87-84e9-ed83ae7a9c4a,8eb827d5-4f11-5657-9748-fe8a9dab2e34,3166d28b-1835-5ff7-b779-284ed64d43cb,d9c76b21-7320-5d80-9265-153dfdbc0c20,7060000,706000,selesai,2026-08-10T11:59:37Z
30c466ee-5664-53b2-8703-1925f88f2209,e66b15d5-db68-51c5-a489-281ac37ca6b1,9144077e-2a07-55b3-bcf2-4c054eb2d349,5d9ef8fa-9d26-5e45-87a1-4a45f17d0980,33200000,3320000,selesai,2026-08-10T22:52:10Z
f7f44a63-bad5-5b37-ac8e-26370b659f5e,15f9f2f5-0e51-56f1-bb9b-15d2f49eda80,bb3ffa0f-14da-55eb-a57f-c2df04802686,a531998d-b66d-5191-a7da-a567327512a7,111000000,11100000,selesai,2026-08-11T05:00:07Z
0d41528a-a4e0-588c-90bd-c97ddb48352f,518d2cd8-b760-58a1-9fa2-56469ba6d9e5,179a2581-11cb-5dd1-af30-697a9f725e91,951be198-4893-5acc-9f1d-ab202e87291b,240000000,24000000,selesai,2026-08-11T05:59:39Z
ecb9cec0-8592-514e-8693-1b0f8360905c,78b55504-02fa-5565-a13c-1fc15521d80e,43e43bc7-da18-5ea2-8732-6d0f1a2ceff3,3dbb220d-08c5-5e68-b9e9-4282c0cc891f,22900000,2290000,selesai,2026-08-11T07:26:53Z
0dde6dea-77cf-54b0-a174-b3f2c8b8a437,f16bf6ae-78ee-57c5-84b1-86c3eb002f64,f1527868-08c6-59b1-b743-9e223ef23330,23ba78b5-421a-5447-b022-5a66fe8d084d,13400000,1340000,selesai,2026-08-11T08:18:14Z
aec12f52-0ea2-5395-82e8-c1259e1f7e44,b7a687a4-1850-515e-b41f-0e08f697a274,4d585877-2c17-5012-8f6e-09593a947064,3ecb7039-f69e-55cd-869d-c7d7cf0962f6,49200000,4920000,selesai,2026-08-11T08:49:48Z
ef34681d-035b-53b4-906e-5c1868db7a8e,f220df78-6c43-5597-838b-02b0bdcb8271,e69f25d4-db0e-5769-abb3-02218d82888c,5d9ef8fa-9d26-5e45-87a1-4a45f17d0980,43300000,4330000,selesai,2026-08-11T09:00:29Z
e50bb31d-2c79-5b79-a7be-24e179039ae8,7d727ddb-b80f-5df8-80a1-636d7f187c54,4d585877-2c17-5012-8f6e-09593a947064,951be198-4893-5acc-9f1d-ab202e87291b,150000000,15000000,selesai,2026-08-11T18:24:51Z
696772aa-2054-576e-b2e2-5ef9d60db7d1,c917ccb5-3eb3-5996-9be8-e946e45a9727,43e43bc7-da18-5ea2-8732-6d0f1a2ceff3,64668e48-371b-5ffb-8837-9c4fd033feec,14600000,1460000,selesai,2026-08-11T23:33:14Z
22c1263b-4274-556f-87c0-06e563de31b8,72220cd2-0b3f-57da-917c-d3baf7c5e6ce,8ffa5b86-7270-5fc0-bf1c-5b43800acac3,3e92a01c-1f80-5c38-9903-fe409c3d5d61,23900000,2390000,selesai,2026-08-12T05:02:42Z
60762133-fc53-5e01-b1c6-50051ca6b041,4933c159-72b1-530f-be13-84556a3f266a,4afba102-2377-5929-b170-70f6cfa4bfea,a531998d-b66d-5191-a7da-a567327512a7,50300000,5030000,selesai,2026-08-12T07:34:25Z
93705422-6b58-582d-96a5-88c1e30b0407,35e8065d-9918-50a4-93b7-e3e5b31699a3,e69f25d4-db0e-5769-abb3-02218d82888c,5d9ef8fa-9d26-5e45-87a1-4a45f17d0980,13100000,1310000,selesai,2026-08-12T10:30:03Z
64e21878-e117-5574-acf0-22e0c8b69967,a03bebca-b5a5-52cf-b38d-4e48c023f97f,8ad954bc-1b99-5407-973d-73554444435a,04432a0f-51e1-5293-a8dc-89755e574853,19300000,1930000,selesai,2026-08-12T12:36:54Z
242ecbd1-2d7d-5e2e-95a6-f0b53b61769c,5a6044d0-261a-5b72-8140-1f2e6d8b6450,f0f5f5df-392d-5d84-b371-fe82af30c664,3e92a01c-1f80-5c38-9903-fe409c3d5d61,95200000,9520000,selesai,2026-08-12T20:06:41Z
56469e9a-e774-5ee3-9975-5f5ad5ac5a99,9bfddeba-1b50-546f-b099-6207232bd111,7dd9860e-b390-50c5-899d-08c943295c11,c868fe01-5c24-57bf-8ffb-fdc6d3ae09a2,16400000,1640000,selesai,2026-08-12T20:43:16Z
d715118b-5262-5380-89ef-37f98a7f759f,1c116d27-724f-54d0-b151-8c42353afc62,2849d62d-d267-52f6-ae18-fa6e10b67d58,3ecb7039-f69e-55cd-869d-c7d7cf0962f6,26200000,2620000,selesai,2026-08-13T03:09:54Z
15433ca5-889f-5982-97d6-bb81e2648005,e9580bf2-8c69-5484-b429-2a3ae6f3900e,9c6e09a0-2346-5608-ba26-22aa33f52834,a531998d-b66d-5191-a7da-a567327512a7,57800000,5780000,selesai,2026-08-13T13:16:40Z
32bba4d6-609e-55ca-bfb1-98ae287cb568,6e16ccf0-cdc8-5168-b51c-60346d4d3328,7dd9860e-b390-50c5-899d-08c943295c11,c868fe01-5c24-57bf-8ffb-fdc6d3ae09a2,14700000,1470000,selesai,2026-08-13T21:03:20Z
101b79e4-274d-5526-9130-2bee08e544dc,19a35e8e-0ac4-59e7-b98b-92759a3cf21e,4c651658-1bd6-5988-bfa3-b4edb56a667a,51c4d53d-91bb-5b40-bf86-1f46a9aa18a6,327000000,32700000,selesai,2026-08-14T04:12:29Z
de223c7a-52b6-5d63-8f1a-a5a8bd730a2a,2fe1220c-0c37-5436-8c8d-b278e8c04289,707728ca-a796-5849-83ff-74af4dd9b3ff,04432a0f-51e1-5293-a8dc-89755e574853,25000000,2500000,selesai,2026-08-14T04:44:38Z
f48d8ae4-6f7c-5a73-90a0-1f9e5c900b12,4251be21-0dce-59ac-b8e0-5b46f5e368c2,9a779412-e497-579b-8d83-f9ab37185061,951be198-4893-5acc-9f1d-ab202e87291b,77400000,7740000,selesai,2026-08-14T16:29:55Z
52964c50-1876-5187-9504-26d045a7707a,4f844819-6e5d-59be-8750-7f8fb95f5dae,fdf6aa1c-ef4c-51c5-80c3-15a6df7ea57c,951be198-4893-5acc-9f1d-ab202e87291b,84900000,8490000,selesai,2026-08-14T17:40:05Z
83bd4b3d-265a-5b44-9fa7-ad0d334f6b85,97fc1ddd-8ea5-5ff1-9ac5-26d570c550fc,914cb54d-8dc4-55e6-9bba-447bf30c7df3,3dbb220d-08c5-5e68-b9e9-4282c0cc891f,42500000,4250000,selesai,2026-08-14T19:53:46Z
8d906dc4-a89f-5511-949f-d7113a8fe420,fef289b0-8b66-5447-86d0-4b48483c5cdf,0cb0537b-f5e1-5f33-9483-09c1975d23fc,23ba78b5-421a-5447-b022-5a66fe8d084d,4990000,499000,selesai,2026-08-14T22:15:08Z
27c96292-eb4d-54a3-aec1-1eed939c50f9,138c1f3a-6d3f-5136-8a5a-8eb973a22513,e8dfeec7-59ec-5b0a-937d-9d32d5ce89e3,51c4d53d-91bb-5b40-bf86-1f46a9aa18a6,320000000,32000000,selesai,2026-08-15T00:30:43Z
09dbd13f-1b34-5536-9564-226a51f7ebf9,f0eea580-372d-5e9b-bb73-031286bf2c0b,96d805da-4016-5aad-9187-6ce1aba206b1,3e92a01c-1f80-5c38-9903-fe409c3d5d61,64900000,6490000,selesai,2026-08-15T02:28:05Z
67e6f3a3-51ab-5ff7-9f77-97f21b737b77,7826abf0-87cf-5221-83c3-dee9ace6be89,47912d25-6df1-5389-996c-63b4a12b0891,3e92a01c-1f80-5c38-9903-fe409c3d5d61,49900000,4990000,selesai,2026-08-15T07:54:36Z
e03f4846-2328-57cb-a77a-5fa945ed9b27,e4a79e02-2538-5509-9682-f1faf2bba5fd,d8b7f6a9-5f67-5988-b332-33ccb2dc98d8,3e92a01c-1f80-5c38-9903-fe409c3d5d61,22300000,2230000,selesai,2026-08-15T18:17:56Z
b96d455c-12e7-5afc-bf53-3dd7c6755955,1b8100b1-371c-53fc-a51a-5712229a27cf,9d8ddd11-a801-58bc-9aaa-664e027e1f0a,a531998d-b66d-5191-a7da-a567327512a7,81100000,8110000,selesai,2026-08-16T01:41:11Z
8343867b-fc84-5428-89c8-6ff4c0560906,46caa1e6-a11c-5f7a-bc9a-f2c745118353,9a779412-e497-579b-8d83-f9ab37185061,3ecb7039-f69e-55cd-869d-c7d7cf0962f6,56500000,5650000,selesai,2026-08-16T05:17:22Z
7b727759-391c-5f92-824f-e73417b7a54f,6793ee71-9654-533e-bbf9-85f2a9a3fe7d,4a0ab876-f5c1-5e6b-930d-5530936fa7d5,5efed142-8369-554d-9ba2-c2f081036319,29400000,2940000,selesai,2026-08-16T13:27:59Z
ad0e4590-dc2e-5f30-a180-b5d71629ae61,c53f4c8f-7ed8-5f45-a536-c0e5cafd7dc8,43e43bc7-da18-5ea2-8732-6d0f1a2ceff3,51c4d53d-91bb-5b40-bf86-1f46a9aa18a6,147000000,14700000,selesai,2026-08-16T14:58:21Z
3ff493f4-0699-58fa-9c35-910fde5abc34,df340ed1-5a2f-5871-a759-1fcc5437b68c,914cb54d-8dc4-55e6-9bba-447bf30c7df3,3ecb7039-f69e-55cd-869d-c7d7cf0962f6,51000000,5100000,selesai,2026-08-16T18:33:49Z
ada4d641-2c45-5f05-97f5-cd358e0fc901,c507cf1a-d174-592b-9bbc-03401016e138,275fa008-4c0a-5ffd-a05f-04d3a2e036ae,5a27ac9a-1e04-52e2-8392-12edbe43c594,5180000,518000,selesai,2026-08-17T22:06:44Z
d668555c-8f26-5152-be3d-cd2a0f304e80,490b83bc-1962-5ac7-bb2d-93c5daf9f39d,1abd8d19-9a49-5833-aba9-6f3a70b537f2,c868fe01-5c24-57bf-8ffb-fdc6d3ae09a2,8260000,826000,selesai,2026-08-17T22:46:39Z
629e866b-6816-5def-88a8-0fb76e8d4aef,8d11b06b-ba87-5327-8bf5-08fa82cdc3eb,0fcdaaab-0983-523a-8e1e-1c48f8e127cd,7cf14239-60d5-5ff0-9270-0d2dd0d62e05,2740000,274000,selesai,2026-08-18T00:58:11Z
eb5db42c-c44e-534c-9563-59941bcace49,bc7f5c41-6fd5-57b2-bf6e-020b285aecd0,d5cb07d3-ef0b-5479-a684-223288de896d,7cf14239-60d5-5ff0-9270-0d2dd0d62e05,10700000,1070000,selesai,2026-08-18T08:48:04Z
c5294034-0774-5aed-acde-6506cb583b0c,193df1e2-a4c6-5dc4-9706-0fd6adc59d84,47912d25-6df1-5389-996c-63b4a12b0891,a531998d-b66d-5191-a7da-a567327512a7,161000000,16100000,selesai,2026-08-18T09:29:37Z
408e45dd-f099-5266-9604-53c2b425212f,c4bd5a76-1554-53c1-919e-e980fadb1d6d,43e43bc7-da18-5ea2-8732-6d0f1a2ceff3,951be198-4893-5acc-9f1d-ab202e87291b,70800000,7080000,selesai,2026-08-18T11:40:12Z
45384650-9825-58c0-9b80-70f7ae83bf26,b81f7056-7417-507a-b317-2f652a14c51a,c11f3e8a-99bb-5153-885e-7646661cf764,04432a0f-51e1-5293-a8dc-89755e574853,33500000,3350000,selesai,2026-08-18T15:31:45Z
af5ce2e8-907c-5d05-b755-b83f4a420cfd,c290d445-8286-5e28-924d-d7c1b4fed4ee,9a779412-e497-579b-8d83-f9ab37185061,3ecb7039-f69e-55cd-869d-c7d7cf0962f6,31900000,3190000,selesai,2026-08-18T18:12:47Z
d4502a52-41c6-58bb-8418-5dfc21029750,792e3b51-59a6-547c-a83a-54ae5272c287,3227257d-7266-599b-b2b0-6dfa5ee81df5,5efed142-8369-554d-9ba2-c2f081036319,48200000,4820000,selesai,2026-08-18T22:13:27Z
aca2171f-17ee-5f3a-a2f3-c05a90dff697,83c00135-2bc1-5794-abe3-b7e973b04fe3,7cb4d2fb-3679-51b5-8896-f934faf8254c,1d25dbba-d1e1-5b79-bb67-3d22aced6cb8,14900000,1490000,selesai,2026-08-19T02:57:54Z
eb2225d7-8c20-5741-8ba4-9f2ea6d6cd90,d7b8f21e-fec6-5d80-9695-fd744059c9cc,ea2dd656-db8e-51fd-80d2-89b29fa3e2e6,951be198-4893-5acc-9f1d-ab202e87291b,162000000,16200000,selesai,2026-08-19T04:02:25Z
3e065aaf-23c0-57a0-9e02-b6242f200550,9f73abc2-72b7-55b3-b5f7-3de77c93b6fe,915218bb-3657-5a11-bfd2-7d216c02e86d,a6782ff2-13ef-5b2b-a432-7d121a6ae6c4,3590000,359000,selesai,2026-08-19T07:54:09Z
353e9f48-a7af-5c08-8676-619bbeff08ab,cf559315-0fc2-597d-9925-1e3168672a3b,5aaedc22-3a57-56fe-afc2-35293cd5b01a,64668e48-371b-5ffb-8837-9c4fd033feec,12900000,1290000,selesai,2026-08-19T09:57:30Z
346cacb4-bf8a-507b-977f-635373a4bc05,4e33b51f-f810-59e8-b214-6b543ce66faa,179a2581-11cb-5dd1-af30-697a9f725e91,51c4d53d-91bb-5b40-bf86-1f46a9aa18a6,170000000,17000000,selesai,2026-08-19T11:25:11Z
9ed15744-78d0-5099-9efb-2f334671e19a,a15fe06b-c4c5-5d68-a17b-988509e981f5,bb3ffa0f-14da-55eb-a57f-c2df04802686,1d876d41-bc7a-55ee-91cf-65ffb2a4048b,91200000,9120000,selesai,2026-08-19T15:33:06Z
82f06b98-64fd-5add-bb4d-4dc9862cfbf2,a30e2adf-6aa7-5e45-aa5a-bb8a91c95c7a,bbf1bb4d-da5e-5b73-9d8f-a77f234626af,04432a0f-51e1-5293-a8dc-89755e574853,46200000,4620000,selesai,2026-08-19T17:36:18Z
7953c13d-b205-5416-b0f2-92202ffc4897,01d2c398-a4bb-5855-97c5-b0bb3a97fc4b,aff844a9-441c-5139-8580-f9e7608f9e5c,dd4aa9b5-3247-5ea3-9589-db5aa169c4e0,11100000,1110000,selesai,2026-08-19T23:10:08Z
d5ae2645-8afa-5adc-8c2d-a62cbfc8d84d,9b609112-87a9-5306-af7b-2af822616df5,38acfa2d-85ab-5007-8e53-d7fbf0a35a8d,a531998d-b66d-5191-a7da-a567327512a7,102000000,10200000,selesai,2026-08-20T21:58:00Z
405133d0-f713-53a0-a652-2ca8799d628c,840d519b-3991-5e09-9e24-47a4197fe418,43e43bc7-da18-5ea2-8732-6d0f1a2ceff3,04432a0f-51e1-5293-a8dc-89755e574853,45900000,4590000,selesai,2026-08-20T23:19:23Z
8f19a945-4f04-5923-909d-e5c9dcb3680e,030525fe-8463-5d52-bec2-0cdbcb4e8bd4,d087854d-40ba-50b7-8077-65bf58aaecfc,951be198-4893-5acc-9f1d-ab202e87291b,115000000,11500000,selesai,2026-08-21T08:49:12Z
ab4beb10-d449-5bc5-a183-cbde306c541f,4681f074-ef48-5106-9df1-1092c6a1150e,8ffa5b86-7270-5fc0-bf1c-5b43800acac3,3dbb220d-08c5-5e68-b9e9-4282c0cc891f,65900000,6590000,selesai,2026-08-21T11:11:52Z
c6aeadd7-98a3-5084-bcc5-cb655899e8bf,307de486-af11-562e-a484-c531cf973166,9aa3bd69-c459-515c-ba8f-b408ef95a728,7cf14239-60d5-5ff0-9270-0d2dd0d62e05,4940000,494000,selesai,2026-08-21T19:58:30Z
7eeac356-7e88-5714-8d06-e60e45118d2a,79ca2f86-f703-5a25-9ef0-aeed97070518,7cb4d2fb-3679-51b5-8896-f934faf8254c,6fe7b986-2984-567c-a4cc-509a0769266a,24900000,2490000,selesai,2026-08-21T21:39:06Z
1b54d5a4-81f4-5584-b633-1f5eae75b946,14e1d8ef-d4cc-5bc3-84ae-51c3e7fccbda,0f0b75b9-0a40-5393-8a6d-01dbe02c9029,1d25dbba-d1e1-5b79-bb67-3d22aced6cb8,8990000,899000,selesai,2026-08-21T22:10:25Z
2acc1267-804d-5259-b280-59d7c95f02e0,96217a82-d915-5b86-9bd8-51fe29ea1267,8ff05a10-8614-5a15-9c42-86ff10200f89,3e92a01c-1f80-5c38-9903-fe409c3d5d61,82300000,8230000,selesai,2026-08-22T08:24:52Z
f70245c7-8f25-5084-ae67-86bf48ce1e68,cfb0ea08-99b8-5feb-a0bf-cf463d6611a8,969ea2f4-2a3c-52ed-9972-6aff0a5d073e,dd4aa9b5-3247-5ea3-9589-db5aa169c4e0,7310000,731000,selesai,2026-08-22T17:32:54Z
e62dfd83-a958-5126-9b17-30f32dd78865,676faeb2-a883-5e8b-ab8b-6d3c65ecaaa1,d7b3f6b5-4f95-5afa-9ddf-d6eec94ce96d,6fe7b986-2984-567c-a4cc-509a0769266a,13400000,1340000,selesai,2026-08-22T19:40:05Z
6b1b97e7-d598-55ad-9a60-6e2257856387,4faabd41-6031-5fc6-8a87-a23771464b1d,e3718b03-db4a-553e-b46c-45f57caa0061,a531998d-b66d-5191-a7da-a567327512a7,91900000,9190000,selesai,2026-08-23T00:35:18Z
7e598c70-4759-5fd2-b08d-91ed679cf6c1,7f15ed99-f367-5c0d-9b80-c48c41c6827e,2018a5c1-d714-585e-bb52-6832118f2741,5efed142-8369-554d-9ba2-c2f081036319,17900000,1790000,selesai,2026-08-23T03:04:14Z
cfb04fae-8fb5-5bb9-ad40-5c2e6d34a69d,f810c02a-1442-5457-8d60-bc708a1a8620,95158fe7-2d9c-5d33-bb80-597ad6f20eff,dad52c43-2eab-5272-a61d-dca032e6b1db,7790000,779000,selesai,2026-08-23T09:41:27Z
954e0c0e-1c5f-5f22-a80e-4892765cce13,4a8a9e00-f04b-5373-8b47-1247af71afb2,9e09a6df-081c-5378-9fe5-48b677ed79d0,51c4d53d-91bb-5b40-bf86-1f46a9aa18a6,188000000,18800000,selesai,2026-08-23T13:21:42Z
05c44190-9317-567c-8c3a-26ed01a22a55,fb297aed-4ede-5145-9e39-8a4bbd0230e9,95158fe7-2d9c-5d33-bb80-597ad6f20eff,5d9ef8fa-9d26-5e45-87a1-4a45f17d0980,34900000,3490000,selesai,2026-08-23T20:24:51Z
625379d7-5195-563f-a765-c66c4a522c10,6d75ee3c-9cb2-5cfc-831c-2b5f246c36df,d8e33127-de32-56d5-9c99-ec0a8c5c5614,3ecb7039-f69e-55cd-869d-c7d7cf0962f6,15900000,1590000,selesai,2026-08-24T05:55:16Z
5b5bd4ab-715e-5225-84d1-3220b641f440,58773c46-64bd-5e5d-a778-86dadf3d9e27,598cdc17-1229-5d55-8f09-5780909cb63f,04432a0f-51e1-5293-a8dc-89755e574853,21400000,2140000,selesai,2026-08-24T09:43:37Z
7958593e-21b9-56c6-84a0-7e635cb454e6,0b47cb75-1a7b-5f1e-98dc-888cd3e49a30,e202f1c8-c8f5-564c-9c97-af7d4d524141,5efed142-8369-554d-9ba2-c2f081036319,37900000,3790000,selesai,2026-08-24T15:52:22Z
1ff0cbfc-dcab-5308-9ca6-22f2c2066b91,70b16731-9622-5b33-8374-df3bf8e25661,7cb4d2fb-3679-51b5-8896-f934faf8254c,3ecb7039-f69e-55cd-869d-c7d7cf0962f6,117000000,11700000,selesai,2026-08-24T19:38:57Z
808f710f-21e9-5656-8afb-c87784cc06a0,08e79130-854b-5c2b-afe0-905bd0cd1333,aff844a9-441c-5139-8580-f9e7608f9e5c,3e92a01c-1f80-5c38-9903-fe409c3d5d61,25700000,2570000,selesai,2026-08-24T23:16:16Z
4f9b26ac-8834-5bc8-b6bd-59e2797e9baa,7b6dc1ae-bb8a-5b29-acc9-fa89b8e1d8b6,9a779412-e497-579b-8d83-f9ab37185061,951be198-4893-5acc-9f1d-ab202e87291b,58600000,5860000,selesai,2026-08-24T23:22:50Z
ff70965c-3d93-5719-a5b0-6ed26432c6f2,eafa8afa-ff19-58b6-a43c-6a4a67191882,95158fe7-2d9c-5d33-bb80-597ad6f20eff,a531998d-b66d-5191-a7da-a567327512a7,120000000,12000000,selesai,2026-08-25T01:06:41Z
5e723ffc-9d0d-554f-a8aa-6df19dd5c229,bd8b4930-64ef-5217-b1a5-601252bb3864,0b0493f3-0689-5073-9e9d-268e7130874a,51c4d53d-91bb-5b40-bf86-1f46a9aa18a6,139000000,13900000,selesai,2026-08-25T01:44:18Z
5f573cc2-5e43-56d2-9445-1ece5ea3b293,d4485e06-4fea-5e13-a63f-98d69b367cab,2849d62d-d267-52f6-ae18-fa6e10b67d58,dbc6f383-447d-5f26-a2f4-86753b3c416a,16500000,1650000,selesai,2026-08-25T10:26:27Z
03d25605-891b-5354-8e04-e3daf4c58fe5,7d824861-7358-52e6-8d06-c97335816861,509ff7d1-c1b7-532b-b451-eb13d4d19087,7cf14239-60d5-5ff0-9270-0d2dd0d62e05,7100000,710000,selesai,2026-08-25T11:03:09Z
03960797-91ec-5845-a64b-5cdc1f5df015,82f4a1cd-a033-552a-9402-e42b24214dfc,011feb48-c737-5110-960a-1bf912d84b37,1d876d41-bc7a-55ee-91cf-65ffb2a4048b,81500000,8150000,selesai,2026-08-25T11:56:08Z
6281bae2-b64f-5dd4-b290-4e252e93ea50,1a8f201b-22eb-5012-a72a-65fbd854c715,66a4e198-2582-5bd6-888f-e2530da725b8,7cf14239-60d5-5ff0-9270-0d2dd0d62e05,7770000,777000,selesai,2026-08-25T12:05:53Z
3111e0e4-d2d0-591e-8659-2f57a334be92,a1f33923-d46a-5d8b-a954-0e83678b3664,9e09a6df-081c-5378-9fe5-48b677ed79d0,a531998d-b66d-5191-a7da-a567327512a7,99600000,9960000,selesai,2026-08-25T16:58:37Z
2f2239f8-3062-5927-8e66-5ec234adfa2f,d24c57e7-744e-52d2-9116-7d015cb2dbd2,f4866536-8efc-5194-8660-f5dd0e4c35f1,3ecb7039-f69e-55cd-869d-c7d7cf0962f6,41100000,4110000,selesai,2026-08-25T17:08:29Z
8809e4df-a7ef-51e7-be81-a378c80b32a4,25b02311-3f6f-56d1-b984-c36490a4f151,8ffa5b86-7270-5fc0-bf1c-5b43800acac3,51c4d53d-91bb-5b40-bf86-1f46a9aa18a6,189000000,18900000,selesai,2026-08-26T06:53:40Z
0dbedb07-55fd-59d2-8861-0741298a377c,1b48594f-72e8-59c7-94eb-5d3ed32e9762,9a779412-e497-579b-8d83-f9ab37185061,5efed142-8369-554d-9ba2-c2f081036319,26500000,2650000,selesai,2026-08-26T07:02:06Z
74382846-d2fa-561a-a502-2d75b2b230f3,b2cc9762-f77f-5e19-8f33-041d5c1b57b3,4d585877-2c17-5012-8f6e-09593a947064,c868fe01-5c24-57bf-8ffb-fdc6d3ae09a2,26400000,2640000,selesai,2026-08-26T07:08:34Z
f880986a-48de-5d38-8f50-1a65795bd431,4a97135a-d679-56ad-9e1e-03f8b6e54632,9e09a6df-081c-5378-9fe5-48b677ed79d0,6fe7b986-2984-567c-a4cc-509a0769266a,42900000,4290000,selesai,2026-08-26T11:56:29Z
641204f8-c36e-5ac2-893e-4279e3516b7f,725e9fc7-4377-5d8e-8c8e-96620722fefd,43e43bc7-da18-5ea2-8732-6d0f1a2ceff3,3dbb220d-08c5-5e68-b9e9-4282c0cc891f,60000000,6000000,selesai,2026-08-26T14:02:33Z
1f2f6880-e437-55c0-9e00-19d8385a37f7,146d1573-d6d3-55e3-8df0-fc689e0b8824,a493392b-9bbc-58d0-8311-0ac95fc74fd0,5a27ac9a-1e04-52e2-8392-12edbe43c594,3400000,340000,selesai,2026-08-26T17:57:34Z
2166afe9-4e70-5e21-8625-6980ae432670,99b74a76-39b6-50a3-ab00-12edc3792b32,adf570fb-d074-553c-b198-c922b7051759,a531998d-b66d-5191-a7da-a567327512a7,219000000,21900000,selesai,2026-08-26T18:48:15Z
2e89d968-8066-5507-8b25-2291b1c374d3,17e7596a-5f6d-5d54-9460-49d274c3b12e,48180fc1-da24-5b0e-8a7a-53d33df05326,1d25dbba-d1e1-5b79-bb67-3d22aced6cb8,5110000,511000,selesai,2026-08-26T23:58:00Z
885fdffd-0085-5024-bebd-e948d0697aaa,9355acca-4cee-558b-9f91-83b6cb28e87a,4e3ced83-fd56-55fd-abd7-47be78725639,dbc6f383-447d-5f26-a2f4-86753b3c416a,11700000,1170000,selesai,2026-08-27T05:34:41Z
55973b18-ec7a-5a5f-87c8-5af4d38b2702,981b958b-0cf1-5233-bba9-88c7ae618fcd,181d5eaa-4366-5aee-8dec-bd0fccfb583a,1d876d41-bc7a-55ee-91cf-65ffb2a4048b,35500000,3550000,selesai,2026-08-27T09:36:27Z
c4c723c0-4ca4-5dfb-ab04-d5127bca703d,930ecb49-6a19-5bd9-b97d-bdfa4b82d3a1,4e10f433-6104-54e3-bdda-547a8530d03b,a531998d-b66d-5191-a7da-a567327512a7,147000000,14700000,selesai,2026-08-27T11:05:52Z
5c11c2b3-dd89-58ae-9be6-a54296066a3a,cd73954f-d1d5-55e2-b3c6-74bc79e1b535,9a779412-e497-579b-8d83-f9ab37185061,951be198-4893-5acc-9f1d-ab202e87291b,218000000,21800000,selesai,2026-08-27T17:39:21Z
77378a32-ad79-52f8-98dd-e9af944c6646,f14eed3f-1ffe-5e29-bd78-8256d2d7a2ee,7dd9860e-b390-50c5-899d-08c943295c11,6fe7b986-2984-567c-a4cc-509a0769266a,18800000,1880000,selesai,2026-08-27T19:06:21Z
7ae74114-ea59-5a4b-aad8-276339d7d1e5,2b607c08-6173-58bf-93b1-82e045e32b31,7f25976e-29ea-5014-ba41-8f61f001af2d,5d9ef8fa-9d26-5e45-87a1-4a45f17d0980,31500000,3150000,selesai,2026-08-27T21:34:30Z
63805167-0e11-5ff3-a96e-6c5cc4a3577a,34e3a0af-8377-5449-8a16-7dc3f0d0b7a2,5c3826f0-492a-5274-a17f-b749a6e3ac8a,5efed142-8369-554d-9ba2-c2f081036319,20000000,2000000,selesai,2026-08-28T01:45:34Z
b801bd70-bf38-5008-8dca-7040b2d24149,b50ae27c-f18c-5e8e-b071-dc7855e1c861,9a779412-e497-579b-8d83-f9ab37185061,951be198-4893-5acc-9f1d-ab202e87291b,249000000,24900000,selesai,2026-08-28T08:16:27Z
e0320e8e-f3ed-5be7-922b-fd01e0cb4d0c,b1ea9327-30a8-5d88-9381-4bd8bce77b91,d40d88e1-3c6a-5173-bc4f-f00512c8ae9e,51c4d53d-91bb-5b40-bf86-1f46a9aa18a6,553000000,55300000,selesai,2026-08-28T10:09:58Z
6d078029-06e3-56bb-ad7a-07aaf49708ea,311c4f0e-f68d-5bfd-929a-8c3ca8f4f6ab,1cb99939-551d-541a-beb7-94dd38e8e976,a531998d-b66d-5191-a7da-a567327512a7,79400000,7940000,selesai,2026-08-28T10:13:22Z
2d7a41eb-b42f-528b-8eca-f17698c1358d,f986fe61-477f-5cfe-80cc-89443ec4099f,d8e33127-de32-56d5-9c99-ec0a8c5c5614,23ba78b5-421a-5447-b022-5a66fe8d084d,35500000,3550000,selesai,2026-08-28T16:21:25Z
133fa937-70a7-535d-8fad-5596ddb20881,94008a30-bc4b-5a06-8e11-2469e5edf4ea,8027957b-7b93-5032-915c-3cbd4142f8a8,6fe7b986-2984-567c-a4cc-509a0769266a,36700000,3670000,selesai,2026-08-28T16:27:44Z
f0ee84fd-444e-5da8-9b2d-34c8a4002fb3,41861fc3-7f7d-57a4-84e0-066a5e9d9d4a,27dd3660-106b-59e6-9c54-c48da27e9016,dbc6f383-447d-5f26-a2f4-86753b3c416a,6610000,661000,selesai,2026-08-28T18:35:21Z
fe53b983-8707-5c3a-a9bc-d80a9bb6a35d,5d7cf51d-3a59-5094-9747-0db7c332ce98,0cb0537b-f5e1-5f33-9483-09c1975d23fc,7cf14239-60d5-5ff0-9270-0d2dd0d62e05,2610000,261000,selesai,2026-08-28T22:16:13Z
796f86b6-7577-56cc-94af-bef83314fbb6,addcf949-fb5f-57db-80c3-355f54bd3f42,9a779412-e497-579b-8d83-f9ab37185061,1d876d41-bc7a-55ee-91cf-65ffb2a4048b,80400000,8040000,selesai,2026-08-29T01:02:39Z
a7c3dd74-44ac-5890-9fda-9cd59deaf8ab,fe9d172a-48bd-5a2f-8e0f-6d6d8a78d69a,4e3ced83-fd56-55fd-abd7-47be78725639,04432a0f-51e1-5293-a8dc-89755e574853,17700000,1770000,selesai,2026-08-29T02:02:18Z
380f1281-d770-5264-94d6-6a6f165dbf49,35c7b29b-9637-5c2d-b9ec-adc50431d84f,896ebace-7864-5a80-a32d-10a7f036dbcc,5efed142-8369-554d-9ba2-c2f081036319,11000000,1100000,selesai,2026-08-29T02:02:25Z
690e7a05-37c9-590d-a1f7-8b19f31d49d5,52a42c09-a7ac-53c8-9559-e90085e5a5a6,95158fe7-2d9c-5d33-bb80-597ad6f20eff,5d9ef8fa-9d26-5e45-87a1-4a45f17d0980,25600000,2560000,selesai,2026-08-29T16:03:32Z
df72be11-0a86-59bf-a1e8-b9a9cf660ebb,45f1b942-cb13-50e8-9dec-2016ddac6142,8623984d-842f-570f-85ac-09bcb15b3953,1d876d41-bc7a-55ee-91cf-65ffb2a4048b,136000000,13600000,selesai,2026-08-29T18:45:20Z
5a7f930e-6552-5d8f-ab54-2f9b4f76f13b,dc05ce21-32a9-593c-803e-52d9aa9e7850,8ffa5b86-7270-5fc0-bf1c-5b43800acac3,3e92a01c-1f80-5c38-9903-fe409c3d5d61,45200000,4520000,selesai,2026-08-29T19:32:25Z
a5da59ed-7ace-5821-8132-f1d75ee64531,dc13f238-4271-50bf-92af-4b752ab3c81b,011feb48-c737-5110-960a-1bf912d84b37,3e92a01c-1f80-5c38-9903-fe409c3d5d61,94300000,9430000,selesai,2026-08-29T21:32:48Z
3bdf8fcb-35d6-5679-8705-b387d068588a,1903da00-3c37-5f5a-b526-2e24f03b3ed2,08bfd8c9-9c9a-5fe7-9381-ba6e7679d814,951be198-4893-5acc-9f1d-ab202e87291b,199000000,19900000,selesai,2026-08-29T21:37:21Z
180d4c62-413b-5a8f-8703-c7e5e8607551,d29645ee-55b9-536a-a282-bed451115dec,7b4d85c8-868f-5ea4-8316-f36e9a7e06c4,3dbb220d-08c5-5e68-b9e9-4282c0cc891f,35300000,3530000,selesai,2026-08-30T01:13:00Z
a7cf53c0-741f-5823-b8ff-34f65164902a,66cea9b9-c97d-544f-9f5d-3844cc20df2b,4e3ced83-fd56-55fd-abd7-47be78725639,dd4aa9b5-3247-5ea3-9589-db5aa169c4e0,3400000,340000,selesai,2026-08-30T14:14:25Z
83f5cf98-8ced-5a09-8068-870b385b28f0,2e741e31-503f-55e6-b9f9-5c0e1dd471e4,b90a6efe-9834-540f-bbdd-1c6bab40f04a,a531998d-b66d-5191-a7da-a567327512a7,53000000,5300000,selesai,2026-08-30T15:35:06Z
a80b8448-5609-535e-a700-b0c0653c02c6,522fafda-db32-5fec-806d-22df8ff68bda,9e764bb8-a7de-565b-b008-4ab804012d64,951be198-4893-5acc-9f1d-ab202e87291b,61700000,6170000,selesai,2026-08-31T07:16:13Z
0546db03-5bc8-56bc-9840-9e08890b6126,7be7a69c-7186-592f-b745-6844accf6fd4,707728ca-a796-5849-83ff-74af4dd9b3ff,3e92a01c-1f80-5c38-9903-fe409c3d5d61,42900000,4290000,selesai,2026-08-31T08:59:58Z
588004c7-ae52-58d4-8039-4d9d7b3b5a22,58b4090e-e758-509f-8160-11e8a7df4fae,e69f25d4-db0e-5769-abb3-02218d82888c,64668e48-371b-5ffb-8837-9c4fd033feec,3820000,382000,selesai,2026-08-31T10:14:48Z
a7bd6694-8071-53f0-93dd-24d03e0178b6,a7749aa8-2245-5a1b-aeaa-d2bb4a66f9ca,47912d25-6df1-5389-996c-63b4a12b0891,51c4d53d-91bb-5b40-bf86-1f46a9aa18a6,150000000,15000000,selesai,2026-09-01T09:50:57Z
e6222d86-ebdb-5928-93ea-b809239eea16,d2d36cf6-3730-5893-a99d-60b30491bb0a,914cb54d-8dc4-55e6-9bba-447bf30c7df3,3dbb220d-08c5-5e68-b9e9-4282c0cc891f,22800000,2280000,selesai,2026-09-01T11:45:26Z
6935da22-e296-5946-9450-027bb619e63a,7d7e1e7f-ae89-5b72-8fa2-dcd14bf3d596,96d805da-4016-5aad-9187-6ce1aba206b1,a531998d-b66d-5191-a7da-a567327512a7,115000000,11500000,selesai,2026-09-01T23:26:46Z
6041e3da-07b5-5fdd-81cd-03267f912ac6,5e15ea42-c5b8-5b58-9dbf-7e6a13552600,87c5ecb9-dcb5-5270-9095-84661e8899cd,a531998d-b66d-5191-a7da-a567327512a7,64700000,6470000,selesai,2026-09-02T10:05:49Z
f8538fad-8525-55d3-8ac1-05e5401c90fe,a3206e56-3db6-5d05-a2b3-8b23ff66b0e4,04192cbc-635a-5fd1-9d46-7902f07963b7,dd4aa9b5-3247-5ea3-9589-db5aa169c4e0,5210000,521000,selesai,2026-09-02T19:20:46Z
41e3e375-19ee-5ee2-aac6-187e9c7ec8b2,6b93e7eb-ebde-56c9-88a7-42103f1ddc44,d5cb07d3-ef0b-5479-a684-223288de896d,7cf14239-60d5-5ff0-9270-0d2dd0d62e05,7670000,767000,selesai,2026-09-02T19:44:30Z
4bd9cfe7-9fe5-5c4e-ab42-0dba712d36e1,81143119-827b-50c6-af3d-313f9d06a011,7cb4d2fb-3679-51b5-8896-f934faf8254c,64668e48-371b-5ffb-8837-9c4fd033feec,4980000,498000,selesai,2026-09-02T19:45:50Z
6f084b78-6fb8-52c3-8977-447a86b7db1f,2275bda9-b9de-579e-90ed-dabfa6682bb4,3166d28b-1835-5ff7-b779-284ed64d43cb,c868fe01-5c24-57bf-8ffb-fdc6d3ae09a2,10400000,1040000,selesai,2026-09-03T01:17:56Z
d4d38c76-cc4f-5c29-b5d7-b1dad897f1ce,6d265f0c-df79-5dec-adb1-5c2f48d1a5fc,130ec63c-8ce6-5e6d-9a74-9ac7ba68756a,a6782ff2-13ef-5b2b-a432-7d121a6ae6c4,12900000,1290000,selesai,2026-09-03T02:01:38Z
b0e83e48-058e-5b89-bd1e-dc888999203e,9d35f3a1-577a-5917-b82e-54c5af359dc9,ce7d11b4-b434-57d4-a507-54d40c8eb223,1d876d41-bc7a-55ee-91cf-65ffb2a4048b,174000000,17400000,selesai,2026-09-03T02:14:10Z
e455441e-b7d2-5b25-9dfa-933ad7787a16,28ad9557-1237-5969-8338-7312677a7830,20c215f6-dead-53da-9e03-a4122e455668,5efed142-8369-554d-9ba2-c2f081036319,43800000,4380000,selesai,2026-09-03T03:37:48Z
ee17081e-6585-563f-811e-1c73ea0977e8,f9177a03-af87-5e65-b636-3b2ba708f3d2,be4b0a7a-9024-5d01-9efd-04a32d568f07,dd4aa9b5-3247-5ea3-9589-db5aa169c4e0,6830000,683000,selesai,2026-09-04T05:29:09Z
9cff8d13-764d-55a2-a85b-54c8dc4a00d8,d3dd36c8-b3d9-503b-b19e-69e5bb8e4bfe,9144077e-2a07-55b3-bcf2-4c054eb2d349,7cf14239-60d5-5ff0-9270-0d2dd0d62e05,8590000,859000,selesai,2026-09-04T10:13:23Z
3a096678-0b5a-5832-95de-0ceb72c36d56,78bb2246-503a-5f94-91ab-cdd45abd1a22,632614bc-8273-554c-b000-ee62113bcda6,a6782ff2-13ef-5b2b-a432-7d121a6ae6c4,8380000,838000,selesai,2026-09-05T00:53:06Z
3bca3ab8-078f-5c0d-a582-483609d2abe5,2c8c7cf6-194e-5eea-a757-51e637134a3a,6f2b0b05-c566-578e-9ecf-c28242dee719,c868fe01-5c24-57bf-8ffb-fdc6d3ae09a2,22500000,2250000,selesai,2026-09-05T04:16:46Z
5d19ccf9-dee4-5d56-91b6-1c14d1c60762,ea05ce86-b170-5b50-af3b-98583655b1fa,f1527868-08c6-59b1-b743-9e223ef23330,a6782ff2-13ef-5b2b-a432-7d121a6ae6c4,9470000,947000,selesai,2026-09-05T18:02:33Z
9c32581a-a0ac-5be0-b44d-29e741542a5c,b1840d13-06de-5807-93dd-9d43efe200b4,9e09a6df-081c-5378-9fe5-48b677ed79d0,6fe7b986-2984-567c-a4cc-509a0769266a,21600000,2160000,selesai,2026-09-05T22:48:39Z
eb0c8719-75fe-5b99-8ec6-b35cc768809a,abbe9340-61ff-5ecf-8151-a44d0b10d936,ab0a5d93-6d62-5a71-8bed-671920b3abca,a531998d-b66d-5191-a7da-a567327512a7,251000000,25100000,selesai,2026-09-06T19:52:04Z
5ef54f5f-1e48-5213-979e-f61d07c03e17,12014ff5-ccfc-5e1c-abc1-ad6893a9bb47,7dd9860e-b390-50c5-899d-08c943295c11,a6782ff2-13ef-5b2b-a432-7d121a6ae6c4,11300000,1130000,selesai,2026-09-07T08:09:05Z
ce8bbbc4-e88a-5cb6-a0db-e54451e2f46e,acfaddb6-0754-528a-98b7-c64101817b9f,9f9080b9-7195-5910-8532-44b6139f476e,3ecb7039-f69e-55cd-869d-c7d7cf0962f6,34900000,3490000,selesai,2026-09-07T19:43:25Z
77ac843b-5ca3-588a-a218-b55b99618c96,739ccdd6-5159-55a5-8570-1841d2eded93,7583df8a-98f3-56dd-a57a-0d891d4f929f,1d876d41-bc7a-55ee-91cf-65ffb2a4048b,87200000,8720000,selesai,2026-09-07T20:44:11Z
9dd2dfba-3b61-55a3-a880-6e87c57292c2,5dfb1ff8-3b03-52a8-98b8-d279c7554d88,eb1d1455-54ab-59dd-b1a7-8bcffaffe2b4,5efed142-8369-554d-9ba2-c2f081036319,55400000,5540000,selesai,2026-09-08T06:57:52Z
85eb46f9-c602-5f92-9ad4-ff37279ad601,6bfde760-9224-5015-8291-7eb0a11015d7,b1c9bddf-2355-539f-b671-0d3f392cab36,21a4ae7e-8f05-5294-9e2d-32d96779246e,8660000,866000,selesai,2026-09-08T09:24:37Z
4ac8041c-2828-5bf5-b3ee-96dad2da6837,041a02bd-e9d4-56bd-a231-284eb281c695,e50a3997-254d-5fc5-b387-cab444d77739,51c4d53d-91bb-5b40-bf86-1f46a9aa18a6,129000000,12900000,selesai,2026-09-08T15:58:23Z
d2f12112-1ec2-589b-86e7-2f2e7b0c4180,47d445d6-54ca-5d9e-946b-64d9dc271a2e,4e3ced83-fd56-55fd-abd7-47be78725639,21a4ae7e-8f05-5294-9e2d-32d96779246e,5310000,531000,selesai,2026-09-08T23:09:10Z
7f04e597-bbbd-5b98-ab21-8b3b9f36ce18,bc58e51f-3b79-597f-9300-7046d5506069,b90a6efe-9834-540f-bbdd-1c6bab40f04a,951be198-4893-5acc-9f1d-ab202e87291b,107000000,10700000,selesai,2026-09-09T00:21:37Z
6c380eaf-520f-5bdb-8577-11b5d13b7fed,314e3f4c-cdc9-5ceb-921b-ae02af672fe9,011feb48-c737-5110-960a-1bf912d84b37,3e92a01c-1f80-5c38-9903-fe409c3d5d61,26700000,2670000,selesai,2026-09-09T07:26:15Z
fa91d592-826c-51e8-b060-80ead5cff1b1,978a7be8-064d-5499-9a10-f9f9adaf00fe,474eb440-5a37-5ffd-8f99-dfca5ca49d78,5efed142-8369-554d-9ba2-c2f081036319,23000000,2300000,selesai,2026-09-09T09:14:28Z
87244693-8fe5-57c2-9986-1dbefb86b1c7,5f5ee2e5-2a57-5d64-a8e8-d2c1a3aa891f,9e764bb8-a7de-565b-b008-4ab804012d64,1d25dbba-d1e1-5b79-bb67-3d22aced6cb8,22700000,2270000,selesai,2026-09-09T10:16:22Z
0518d2c9-cbc8-5b15-a5a6-38a08a29c82d,9236a144-911e-5368-9d5e-5484d1942888,4e3ced83-fd56-55fd-abd7-47be78725639,d9c76b21-7320-5d80-9265-153dfdbc0c20,3160000,316000,selesai,2026-09-09T17:48:54Z
b222ba89-3b2d-5c42-9a27-b6260d03481f,9eb9d6ef-0d6e-573d-b005-21335f0c5be1,43e43bc7-da18-5ea2-8732-6d0f1a2ceff3,3dbb220d-08c5-5e68-b9e9-4282c0cc891f,23300000,2330000,selesai,2026-09-10T00:44:55Z
831a32ca-9874-5a18-8c27-94814623314f,1232e27e-124e-59bb-af26-add563616e9c,f625153e-a631-5477-afc5-ce1bf32872fe,3ecb7039-f69e-55cd-869d-c7d7cf0962f6,33200000,3320000,selesai,2026-09-10T01:28:05Z
9a235eb8-b8fb-5ccf-84db-b7e5e433f30d,901dc472-3944-5764-a971-1d0ef13f0cc5,1d816192-26de-5c28-99a7-793dfd023ff8,951be198-4893-5acc-9f1d-ab202e87291b,41400000,4140000,selesai,2026-09-10T20:22:00Z
c207f64c-8898-5d6b-afa1-a165adf60f7b,d89d648b-d23b-59c1-bb18-b332ea89f055,7dd9860e-b390-50c5-899d-08c943295c11,3dbb220d-08c5-5e68-b9e9-4282c0cc891f,25200000,2520000,selesai,2026-09-10T21:56:58Z
5f990df9-985d-5b61-9c0b-11cfae83bb72,394ce484-ef64-5ecd-9369-f806ba5e5906,4e3ced83-fd56-55fd-abd7-47be78725639,a6782ff2-13ef-5b2b-a432-7d121a6ae6c4,9310000,931000,selesai,2026-09-11T00:31:41Z
d69365ba-5191-547b-ae8b-aa1f47c54015,8f919817-9866-53c1-a948-7bc3b73f5721,130ec63c-8ce6-5e6d-9a74-9ac7ba68756a,d9c76b21-7320-5d80-9265-153dfdbc0c20,17200000,1720000,selesai,2026-09-11T03:25:51Z
e9131814-642b-51ab-b467-aa60e2d910eb,35e5c308-5d86-5c0d-940c-4a200665d8fa,4e10f433-6104-54e3-bdda-547a8530d03b,6fe7b986-2984-567c-a4cc-509a0769266a,14700000,1470000,selesai,2026-09-11T08:25:45Z
c6a53b7b-2b0a-540c-99ce-442cb6103d59,ae274432-83de-5dc1-858e-0a6ee1a8ed64,4e10f433-6104-54e3-bdda-547a8530d03b,3ecb7039-f69e-55cd-869d-c7d7cf0962f6,39100000,3910000,selesai,2026-09-11T22:24:13Z
e0e08ae4-023b-59a8-9dcd-9229589eee44,208d673b-598d-5668-a9cd-ebe46f1ea7cd,062a4862-1aa8-5f83-a05d-cb5691e47676,c868fe01-5c24-57bf-8ffb-fdc6d3ae09a2,7710000,771000,selesai,2026-09-11T22:29:00Z
5df27777-e6a0-55ae-8523-a4e02a6f2e7b,77df5470-1c33-5c4f-95d2-58a69a385aa9,c8e879de-ae8a-5281-9175-608f3e2f7300,3ecb7039-f69e-55cd-869d-c7d7cf0962f6,108000000,10800000,selesai,2026-09-12T01:51:23Z
3b03eca1-0856-522a-a2c3-03e3693ac2b4,79a4cd10-fc37-5700-835c-2df4d67d490b,c11f3e8a-99bb-5153-885e-7646661cf764,c868fe01-5c24-57bf-8ffb-fdc6d3ae09a2,8510000,851000,selesai,2026-09-12T02:22:36Z
9eb24691-8be0-5612-bbc4-15ba4a615206,ea0c15e6-a291-525c-ba8a-2980a4d70953,7cb4d2fb-3679-51b5-8896-f934faf8254c,a6782ff2-13ef-5b2b-a432-7d121a6ae6c4,12400000,1240000,selesai,2026-09-12T16:52:43Z
142fdb0c-e195-54fe-806e-848d4456cbf1,66419aee-ca0e-5309-b317-1f46dd17099a,3be1e571-daec-5866-82bf-9bb952bce71b,23ba78b5-421a-5447-b022-5a66fe8d084d,8890000,889000,selesai,2026-09-12T19:33:21Z
f3d47010-690d-5569-a670-c1c06df7a54e,a30f5acb-487a-5918-8df0-1914d57eea58,fb502761-5596-5e07-ba87-efe51a13fbb9,a531998d-b66d-5191-a7da-a567327512a7,43300000,4330000,selesai,2026-09-12T22:19:24Z
dc7f3a42-6a16-59ef-9fa4-c7555b55029e,2aaa2808-0590-586d-9ee6-012e29ef81cc,fb502761-5596-5e07-ba87-efe51a13fbb9,1d25dbba-d1e1-5b79-bb67-3d22aced6cb8,14000000,1400000,selesai,2026-09-13T03:11:24Z
d2264245-3767-561b-97b1-50a3cf5c2227,0e8bb628-a609-5b11-99cb-2616dfa15f2c,d88c45a8-c22f-5fb8-92e0-7006c379775d,5efed142-8369-554d-9ba2-c2f081036319,25300000,2530000,selesai,2026-09-13T13:13:52Z
949489c8-fd44-56a2-84b8-728a6e8f648b,af6ff133-e70c-578f-a322-312f03e46a80,eb1d1455-54ab-59dd-b1a7-8bcffaffe2b4,dbc6f383-447d-5f26-a2f4-86753b3c416a,22800000,2280000,selesai,2026-09-13T13:34:38Z
13f264f4-8b0c-5323-8882-7588efadc976,bced534e-4aea-5737-9333-f5f7253fa683,794a1ad7-3dcb-5e01-ab47-663d34cadb1c,3dbb220d-08c5-5e68-b9e9-4282c0cc891f,36700000,3670000,selesai,2026-09-13T18:42:15Z
6c8674f8-41aa-5e61-8002-18feece37f69,b96455dc-9eac-598f-b693-44f7d1cd8ce5,5c3826f0-492a-5274-a17f-b749a6e3ac8a,3e92a01c-1f80-5c38-9903-fe409c3d5d61,27200000,2720000,selesai,2026-09-13T22:22:48Z
07200b2d-c3c8-5588-8c4c-4b6abc86fa5b,b562e0d0-9341-5a8e-9849-6fcaf04057d6,8ad954bc-1b99-5407-973d-73554444435a,951be198-4893-5acc-9f1d-ab202e87291b,54700000,5470000,selesai,2026-09-14T00:43:05Z
90558d98-555c-5ce9-b8cf-a410ed8d1c47,07919959-97f4-55d4-884c-0857f52b9de6,0f0b75b9-0a40-5393-8a6d-01dbe02c9029,dd4aa9b5-3247-5ea3-9589-db5aa169c4e0,4930000,493000,selesai,2026-09-14T14:12:11Z
d2cc7903-0714-5fcf-8519-e57b6b390005,225849b5-d313-583b-8417-2be4a64c9126,1ae98ad4-8b69-57ac-8937-47e2a8df176f,a531998d-b66d-5191-a7da-a567327512a7,77600000,7760000,selesai,2026-09-14T17:28:37Z
ed6492f0-e1a3-5220-9c9b-302b06eaf82c,5b932fed-7940-55bf-b165-fc5b8818d61b,e69f25d4-db0e-5769-abb3-02218d82888c,3ecb7039-f69e-55cd-869d-c7d7cf0962f6,16800000,1680000,selesai,2026-09-15T02:18:14Z
80fa8651-b753-503a-affb-d903aa04590a,f55f258a-3e92-5163-8447-351b30d1dc76,75305bd7-d03a-5c27-9008-2b56dbe975bd,5efed142-8369-554d-9ba2-c2f081036319,41800000,4180000,selesai,2026-09-16T00:44:00Z
5fd54131-7a2b-5162-9192-541b77ea1a99,4da04edd-a448-5e64-a93a-098129be740c,fdf6aa1c-ef4c-51c5-80c3-15a6df7ea57c,51c4d53d-91bb-5b40-bf86-1f46a9aa18a6,141000000,14100000,selesai,2026-09-16T01:49:37Z
aeac19df-842d-5476-a592-42db7f5fd2e2,9b4290ee-9d32-59de-b883-bb25ecb04e45,e69f25d4-db0e-5769-abb3-02218d82888c,6fe7b986-2984-567c-a4cc-509a0769266a,9470000,947000,selesai,2026-09-16T03:47:14Z
a52e49b1-bcfa-5803-b5c1-9ff05d53263b,16be4570-5cc7-5e2f-8434-d1f156c01df5,8ffa5b86-7270-5fc0-bf1c-5b43800acac3,3dbb220d-08c5-5e68-b9e9-4282c0cc891f,20400000,2040000,selesai,2026-09-16T14:47:29Z
d07a01bd-c00a-5c48-97a1-f95efa92cd99,e53f464e-4ed9-573d-ac63-8b11ecc874d3,03397d72-03b1-59c3-865b-c50062422b90,5d9ef8fa-9d26-5e45-87a1-4a45f17d0980,62000000,6200000,selesai,2026-09-16T15:24:30Z
9d3dcac7-3a96-51bc-9a94-6db5917a90f8,e5632a13-858e-5daf-b993-f17a48f65238,e69f25d4-db0e-5769-abb3-02218d82888c,3e92a01c-1f80-5c38-9903-fe409c3d5d61,30900000,3090000,selesai,2026-09-17T02:11:26Z
46cb3b3c-6c6a-5961-95c1-1be2d98efa2b,4a70b020-2e8b-5aba-8865-d806c58c11aa,b4e13e44-297b-50b1-9462-4de4a9df9d7c,04432a0f-51e1-5293-a8dc-89755e574853,17200000,1720000,selesai,2026-09-17T10:44:05Z
c77cc5bb-2655-5b9b-adb7-b479f4200837,957c5328-2387-5e64-9f9b-9a6c346df7cc,a0e727f2-1e54-59ea-8659-39e42162df5c,c868fe01-5c24-57bf-8ffb-fdc6d3ae09a2,15100000,1510000,selesai,2026-09-17T17:51:25Z
b76540b1-5c7c-5fdd-bf5f-be44d50715d4,be5d3d72-67a4-5595-a72c-ddbec301ea70,f95934b7-8c9e-541e-aff7-bfe0cd54a817,51c4d53d-91bb-5b40-bf86-1f46a9aa18a6,153000000,15300000,selesai,2026-09-17T19:57:17Z
8046051c-992a-52a4-9ceb-28fdfae48542,6a5afac7-1880-50d7-928c-2afba3eed44a,3166d28b-1835-5ff7-b779-284ed64d43cb,a6782ff2-13ef-5b2b-a432-7d121a6ae6c4,3460000,346000,selesai,2026-09-17T20:40:38Z
cb7c9f28-f45c-52fa-9b3c-7ecfba447aaa,7c457141-8c72-5ec9-b355-c39c701433c9,794a1ad7-3dcb-5e01-ab47-663d34cadb1c,04432a0f-51e1-5293-a8dc-89755e574853,52500000,5250000,selesai,2026-09-17T22:08:37Z
2486feb7-da1e-57e4-8e19-8c28c046651d,9861d472-a72c-5c15-a2bb-1d81a9520f85,4e5749fa-1d58-58e8-b68a-db3089c84b49,dbc6f383-447d-5f26-a2f4-86753b3c416a,7950000,795000,selesai,2026-09-18T07:07:09Z
36cddfcb-a30d-5fcf-a2ba-c19829703975,b0bf5230-4409-5fe0-99a4-e202f6bf489b,7f25976e-29ea-5014-ba41-8f61f001af2d,dbc6f383-447d-5f26-a2f4-86753b3c416a,14000000,1400000,selesai,2026-09-18T21:19:59Z
e4a2da00-b23b-566a-89be-30b93d7b3b48,aa9ab77b-e749-572b-ae11-132f8f595d99,1d816192-26de-5c28-99a7-793dfd023ff8,dbc6f383-447d-5f26-a2f4-86753b3c416a,14200000,1420000,selesai,2026-09-19T02:14:02Z
17783076-e4b5-5ee2-bf24-2dddb8b9020a,72bf9ffb-64c2-5e41-9aa2-4d0bc36c3402,9e09a6df-081c-5378-9fe5-48b677ed79d0,6fe7b986-2984-567c-a4cc-509a0769266a,17900000,1790000,selesai,2026-09-19T15:12:33Z
5bc986be-b519-550c-bd1a-99c8535f78c3,56698f0c-0af9-5d5b-9757-f8ed47ee633b,4d585877-2c17-5012-8f6e-09593a947064,951be198-4893-5acc-9f1d-ab202e87291b,253000000,25300000,selesai,2026-09-19T20:25:51Z
0a6c7b73-c02f-58a3-8171-97843ec088bb,5ec76059-752f-52a3-af5c-5ae18cb66a37,1300d8c2-f127-540c-9bf8-d3c4f74f741d,c868fe01-5c24-57bf-8ffb-fdc6d3ae09a2,35400000,3540000,selesai,2026-09-20T01:01:47Z
84971ee2-31a5-5a7e-a4bf-e8236f2abadf,9a09ffaa-6344-50cb-bf6c-81ace18b1752,58f42b9d-4015-51fe-8410-cefbda4f365f,c868fe01-5c24-57bf-8ffb-fdc6d3ae09a2,18800000,1880000,selesai,2026-09-20T02:15:33Z
b13d754d-74c7-5959-9748-7d71b50be0c5,e61da667-baf4-55e0-80e7-412c53eb95a7,7cb4d2fb-3679-51b5-8896-f934faf8254c,04432a0f-51e1-5293-a8dc-89755e574853,16500000,1650000,selesai,2026-09-20T03:10:03Z
f683a64c-4430-55d0-96f5-735857f16892,6ce2766f-b35e-546f-ba06-2b52cd817dd6,4a0ab876-f5c1-5e6b-930d-5530936fa7d5,dbc6f383-447d-5f26-a2f4-86753b3c416a,11900000,1190000,selesai,2026-09-20T08:36:05Z
3e42c506-6a3b-5bfa-bf99-43d86a6a48ed,ae5a9121-ea74-5711-bc6f-57fe9baaa9bc,5cb7773c-211a-5d9c-819a-e30bc06bc3ee,dbc6f383-447d-5f26-a2f4-86753b3c416a,10500000,1050000,selesai,2026-09-20T18:59:42Z
d904e66c-e9ca-5d20-8373-59bbb085b3fa,8e21757a-011f-5225-ab95-ead6d94fd27b,4a0ab876-f5c1-5e6b-930d-5530936fa7d5,a531998d-b66d-5191-a7da-a567327512a7,109000000,10900000,selesai,2026-09-21T00:48:58Z
d8d78c2e-a76c-5479-b4bf-175f81e76e33,6f3e1ece-4f3c-546b-8cbf-1920b5228d1a,5e998efc-04c6-5544-914b-bfe322536fbc,5a27ac9a-1e04-52e2-8392-12edbe43c594,3000000,300000,selesai,2026-09-21T08:09:40Z
7a685cf5-56a3-52cc-b709-eb46638bad54,e78babae-463c-5e12-8923-0a69cbc84aad,fb69b1d7-f311-5f7f-a460-2cfab849379f,51c4d53d-91bb-5b40-bf86-1f46a9aa18a6,246000000,24600000,selesai,2026-09-21T10:45:44Z
37f97489-604d-56cb-a14c-898ef25d052b,26c44231-ea1d-5c7f-82fa-8814d059bc33,9e09a6df-081c-5378-9fe5-48b677ed79d0,6fe7b986-2984-567c-a4cc-509a0769266a,13700000,1370000,selesai,2026-09-21T14:55:18Z
2111c160-429f-5817-b361-1e3a91e75441,c27f0bae-c284-5dbe-a4a0-76cffa2f3347,04192cbc-635a-5fd1-9d46-7902f07963b7,64668e48-371b-5ffb-8837-9c4fd033feec,4640000,464000,selesai,2026-09-21T18:24:40Z
8c4b418c-7804-5a85-9b0b-67eefac3c458,13114946-c3f7-52c1-851a-49077f6dbad8,dac1cb0f-4a65-597b-a984-9970dda3e70e,1d876d41-bc7a-55ee-91cf-65ffb2a4048b,108000000,10800000,selesai,2026-09-21T23:56:42Z
8a58a42f-c3df-523b-9ff1-2bcedca6fc3b,45a8b478-bfd3-5c81-abe9-f2e73c635a45,8ffa5b86-7270-5fc0-bf1c-5b43800acac3,951be198-4893-5acc-9f1d-ab202e87291b,124000000,12400000,selesai,2026-09-22T04:56:29Z
0248dd08-ef0a-58a8-834a-45cc61afa8fa,13305f6a-67fa-5be4-844d-061a46f56c03,12ee4118-a9de-5537-a1ec-80bcdd910cb7,c868fe01-5c24-57bf-8ffb-fdc6d3ae09a2,10100000,1010000,selesai,2026-09-22T06:20:30Z
d9447f0a-8bf3-5ae2-a1c9-9d3577d3f4ed,ca55c619-7e70-5754-96ba-1b54f25c5b7b,d0f53cba-fee4-5de9-b2e9-86e357a6ef88,dd4aa9b5-3247-5ea3-9589-db5aa169c4e0,4960000,496000,selesai,2026-09-22T17:17:05Z
0a38a748-2711-56ec-bf90-cedb3941854d,2bf4faa1-7704-5570-bb4c-6e0251d4b300,225ce8d4-bb94-5860-a0a7-05d0601ad6cf,51c4d53d-91bb-5b40-bf86-1f46a9aa18a6,294000000,29400000,selesai,2026-09-23T09:22:40Z
424ee0a0-093e-508d-81f5-bfa91d32d027,3cd35a8f-26e5-52ef-bd5c-b6bb8ceecdf0,e69f25d4-db0e-5769-abb3-02218d82888c,a531998d-b66d-5191-a7da-a567327512a7,49400000,4940000,selesai,2026-09-23T12:45:06Z
3026672e-fe2b-5a20-9cad-d2edcc040fce,f10293dc-96de-57bd-a855-23a4ed0958b1,58f42b9d-4015-51fe-8410-cefbda4f365f,64668e48-371b-5ffb-8837-9c4fd033feec,7270000,727000,selesai,2026-09-23T13:24:53Z
0c8e4476-5da2-56e3-b5e9-50f0694d632f,07395522-b093-53ec-846c-1b26a2cf151c,48180fc1-da24-5b0e-8a7a-53d33df05326,dd4aa9b5-3247-5ea3-9589-db5aa169c4e0,3000000,300000,selesai,2026-09-23T15:45:24Z
c5cfbcc5-70b8-529d-b471-4ec060719e52,fe3a7edd-9bc9-5641-9147-cde7ecef33d1,7f25976e-29ea-5014-ba41-8f61f001af2d,3dbb220d-08c5-5e68-b9e9-4282c0cc891f,41100000,4110000,selesai,2026-09-23T21:04:13Z
229bad0d-78b4-50c2-8bb9-9ce21c823ed2,3018542b-12b2-507c-87c4-418e19bce83e,3166d28b-1835-5ff7-b779-284ed64d43cb,d9c76b21-7320-5d80-9265-153dfdbc0c20,9670000,967000,selesai,2026-09-23T22:34:29Z
8912f4d6-c7b7-569f-951e-df5ebff6d32b,f0987492-f412-5ec6-a648-28b635fbacfe,b1c9bddf-2355-539f-b671-0d3f392cab36,5a27ac9a-1e04-52e2-8392-12edbe43c594,5250000,525000,selesai,2026-09-23T22:47:44Z
4e850aa4-45e5-5dc6-a30c-5688ba724041,bfb479eb-fd87-5d74-8419-885b96a4aad4,3227257d-7266-599b-b2b0-6dfa5ee81df5,64668e48-371b-5ffb-8837-9c4fd033feec,12600000,1260000,selesai,2026-09-24T01:09:19Z
1ac4bdba-40a5-5bd4-be8c-070066632d7f,fe218019-1f87-5387-9fff-b2abec8421b6,0b0493f3-0689-5073-9e9d-268e7130874a,51c4d53d-91bb-5b40-bf86-1f46a9aa18a6,202000000,20200000,selesai,2026-09-24T01:42:02Z
f64dff91-313f-5c3f-8ac4-7e79357fb387,468c5be5-1a5e-5c2a-852c-917ca42fc342,4a86e14c-2bce-553a-881e-a2576058b102,a531998d-b66d-5191-a7da-a567327512a7,271000000,27100000,selesai,2026-09-24T06:51:53Z
79ffd4d9-32d0-5d90-8fbb-8d30b31594a4,c671256e-c8a6-5923-b828-b5c3a326ee52,179a2581-11cb-5dd1-af30-697a9f725e91,951be198-4893-5acc-9f1d-ab202e87291b,245000000,24500000,selesai,2026-09-24T12:39:40Z
6dc587f1-2de9-5eb3-8382-cee92292188f,67ee5ed0-1b68-5eaf-a9db-5ad66b30fbe4,5e998efc-04c6-5544-914b-bfe322536fbc,dd4aa9b5-3247-5ea3-9589-db5aa169c4e0,8670000,867000,selesai,2026-09-24T23:42:54Z
da8328c0-d5c6-56d2-a74d-4fa9d4f0a497,97272981-1df3-5dd9-b68f-28a7934f70bc,d0f53cba-fee4-5de9-b2e9-86e357a6ef88,a6782ff2-13ef-5b2b-a432-7d121a6ae6c4,11700000,1170000,selesai,2026-09-24T23:52:04Z
edfc58d9-9e12-5525-93fb-e55311be8815,d0e5060d-8a4b-51b5-b389-545f24440fac,56106975-37fe-55fe-a6fd-24180e933953,dad52c43-2eab-5272-a61d-dca032e6b1db,3480000,348000,selesai,2026-09-25T02:14:18Z
92a2232b-8156-55bd-9d70-79b337f65479,7b9d6db7-9d21-506b-b498-f0c915702b9b,9ac8c76a-dfc6-520e-a4a3-166478ef223e,51c4d53d-91bb-5b40-bf86-1f46a9aa18a6,389000000,38900000,selesai,2026-09-25T06:53:15Z
be9edfe1-9c90-5b73-b9f5-6be4bc7cd932,e9d9854f-d16f-5d67-bf0a-51925af3a314,75305bd7-d03a-5c27-9008-2b56dbe975bd,1d25dbba-d1e1-5b79-bb67-3d22aced6cb8,5240000,524000,selesai,2026-09-25T16:22:13Z
aacbf4f3-053f-5519-a07e-9b7815f6e17a,424a68a1-d075-5dfb-a56f-6e29df601a04,1abd8d19-9a49-5833-aba9-6f3a70b537f2,23ba78b5-421a-5447-b022-5a66fe8d084d,3880000,388000,selesai,2026-09-25T17:23:24Z
e5998f1d-b1dc-5a34-a6d0-dab2f30c9a46,60bf2f65-486f-574b-8b06-9be2f4db3c93,75305bd7-d03a-5c27-9008-2b56dbe975bd,951be198-4893-5acc-9f1d-ab202e87291b,89200000,8920000,selesai,2026-09-25T20:38:10Z
5ac89d23-db7b-50e1-b814-facbae0e86e8,f5bab6b7-ecf9-5fd0-bd01-0e13616d626d,a493392b-9bbc-58d0-8311-0ac95fc74fd0,04432a0f-51e1-5293-a8dc-89755e574853,12300000,1230000,selesai,2026-09-26T03:54:47Z
4855d125-f26a-5dcd-acc3-6fe17549e07d,1297aaa6-2fb3-592e-8b43-30aa40e80885,2d5f7b0c-20e4-5e20-a6f3-9d40a681ccd9,3dbb220d-08c5-5e68-b9e9-4282c0cc891f,33800000,3380000,selesai,2026-09-26T16:17:02Z
f4f57256-3109-596e-8259-da5c3364b5e9,452cb535-db93-5c2d-89ad-f8ece33b2d62,d8e33127-de32-56d5-9c99-ec0a8c5c5614,04432a0f-51e1-5293-a8dc-89755e574853,26700000,2670000,selesai,2026-09-26T18:49:49Z
f9627194-cfd9-57ae-8e45-48a71570121c,6c3c9aa7-e582-523c-a951-3ddd5746f992,7cb4d2fb-3679-51b5-8896-f934faf8254c,dd4aa9b5-3247-5ea3-9589-db5aa169c4e0,3780000,378000,selesai,2026-09-26T19:57:39Z
ac1aedf6-974b-5b2a-973f-7f8bdcf2c71a,98db0f0a-a4b0-51d9-8088-88f1d0ad4a24,43e43bc7-da18-5ea2-8732-6d0f1a2ceff3,51c4d53d-91bb-5b40-bf86-1f46a9aa18a6,151000000,15100000,selesai,2026-09-26T21:20:50Z
92eefc5e-9ae1-59f9-bdcf-a6445265f79c,36476d86-62e1-5778-b10b-28e69f8b1f86,9f622511-dc95-5f40-932f-4084d772d648,3e92a01c-1f80-5c38-9903-fe409c3d5d61,32500000,3250000,selesai,2026-09-26T21:49:23Z
d9c54ec9-526c-533c-b8ff-6785da94f7bd,6f53d8a2-7b9c-54be-8f83-206adf2797f4,3227257d-7266-599b-b2b0-6dfa5ee81df5,21a4ae7e-8f05-5294-9e2d-32d96779246e,12700000,1270000,selesai,2026-09-26T22:27:13Z
24ee29c6-e950-575a-8fb7-2b4930516380,c6fecb92-4248-59f1-bf6c-82e184ea2e20,9f622511-dc95-5f40-932f-4084d772d648,a6782ff2-13ef-5b2b-a432-7d121a6ae6c4,7850000,785000,selesai,2026-09-27T08:05:15Z
0ca380db-3217-5aaa-8501-0fa16483a411,c2e50568-6a56-58eb-a0f0-0f9cdebc463b,9f9080b9-7195-5910-8532-44b6139f476e,951be198-4893-5acc-9f1d-ab202e87291b,156000000,15600000,selesai,2026-09-27T12:49:31Z
9b65c79e-0765-540d-ab32-00ea41e06d26,df3216e8-6d88-56e3-a1f0-73865aed1f2f,969ea2f4-2a3c-52ed-9972-6aff0a5d073e,951be198-4893-5acc-9f1d-ab202e87291b,131000000,13100000,selesai,2026-09-27T16:38:53Z
1f2c33d9-801f-54db-a004-da5ea7c2174b,1a9a6cf4-57a5-56e0-9f8f-42c6a0aef05c,9d8ddd11-a801-58bc-9aaa-664e027e1f0a,a531998d-b66d-5191-a7da-a567327512a7,45700000,4570000,selesai,2026-09-27T17:27:28Z
3fd72ec5-bc6e-51d7-81d9-bfb5dc77f6fd,6ec125fa-e77a-55f0-8ebe-9c9c070a789a,4a86e14c-2bce-553a-881e-a2576058b102,dad52c43-2eab-5272-a61d-dca032e6b1db,8800000,880000,selesai,2026-09-27T21:33:26Z
0b556bdf-d027-5252-9488-d71f534995f8,9cc672d3-1f24-5ff2-905c-3a27e75b2e0c,0f0b75b9-0a40-5393-8a6d-01dbe02c9029,64668e48-371b-5ffb-8837-9c4fd033feec,6060000,606000,selesai,2026-09-27T21:56:53Z
7443eebe-7565-59d5-abb1-2115e3e81aa1,daf6ff28-114d-52ee-b1ff-137ac8a2a8e1,fb502761-5596-5e07-ba87-efe51a13fbb9,a6782ff2-13ef-5b2b-a432-7d121a6ae6c4,12200000,1220000,selesai,2026-09-28T03:33:18Z
b472b76e-fd6c-5a50-885e-7bec99b61251,7b42eccd-e1e0-533b-8db3-9b7f17ef88d9,474eb440-5a37-5ffd-8f99-dfca5ca49d78,3ecb7039-f69e-55cd-869d-c7d7cf0962f6,46500000,4650000,selesai,2026-09-28T08:33:43Z
7232ad98-d189-50f9-b01e-d8ba7d46e77d,cdd3bf96-8022-5912-8a03-1bcbc16f4a4d,9f9080b9-7195-5910-8532-44b6139f476e,dbc6f383-447d-5f26-a2f4-86753b3c416a,8580000,858000,selesai,2026-09-28T12:01:13Z
93e34856-4d52-576f-a6d0-548905018de8,95be6168-2df7-555d-b19c-d9cb19916b1e,d7b3f6b5-4f95-5afa-9ddf-d6eec94ce96d,64668e48-371b-5ffb-8837-9c4fd033feec,7300000,730000,selesai,2026-09-29T04:08:29Z
71c3d603-a038-59e6-b76a-c5757d403913,2178c559-8d44-56dd-97bf-99d00909bcfb,75305bd7-d03a-5c27-9008-2b56dbe975bd,d9c76b21-7320-5d80-9265-153dfdbc0c20,7780000,778000,selesai,2026-09-29T18:48:12Z
89292b99-6217-50d1-9150-6e87ab88419a,aa287855-219d-5544-9058-becd00a0010e,9a779412-e497-579b-8d83-f9ab37185061,04432a0f-51e1-5293-a8dc-89755e574853,34000000,3400000,selesai,2026-09-29T20:11:31Z
39b4723c-c81d-535e-934c-7d469216a499,44438e6d-3a38-584b-bf9c-dd4a5b659640,aff844a9-441c-5139-8580-f9e7608f9e5c,a531998d-b66d-5191-a7da-a567327512a7,76500000,7650000,selesai,2026-09-29T20:53:48Z
79c0ba09-47e5-5775-9ce9-ee52781d5ddd,674dc022-221a-58d6-92ac-9b527968dda6,3f72fc19-b9dc-5bb0-ad67-00f830f1402d,1d876d41-bc7a-55ee-91cf-65ffb2a4048b,96300000,9630000,selesai,2026-09-30T00:19:21Z
5da241fc-e860-573f-8444-87f4233c2fbe,cfdf0185-0093-5bf6-ba21-8ab8e04db913,4e10f433-6104-54e3-bdda-547a8530d03b,51c4d53d-91bb-5b40-bf86-1f46a9aa18a6,152000000,15200000,selesai,2026-09-30T06:10:24Z
5194d7f4-e179-5a54-833b-e73c452be199,8d376e07-8d2d-5a52-8804-0d996c17658a,32db13d2-219b-51ce-9f01-b6e1be1702ce,a531998d-b66d-5191-a7da-a567327512a7,61800000,6180000,selesai,2026-09-30T06:19:29Z
81c65a71-5ddd-5e9f-b943-f38606891e47,6fee44b9-3e1b-504b-bffe-3d0329f16467,bb3ffa0f-14da-55eb-a57f-c2df04802686,1d876d41-bc7a-55ee-91cf-65ffb2a4048b,30500000,3050000,selesai,2026-09-30T14:30:10Z
049ca9e5-5c6f-5db4-ab62-3bace79a2ac2,aaf5b8fe-4e07-521f-8653-116371c21550,c95ec7ea-92a7-513e-b0f2-1da5e321bded,04432a0f-51e1-5293-a8dc-89755e574853,82900000,8290000,selesai,2026-09-30T16:55:11Z
8743b0c3-80bf-5f85-8867-37f656bf9920,b3b5c066-1f79-5c2e-96db-f21506b0d92e,cfcc9f80-a229-5abc-867d-47a8c6e6592e,1d876d41-bc7a-55ee-91cf-65ffb2a4048b,128000000,12800000,selesai,2026-09-30T18:20:57Z
3cdd9dd7-1aa5-5691-88bb-5074ef38af21,a0876911-ae64-58f3-ad5f-681e2829e8d6,b5db4183-0a3f-5b2a-be82-4d84565595b8,5a27ac9a-1e04-52e2-8392-12edbe43c594,8450000,845000,selesai,2026-09-30T18:55:19Z
c68442a3-2373-5b7e-b9d5-961d42487a79,116af990-7cab-5f78-b5b8-afb82c3e59e4,7b4d85c8-868f-5ea4-8316-f36e9a7e06c4,5d9ef8fa-9d26-5e45-87a1-4a45f17d0980,56900000,5690000,selesai,2026-09-30T21:37:24Z
cd068ee7-fa87-50e3-8b32-83d9a1732f8c,525074bb-5049-5776-871f-fcd8225cd446,b4e13e44-297b-50b1-9462-4de4a9df9d7c,5efed142-8369-554d-9ba2-c2f081036319,16300000,1630000,selesai,2026-09-30T23:50:28Z
